slot,time,hour,mean,q05,q95
0,00:00,0,0.14084670114535597,0.0,0.3934176032305551
0,00:00,1,0.18184303779118982,0.10163430112181818,0.3016737553665729
0,00:00,2,0.27616124741768877,0.11022354186436432,0.7398367869374444
0,00:00,3,0.16508312622367358,0.09437561616853586,0.2723226176186973
0,00:00,4,0.09082827295454965,0.0,0.16228931480826922
0,00:00,5,0.05729078423141881,0.0,0.111357568437951
0,00:00,6,0.03738884698743049,0.0,0.07623548601429714
0,00:00,7,0.02232021248641276,0.0,0.05760449944947435
0,00:00,8,0.01175471666412385,0.0,0.04926258915877477
0,00:00,9,0.005723023725347084,0.0,0.04066786937318906
0,00:00,10,0.0036778469055168987,0.0,0.03255570581959774
0,00:00,11,0.0025424321213758467,0.0,0.024858607434733282
0,00:00,12,0.0017529225481204354,0.0,0.017782902904833475
0,00:00,13,0.0012202987845605876,0.0,0.011339919114984137
0,00:00,14,0.0007762709752835785,0.0,0.005213974406435673
0,00:00,15,0.00043120311709374574,0.0,0.0
0,00:00,16,0.00020684746304718943,0.0,0.0
0,00:00,17,0.000059876602105909185,0.0,0.0
0,00:00,18,0.000030191490920283984,0.0,0.0
0,00:00,19,0.000024005981444137973,0.0,0.0
0,00:00,20,0.000018030815766611226,0.0,0.0
0,00:00,21,0.00001224910070473506,0.0,0.0
0,00:00,22,6.646010850320703e-6,0.0,0.0
0,00:00,23,1.2084560154070056e-6,0.0,0.0
1,00:15,0,0.1321706075152678,0.0,0.3906107985773889
1,00:15,1,0.1650568204536456,0.07961068911418412,0.3014788790037112
1,00:15,2,0.2532203976295564,0.11145452822546886,0.5919966661481293
1,00:15,3,0.19314341382887337,0.09422652153711629,0.34929663317133486
1,00:15,4,0.10166868665160982,0.0,0.1819118653453498
1,00:15,5,0.061587013977428266,0.0,0.1254812617466673
1,00:15,6,0.039863370806115024,0.0,0.08457000197445172
1,00:15,7,0.024214679339109268,0.0,0.057512086448882394
1,00:15,8,0.01276583402547131,0.0,0.04842073933951871
1,00:15,9,0.006129582294974679,0.0,0.03998356672862338
1,00:15,10,0.0037012349400070118,0.0,0.0324795313079958
1,00:15,11,0.002438336932711326,0.0,0.025202695068789777
1,00:15,12,0.0016477328293077523,0.0,0.018294268644021366
1,00:15,13,0.0011153068449550956,0.0,0.011764942985548671
1,00:15,14,0.0006642869611192064,0.0,0.005563681531064818
1,00:15,15,0.0003516832246037917,0.0,0.0
1,00:15,16,0.00013999523919203742,0.0,0.0
1,00:15,17,0.00004027318868627805,0.0,0.0
1,00:15,18,0.000028217859756972343,0.0,0.0
1,00:15,19,0.00002197684412591555,0.0,0.0
1,00:15,20,0.00001595076543400257,0.0,0.0
1,00:15,21,0.00001012215211387646,0.0,0.0
1,00:15,22,4.475695934217656e-6,0.0,0.0
1,00:15,23,0.0,0.0,0.0
2,00:30,0,0.12366360839670873,0.0,0.38632203091372685
2,00:30,1,0.14890629783545503,0.0138348603053009,0.30108471989506824
2,00:30,2,0.2256177275979544,0.11677472643340936,0.45362305187322916
2,00:30,3,0.21954866251768412,0.09640195728915352,0.494213115692795
2,00:30,4,0.11584850810312264,0.0016545665839444168,0.20164711535832403
2,00:30,5,0.06690463575386928,0.0,0.13726229875504686
2,00:30,6,0.04244017274399414,0.0,0.09239757352543718
2,00:30,7,0.02624650088150397,0.0,0.06022750787250569
2,00:30,8,0.014138074687961483,0.0,0.04760242477633447
2,00:30,9,0.006789870463290099,0.0,0.04001966019311501
2,00:30,10,0.003833885619974816,0.0,0.03270253050811567
2,00:30,11,0.0023483410239775976,0.0,0.02522608210750016
2,00:30,12,0.001563531037633182,0.0,0.018213341977647513
2,00:30,13,0.001039898892878247,0.0,0.011594503721487182
2,00:30,14,0.0005858117127327475,0.0,0.005315393079564024
2,00:30,15,0.00030710405278822723,0.0,0.0
2,00:30,16,0.00012119091150288887,0.0,0.0
2,00:30,17,0.000031623017032013344,0.0,0.0
2,00:30,18,0.00002508473766051577,0.0,0.0
2,00:30,19,0.000018786963708234934,0.0,0.0
2,00:30,20,0.000012708882175414188,0.0,0.0
2,00:30,21,6.832415536357092e-6,0.0,0.0
2,00:30,22,1.1417508567239525e-6,0.0,0.0
2,00:30,23,0.0,0.0,0.0
3,00:45,0,0.11305922809564456,0.0,0.36081393725585087
3,00:45,1,0.13455275034328648,0.0,0.3055031716513405
3,00:45,2,0.1949115874739781,0.11384123764479216,0.3170769556581051
3,00:45,3,0.24401498458374304,0.09814829194254557,0.6245335030960415
3,00:45,4,0.134637134701572,0.009522649286634988,0.24006202402259577
3,00:45,5,0.0735156771149904,0.0,0.14803348643557768
3,00:45,6,0.045051202684237526,0.0,0.09988142985620416
3,00:45,7,0.028091113216415376,0.0,0.06629363863938137
3,00:45,8,0.015254981183641826,0.0,0.04771694799673448
3,00:45,9,0.007207984698553142,0.0,0.03999858271502141
3,00:45,10,0.0038997154797209403,0.0,0.03212271291801669
3,00:45,11,0.002280059923192843,0.0,0.0245169814977719
3,00:45,12,0.0014966030942830028,0.0,0.017395597932268636
3,00:45,13,0.0009760639307974762,0.0,0.010683882365478375
3,00:45,14,0.0005510649014416185,0.0,0.004324248534791741
3,00:45,15,0.00028789160360021975,0.0,0.0
3,00:45,16,0.00011555956596176256,0.0,0.0
3,00:45,17,0.00003180181386629472,0.0,0.0
3,00:45,18,0.00002519978045904668,0.0,0.0
3,00:45,19,0.000018843950287226227,0.0,0.0
3,00:45,20,0.000012712738346334144,0.0,0.0
3,00:45,21,6.7874318830814585e-6,0.0,0.0
3,00:45,22,1.051690102434888e-6,0.0,0.0
3,00:45,23,0.0,0.0,0.0
4,01:00,0,0.1013927941575809,0.0,0.32517408636234724
4,01:00,1,0.12411800639091498,0.0,0.31212408163996824
4,01:00,2,0.16511434303675449,0.09668149609668392,0.23688370896609337
4,01:00,3,0.2615210386893965,0.09970452168869129,0.7398367869374444
4,01:00,4,0.15262945879431392,0.020105125778750788,0.2693503786406306
4,01:00,5,0.0818804950454348,0.0,0.15843992029799828
4,01:00,6,0.04884751241227212,0.0,0.10750817392768006
4,01:00,7,0.030369919834621183,0.0,0.07140794430821659
4,01:00,8,0.016823348207848858,0.0,0.048100973935293084
4,01:00,9,0.007840518748792609,0.0,0.04024032233475758
4,01:00,10,0.00391949427978453,0.0,0.03283238549568962
4,01:00,11,0.002234524504972622,0.0,0.02532422967724965
4,01:00,12,0.0014213801438993329,0.0,0.018089572561643286
4,01:00,13,0.000893596699909869,0.0,0.011281404138573897
4,01:00,14,0.0005326328878462492,0.0,0.004838420348724559
4,01:00,15,0.00026865365081470914,0.0,0.0
4,01:00,16,0.0000993831506989939,0.0,0.0
4,01:00,17,0.00003136427152348497,0.0,0.0
4,01:00,18,0.000024696919372348405,0.0,0.0
4,01:00,19,0.00001828168702385078,0.0,0.0
4,01:00,20,0.00001209617754770477,0.0,0.0
4,01:00,21,6.121011870178022e-6,0.0,0.0
4,01:00,22,3.392968083018588e-7,0.0,0.0
4,01:00,23,0.0,0.0,0.0
5,01:15,0,0.09013847226188149,0.0,0.28884667584371104
5,01:15,1,0.11782008905584726,0.0,0.31839912961646116
5,01:15,2,0.15070630199422444,0.07961068911418412,0.22926721004278347
5,01:15,3,0.23966640154514426,0.10251114726182933,0.5919966661481293
5,01:15,4,0.18208445039945054,0.031118453131262436,0.34929663317133486
5,01:15,5,0.09379370847058405,0.0,0.17850565541127617
5,01:15,6,0.054102459873957204,0.0,0.12207505181259365
5,01:15,7,0.033695951934884144,0.0,0.08053287113581015
5,01:15,8,0.0192043181049952,0.0,0.050061369463322736
5,01:15,9,0.009170168887192975,0.0,0.0393380114045353
5,01:15,10,0.0042071953621234635,0.0,0.031377873637892156
5,01:15,11,0.0022756238560258796,0.0,0.023873838217264576
5,01:15,12,0.0014116416147780786,0.0,0.016757700145795612
5,01:15,13,0.000861758064918197,0.0,0.009976635039026016
5,01:15,14,0.0004870613866431871,0.0,0.0034887519951197765
5,01:15,15,0.0002217801987794883,0.0,0.0
5,01:15,16,0.00006652750361156031,0.0,0.0
5,01:15,17,0.000030192575878247827,0.0,0.0
5,01:15,18,0.00002345827802523941,0.0,0.0
5,01:15,19,0.000016982247004536017,0.0,0.0
5,01:15,20,0.000010741231373479223,0.0,0.0
5,01:15,21,4.7151526815662415e-6,0.0,0.0
5,01:15,22,0.0,0.0,0.0
5,01:15,23,0.0,0.0,0.0
6,01:30,0,0.07967456244788375,0.0,0.2523837487964231
6,01:30,1,0.11145582181498756,0.0,0.3236397353606072
6,01:30,2,0.1366985112537354,0.0138348603053009,0.23840242434194858
6,01:30,3,0.21340994101623703,0.10413841167161239,0.45362305187322916
6,01:30,4,0.2097305269027857,0.042629196955092485,0.494213115692795
6,01:30,5,0.10884072121415955,0.0,0.19911138295852676
6,01:30,6,0.06030629580593374,0.0,0.1347265663552496
6,01:30,7,0.037063617400280136,0.0,0.0900960789076648
6,01:30,8,0.021789308878711312,0.0,0.05781269665297267
6,01:30,9,0.010774596447760592,0.0,0.0390048946371985
6,01:30,10,0.004738275812227082,0.0,0.031422130053979036
6,01:30,11,0.0024518089742662885,0.0,0.02432413528317312
6,01:30,12,0.0014059426933462384,0.0,0.017636035299720243
6,01:30,13,0.0008403943883185858,0.0,0.011207213699895052
6,01:30,14,0.0004722708987785835,0.0,0.004649484552146449
6,01:30,15,0.0002041484854230606,0.0,0.0
6,01:30,16,0.00007031120392276077,0.0,0.0
6,01:30,17,0.00002768891473260391,0.0,0.0
6,01:30,18,0.000020885978515390146,0.0,0.0
6,01:30,19,0.00001434769914389257,0.0,0.0
6,01:30,20,8.049925191611733e-6,0.0,0.0
6,01:30,21,1.971843658790988e-6,0.0,0.0
6,01:30,22,0.0,0.0,0.0
6,01:30,23,0.0,0.0,0.0
7,01:45,0,0.06962709284122913,0.0,0.2209489710341629
7,01:45,1,0.10270241981733086,0.0,0.30795735681896885
7,01:45,2,0.1241959420649687,0.0,0.2526465912144585
7,01:45,3,0.18455477919566313,0.10677133345521608,0.3170769556581051
7,01:45,4,0.23539289059159266,0.0595767774413436,0.6245335030960415
7,01:45,5,0.12816941402748913,0.0,0.23998877908310734
7,01:45,6,0.06763582730448031,0.0,0.14645959462058455
7,01:45,7,0.04033709613805693,0.0,0.09964997868982284
7,01:45,8,0.024116878673989525,0.0,0.06330359320023132
7,01:45,9,0.012254476490795524,0.0,0.04231408261523073
7,01:45,10,0.005335923148793353,0.0,0.03190812139122323
7,01:45,11,0.002619312789802885,0.0,0.02469676916722907
7,01:45,12,0.001397411012765517,0.0,0.01791217383930399
7,01:45,13,0.0008247280116938573,0.0,0.011397389849361117
7,01:45,14,0.00047805750447228057,0.0,0.004767595912929773
7,01:45,15,0.00020685030435923612,0.0,0.0
7,01:45,16,0.0000745983433400317,0.0,0.0
7,01:45,17,0.00002848881165561877,0.0,0.0
7,01:45,18,0.000021615475005334222,0.0,0.0
7,01:45,19,0.000015013441598086181,0.0,0.0
7,01:45,20,8.657611426265727e-6,0.0,0.0
7,01:45,21,2.5263994853736425e-6,0.0,0.0
7,01:45,22,0.0,0.0,0.0
7,01:45,23,0.0,0.0,0.0
8,02:00,0,0.06047961453450652,0.0,0.18279574660946754
8,02:00,1,0.09274478376768978,0.0,0.2822080469783473
8,02:00,2,0.11546999600102079,0.0,0.2691580422559683
8,02:00,3,0.15646633264685786,0.0953284264114499,0.22828766700021436
8,02:00,4,0.2541754548019202,0.07925043305894758,0.7398367869374444
8,02:00,5,0.14648630108597915,0.0,0.2693503786406306
8,02:00,6,0.07665127372799697,0.0,0.15786321101437586
8,02:00,7,0.044618012074026756,0.0,0.10693146464405764
8,02:00,8,0.02689150497019228,0.0,0.06838445901521628
8,02:00,9,0.014148596561905992,0.0,0.044289323622385704
8,02:00,10,0.006118222895077633,0.0,0.03262013155219137
8,02:00,11,0.0027333697390821954,0.0,0.025290448344261474
8,02:00,12,0.0013872463075280269,0.0,0.018187468754545327
8,02:00,13,0.0007997770319956542,0.0,0.011159562638902082
8,02:00,14,0.0004818291812495817,0.0,0.00445536612456332
8,02:00,15,0.00020391378138614964,0.0,0.0
8,02:00,16,0.00006766073447676321,0.0,0.0
8,02:00,17,0.000028582095571418464,0.0,0.0
8,02:00,18,0.000021636523040909426,0.0,0.0
8,02:00,19,0.000014969170889772863,0.0,0.0
8,02:00,20,8.553938541275238e-6,0.0,0.0
8,02:00,21,2.3684290651292267e-6,0.0,0.0
8,02:00,22,0.0,0.0,0.0
8,02:00,23,0.0,0.0,0.0
9,02:15,0,0.052295300032250386,0.0,0.1590654117133014
9,02:15,1,0.0830618183544019,0.0,0.2558179519348932
9,02:15,2,0.11074343514836597,0.0,0.2853704057076433
9,02:15,3,0.14362964808674447,0.07961068911418412,0.19623848613396563
9,02:15,4,0.23347137425440637,0.0947878995781199,0.5919966661481293
9,02:15,5,0.17614251597312539,0.0,0.34929663317133486
9,02:15,6,0.08922124031857574,0.0,0.17822156108218035
9,02:15,7,0.0502874323614351,0.0,0.12179095748349783
9,02:15,8,0.03064783264611233,0.0,0.07970962469298062
9,02:15,9,0.016815771221246098,0.0,0.0475890595168707
9,02:15,10,0.007570568796566236,0.0,0.03275187018376491
9,02:15,11,0.0031075293716131,0.0,0.024534578054971723
9,02:15,12,0.0014528761190237083,0.0,0.017030542634344142
9,02:15,13,0.0007960066712692112,0.0,0.009914404562875179
9,02:15,14,0.0004592335910148422,0.0,0.0031333394561055827
9,02:15,15,0.00018133283658484017,0.0,0.0
9,02:15,16,0.00004398944239659247,0.0,0.0
9,02:15,17,0.000027913926421796436,0.0,0.0
9,02:15,18,0.000020894204920077035,0.0,0.0
9,02:15,19,0.000014159907067068613,0.0,0.0
9,02:15,20,7.683876046365224e-6,0.0,0.0
9,02:15,21,1.4428604153084306e-6,0.0,0.0
9,02:15,22,0.0,0.0,0.0
9,02:15,23,0.0,0.0,0.0
10,02:30,0,0.044234847061297176,0.0,0.13917341358974572
10,02:30,1,0.07412253590905618,0.0,0.2260635757594735
10,02:30,2,0.10590379527616081,0.0,0.2973195623236576
10,02:30,3,0.1311464847149087,0.0138348603053009,0.21208225130499897
10,02:30,4,0.207897263584089,0.09852374173033226,0.45362305187322916
10,02:30,5,0.2046521623747664,0.016309023918142873,0.494213115692795
10,02:30,6,0.10492003430136089,0.0,0.19911138295852676
10,02:30,7,0.05695638316016721,0.0,0.1347265663552496
10,02:30,8,0.0344451975835173,0.0,0.0900960789076648
10,02:30,9,0.019683561013357803,0.0,0.05600197807219112
10,02:30,10,0.00925814487810714,0.0,0.03644697451262313
10,02:30,11,0.0036296459301391848,0.0,0.024550357472714862
10,02:30,12,0.0015601873829872053,0.0,0.017452362701908947
10,02:30,13,0.00081584306305498,0.0,0.010764262718456069
10,02:30,14,0.00046476234059742214,0.0,0.004428341553117637
10,02:30,15,0.00019144136430421325,0.0,0.0
10,02:30,16,0.000055717427203168974,0.0,0.0
10,02:30,17,0.000025856096028146007,0.0,0.0
10,02:30,18,0.000018760230234255096,0.0,0.0
10,02:30,19,0.000011957294017041334,0.0,0.0
10,02:30,20,5.419014645543757e-6,0.0,0.0
10,02:30,21,0.0,0.0,0.0
10,02:30,22,0.0,0.0,0.0
10,02:30,23,0.0,0.0,0.0
11,02:45,0,0.03646098893649938,0.0,0.12272025792422442
11,02:45,1,0.0653460451183252,0.0,0.20013097391544887
11,02:45,2,0.09842137209442915,0.0,0.28713935970025484
11,02:45,3,0.11991489434206468,0.0,0.23182859409574447
11,02:45,4,0.18027373147275644,0.10195346477472199,0.3170769556581051
11,02:45,5,0.23111198834684973,0.03875878032262958,0.6245335030960415
11,02:45,6,0.12485225914092377,0.0,0.23998877908310734
11,02:45,7,0.06477054165240925,0.0,0.14645959462058455
11,02:45,8,0.038076712723671746,0.0,0.09964997868982284
11,02:45,9,0.02237084145546221,0.0,0.06284727835550766
11,02:45,10,0.010708505394793021,0.0,0.038112879660150784
11,02:45,11,0.004244157972665542,0.0,0.02543329364939617
11,02:45,12,0.0017729109182860832,0.0,0.01822194142540201
11,02:45,13,0.0008430227093546418,0.0,0.01143734609747693
11,02:45,14,0.0004912246015025522,0.0,0.005018060291303028
11,02:45,15,0.00020575477323722915,0.0,0.0
11,02:45,16,0.00006814462645758476,0.0,0.0
11,02:45,17,0.000027155999508213175,0.0,0.0
11,02:45,18,0.000019981906934733057,0.0,0.0
11,02:45,19,0.000013108570284448507,0.0,0.0
11,02:45,20,6.506536877200466e-6,0.0,0.0
11,02:45,21,1.507067053800118e-7,0.0,0.0
11,02:45,22,0.0,0.0,0.0
11,02:45,23,0.0,0.0,0.0
12,03:00,0,0.030829641396755814,0.0,0.10969617767356146
12,03:00,1,0.05694371881793556,0.0,0.17620903980389935
12,03:00,2,0.08920888805111737,0.0,0.2664478034674959
12,03:00,3,0.11193410028445107,0.0,0.2533977987451169
12,03:00,4,0.15293043693028682,0.0953284264114499,0.2258563385438761
12,03:00,5,0.2506395590853519,0.06349018954809621,0.7398367869374444
12,03:00,6,0.14364969080400578,0.0,0.2693503786406306
12,03:00,7,0.0741351914874755,0.0,0.15786321101437586
12,03:00,8,0.04268503673959197,0.0,0.10693146464405764
12,03:00,9,0.025388229473372544,0.0,0.06823722117495301
12,03:00,10,0.012846993216385699,0.0,0.04152779651689523
12,03:00,11,0.005107751743741885,0.0,0.026592089940074837
12,03:00,12,0.0019573702675210808,0.0,0.019193790483210044
12,03:00,13,0.0008743887047999878,0.0,0.012308885835983219
12,03:00,14,0.0005149038324873409,0.0,0.005421953769345178
12,03:00,15,0.00021619564038294426,0.0,0.0
12,03:00,16,0.00006906344115544408,0.0,0.0
12,03:00,17,0.000027688942947791223,0.0,0.0
12,03:00,18,0.00002043444862099047,0.0,0.0
12,03:00,19,0.000013488876090481432,0.0,0.0
12,03:00,20,6.821523939344869e-6,0.0,0.0
12,03:00,21,4.0629159084724223e-7,0.0,0.0
12,03:00,22,0.0,0.0,0.0
12,03:00,23,0.0,0.0,0.0
13,03:15,0,0.0260599113347905,0.0,0.10002162998335874
13,03:15,1,0.04942527277408439,0.0,0.14608868631361888
13,03:15,2,0.08019179109623426,0.0,0.24504846578979114
13,03:15,3,0.10787340789020117,0.0,0.2746009195625413
13,03:15,4,0.14075962082857638,0.07961068911418412,0.19597186945409617
13,03:15,5,0.2306013469962353,0.08857032131186218,0.5919966661481293
13,03:15,6,0.17373548258612445,0.0,0.34929663317133486
13,03:15,7,0.08690872504951049,0.0,0.17822156108218035
13,03:15,8,0.04864556826375506,0.0,0.12179095748349783
13,03:15,9,0.029295884035099664,0.0,0.07952352191603193
13,03:15,10,0.015692824879703773,0.0,0.04715489933527631
13,03:15,11,0.0066543125249137365,0.0,0.028112428111361637
13,03:15,12,0.0023826123754967367,0.0,0.019142040272675603
13,03:15,13,0.0009312233573568465,0.0,0.011638004852048023
13,03:15,14,0.0005114964782622966,0.0,0.004521866780579059
13,03:15,15,0.00021092615249041359,0.0,0.0
13,03:15,16,0.00005262622671795593,0.0,0.0
13,03:15,17,0.000027438099785724792,0.0,0.0
13,03:15,18,0.000020100930505559016,0.0,0.0
13,03:15,19,0.000013081209003839613,0.0,0.0
13,03:15,20,6.346911150831192e-6,0.0,0.0
13,03:15,21,0.0,0.0,0.0
13,03:15,22,0.0,0.0,0.0
13,03:15,23,0.0,0.0,0.0
14,03:30,0,0.0214545540933119,0.0,0.09406835913859182
14,03:30,1,0.042034935338834636,0.0,0.1277120070280373
14,03:30,2,0.07192262418659362,0.0,0.22150654859605767
14,03:30,3,0.10370388355369936,0.0,0.29276253516024175
14,03:30,4,0.12894657299244544,0.0138348603053009,0.20752522414158314
14,03:30,5,0.20569735186161928,0.09325697029658811,0.45362305187322916
14,03:30,6,0.20245225065230596,0.011751996754727045,0.494213115692795
14,03:30,7,0.10293252148961213,0.0,0.19911138295852676
14,03:30,8,0.05553794147861046,0.0,0.1347265663552496
14,03:30,9,0.03323846501705475,0.0,0.0900960789076648
14,03:30,10,0.018744721032074547,0.0,0.05600197807219112
14,03:30,11,0.00842771442299191,0.0,0.03269941544987248
14,03:30,12,0.002953670285801142,0.0,0.019165922044765388
14,03:30,13,0.0010495582430430808,0.0,0.012067927273959472
14,03:30,14,0.0005379401056737228,0.0,0.005379827290506595
14,03:30,15,0.0002333822383218952,0.0,0.0
14,03:30,16,0.00007221641157533398,0.0,0.0
14,03:30,17,0.000025739482453747534,0.0,0.0
14,03:30,18,0.000018317260592731524,0.0,0.0
14,03:30,19,0.000011221394798840614,0.0,0.0
14,03:30,20,4.418458581626851e-6,0.0,0.0
14,03:30,21,0.0,0.0,0.0
14,03:30,22,0.0,0.0,0.0
14,03:30,23,0.0,0.0,0.0
15,03:45,0,0.017255793074786693,0.0,0.0858196083701365
15,03:45,1,0.03480143199275088,0.0,0.11377163160751741
15,03:45,2,0.06368648817457687,0.0,0.19964494178151654
15,03:45,3,0.09676181515067923,0.0,0.2866533275663225
15,03:45,4,0.11825533739831318,0.0,0.23134256196181213
15,03:45,5,0.17861417452900907,0.09618926988137945,0.3170769556581051
15,03:45,6,0.22945243140309995,0.03827274818869725,0.6245335030960415
15,03:45,7,0.12322770583179102,0.0,0.23998877908310734
15,03:45,8,0.06344070829187036,0.0,0.14645959462058455
15,03:45,9,0.03707669237403147,0.0,0.09964997868982284
15,03:45,10,0.021603511105071173,0.0,0.06284727835550766
15,03:45,11,0.009951193310456621,0.0,0.03545649263523121
15,03:45,12,0.003610839373660703,0.0,0.021040094070669035
15,03:45,13,0.0012563785369829315,0.0,0.0131759927021467
15,03:45,14,0.0005855247355422775,0.0,0.006391397374221619
15,03:45,15,0.00026113516907626434,0.0,0.0
15,03:45,16,0.00009273895056414689,0.0,0.0
15,03:45,17,0.000027462852285134183,0.0,0.0
15,03:45,18,0.000019953089080313598,0.0,0.0
15,03:45,19,0.000012778996506833479,0.0,0.0
15,03:45,20,5.90565985654893e-6,0.0,0.0
15,03:45,21,0.0,0.0,0.0
15,03:45,22,0.0,0.0,0.0
15,03:45,23,0.0,0.0,0.0
16,04:00,0,0.014347492775389017,0.0,0.07652697616143217
16,04:00,1,0.029498821201880295,0.0,0.10237163555280784
16,04:00,2,0.05561289862306065,0.0,0.17620903980389935
16,04:00,3,0.08787806785624191,0.0,0.2664478034674959
16,04:00,4,0.11060328008957535,0.0,0.2533977987451169
16,04:00,5,0.1515996167354144,0.0953284264114499,0.2258563385438761
16,04:00,6,0.24930873889047822,0.06349018954809621,0.7398367869374444
16,04:00,7,0.14232456990769432,0.0,0.2693503786406306
16,04:00,8,0.07294755008110024,0.0,0.15786321101437586
16,04:00,9,0.04177354651102847,0.0,0.10693146464405764
16,04:00,10,0.024762831481037004,0.0,0.06823722117495301
16,04:00,11,0.012221595224050778,0.0,0.04118700929801122
16,04:00,12,0.004554872272033214,0.0,0.024322849431136745
16,04:00,13,0.0014694285651933878,0.0,0.014408909715062035
16,04:00,14,0.0006283246291241655,0.0,0.00752400506783521
16,04:00,15,0.00029769525956705036,0.0,0.0009521957176281681
16,04:00,16,0.00010126558722990794,0.0,0.0
16,04:00,17,0.000028414651557603927,0.0,0.0
16,04:00,18,0.0000208147398444104,0.0,0.0
16,04:00,19,0.000013560245517609648,0.0,0.0
16,04:00,20,6.614672987100611e-6,0.0,0.0
16,04:00,21,0.0,0.0,0.0
16,04:00,22,0.0,0.0,0.0
16,04:00,23,0.0,0.0,0.0
17,04:15,0,0.012263573730347683,0.0,0.06907323329333975
17,04:15,1,0.024955323644080374,0.0,0.09420787763594325
17,04:15,2,0.048320685083373546,0.0,0.14195290023264923
17,04:15,3,0.07908720340552347,0.0,0.24504846578979114
17,04:15,4,0.1067688201994901,0.0,0.2746009195625413
17,04:15,5,0.13965503313786815,0.07961068911418412,0.19597186945409617
17,04:15,6,0.22949675930552405,0.08407520615243884,0.5919966661481293
17,04:15,7,0.17263089489541183,0.0,0.34929663317133486
17,04:15,8,0.0858982264921423,0.0,0.17822156108218035
17,04:15,9,0.04782375693851999,0.0,0.12179095748349783
17,04:15,10,0.028754157522898255,0.0,0.07952352191603193
17,04:15,11,0.015151098367502001,0.0,0.04715489933527631
17,04:15,12,0.0061340876267632774,0.0,0.02714507036817468
17,04:15,13,0.001916513996459126,0.0,0.015069239648223598
17,04:15,14,0.0006672507697907598,0.0,0.007520597085340863
17,04:15,15,0.00030740707381547163,0.0,0.00040445901387189953
17,04:15,16,0.0000998073778251455,0.0,0.0
17,04:15,17,0.000028543218433249154,0.0,0.0
17,04:15,18,0.000020850424763825752,0.0,0.0
17,04:15,19,0.000013513255483659975,0.0,0.0
17,04:15,20,6.4935339819405734e-6,0.0,0.0
17,04:15,21,0.0,0.0,0.0
17,04:15,22,0.0,0.0,0.0
17,04:15,23,0.0,0.0,0.0
18,04:30,0,0.010374759222617512,0.0,0.06245681194520232
18,04:30,1,0.020559461030269337,0.0,0.08867889514664365
18,04:30,2,0.041139842275792565,0.0,0.1258035517320254
18,04:30,3,0.0710275311235521,0.0,0.22150654859605767
18,04:30,4,0.10280879049065612,0.0,0.29276253516024175
18,04:30,5,0.12805147992940136,0.0138348603053009,0.20752522414158314
18,04:30,6,0.20480225879857264,0.08790240055563531,0.45362305187322916
18,04:30,7,0.20155715758926473,0.011751996754727045,0.494213115692795
18,04:30,8,0.10203742842656682,0.0,0.19911138295852676
18,04:30,9,0.054820441645165655,0.0,0.1347265663552496
18,04:30,10,0.03276016817839753,0.0,0.0900960789076648
18,04:30,11,0.018266424193417122,0.0,0.05600197807219112
18,04:30,12,0.0079509350246203,0.0,0.030266311829575954
18,04:30,13,0.0025236199328295896,0.0,0.01765920463452897
18,04:30,14,0.0007790111395638815,0.0,0.00790413981094601
18,04:30,15,0.00034496598714064866,0.0,0.0012160398274931317
18,04:30,16,0.00013208357070667754,0.0,0.0
18,04:30,17,0.000027236845681592874,0.0,0.0
18,04:30,18,0.00001944830176309842,0.0,0.0
18,04:30,19,0.00001202607990208241,0.0,0.0
18,04:30,20,4.9302141081914995e-6,0.0,0.0
18,04:30,21,0.0,0.0,0.0
18,04:30,22,0.0,0.0,0.0
18,04:30,23,0.0,0.0,0.0
19,04:45,0,0.008749137767690514,0.0,0.059083761877613744
19,04:45,1,0.016534252521181427,0.0,0.08031836362028782
19,04:45,2,0.03407989143914577,0.0,0.11105900891819384
19,04:45,3,0.0629649476209727,0.0,0.19964494178151654
19,04:45,4,0.09604027459707254,0.0,0.2866533275663225
19,04:45,5,0.11753379684471009,0.0,0.23134256196181213
19,04:45,6,0.17789263397540694,0.09161325653217853,0.3170769556581051
19,04:45,7,0.2287308908494897,0.03827274818869725,0.6245335030960415
19,04:45,8,0.12250616527818585,0.0,0.23998877908310734
19,04:45,9,0.06281756280652659,0.0,0.14645959462058455
19,04:45,10,0.036607260171806585,0.0,0.09964997868982284
19,04:45,11,0.021175001714784175,0.0,0.06284727835550766
19,04:45,12,0.009522722555723635,0.0,0.03545649263523121
19,04:45,13,0.003223605526812096,0.0,0.021040094070669035
19,04:45,14,0.0009854130002208558,0.0,0.00923707524363912
19,04:45,15,0.00040327458311767385,0.0,0.0024524799157140398
19,04:45,16,0.0001616356321598178,0.0,0.0
19,04:45,17,0.000029347163456221694,0.0,0.0
19,04:45,18,0.00002145985683651913,0.0,0.0
19,04:45,19,0.000013950093631698544,0.0,0.0
19,04:45,20,6.776001058218427e-6,0.0,0.0
19,04:45,21,0.0,0.0,0.0
19,04:45,22,0.0,0.0,0.0
19,04:45,23,0.0,0.0,0.0
20,05:00,0,0.007511250387191616,0.0,0.055964787238162825
20,05:00,1,0.013757937590548816,0.0,0.07211914161442978
20,05:00,2,0.028909266017040268,0.0,0.10052982984173084
20,05:00,3,0.055023343438220025,0.0,0.17620903980389935
20,05:00,4,0.08728851267140081,0.0,0.2664478034674959
20,05:00,5,0.11001372490473439,0.0,0.2533977987451169
20,05:00,6,0.15101006155057062,0.09404163499628439,0.2258563385438761
20,05:00,7,0.24871918370564153,0.06349018954809621,0.7398367869374444
20,05:00,8,0.14173501472286146,0.0,0.2693503786406306
20,05:00,9,0.07235799489625933,0.0,0.15786321101437586
20,05:00,10,0.04129372465308417,0.0,0.10693146464405764
20,05:00,11,0.024381127784560603,0.0,0.06823722117495301
20,05:00,12,0.011839891527574087,0.0,0.04118700929801122
20,05:00,13,0.004210237236090704,0.0,0.02421055349546769
20,05:00,14,0.0012302138721330062,0.0,0.010745814347852184
20,05:00,15,0.000458796210093544,0.0,0.003860909700625359
20,05:00,16,0.00018145382542626503,0.0,0.0
20,05:00,17,0.00003191180639321805,0.0,0.0
20,05:00,18,0.000022651874127139233,0.0,0.0
20,05:00,19,0.000015051962413945706,0.0,0.0
20,05:00,20,7.797468087144952e-6,0.0,0.0
20,05:00,21,8.518955566359163e-7,0.0,0.0
20,05:00,22,0.0,0.0,0.0
20,05:00,23,0.0,0.0,0.0
21,05:15,0,0.006495805519663191,0.0,0.05233809786372559
21,05:15,1,0.01177560198531929,0.0,0.06527198837083861
21,05:15,2,0.02446735189905204,0.0,0.09003954815196584
21,05:15,3,0.04783271333834493,0.0,0.14195290023264923
21,05:15,4,0.07859923166049519,0.0,0.24504846578979114
21,05:15,5,0.10628084845446195,0.0,0.2746009195625413
21,05:15,6,0.1391670613928407,0.07961068911418412,0.19597186945409617
21,05:15,7,0.22900878756050064,0.07990687666846143,0.5919966661481293
21,05:15,8,0.17214292315038474,0.0,0.34929663317133486
21,05:15,9,0.0854102547471144,0.0,0.17822156108218035
21,05:15,10,0.04736098655240401,0.0,0.12179095748349783
21,05:15,11,0.02840874177378399,0.0,0.07952352191603193
21,05:15,12,0.014805682618387965,0.0,0.04715489933527631
21,05:15,13,0.005823419437134256,0.0,0.024760572928076374
21,05:15,14,0.0016484761299639906,0.0,0.01237781566016255
21,05:15,15,0.000495923735491223,0.0,0.00438276480480726
21,05:15,16,0.0001892093729693568,0.0,0.0
21,05:15,17,0.000039562523858046634,0.0,0.0
21,05:15,18,0.000023047647226428222,0.0,0.0
21,05:15,19,0.00001535485355700482,0.0,0.0
21,05:15,20,8.017684276839042e-6,0.0,0.0
21,05:15,21,9.979627751196402e-7,0.0,0.0
21,05:15,22,0.0,0.0,0.0
21,05:15,23,0.0,0.0,0.0
22,05:30,0,0.005564447792064866,0.0,0.04803840186398614
22,05:30,1,0.009973673438074034,0.0,0.059335321142769445
22,05:30,2,0.020158375245725967,0.0,0.08484359452061763
22,05:30,3,0.04073875649124865,0.0,0.1253676350431831
22,05:30,4,0.0706264453390084,0.0,0.22150654859605767
22,05:30,5,0.10240770470611259,0.0,0.29276253516024175
22,05:30,6,0.1276503941448586,0.0138348603053009,0.20752522414158314
22,05:30,7,0.20440117301402955,0.08484532647966883,0.45362305187322916
22,05:30,8,0.2011560718047183,0.011751996754727045,0.494213115692795
22,05:30,9,0.10163634264202467,0.0,0.19911138295852676
22,05:30,10,0.054419355860623124,0.0,0.1347265663552496
22,05:30,11,0.03244718127443438,0.0,0.0900960789076648
22,05:30,12,0.017953437289454217,0.0,0.05600197807219112
22,05:30,13,0.007659655618948046,0.0,0.030266311829575954
22,05:30,14,0.0022587049839878494,0.0,0.01765920463452897
22,05:30,15,0.0006167904001175123,0.0,0.004782649008513135
22,05:30,16,0.00022866565755178724,0.0,0.0
22,05:30,17,0.000059652580493434324,0.0,0.0
22,05:30,18,0.00002205700873699603,0.0,0.0
22,05:30,19,0.000014268464818501573,0.0,0.0
22,05:30,20,6.8462429574855655e-6,0.0,0.0
22,05:30,21,0.0,0.0,0.0
22,05:30,22,0.0,0.0,0.0
22,05:30,23,0.0,0.0,0.0
23,05:45,0,0.004881272002011808,0.0,0.0441952039267967
23,05:45,1,0.00840723791926781,0.0,0.05621867183207058
23,05:45,2,0.016192352672758772,0.0,0.07799840144807446
23,05:45,3,0.0337379915907231,0.0,0.11067418720566752
23,05:45,4,0.06262304777254964,0.0,0.19964494178151654
23,05:45,5,0.09569837474864945,0.0,0.2866533275663225
23,05:45,6,0.11719189699628918,0.0,0.23134256196181213
23,05:45,7,0.17755073412698363,0.08876892782671472,0.3170769556581051
23,05:45,8,0.228388991001069,0.03827274818869725,0.6245335030960415
23,05:45,9,0.12216426542976375,0.0,0.23998877908310734
23,05:45,10,0.062475662958104194,0.0,0.14645959462058455
23,05:45,11,0.036325624423560965,0.0,0.09964997868982284
23,05:45,12,0.02089336596653854,0.0,0.06284727835550766
23,05:45,13,0.009250964055844945,0.0,0.03545649263523121
23,05:45,14,0.0029688935658703283,0.0,0.02078976949752992
23,05:45,15,0.0008304227905021103,0.0,0.006434167795753176
23,05:45,16,0.0002740726944984428,0.0,0.0
23,05:45,17,0.00009330212004073715,0.0,0.0
23,05:45,18,0.000024345675952148497,0.0,0.0
23,05:45,19,0.000016458369332445934,0.0,0.0
23,05:45,20,8.948606127625345e-6,0.0,0.0
23,05:45,21,1.7745135541452282e-6,0.0,0.0
23,05:45,22,0.0,0.0,0.0
23,05:45,23,0.0,0.0,0.0
24,06:00,0,0.004323117625617857,0.0,0.041295522380925834
24,06:00,1,0.0072166457054335335,0.0,0.05329573134584263
24,06:00,2,0.013463332908790693,0.0,0.07054297965812206
24,06:00,3,0.02861466133528199,0.0,0.10052982984173084
24,06:00,4,0.054728738756461996,0.0,0.17620903980389935
24,06:00,5,0.08699390798964284,0.0,0.2664478034674959
24,06:00,6,0.10971912022297547,0.0,0.2533977987451169
24,06:00,7,0.15071545686881324,0.0916167666832266,0.2258563385438761
24,06:00,8,0.2484245790238799,0.06349018954809621,0.7398367869374444
24,06:00,9,0.1414404100411008,0.0,0.2693503786406306
24,06:00,10,0.07206339021450026,0.0,0.15786321101437586
24,06:00,11,0.04100890601106162,0.0,0.10693146464405764
24,06:00,12,0.02412741415069682,0.0,0.06823722117495301
24,06:00,13,0.011586177893710496,0.0,0.04118700929801122
24,06:00,14,0.003979441722793448,0.0,0.021781405120119085
24,06:00,15,0.0010875559164767558,0.0,0.00899320747400531
24,06:00,16,0.0003319546670969458,0.0,0.0011918538083051655
24,06:00,17,0.00011772480752094371,0.0,0.0
24,06:00,18,0.000026251587377224814,0.0,0.0
24,06:00,19,0.00001788895617398642,0.0,0.0
24,06:00,20,0.000010289044460792894,0.0,0.0
24,06:00,21,3.0345501339921407e-6,0.0,0.0
24,06:00,22,0.0,0.0,0.0
24,06:00,23,0.0,0.0,0.0
25,06:15,0,0.003852180123175824,0.0,0.037664144408916675
25,06:15,1,0.006237027931405809,0.0,0.04986407236291124
25,06:15,2,0.011516824397061996,0.0,0.06416573942011092
25,06:15,3,0.024208574310794387,0.0,0.08923474208034121
25,06:15,4,0.047573935750087545,0.0,0.14195290023264923
25,06:15,5,0.07834045407223843,0.0,0.24504846578979114
25,06:15,6,0.1060220708662054,0.0,0.2746009195625413
25,06:15,7,0.1389082838045822,0.07961068911418412,0.19597186945409617
25,06:15,8,0.2287500099722413,0.0782520425027578,0.5919966661481293
25,06:15,9,0.17188414556212622,0.0,0.34929663317133486
25,06:15,10,0.08515147715885686,0.0,0.17822156108218035
25,06:15,11,0.047102208964147116,0.0,0.12179095748349783
25,06:15,12,0.028176909547047692,0.0,0.07952352191603193
25,06:15,13,0.014573850391651398,0.0,0.04715489933527631
25,06:15,14,0.005612766209420566,0.0,0.024088728799302017
25,06:15,15,0.0015144799885622442,0.0,0.010924878830010087
25,06:15,16,0.00037867963061925314,0.0,0.0021798745817907805
25,06:15,17,0.00013073497338990454,0.0,0.0
25,06:15,18,0.00003253875710080528,0.0,0.0
25,06:15,19,0.000018523448635871422,0.0,0.0
25,06:15,20,0.00001083065496644802,0.0,0.0
25,06:15,21,3.4934856862822437e-6,0.0,0.0
25,06:15,22,0.0,0.0,0.0
25,06:15,23,0.0,0.0,0.0
26,06:30,0,0.0033475702477353464,0.0,0.03609539040709428
26,06:30,1,0.005345949604972205,0.0,0.04580036880999605
26,06:30,2,0.009755175250981529,0.0,0.057097288088779355
26,06:30,3,0.019939877058633093,0.0,0.08215477071470198
26,06:30,4,0.04052025830415579,0.0,0.1253676350431831
26,06:30,5,0.07040794715191606,0.0,0.22150654859605767
26,06:30,6,0.10218920651902112,0.0,0.29276253516024175
26,06:30,7,0.1274318959577669,0.0138348603053009,0.20752522414158314
26,06:30,8,0.2041826748269365,0.08255771763073269,0.45362305187322916
26,06:30,9,0.20093757361762923,0.011751996754727045,0.494213115692795
26,06:30,10,0.10141784445493149,0.0,0.19911138295852676
26,06:30,11,0.05420085767352981,0.0,0.1347265663552496
26,06:30,12,0.03224094740791999,0.0,0.0900960789076648
26,06:30,13,0.01774720342293925,0.0,0.05600197807219112
26,06:30,14,0.007472279694788956,0.0,0.030266311829575954
26,06:30,15,0.0021187437112737064,0.0,0.0162074780168161
26,06:30,16,0.00050402055182915,0.0,0.002544615954523044
26,06:30,17,0.00017434293969441044,0.0,0.0
26,06:30,18,0.00003529394813212971,0.0,0.0
26,06:30,19,0.000017778988301217575,0.0,0.0
26,06:30,20,9.990444382723118e-6,0.0,0.0
26,06:30,21,2.56822252170711e-6,0.0,0.0
26,06:30,22,0.0,0.0,0.0
26,06:30,23,0.0,0.0,0.0
27,06:45,0,0.002893942386870624,0.0,0.03393005107187952
27,06:45,1,0.004700482758703188,0.0,0.04230969070982206
27,06:45,2,0.008226448675959284,0.0,0.05413475133761711
27,06:45,3,0.01601156342945021,0.0,0.0768396040661556
27,06:45,4,0.033557202347414626,0.0,0.11067418720566752
27,06:45,5,0.06244225852924127,0.0,0.19964494178151654
27,06:45,6,0.09551758550534119,0.0,0.2866533275663225
27,06:45,7,0.11701110775298026,0.0,0.23134256196181213
27,06:45,8,0.1773699448836739,0.08669287058006309,0.3170769556581051
27,06:45,9,0.22820820175776024,0.03827274818869725,0.6245335030960415
27,06:45,10,0.12198347618645448,0.0,0.23998877908310734
27,06:45,11,0.062294873714795564,0.0,0.14645959462058455
27,06:45,12,0.03614483518025316,0.0,0.09964997868982284
27,06:45,13,0.020712576723229795,0.0,0.06284727835550766
27,06:45,14,0.009086310330205615,0.0,0.03545649263523121
27,06:45,15,0.002813894148995592,0.0,0.01890425628055528
27,06:45,16,0.0007280904625630697,0.0,0.005126683607143689
27,06:45,17,0.0002158233640225926,0.0,0.0
27,06:45,18,0.000043803438278407484,0.0,0.0
27,06:45,19,0.000020287600081027604,0.0,0.0
27,06:45,20,0.00001240029346132504,0.0,0.0
27,06:45,21,4.8905302565044535e-6,0.0,0.0
27,06:45,22,0.0,0.0,0.0
27,06:45,23,0.0,0.0,0.0
28,07:00,0,0.0025809194522898892,0.0,0.0299041881371786
28,07:00,1,0.004164407862889413,0.0,0.03955239432766196
28,07:00,2,0.007057935942705092,0.0,0.051411184781878685
28,07:00,3,0.01330462314606228,0.0,0.07047661219261937
28,07:00,4,0.028455951572553425,0.0,0.10052982984173084
28,07:00,5,0.0545700289937343,0.0,0.17620903980389935
28,07:00,6,0.0868351982269144,0.0,0.2664478034674959
28,07:00,7,0.10956041046024728,0.0,0.2533977987451169
28,07:00,8,0.15055674710608463,0.08972562460373958,0.2258563385438761
28,07:00,9,0.24826586926114994,0.06349018954809621,0.7398367869374444
28,07:00,10,0.14128170027837245,0.0,0.2693503786406306
28,07:00,11,0.07190468045177303,0.0,0.15786321101437586
28,07:00,12,0.04085019624833345,0.0,0.10693146464405764
28,07:00,13,0.023968704387968307,0.0,0.06823722117495301
28,07:00,14,0.011440360776772494,0.0,0.04118700929801122
28,07:00,15,0.003840369761174408,0.0,0.02003827706685521
28,07:00,16,0.0009950799898626164,0.0,0.0071105103790495006
28,07:00,17,0.00025203180249542965,0.0,0.0
28,07:00,18,0.00007184472684222586,0.0,0.0
28,07:00,19,0.000022421575299155158,0.0,0.0
28,07:00,20,0.000014058944095916765,0.0,0.0
28,07:00,21,6.4590323827232385e-6,0.0,0.0
28,07:00,22,0.0,0.0,0.0
28,07:00,23,0.0,0.0,0.0
29,07:15,0,0.0023247082416764193,0.0,0.02810886532625903
29,07:15,1,0.003711059916936298,0.0,0.03610254077968007
29,07:15,2,0.006095907725166226,0.0,0.04817845060130965
29,07:15,3,0.011375704190822391,0.0,0.06416573942011092
29,07:15,4,0.024067454104555065,0.0,0.08923474208034121
29,07:15,5,0.047432815543848456,0.0,0.14195290023264923
29,07:15,6,0.07819933386599809,0.0,0.24504846578979114
29,07:15,7,0.10588095065996535,0.0,0.2746009195625413
29,07:15,8,0.13876716359834315,0.07961068911418412,0.19597186945409617
29,07:15,9,0.22860888976600235,0.07785223341537284,0.5919966661481293
29,07:15,10,0.17174302535588776,0.0,0.34929663317133486
29,07:15,11,0.08501035695261709,0.0,0.17822156108218035
29,07:15,12,0.046961088757907075,0.0,0.12179095748349783
29,07:15,13,0.02803578934080797,0.0,0.07952352191603193
29,07:15,14,0.014432730185411852,0.0,0.04715489933527631
29,07:15,15,0.005482744396270132,0.0,0.024088728799302017
29,07:15,16,0.001432037702678322,0.0,0.010924878830010087
29,07:15,17,0.0002979157649439832,0.0,0.0005300912286791692
29,07:15,18,0.00008924574257432076,0.0,0.0
29,07:15,19,0.000028933866063676747,0.0,0.0
29,07:15,20,0.000014918557598742888,0.0,0.0
29,07:15,21,7.225763929319486e-6,0.0,0.0
29,07:15,22,0.0,0.0,0.0
29,07:15,23,0.0,0.0,0.0
30,07:30,0,0.0020584812515899533,0.0,0.025532661941921303
30,07:30,1,0.003223136868161954,0.0,0.03460731996262148
30,07:30,2,0.005221516225398883,0.0,0.04431241481037085
30,07:30,3,0.009630741871408053,0.0,0.05704284817940822
30,07:30,4,0.01981544367905999,0.0,0.08045259325190723
30,07:30,5,0.040395824924582525,0.0,0.1253676350431831
30,07:30,6,0.07028351377234342,0.0,0.22150654859605767
30,07:30,7,0.10206477313944606,0.0,0.29276253516024175
30,07:30,8,0.12730746257819386,0.0138348603053009,0.20752522414158314
30,07:30,9,0.20405824144736276,0.08101254051444173,0.45362305187322916
30,07:30,10,0.20081314023805547,0.011751996754727045,0.494213115692795
30,07:30,11,0.10129341107535868,0.0,0.19911138295852676
30,07:30,12,0.054076424293956746,0.0,0.1347265663552496
30,07:30,13,0.03211651402834671,0.0,0.0900960789076648
30,07:30,14,0.01762277004336603,0.0,0.05600197807219112
30,07:30,15,0.007357095201642684,0.0,0.029917769647003795
30,07:30,16,0.002043145591658554,0.0,0.015859972124304345
30,07:30,17,0.00043002640860544144,0.0,0.002125848808953612
30,07:30,18,0.00013542133956148526,0.0,0.0
30,07:30,19,0.00003191149515789937,0.0,0.0
30,07:30,20,0.000014396535326987238,0.0,0.0
30,07:30,21,6.607991408492782e-6,0.0,0.0
30,07:30,22,0.0,0.0,0.0
30,07:30,23,0.0,0.0,0.0
31,07:45,0,0.001842096489457497,0.0,0.022323277907635858
31,07:45,1,0.002783525683030576,0.0,0.032521716806440726
31,07:45,2,0.004590066054863186,0.0,0.040935334479448124
31,07:45,3,0.008116031972119197,0.0,0.052764707940270744
31,07:45,4,0.015901146725610216,0.0,0.0753513855389799
31,07:45,5,0.03344678564357468,0.0,0.11067418720566752
31,07:45,6,0.06233184182540116,0.0,0.19964494178151654
31,07:45,7,0.09540716880150062,0.0,0.2866533275663225
31,07:45,8,0.11690069104914104,0.0,0.23134256196181213
31,07:45,9,0.17725952817983548,0.08528453631462429,0.3170769556581051
31,07:45,10,0.22809778505392037,0.03827274818869725,0.6245335030960415
31,07:45,11,0.1218730594826143,0.0,0.23998877908310734
31,07:45,12,0.062184457010955346,0.0,0.14645959462058455
31,07:45,13,0.03603441847641315,0.0,0.09964997868982284
31,07:45,14,0.02060216001938987,0.0,0.06284727835550766
31,07:45,15,0.008982935149712965,0.0,0.03545649263523121
31,07:45,16,0.0027417715575737255,0.0,0.017529900050181346
31,07:45,17,0.0006600767059576853,0.0,0.003925541267520483
31,07:45,18,0.00017981997668692156,0.0,0.0
31,07:45,19,0.00003676849726350115,0.0,0.0
31,07:45,20,0.000017050007138816076,0.0,0.0
31,07:45,21,9.162700519113511e-6,0.0,0.0
31,07:45,22,1.652937314292925e-6,0.0,0.0
31,07:45,23,0.0,0.0,0.0
32,08:00,0,0.001608622329945007,0.0,0.017964249678633387
32,08:00,1,0.0024866657235310726,0.0,0.028706571491936395
32,08:00,2,0.004070154134130603,0.0,0.03835004263711779
32,08:00,3,0.006963682213946219,0.0,0.050149154058914805
32,08:00,4,0.013210369417303339,0.0,0.06927899554737717
32,08:00,5,0.028361697843794897,0.0,0.10052982984173084
32,08:00,6,0.05447577526497516,0.0,0.17620903980389935
32,08:00,7,0.0867409444981556,0.0,0.2664478034674959
32,08:00,8,0.10946615673148845,0.0,0.2533977987451169
32,08:00,9,0.15046249337732834,0.08840907551434785,0.2258563385438761
32,08:00,10,0.24817161553239436,0.06349018954809621,0.7398367869374444
32,08:00,11,0.14118744654961374,0.0,0.2693503786406306
32,08:00,12,0.07181042672301352,0.0,0.15786321101437586
32,08:00,13,0.0407559425195744,0.0,0.10693146464405764
32,08:00,14,0.023874450659209175,0.0,0.06823722117495301
32,08:00,15,0.011350853790844632,0.0,0.04118700929801122
32,08:00,16,0.003776012724796665,0.0,0.01883592537631104
32,08:00,17,0.0009342285951172933,0.0,0.006766877425423534
32,08:00,18,0.00021525998473215794,0.0,0.0
32,08:00,19,0.00004355429784820821,0.0,0.0
32,08:00,20,0.0000193240874613496,0.0,0.0
32,08:00,21,0.000010961456258111208,0.0,0.0
32,08:00,22,3.3615445449176816e-6,0.0,0.0
32,08:00,23,0.0,0.0,0.0
33,08:15,0,0.0014254235006357313,0.0,0.016618565231055094
33,08:15,1,0.0022437918021076765,0.0,0.02707154472623824
33,08:15,2,0.003630143477367532,0.0,0.03506522017965928
33,08:15,3,0.006014991285597532,0.0,0.04708515936275531
33,08:15,4,0.011294787751253699,0.0,0.06416573942011092
33,08:15,5,0.02398653766498645,0.0,0.08923474208034121
33,08:15,6,0.04735189910427985,0.0,0.14195290023264923
33,08:15,7,0.0781184174264307,0.0,0.24504846578979114
33,08:15,8,0.1058000342203969,0.0,0.2746009195625413
33,08:15,9,0.13868624715877345,0.07961068911418412,0.19597186945409617
33,08:15,10,0.22852797332643446,0.07673470832905574,0.5919966661481293
33,08:15,11,0.17166210891631664,0.0,0.34929663317133486
33,08:15,12,0.08492944051304899,0.0,0.17822156108218035
33,08:15,13,0.04688017231833848,0.0,0.12179095748349783
33,08:15,14,0.027954872901239186,0.0,0.07952352191603193
33,08:15,15,0.014351813745843132,0.0,0.04715489933527631
33,08:15,16,0.005405290931472222,0.0,0.024088728799302017
33,08:15,17,0.001379202898874747,0.0,0.010924878830010087
33,08:15,18,0.00025311109047049024,0.0,0.0
33,08:15,19,0.00006143514564463067,0.0,0.0
33,08:15,20,0.00002600941036378293,0.0,0.0
33,08:15,21,0.000011994101898849072,0.0,0.0
33,08:15,22,4.3013082294256695e-6,0.0,0.0
33,08:15,23,0.0,0.0,0.0
34,08:30,0,0.0012409722519556386,0.0,0.01434670570843069
34,08:30,1,0.001988735158346913,0.0,0.024635992835144366
34,08:30,2,0.0031533907749189366,0.0,0.03362931047668352
34,08:30,3,0.005151770132155781,0.0,0.04341657849855998
34,08:30,4,0.009560995778164973,0.0,0.05704284817940822
34,08:30,5,0.019745697585816745,0.0,0.0795559241451303
34,08:30,6,0.04032607883133985,0.0,0.1253676350431831
34,08:30,7,0.07021376767909998,0.0,0.22150654859605767
34,08:30,8,0.10199502704620347,0.0,0.29276253516024175
34,08:30,9,0.1272377164849502,0.0138348603053009,0.20752522414158314
34,08:30,10,0.20398849535412095,0.08005236313185018,0.45362305187322916
34,08:30,11,0.20074339414481318,0.011751996754727045,0.494213115692795
34,08:30,12,0.10122366498211653,0.0,0.19911138295852676
34,08:30,13,0.05400667820071425,0.0,0.1347265663552496
34,08:30,14,0.0320467679351034,0.0,0.0900960789076648
34,08:30,15,0.01755302395012291,0.0,0.05600197807219112
34,08:30,16,0.007289313255647229,0.0,0.02974964795628976
34,08:30,17,0.0019963900053613357,0.0,0.014881962638366386
34,08:30,18,0.0003835010036595344,0.0,0.0016772028084384716
34,08:30,19,0.00010978235851195073,0.0,0.0
34,08:30,20,0.000029218516817190362,0.0,0.0
34,08:30,21,0.000011703556986278229,0.0,0.0
34,08:30,22,3.915013067783774e-6,0.0,0.0
34,08:30,23,0.0,0.0,0.0
35,08:45,0,0.001057092222071504,0.0,0.01152159632912128
35,08:45,1,0.0017833119782511915,0.0,0.021603178137065776
35,08:45,2,0.0027247411718242603,0.0,0.03167437499718061
35,08:45,3,0.004531281543656856,0.0,0.04087859338178587
35,08:45,4,0.008057247460912907,0.0,0.05191918032005949
35,08:45,5,0.01584236221440389,0.0,0.07463128576840981
35,08:45,6,0.03338800113236816,0.0,0.11067418720566752
35,08:45,7,0.062273057314195475,0.0,0.19964494178151654
35,08:45,8,0.09534838429029498,0.0,0.2866533275663225
35,08:45,9,0.1168419065379339,0.0,0.23134256196181213
35,08:45,10,0.17720074366862595,0.08443810520715081,0.3170769556581051
35,08:45,11,0.22803900054271448,0.03827274818869725,0.6245335030960415
35,08:45,12,0.12181427497140683,0.0,0.23998877908310734
35,08:45,13,0.062125672499749374,0.0,0.14645959462058455
35,08:45,14,0.035975633965206685,0.0,0.09964997868982284
35,08:45,15,0.020543375508183453,0.0,0.06284727835550766
35,08:45,16,0.008924296485365036,0.0,0.03545649263523121
35,08:45,17,0.0026994736733091766,0.0,0.01663939337219225
35,08:45,18,0.0006182601948025352,0.0,0.003925541267520483
35,08:45,19,0.00015648886469113722,0.0,0.0
35,08:45,20,0.0000342393489638565,0.0,0.0
35,08:45,21,0.000014520858839171418,0.0,0.0
35,08:45,22,6.633552219468854e-6,0.0,0.0
35,08:45,23,0.0,0.0,0.0
36,09:00,0,0.0008803630470840233,0.0,0.007604041059292632
36,09:00,1,0.0015602124913466626,0.0,0.017488997112427573
36,09:00,2,0.0024382558849327276,0.0,0.02823131892573058
36,09:00,3,0.004021744295532243,0.0,0.037566154388859796
36,09:00,4,0.006915272375347934,0.0,0.04943875375802835
36,09:00,5,0.013161959578704995,0.0,0.06880374298117135
36,09:00,6,0.028313288005196457,0.0,0.10052982984173084
36,09:00,7,0.054427365426376884,0.0,0.17620903980389935
36,09:00,8,0.0866925346595571,0.0,0.2664478034674959
36,09:00,9,0.1094177468928904,0.0,0.2533977987451169
36,09:00,10,0.15041408353872754,0.08752340015810768,0.2258563385438761
36,09:00,11,0.24812320569379356,0.06349018954809621,0.7398367869374444
36,09:00,12,0.1411390367110157,0.0,0.2693503786406306
36,09:00,13,0.07176201688441483,0.0,0.15786321101437586
36,09:00,14,0.040707532680976606,0.0,0.10693146464405764
36,09:00,15,0.023826040820611096,0.0,0.06823722117495301
36,09:00,16,0.011302443952246357,0.0,0.04118700929801122
36,09:00,17,0.0037375831900886554,0.0,0.018051105741087814
36,09:00,18,0.0008970994421145367,0.0,0.006211163545933235
36,09:00,19,0.00019451052548147087,0.0,0.0
36,09:00,20,0.00004117992721094294,0.0,0.0
36,09:00,21,0.000016949716824084333,0.0,0.0
36,09:00,22,8.587085620845938e-6,0.0,0.0
36,09:00,23,9.871739076524125e-7,0.0,0.0
37,09:15,0,0.0007368531477356205,0.0,0.006535641248388846
37,09:15,1,0.001385974821929499,0.0,0.01623411574585576
37,09:15,2,0.002204343123401445,0.0,0.02643456120456747
37,09:15,3,0.003590694798661313,0.0,0.03476815948843881
37,09:15,4,0.005975542606891265,0.0,0.04649010423269723
37,09:15,5,0.011255339072547443,0.0,0.06416573942011092
37,09:15,6,0.023947088986280163,0.0,0.08923474208034121
37,09:15,7,0.04731245042557355,0.0,0.14195290023264923
37,09:15,8,0.0780789687477241,0.0,0.24504846578979114
37,09:15,9,0.10576058554169013,0.0,0.2746009195625413
37,09:15,10,0.13864679848006914,0.07961068911418412,0.19597186945409617
37,09:15,11,0.22848852464772795,0.07610562328128437,0.5919966661481293
37,09:15,12,0.17162266023761152,0.0,0.34929663317133486
37,09:15,13,0.08488999183434395,0.0,0.17822156108218035
37,09:15,14,0.04684072363963202,0.0,0.12179095748349783
37,09:15,15,0.02791542422253305,0.0,0.07952352191603193
37,09:15,16,0.014312365067136944,0.0,0.04715489933527631
37,09:15,17,0.005365842252765989,0.0,0.024088728799302017
37,09:15,18,0.0013486300910932742,0.0,0.010924878830010087
37,09:15,19,0.00023176418304338852,0.0,0.0
37,09:15,20,0.00005380543813032174,0.0,0.0
37,09:15,21,0.00002378401469480089,0.0,0.0
37,09:15,22,9.76870622986703e-6,0.0,0.0
37,09:15,23,2.075912560443628e-6,0.0,0.0
38,09:30,0,0.0005982489465645406,0.0,0.004557320017179817
38,09:30,1,0.0012097901314442076,0.0,0.014078628060361281
38,09:30,2,0.0019575530378354864,0.0,0.024367915187074957
38,09:30,3,0.0031222086544075035,0.0,0.03306534007921616
38,09:30,4,0.005120588011644403,0.0,0.04298004604302755
38,09:30,5,0.009529813657653624,0.0,0.05704284817940822
38,09:30,6,0.019714515465305237,0.0,0.07928784649706089
38,09:30,7,0.04029489671082789,0.0,0.1253676350431831
38,09:30,8,0.07018258555858811,0.0,0.22150654859605767
38,09:30,9,0.10196384492569291,0.0,0.29276253516024175
38,09:30,10,0.12720653436443857,0.0138348603053009,0.20752522414158314
38,09:30,11,0.20395731323360922,0.07955884537449628,0.45362305187322916
38,09:30,12,0.2007122120243007,0.011751996754727045,0.494213115692795
38,09:30,13,0.10119248286160372,0.0,0.19911138295852676
38,09:30,14,0.05397549608020202,0.0,0.1347265663552496
38,09:30,15,0.03201558581459181,0.0,0.0900960789076648
38,09:30,16,0.017521841829611515,0.0,0.05600197807219112
38,09:30,17,0.007258131135135817,0.0,0.02974964795628976
38,09:30,18,0.001971127158739174,0.0,0.014317992240899025
38,09:30,19,0.00036182234559914114,0.0,0.0016772028084384716
38,09:30,20,0.00009463805937314449,0.0,0.0
38,09:30,21,0.00002719615213425191,0.0,0.0
38,09:30,22,9.681192303339776e-6,0.0,0.0
38,09:30,23,1.892648384845319e-6,0.0,0.0
39,09:45,0,0.0004697341455221724,0.0,0.002048384268299952
39,09:45,1,0.0010331218823675665,0.0,0.011401103136868346
39,09:45,2,0.0017593416385472279,0.0,0.02148268494481284
39,09:45,3,0.0027007708321203075,0.0,0.03118442787866267
39,09:45,4,0.004507311203952917,0.0,0.04069500379566837
39,09:45,5,0.008033277121208967,0.0,0.051521298781432356
39,09:45,6,0.01581839187469993,0.0,0.07451079257615688
39,09:45,7,0.033364030792664465,0.0,0.11067418720566752
39,09:45,8,0.06224908697449077,0.0,0.19964494178151654
39,09:45,9,0.09532441395059084,0.0,0.2866533275663225
39,09:45,10,0.11681793619822987,0.0,0.23134256196181213
39,09:45,11,0.1771767733289252,0.08404022366852368,0.3170769556581051
39,09:45,12,0.22801503020300892,0.03827274818869725,0.6245335030960415
39,09:45,13,0.12179030463170312,0.0,0.23998877908310734
39,09:45,14,0.06210170216004565,0.0,0.14645959462058455
39,09:45,15,0.035951663625502825,0.0,0.09964997868982284
39,09:45,16,0.020519405168479665,0.0,0.06284727835550766
39,09:45,17,0.008900326145661018,0.0,0.03545649263523121
39,09:45,18,0.0026780336906425477,0.0,0.016149446253674316
39,09:45,19,0.0005968202121359084,0.0,0.003925541267520483
39,09:45,20,0.0001429797760546215,0.0,0.0
39,09:45,21,0.000032289576768732365,0.0,0.0
39,09:45,22,0.000012571086644047282,0.0,0.0
39,09:45,23,4.683780024344719e-6,0.0,0.0
40,10:00,0,0.00035111637712810886,0.0,0.0
40,10:00,1,0.0008628182863509268,0.0,0.007604041059292632
40,10:00,2,0.0015426677306135622,0.0,0.017488997112427573
40,10:00,3,0.0024207111241996474,0.0,0.02823131892573058
40,10:00,4,0.0040041995347991615,0.0,0.037566154388859796
40,10:00,5,0.006897727614614824,0.0,0.049169862604024575
40,10:00,6,0.01314441481797192,0.0,0.06880374298117135
40,10:00,7,0.028295743244463482,0.0,0.10052982984173084
40,10:00,8,0.05440982066564334,0.0,0.17620903980389935
40,10:00,9,0.08667498989882454,0.0,0.2664478034674959
40,10:00,10,0.10940020213215707,0.0,0.2533977987451169
40,10:00,11,0.1503965387779962,0.08703786619498693,0.2258563385438761
40,10:00,12,0.24810566093306144,0.06349018954809621,0.7398367869374444
40,10:00,13,0.14112149195028387,0.0,0.2693503786406306
40,10:00,14,0.07174447212368189,0.0,0.15786321101437586
40,10:00,15,0.04068998792024359,0.0,0.10693146464405764
40,10:00,16,0.023808496059877844,0.0,0.06823722117495301
40,10:00,17,0.01128489919151329,0.0,0.04118700929801122
40,10:00,18,0.003720038429355534,0.0,0.017651855232233143
40,10:00,19,0.0008795546813814438,0.0,0.006091377811240001
40,10:00,20,0.00018314714312982162,0.0,0.0
40,10:00,21,0.000039374804897593034,0.0,0.0
40,10:00,22,0.000015144594510734424,0.0,0.0
40,10:00,23,6.7819633074960306e-6,0.0,0.0
41,10:15,0,0.00025084123190481254,0.0,0.0
41,10:15,1,0.000724488089730039,0.0,0.006535641248388846
41,10:15,2,0.001373609763923926,0.0,0.01623411574585576
41,10:15,3,0.0021919780653958704,0.0,0.0261587496922501
41,10:15,4,0.0035783297406557046,0.0,0.03476815948843881
41,10:15,5,0.005963177548885684,0.0,0.04631893598570283
41,10:15,6,0.011242974014541777,0.0,0.06416573942011092
41,10:15,7,0.02393472392827449,0.0,0.08923474208034121
41,10:15,8,0.04730008536756768,0.0,0.14195290023264923
41,10:15,9,0.07806660368971843,0.0,0.24504846578979114
41,10:15,10,0.10574822048368446,0.0,0.2746009195625413
41,10:15,11,0.138634433422063,0.07961068911418412,0.19597186945409617
41,10:15,12,0.2284761595897244,0.075860361491734,0.5919966661481293
41,10:15,13,0.17161029517960583,0.0,0.34929663317133486
41,10:15,14,0.08487762677633853,0.0,0.17822156108218035
41,10:15,15,0.046828358581627066,0.0,0.12179095748349783
41,10:15,16,0.027903059164527573,0.0,0.07952352191603193
41,10:15,17,0.014300000009131402,0.0,0.04715489933527631
41,10:15,18,0.005353477194760383,0.0,0.024001132471136485
41,10:15,19,0.0013362650330877033,0.0,0.010924878830010087
41,10:15,20,0.0002232798293282025,0.0,0.0
41,10:15,21,0.00005171039913504524,0.0,0.0
41,10:15,22,0.000022159102430837235,0.0,0.0
41,10:15,23,8.143793965903375e-6,0.0,0.0
42,10:30,0,0.00017454376299195853,0.0,0.0
42,10:30,1,0.0005900749164435207,0.0,0.004557320017179817
42,10:30,2,0.0012016161013231885,0.0,0.014078628060361281
42,10:30,3,0.0019493790077144565,0.0,0.024367915187074957
42,10:30,4,0.003114034624286477,0.0,0.03284050971720734
42,10:30,5,0.005112413981523393,0.0,0.042937679504520376
42,10:30,6,0.009521639627532597,0.0,0.05704284817940822
42,10:30,7,0.019706341435184332,0.0,0.07928784649706089
42,10:30,8,0.04028672268070669,0.0,0.1253676350431831
42,10:30,9,0.07017441152846722,0.0,0.22150654859605767
42,10:30,10,0.10195567089557214,0.0,0.29276253516024175
42,10:30,11,0.12719836033431706,0.0138348603053009,0.20752522414158314
42,10:30,12,0.20394913920348628,0.07944135224615204,0.45362305187322916
42,10:30,13,0.20070403799417852,0.011751996754727045,0.494213115692795
42,10:30,14,0.10118430883148309,0.0,0.19911138295852676
42,10:30,15,0.05396732205008089,0.0,0.1347265663552496
42,10:30,16,0.03200741178447115,0.0,0.0900960789076648
42,10:30,17,0.01751366779949035,0.0,0.05600197807219112
42,10:30,18,0.007249957105014772,0.0,0.02974964795628976
42,10:30,19,0.001962953128618133,0.0,0.014093161878890204
42,10:30,20,0.0003541990804787136,0.0,0.0016772028084384716
42,10:30,21,0.00008780787286904168,0.0,0.0
42,10:30,22,0.00002575060679264962,0.0,0.0
42,10:30,23,8.235646961737487e-6,0.0,0.0
43,10:45,0,0.0001239578675977732,0.0,0.0
43,10:45,1,0.00046416341241014067,0.0,0.002048384268299952
43,10:45,2,0.0010275511492555303,0.0,0.011401103136868346
43,10:45,3,0.0017537709054352073,0.0,0.02148268494481284
43,10:45,4,0.0026952000990082886,0.0,0.03102274151454952
43,10:45,5,0.004501740470840863,0.0,0.04069500379566837
43,10:45,6,0.00802770638809689,0.0,0.05148498057864226
43,10:45,7,0.0158128211415878,0.0,0.07451079257615688
43,10:45,8,0.03335846005955229,0.0,0.11067418720566752
43,10:45,9,0.062243516241378694,0.0,0.19964494178151654
43,10:45,10,0.09531884321747897,0.0,0.2866533275663225
43,10:45,11,0.11681236546511733,0.0,0.23134256196181213
43,10:45,12,0.1771712025958127,0.08400390546573358,0.3170769556581051
43,10:45,13,0.22800945946989534,0.03827274818869725,0.6245335030960415
43,10:45,14,0.12178473389859151,0.0,0.23998877908310734
43,10:45,15,0.062096131426933585,0.0,0.14645959462058455
43,10:45,16,0.035946092892390494,0.0,0.09964997868982284
43,10:45,17,0.020513834435367462,0.0,0.06284727835550766
43,10:45,18,0.008894755412549032,0.0,0.03545649263523121
43,10:45,19,0.0026724629575305132,0.0,0.015987759889561165
43,10:45,20,0.000591249479023878,0.0,0.003925541267520483
43,10:45,21,0.00013765419081142286,0.0,0.0
43,10:45,22,0.00003102265672393123,0.0,0.0
43,10:45,23,0.00001130416659924615,0.0,0.0
44,11:00,0,0.00008076671080653518,0.0,0.0
44,11:00,1,0.00034769700232451585,0.0,0.0
44,11:00,2,0.0008593989115473338,0.0,0.007604041059292632
44,11:00,3,0.0015392483558099796,0.0,0.017488997112427573
44,11:00,4,0.002417291749396052,0.0,0.02823131892573058
44,11:00,5,0.004000780159995559,0.0,0.037566154388859796
44,11:00,6,0.006894308239811247,0.0,0.049169862604024575
44,11:00,7,0.013140995443168291,0.0,0.06880374298117135
44,11:00,8,0.02829232386965981,0.0,0.10052982984173084
44,11:00,9,0.05440640129083973,0.0,0.17620903980389935
44,11:00,10,0.08667157052402093,0.0,0.2664478034674959
44,11:00,11,0.10939678275735346,0.0,0.2533977987451169
44,11:00,12,0.15039311940319092,0.08686110171231859,0.2258563385438761
44,11:00,13,0.24810224155825666,0.06349018954809621,0.7398367869374444
44,11:00,14,0.14111807257547906,0.0,0.2693503786406306
44,11:00,15,0.0717410527488784,0.0,0.15786321101437586
44,11:00,16,0.04068656854544004,0.0,0.10693146464405764
44,11:00,17,0.023805076685074433,0.0,0.06823722117495301
44,11:00,18,0.011281479816709794,0.0,0.04118700929801122
44,11:00,19,0.003716619054551965,0.0,0.017568631015113995
44,11:00,20,0.0008761353065778501,0.0,0.006091377811240001
44,11:00,21,0.00017972776832622864,0.0,0.0
44,11:00,22,0.00003828586658579961,0.0,0.0
44,11:00,23,0.000014055656198941002,0.0,0.0
45,11:15,0,0.000038582758964221376,0.0,0.0
45,11:15,1,0.00024947856738203597,0.0,0.0
45,11:15,2,0.0007231254252072632,0.0,0.006535641248388846
45,11:15,3,0.00137224709940115,0.0,0.01623411574585576
45,11:15,4,0.002190615400873094,0.0,0.0261587496922501
45,11:15,5,0.003576967076132928,0.0,0.03476815948843881
45,11:15,6,0.0059618148843629155,0.0,0.04631893598570283
45,11:15,7,0.011241611350019,0.0,0.06416573942011092
45,11:15,8,0.02393336126375176,0.0,0.08923474208034121
45,11:15,9,0.04729872270304505,0.0,0.14195290023264923
45,11:15,10,0.07806524102519567,0.0,0.24504846578979114
45,11:15,11,0.10574685781916171,0.0,0.2746009195625413
45,11:15,12,0.13863307075754033,0.07961068911418412,0.19597186945409617
45,11:15,13,0.228474796925202,0.075860361491734,0.5919966661481293
45,11:15,14,0.1716089325150827,0.0,0.34929663317133486
45,11:15,15,0.08487626411181577,0.0,0.17822156108218035
45,11:15,16,0.04682699591710424,0.0,0.12179095748349783
45,11:15,17,0.027901696500004812,0.0,0.07952352191603193
45,11:15,18,0.014298637344608641,0.0,0.04715489933527631
45,11:15,19,0.005352114530237614,0.0,0.02359601913335592
45,11:15,20,0.001334902368564929,0.0,0.010924878830010087
45,11:15,21,0.00022191716480542606,0.0,0.0
45,11:15,22,0.000050798894125038966,0.0,0.0
45,11:15,23,0.00002124759742083096,0.0,0.0
46,11:30,0,0.000025508642285311806,0.0,0.0
46,11:30,1,0.00017379201445282571,0.0,0.0
46,11:30,2,0.0005893231679043886,0.0,0.004557320017179817
46,11:30,3,0.0012008643527840566,0.0,0.014078628060361281
46,11:30,4,0.0019486272591753223,0.0,0.024367915187074957
46,11:30,5,0.003113282875747341,0.0,0.03284050971720734
46,11:30,6,0.005111662232984272,0.0,0.042937679504520376
46,11:30,7,0.009520887878993438,0.0,0.05704284817940822
46,11:30,8,0.019705589686645205,0.0,0.07928784649706089
46,11:30,9,0.04028597093216753,0.0,0.1253676350431831
46,11:30,10,0.07017365977992825,0.0,0.22150654859605767
46,11:30,11,0.1019549191470328,0.0,0.29276253516024175
46,11:30,12,0.12719760858577772,0.0138348603053009,0.20752522414158314
46,11:30,13,0.2039483874549467,0.07944135224615204,0.45362305187322916
46,11:30,14,0.2007032862456394,0.011751996754727045,0.494213115692795
46,11:30,15,0.10118355708294399,0.0,0.19911138295852676
46,11:30,16,0.05396657030154185,0.0,0.1347265663552496
46,11:30,17,0.032006660035931986,0.0,0.0900960789076648
46,11:30,18,0.01751291605095119,0.0,0.05600197807219112
46,11:30,19,0.007249205356475651,0.0,0.02974964795628976
46,11:30,20,0.0019622013800790028,0.0,0.014093161878890204
46,11:30,21,0.0003534473319395808,0.0,0.0016772028084384716
46,11:30,22,0.00008705612432990895,0.0,0.0
46,11:30,23,0.000025016079329993745,0.0,0.0
47,11:45,0,0.000024136211730854147,0.0,0.0
47,11:45,1,0.00012339995259205114,0.0,0.0
47,11:45,2,0.00046360549740441883,0.0,0.002048384268299952
47,11:45,3,0.0010269932342498078,0.0,0.011401103136868346
47,11:45,4,0.0017532129904294848,0.0,0.02148268494481284
47,11:45,5,0.002694642184002566,0.0,0.03102274151454952
47,11:45,6,0.00450118255583514,0.0,0.04069500379566837
47,11:45,7,0.008027148473091175,0.0,0.05148498057864226
47,11:45,8,0.01581226322658207,0.0,0.07451079257615688
47,11:45,9,0.03335790214454655,0.0,0.11067418720566752
47,11:45,10,0.06224295832637298,0.0,0.19964494178151654
47,11:45,11,0.09531828530247326,0.0,0.2866533275663225
47,11:45,12,0.11681180755011163,0.0,0.23134256196181213
47,11:45,13,0.17717064468080698,0.08400390546573358,0.3170769556581051
47,11:45,14,0.22800890155488962,0.03827274818869725,0.6245335030960415
47,11:45,15,0.12178417598358579,0.0,0.23998877908310734
47,11:45,16,0.06209557351192787,0.0,0.14645959462058455
47,11:45,17,0.03594553497738478,0.0,0.09964997868982284
47,11:45,18,0.02051327652036175,0.0,0.06284727835550766
47,11:45,19,0.008894197497543317,0.0,0.03545649263523121
47,11:45,20,0.002671905042524791,0.0,0.015987759889561165
47,11:45,21,0.000590691564018156,0.0,0.003925541267520483
47,11:45,22,0.00013709627580570078,0.0,0.0
47,11:45,23,0.000030464741718209162,0.0,0.0
48,12:00,0,0.00002245856817141456,0.0,0.0
48,12:00,1,0.00008038513223720668,0.0,0.0
48,12:00,2,0.0003473154237551873,0.0,0.0
48,12:00,3,0.0008590173329780051,0.0,0.007604041059292632
48,12:00,4,0.001538866777240652,0.0,0.017488997112427573
48,12:00,5,0.002416910170826724,0.0,0.02823131892573058
48,12:00,6,0.00400039858142623,0.0,0.037566154388859796
48,12:00,7,0.006893948625660867,0.0,0.049169862604024575
48,12:00,8,0.013140635829017918,0.0,0.06880374298117135
48,12:00,9,0.02829196425550944,0.0,0.10052982984173084
48,12:00,10,0.05440604167668935,0.0,0.17620903980389935
48,12:00,11,0.08667121090987055,0.0,0.2664478034674959
48,12:00,12,0.10939642314320307,0.0,0.2533977987451169
48,12:00,13,0.15039275978904057,0.08686110171231859,0.2258563385438761
48,12:00,14,0.24810188194410632,0.06349018954809621,0.7398367869374444
48,12:00,15,0.14111771296132866,0.0,0.2693503786406306
48,12:00,16,0.07174069313472804,0.0,0.15786321101437586
48,12:00,17,0.040686208931289665,0.0,0.10693146464405764
48,12:00,18,0.02380471707092406,0.0,0.06823722117495301
48,12:00,19,0.011281120202559405,0.0,0.04118700929801122
48,12:00,20,0.003716259440401581,0.0,0.017568631015113995
48,12:00,21,0.0008757756924274673,0.0,0.006091377811240001
48,12:00,22,0.00017936815417584614,0.0,0.0
48,12:00,23,0.000037926252435417136,0.0,0.0
49,12:15,0,0.00002005168303979655,0.0,0.0
49,12:15,1,0.00003837732868608916,0.0,0.0
49,12:15,2,0.0002492731371039037,0.0,0.0
49,12:15,3,0.0007229199949291308,0.0,0.006535641248388846
49,12:15,4,0.0013720416691230175,0.0,0.01623411574585576
49,12:15,5,0.0021904099705949615,0.0,0.0261587496922501
49,12:15,6,0.0035767616458547958,0.0,0.03476815948843881
49,12:15,7,0.005961957737071729,0.0,0.04631893598570283
49,12:15,8,0.011241754202727813,0.0,0.06416573942011092
49,12:15,9,0.02393350411646057,0.0,0.08923474208034121
49,12:15,10,0.04729886555575383,0.0,0.14195290023264923
49,12:15,11,0.07806538387790453,0.0,0.24504846578979114
49,12:15,12,0.10574700067187043,0.0,0.2746009195625413
49,12:15,13,0.1386332136102492,0.07961068911418412,0.19597186945409617
49,12:15,14,0.22847493977791083,0.075860361491734,0.5919966661481293
49,12:15,15,0.17160907536779152,0.0,0.34929663317133486
49,12:15,16,0.08487640696452461,0.0,0.17822156108218035
49,12:15,17,0.04682713876981309,0.0,0.12179095748349783
49,12:15,18,0.027901839352713623,0.0,0.07952352191603193
49,12:15,19,0.014298780197317456,0.0,0.04715489933527631
49,12:15,20,0.005352257382946427,0.0,0.023508637517073806
49,12:15,21,0.0013350452212737421,0.0,0.010924878830010087
49,12:15,22,0.0002220600175142394,0.0,0.0
49,12:15,23,0.0000509417468338523,0.0,0.0
50,12:30,0,0.000016380198940562855,0.0,0.0
50,12:30,1,0.00002547925921953813,0.0,0.0
50,12:30,2,0.00017376263138705204,0.0,0.0
50,12:30,3,0.0005892937848386146,0.0,0.004557320017179817
50,12:30,4,0.001200834969718283,0.0,0.014078628060361281
50,12:30,5,0.001948597876109548,0.0,0.024367915187074957
50,12:30,6,0.0031132534926815647,0.0,0.03284050971720734
50,12:30,7,0.005112180596442155,0.0,0.042937679504520376
50,12:30,8,0.009521406242451326,0.0,0.05704284817940822
50,12:30,9,0.019706108050103095,0.0,0.07928784649706089
50,12:30,10,0.040286489295625415,0.0,0.1253676350431831
50,12:30,11,0.07017417814338606,0.0,0.22150654859605767
50,12:30,12,0.10195543751049076,0.0,0.29276253516024175
50,12:30,13,0.12719812694923566,0.0138348603053009,0.20752522414158314
50,12:30,14,0.20394890581840472,0.07944135224615204,0.45362305187322916
50,12:30,15,0.20070380460909742,0.011751996754727045,0.494213115692795
50,12:30,16,0.10118407544640197,0.0,0.19911138295852676
50,12:30,17,0.05396708866499975,0.0,0.1347265663552496
50,12:30,18,0.03200717839938988,0.0,0.0900960789076648
50,12:30,19,0.017513434414409078,0.0,0.05600197807219112
50,12:30,20,0.007249723719933531,0.0,0.02974964795628976
50,12:30,21,0.0019627197435368882,0.0,0.014093161878890204
50,12:30,22,0.00035396569539746745,0.0,0.0016772028084384716
50,12:30,23,0.00008757448778779559,0.0,0.0
51,12:45,0,0.000015689049022483825,0.0,0.0
51,12:45,1,0.000024282861432096396,0.0,0.0
51,12:45,2,0.0001235466022932934,0.0,0.0
51,12:45,3,0.0004637521471056608,0.0,0.002048384268299952
51,12:45,4,0.0010271398839510504,0.0,0.011401103136868346
51,12:45,5,0.0017533596401307274,0.0,0.02148268494481284
51,12:45,6,0.0026947888337038087,0.0,0.03102274151454952
51,12:45,7,0.004501999955510922,0.0,0.04069500379566837
51,12:45,8,0.008027965872766954,0.0,0.05148498057864226
51,12:45,9,0.015813080626257855,0.0,0.07451079257615688
51,12:45,10,0.03335871954422233,0.0,0.11067418720566752
51,12:45,11,0.06224377572604873,0.0,0.19964494178151654
51,12:45,12,0.09531910270214895,0.0,0.2866533275663225
51,12:45,13,0.11681262494978731,0.0,0.23134256196181213
51,12:45,14,0.1771714620804829,0.08400390546573358,0.3170769556581051
51,12:45,15,0.2280097189545653,0.03827274818869725,0.6245335030960415
51,12:45,16,0.12178499338326164,0.0,0.23998877908310734
51,12:45,17,0.06209639091160362,0.0,0.14645959462058455
51,12:45,18,0.0359463523770606,0.0,0.09964997868982284
51,12:45,19,0.020514093920037536,0.0,0.06284727835550766
51,12:45,20,0.008895014897219103,0.0,0.03545649263523121
51,12:45,21,0.0026727224422005715,0.0,0.015987759889561165
51,12:45,22,0.0005915089636939363,0.0,0.003925541267520483
51,12:45,23,0.00013791367548148138,0.0,0.0
52,13:00,0,0.000014309444700726197,0.0,0.0
52,13:00,1,0.0000227813227660641,0.0,0.0
52,13:00,2,0.00008070788683185623,0.0,0.0
52,13:00,3,0.0003476381783498369,0.0,0.0
52,13:00,4,0.0008593400875726549,0.0,0.007604041059292632
52,13:00,5,0.0015393797022930891,0.0,0.017488997112427573
52,13:00,6,0.0024174230958791607,0.0,0.02823131892573058
52,13:00,7,0.004000911506478668,0.0,0.037566154388859796
52,13:00,8,0.0068952478140482925,0.0,0.049169862604024575
52,13:00,9,0.013141935017405343,0.0,0.06880374298117135
52,13:00,10,0.02829326344389685,0.0,0.10052982984173084
52,13:00,11,0.05440734086507683,0.0,0.17620903980389935
52,13:00,12,0.08667251009825797,0.0,0.2664478034674959
52,13:00,13,0.10939772233159044,0.0,0.2533977987451169
52,13:00,14,0.15039405897742789,0.08686110171231859,0.2258563385438761
52,13:00,15,0.2481031811324937,0.06349018954809621,0.7398367869374444
52,13:00,16,0.14111901214971612,0.0,0.2693503786406306
52,13:00,17,0.0717419923231154,0.0,0.15786321101437586
52,13:00,18,0.0406875081196771,0.0,0.10693146464405764
52,13:00,19,0.023806016259311464,0.0,0.06823722117495301
52,13:00,20,0.01128241939094683,0.0,0.04118700929801122
52,13:00,21,0.003717558628789006,0.0,0.017568631015113995
52,13:00,22,0.0008770748808148915,0.0,0.006091377811240001
52,13:00,23,0.00018066734256327,0.0,0.0
53,13:15,0,0.000012196553134821146,0.0,0.0
53,13:15,1,0.000020550701534605643,0.0,0.0
53,13:15,2,0.00003887634718089825,0.0,0.0
53,13:15,3,0.0002497721555987127,0.0,0.0
53,13:15,4,0.0007234190134239399,0.0,0.006535641248388846
53,13:15,5,0.0013729905566176057,0.0,0.01623411574585576
53,13:15,6,0.0021913588580895513,0.0,0.0261587496922501
53,13:15,7,0.003578106853927274,0.0,0.03476815948843881
53,13:15,8,0.005964051870612859,0.0,0.04631893598570283
53,13:15,9,0.011243848336268951,0.0,0.06416573942011092
53,13:15,10,0.02393559825000171,0.0,0.08923474208034121
53,13:15,11,0.047300959689294965,0.0,0.14195290023264923
53,13:15,12,0.0780674780114456,0.0,0.24504846578979114
53,13:15,13,0.10574909480541163,0.0,0.2746009195625413
53,13:15,14,0.13863530774379038,0.07961068911418412,0.19597186945409617
53,13:15,15,0.22847703391145163,0.075860361491734,0.5919966661481293
53,13:15,16,0.17161116950133276,0.0,0.34929663317133486
53,13:15,17,0.08487850109806569,0.0,0.17822156108218035
53,13:15,18,0.04682923290335422,0.0,0.12179095748349783
53,13:15,19,0.027903933486254764,0.0,0.07952352191603193
53,13:15,20,0.014300874330858594,0.0,0.04715489933527631
53,13:15,21,0.00535435151648756,0.0,0.02372650278521231
53,13:15,22,0.0013371393548148752,0.0,0.010924878830010087
53,13:15,23,0.00022415415105537327,0.0,0.0
54,13:30,0,8.815331465082427e-6,0.0,0.0
54,13:30,1,0.000017055727905233534,0.0,0.0
54,13:30,2,0.000026223692282767336,0.0,0.0
54,13:30,3,0.00017577772154175935,0.0,0.0
54,13:30,4,0.0005913088749933236,0.0,0.004557320017179817
54,13:30,5,0.0012035043235873752,0.0,0.014078628060361281
54,13:30,6,0.0019512672299786512,0.0,0.024367915187074957
54,13:30,7,0.0031159228465506717,0.0,0.03290919388431429
54,13:30,8,0.005116261905965733,0.0,0.042937679504520376
54,13:30,9,0.009525487551974902,0.0,0.05704284817940822
54,13:30,10,0.0197101893596267,0.0,0.07928784649706089
54,13:30,11,0.04029057060514896,0.0,0.1253676350431831
54,13:30,12,0.07017825945290967,0.0,0.22150654859605767
54,13:30,13,0.10195951882001422,0.0,0.29276253516024175
54,13:30,14,0.1272022082587592,0.0138348603053009,0.20752522414158314
54,13:30,15,0.20395298712792806,0.07944135224615204,0.45362305187322916
54,13:30,16,0.20070788591862077,0.011751996754727045,0.494213115692795
54,13:30,17,0.10118815675592535,0.0,0.19911138295852676
54,13:30,18,0.05397116997452329,0.0,0.1347265663552496
54,13:30,19,0.03201125970891348,0.0,0.0900960789076648
54,13:30,20,0.01751751572393295,0.0,0.05600197807219112
54,13:30,21,0.007253805029457174,0.0,0.030040431829348346
54,13:30,22,0.0019668010530605336,0.0,0.014161846045997156
54,13:30,23,0.00035804700492110054,0.0,0.0016772028084384716
55,13:45,0,8.411011933343634e-6,0.0,0.0
55,13:45,1,0.000016541423654155444,0.0,0.0
55,13:45,2,0.000025135236063768016,0.0,0.0
55,13:45,3,0.00012769065398249657,0.0,0.0
55,13:45,4,0.000467896198794865,0.0,0.002048384268299952
55,13:45,5,0.0010320749593462643,0.0,0.011401103136868346
55,13:45,6,0.0017582947155259242,0.0,0.02148268494481284
55,13:45,7,0.002699723909099006,0.0,0.03117260163600903
55,13:45,8,0.004508503886644426,0.0,0.04069500379566837
55,13:45,9,0.008034512583006123,0.0,0.05148498057864226
55,13:45,10,0.015819627336497034,0.0,0.07451079257615688
55,13:45,11,0.033365266254461616,0.0,0.11067418720566752
55,13:45,12,0.062250322436288016,0.0,0.19964494178151654
55,13:45,13,0.09532564941238757,0.0,0.2866533275663225
55,13:45,14,0.11681917166002721,0.0,0.23134256196181213
55,13:45,15,0.1771780087907231,0.08400390546573358,0.3170769556581051
55,13:45,16,0.228016265664805,0.03827274818869725,0.6245335030960415
55,13:45,17,0.12179154009350053,0.0,0.23998877908310734
55,13:45,18,0.06210293762184289,0.0,0.14645959462058455
55,13:45,19,0.03595289908730002,0.0,0.09964997868982284
55,13:45,20,0.020520640630276876,0.0,0.06284727835550766
55,13:45,21,0.008901561607458267,0.0,0.03545649263523121
55,13:45,22,0.0026792691524397108,0.0,0.016137620011020676
55,13:45,23,0.0005980556739330875,0.0,0.003925541267520483
56,14:00,0,7.3150914978001095e-6,0.0,0.0
56,14:00,1,0.00001533909028284784,0.0,0.0
56,14:00,2,0.000023810968348185746,0.0,0.0
56,14:00,3,0.00008657458328165219,0.0,0.0
56,14:00,4,0.0003535048747996329,0.0,0.0
56,14:00,5,0.000865206784022452,0.0,0.007604041059292632
56,14:00,6,0.0015463620313909794,0.0,0.017488997112427573
56,14:00,7,0.0024244054249770693,0.0,0.02823131892573058
56,14:00,8,0.004009547063258121,0.0,0.037566154388859796
56,14:00,9,0.006903987324420053,0.0,0.049169862604024575
56,14:00,10,0.013150674527777104,0.0,0.06880374298117135
56,14:00,11,0.028302002954268622,0.0,0.10052982984173084
56,14:00,12,0.054416080375448775,0.0,0.17620903980389935
56,14:00,13,0.08668124960862991,0.0,0.2664478034674959
56,14:00,14,0.10940646184196244,0.0,0.2533977987451169
56,14:00,15,0.1504027984878013,0.08705029268875591,0.2258563385438761
56,14:00,16,0.24811192064286666,0.06349018954809621,0.7398367869374444
56,14:00,17,0.14112775166008953,0.0,0.2693503786406306
56,14:00,18,0.07175073183348658,0.0,0.15786321101437586
56,14:00,19,0.04069624763004903,0.0,0.10693146464405764
56,14:00,20,0.02381475576968324,0.0,0.06823722117495301
56,14:00,21,0.01129115890131859,0.0,0.04118700929801122
56,14:00,22,0.003726298139160772,0.0,0.017784342916930873
56,14:00,23,0.0008858143911866632,0.0,0.006091377811240001
57,14:15,0,5.483011058935179e-6,0.0,0.0
57,14:15,1,0.000013403986907721634,0.0,0.0
57,14:15,2,0.00002175813530750613,0.0,0.0
57,14:15,3,0.000041194355573491785,0.0,0.0
57,14:15,4,0.00025695645561257894,0.0,0.0
57,14:15,5,0.0007306033134378084,0.0,0.006535641248388846
57,14:15,6,0.0013815938224323073,0.0,0.01623411574585576
57,14:15,7,0.0022000370942984343,0.0,0.026421792482589246
57,14:15,8,0.0035888812916005835,0.0,0.03476815948843881
57,14:15,9,0.005974826308286168,0.0,0.04631893598570283
57,14:15,10,0.01125473064799783,0.0,0.06416573942011092
57,14:15,11,0.023947125709612018,0.0,0.08923474208034121
57,14:15,12,0.04731248714890477,0.0,0.14195290023264923
57,14:15,13,0.0780790054710567,0.0,0.24504846578979114
57,14:15,14,0.10576062226502247,0.0,0.2746009195625413
57,14:15,15,0.13864683520340088,0.07961068911418412,0.19597186945409617
57,14:15,16,0.22848856137106052,0.075860361491734,0.5919966661481293
57,14:15,17,0.17162269696094332,0.0,0.34929663317133486
57,14:15,18,0.08489002855767545,0.0,0.17822156108218035
57,14:15,19,0.04684076036296398,0.0,0.12179095748349783
57,14:15,20,0.0279154609458648,0.0,0.07952352191603193
57,14:15,21,0.01431240179046866,0.0,0.04715489933527631
57,14:15,22,0.00536587897609768,0.0,0.024088728799302017
57,14:15,23,0.00134866681442497,0.0,0.010924878830010087
58,14:30,0,2.37999132466022e-6,0.0,0.0
58,14:30,1,0.000010201164930785649,0.0,0.0
58,14:30,2,0.000018441561370936754,0.0,0.0
58,14:30,3,0.00002889441890438467,0.0,0.0
58,14:30,4,0.0001857765066075938,0.0,0.0
58,14:30,5,0.0006017412883594108,0.0,0.004557320017179817
58,14:30,6,0.0012155982526861832,0.0,0.014078628060361281
58,14:30,7,0.0019636543746752253,0.0,0.024367915187074957
58,14:30,8,0.0031301035190415168,0.0,0.03329174715777902
58,14:30,9,0.005132015203646832,0.0,0.042937679504520376
58,14:30,10,0.009541435010852289,0.0,0.05704284817940822
58,14:30,11,0.019730079775471424,0.0,0.07928784649706089
58,14:30,12,0.040310532313726215,0.0,0.1253676350431831
58,14:30,13,0.07019822116148701,0.0,0.22150654859605767
58,14:30,14,0.10197948052859178,0.0,0.29276253516024175
58,14:30,15,0.12722216996733646,0.0138348603053009,0.20752522414158314
58,14:30,16,0.20397294883650602,0.0794785111920957,0.45362305187322916
58,14:30,17,0.2007278476271988,0.011751996754727045,0.494213115692795
58,14:30,18,0.1012081184645026,0.0,0.19911138295852676
58,14:30,19,0.05399113168310028,0.0,0.1347265663552496
58,14:30,20,0.03203122141749032,0.0,0.0900960789076648
58,14:30,21,0.017537477432509545,0.0,0.05600197807219112
58,14:30,22,0.007273766738034028,0.0,0.030266311829575954
58,14:30,23,0.0019867627616373664,0.0,0.014544399319461887
59,14:45,0,2.2515194636833145e-6,0.0,0.0
59,14:45,1,9.975953622939702e-6,0.0,0.0
59,14:45,2,0.000018106365343751514,0.0,0.0
59,14:45,3,0.000026700177753364086,0.0,0.0
59,14:45,4,0.00014074679000726414,0.0,0.0
59,14:45,5,0.00048297701144723915,0.0,0.002048384268299952
59,14:45,6,0.0010489854036550633,0.0,0.011401103136868346
59,14:45,7,0.001775666863382834,0.0,0.02148268494481284
59,14:45,8,0.0027192044109242935,0.0,0.03136297188219073
59,14:45,9,0.004531177018297082,0.0,0.04078852649993067
59,14:45,10,0.008057452366811444,0.0,0.05160686650328297
59,14:45,11,0.0158528836447838,0.0,0.07451079257615688
59,14:45,12,0.03340112792637712,0.0,0.11067418720566752
59,14:45,13,0.062286184108203836,0.0,0.19964494178151654
59,14:45,14,0.09536151108430435,0.0,0.2866533275663225
59,14:45,15,0.11685503333194196,0.0,0.23134256196181213
59,14:45,16,0.17721387046263992,0.0841257913903743,0.3170769556581051
59,14:45,17,0.22805212733672028,0.03827274818869725,0.6245335030960415
59,14:45,18,0.12182740176541683,0.0,0.23998877908310734
59,14:45,19,0.06213879929375799,0.0,0.14645959462058455
59,14:45,20,0.035988760759215636,0.0,0.09964997868982284
59,14:45,21,0.02055650230219252,0.0,0.06284727835550766
59,14:45,22,0.008937423279373805,0.0,0.03545649263523121
59,14:45,23,0.002715130824355354,0.0,0.016613827198437264
60,15:00,0,1.429340178310902e-6,0.0,0.0
60,15:00,1,9.05995023613456e-6,0.0,0.0
60,15:00,2,0.000017083949021182293,0.0,0.0
60,15:00,3,0.000025555827086520198,0.0,0.0
60,15:00,4,0.00010078994633451196,0.0,0.0
60,15:00,5,0.0003732227970939465,0.0,0.0
60,15:00,6,0.0008869124654397292,0.0,0.007604041059292632
60,15:00,7,0.0015688220504392633,0.0,0.017488997112427573
60,15:00,8,0.0024500023730802474,0.0,0.02823131892573058
60,15:00,9,0.004041827444004443,0.0,0.03785163946331639
60,15:00,10,0.0069384407279673484,0.0,0.04937780416790423
60,15:00,11,0.013196631198111812,0.0,0.06880374298117135
60,15:00,12,0.028356452201523125,0.0,0.10052982984173084
60,15:00,13,0.054471381724448445,0.0,0.17620903980389935
60,15:00,14,0.08673655095762949,0.0,0.2664478034674959
60,15:00,15,0.10946176319096122,0.0,0.2533977987451169
60,15:00,16,0.1504580998367995,0.08759505827804864,0.2258563385438761
60,15:00,17,0.24816722199186636,0.06349018954809621,0.7398367869374444
60,15:00,18,0.14118305300908734,0.0,0.2693503786406306
60,15:00,19,0.071806033182486,0.0,0.15786321101437586
60,15:00,20,0.040751548979048084,0.0,0.10693146464405764
60,15:00,21,0.02387005711868257,0.0,0.06823722117495301
60,15:00,22,0.011346460250318022,0.0,0.04118700929801122
60,15:00,23,0.0037815994881603017,0.0,0.018337522202509643
61,15:15,0,0.0,0.0,0.0
61,15:15,1,7.403010044083502e-6,0.0,0.0
61,15:15,2,0.000015323985892869956,0.0,0.0
61,15:15,3,0.000023678134292654453,0.0,0.0
61,15:15,4,0.00005159868850736735,0.0,0.0
61,15:15,5,0.00027888809339663914,0.0,0.0
61,15:15,6,0.0007540614336100899,0.0,0.006535641248388846
61,15:15,7,0.0014075872501159695,0.0,0.01623411574585576
61,15:15,8,0.002231761807710626,0.0,0.026743247495464223
61,15:15,9,0.0036286835862232593,0.0,0.03502679842905336
61,15:15,10,0.006020052352720324,0.0,0.04661682314613372
61,15:15,11,0.011311571532278682,0.0,0.06416573942011092
61,15:15,12,0.02403561289391962,0.0,0.08923474208034121
61,15:15,13,0.04740330880143581,0.0,0.14195290023264923
61,15:15,14,0.07816982712358761,0.0,0.24504846578979114
61,15:15,15,0.1058514439175536,0.0,0.2746009195625413
61,15:15,16,0.13873765685593056,0.07961068911418412,0.19597186945409617
61,15:15,17,0.22857938302358904,0.0761986178067744,0.5919966661481293
61,15:15,18,0.17171351861347417,0.0,0.34929663317133486
61,15:15,19,0.0849808502102054,0.0,0.17822156108218035
61,15:15,20,0.04693158201549509,0.0,0.12179095748349783
61,15:15,21,0.028006282598395722,0.0,0.0799570282685248
61,15:15,22,0.014403223442999283,0.0,0.047715317912777666
61,15:15,23,0.005456700628628412,0.0,0.024088728799302017
62,15:30,0,0.0,0.0,0.0
62,15:30,1,4.35867777655298e-6,0.0,0.0
62,15:30,2,0.000012179851382678409,0.0,0.0
62,15:30,3,0.000020420247822829516,0.0,0.0
62,15:30,4,0.00003363085917695584,0.0,0.0
62,15:30,5,0.00021200669918223274,0.0,0.0
62,15:30,6,0.0006299331946284776,0.0,0.004557320017179817
62,15:30,7,0.001246829760598756,0.0,0.014078628060361281
62,15:30,8,0.0019996452459975084,0.0,0.024367915187074957
62,15:30,9,0.003179190327048799,0.0,0.03392152873397963
62,15:30,10,0.005183755053873945,0.0,0.04329451747398633
62,15:30,11,0.009617370852168782,0.0,0.05704284817940822
62,15:30,12,0.019844999238054523,0.0,0.07928784649706089
62,15:30,13,0.04044973262178211,0.0,0.1253676350431831
62,15:30,14,0.07034057751286003,0.0,0.22150654859605767
62,15:30,15,0.10212183687996475,0.0,0.29276253516024175
62,15:30,16,0.12736452631871198,0.0138348603053009,0.20752522414158314
62,15:30,17,0.20411530518788149,0.0798775047817342,0.45362305187322916
62,15:30,18,0.20087020397857266,0.011751996754727045,0.494213115692795
62,15:30,19,0.10135047481587675,0.0,0.19911138295852676
62,15:30,20,0.05413348803447491,0.0,0.1347265663552496
62,15:30,21,0.032173577768864176,0.0,0.0900960789076648
62,15:30,22,0.017679833783883315,0.0,0.05665976651205268
62,15:30,23,0.007416123089408089,0.0,0.030537965250019283
63,15:45,0,0.0,0.0,0.0
63,15:45,1,4.419295957455715e-6,0.0,0.0
63,15:45,2,0.000012143730116712103,0.0,0.0
63,15:45,3,0.000020274141837523913,0.0,0.0
63,15:45,4,0.00003199025828819794,0.0,0.0
63,15:45,5,0.000166277405661884,0.0,0.0
63,15:45,6,0.0005169454039455205,0.0,0.002048384268299952
63,15:45,7,0.0010862735105549729,0.0,0.011401103136868346
63,15:45,8,0.001814202892381344,0.0,0.02148268494481284
63,15:45,9,0.002770223548974692,0.0,0.031861535639365196
63,15:45,10,0.004594167905968417,0.0,0.04089367358551653
63,15:45,11,0.00815267194032582,0.0,0.05210543026045744
63,15:45,12,0.015994756860190144,0.0,0.07451079257615688
63,15:45,13,0.03358381019326553,0.0,0.11067418720566752
63,15:45,14,0.06248960702707907,0.0,0.19964494178151654
63,15:45,15,0.09556493400317946,0.0,0.2866533275663225
63,15:45,16,0.11705845625081729,0.0,0.23134256196181213
63,15:45,17,0.1774172933815143,0.08462435514754876,0.3170769556581051
63,15:45,18,0.22825555025559757,0.03827274818869725,0.6245335030960415
63,15:45,19,0.12203082468429242,0.0,0.23998877908310734
63,15:45,20,0.06234222221263525,0.0,0.14684355103043717
63,15:45,21,0.03619218367809165,0.0,0.09988142985620416
63,15:45,22,0.02075992522106812,0.0,0.06355697371739832
63,15:45,23,0.009140846198249654,0.0,0.036490797400968306
64,16:00,0,0.0,0.0,0.0
64,16:00,1,3.7572493517166324e-6,0.0,0.0
64,16:00,2,0.00001138785940954029,0.0,0.0
64,16:00,3,0.000019411858194588023,0.0,0.0
64,16:00,4,0.000027883736259925928,0.0,0.0
64,16:00,5,0.00012877797108771545,0.0,0.0
64,16:00,6,0.0004126902753984935,0.0,0.0
64,16:00,7,0.0009306792340869405,0.0,0.007604041059292632
64,16:00,8,0.0016139922153789526,0.0,0.017488997112427573
64,16:00,9,0.0025100774779294433,0.0,0.02823131892573058
64,16:00,10,0.0041195838237019725,0.0,0.038816772210816905
64,16:00,11,0.007053342485379691,0.0,0.05001605497265556
64,16:00,12,0.013364489560547886,0.0,0.06880374298117135
64,16:00,13,0.028603055733396485,0.0,0.10052982984173084
64,16:00,14,0.05476624946081136,0.0,0.17620903980389935
64,16:00,15,0.08703142124009422,0.0,0.2664478034674959
64,16:00,16,0.10975663347342701,0.0,0.2533977987451169
64,16:00,17,0.1507529701192672,0.088520121692065,0.2258563385438761
64,16:00,18,0.24846209227432794,0.06349018954809621,0.7398367869374444
64,16:00,19,0.1414779232915498,0.0,0.2693503786406306
64,16:00,20,0.07210090346495254,0.0,0.1585934789746655
64,16:00,21,0.0410464192615135,0.0,0.10766173260434728
64,16:00,22,0.024164927401148433,0.0,0.06983982248810638
64,16:00,23,0.011641330532783808,0.0,0.04269165177428766
65,16:15,0,0.0,0.0,0.0
65,16:15,1,2.3264299751940623e-6,0.0,0.0
65,16:15,2,9.865993409973587e-6,0.0,0.0
65,16:15,3,0.00001778696925876004,0.0,0.0
65,16:15,4,0.000026141117658544538,0.0,0.0
65,16:15,5,0.00007722950709323913,0.0,0.0
65,16:15,6,0.00032180050244131584,0.0,0.0
65,16:15,7,0.0008047490745450379,0.0,0.006626702578681948
65,16:15,8,0.001459867959850508,0.0,0.01632517707614886
65,16:15,9,0.002300514578506511,0.0,0.026834308825757325
65,16:15,10,0.003716522965477613,0.0,0.036046827657984046
65,16:15,11,0.006163581119605197,0.0,0.047361884039080315
65,16:15,12,0.011478424186519155,0.0,0.06416573942011092
65,16:15,13,0.024374279406667032,0.0,0.08923474208034121
65,16:15,14,0.047824617887859154,0.0,0.14195290023264923
65,16:15,15,0.07861966317913258,0.0,0.24504846578979114
65,16:15,16,0.10630127997309773,0.0,0.2746009195625413
65,16:15,17,0.13918749291147756,0.07961068911418412,0.19597186945409617
65,16:15,18,0.2290292190791395,0.0769718797978031,0.5919966661481293
65,16:15,19,0.17216335466901606,0.0,0.34929663317133486
65,16:15,20,0.08543068626574855,0.0,0.18000300458516383
65,16:15,21,0.047381418071041397,0.0,0.12357240098648131
65,16:15,22,0.02845611865394098,0.0,0.08164926326609898
65,16:15,23,0.01485305949854437,0.0,0.050216750833635804
66,16:30,0,0.0,0.0,0.0
66,16:30,1,0.0,0.0,0.0
66,16:30,2,7.000782005252261e-6,0.0,0.0
66,16:30,3,0.00001482195561137769,0.0,0.0
66,16:30,4,0.000023062352051528795,0.0,0.0
66,16:30,5,0.00006162487952357163,0.0,0.0
66,16:30,6,0.0002586945328085295,0.0,0.0
66,16:30,7,0.0006868528853919281,0.0,0.004801865644532
66,16:30,8,0.0013080272997126614,0.0,0.014323173687713464
66,16:30,9,0.002081683645589204,0.0,0.02461246081442714
66,16:30,10,0.0032828729049562775,0.0,0.0347694261211936
66,16:30,11,0.005294145821599707,0.0,0.04411226880579405
66,16:30,12,0.00981633410872022,0.0,0.05704284817940822
66,16:30,13,0.02028546071395893,0.0,0.07953239212441307
66,16:30,14,0.04097138707042983,0.0,0.1253676350431831
66,16:30,15,0.0709768008322257,0.0,0.22150654859605767
66,16:30,16,0.10276208481086296,0.0,0.29276253516024175
66,16:30,17,0.12800477424960965,0.0138348603053009,0.20752522414158314
66,16:30,18,0.20475555311877827,0.08072540216894816,0.45362305187322916
66,16:30,19,0.20151045190947026,0.011751996754727045,0.494213115692795
66,16:30,20,0.10199072274677308,0.0,0.20195542495990693
66,16:30,21,0.05477373596537269,0.0,0.13757060835662976
66,16:30,22,0.03281382569976135,0.0,0.09280552540507667
66,16:30,23,0.018320081714780716,0.0,0.05990812255573791
67,16:45,0,0.0,0.0,0.0
67,16:45,1,0.0,0.0,0.0
67,16:45,2,7.277503257859322e-6,0.0,0.0
67,16:45,3,0.00001500193741711571,0.0,0.0
67,16:45,4,0.00002313234913792752,0.0,0.0
67,16:45,5,0.000046192309149220655,0.0,0.0
67,16:45,6,0.0002182552853329614,0.0,0.0
67,16:45,7,0.0005810012116841864,0.0,0.0024151830012243414
67,16:45,8,0.0011573920310306751,0.0,0.011767901869792735
67,16:45,9,0.0018875770202407328,0.0,0.02184948367773723
67,16:45,10,0.0028816244183892973,0.0,0.03282756166713474
67,16:45,11,0.00472500087475982,0.0,0.04223977804796032
67,16:45,12,0.008361135478721244,0.0,0.05307145628822699
67,16:45,13,0.01647262354920783,0.0,0.07487759130908127
67,16:45,14,0.034210159212096324,0.0,0.11067418720566752
67,16:45,15,0.063286886344904,0.0,0.19964494178151654
67,16:45,16,0.09637810285161255,0.0,0.2866533275663225
67,16:45,17,0.11787162509925081,0.0,0.23134256196181213
67,16:45,18,0.17823046222994926,0.08559038117531831,0.3170769556581051
67,16:45,19,0.22906871910403404,0.03827274818869725,0.6245335030960415
67,16:45,20,0.12284399353272747,0.0,0.24215606843159612
67,16:45,21,0.06315539106106839,0.0,0.1503907634097721
67,16:45,22,0.03700535252652462,0.0,0.1018588594801004
67,16:45,23,0.021573094069501666,0.0,0.06735939923301082
68,17:00,0,0.0,0.0,0.0
68,17:00,1,0.0,0.0,0.0
68,17:00,2,6.800480763254853e-6,0.0,0.0
68,17:00,3,0.000014431090821078512,0.0,0.0
68,17:00,4,0.000022455089606126244,0.0,0.0
68,17:00,5,0.000035627258927183,0.0,0.0
68,17:00,6,0.00017458390765432723,0.0,0.0
68,17:00,7,0.0004762766435224348,0.0,0.0
68,17:00,8,0.00101201014564308,0.0,0.008053399428129965
68,17:00,9,0.0016977733613208507,0.0,0.017938355481264906
68,17:00,10,0.0026340347774227277,0.0,0.028680677294567913
68,17:00,11,0.0042709081032901944,0.0,0.04028932129699632
68,17:00,12,0.007288983204183232,0.0,0.05118186140376345
68,17:00,13,0.01388093801907339,0.0,0.06925310135000869
68,17:00,14,0.02939759350720778,0.0,0.10052982984173084
68,17:00,15,0.055786329782726796,0.0,0.17620903980389935
68,17:00,16,0.08809491675278906,0.0,0.2664478034674959
68,17:00,17,0.11082012898612076,0.0,0.2533977987451169
68,17:00,18,0.1518164656319601,0.08987415892696521,0.2258563385438761
68,17:00,19,0.24952558778701958,0.06349018954809621,0.7398367869374444
68,17:00,20,0.14254141880424492,0.0,0.27263803476255305
68,17:00,21,0.07316439897764539,0.0,0.16265113401701306
68,17:00,22,0.04210991477420761,0.0,0.11171938764669484
68,17:00,23,0.02522842291384313,0.0,0.07422632249599881
69,17:15,0,0.0,0.0,0.0
69,17:15,1,0.0,0.0,0.0
69,17:15,2,5.521696730766392e-6,0.0,0.0
69,17:15,3,0.000013061260165545915,0.0,0.0
69,17:15,4,0.00002098223601433237,0.0,0.0
69,17:15,5,0.000029336384414116866,0.0,0.0
69,17:15,6,0.00011859582037818196,0.0,0.0
69,17:15,7,0.0003907027728729637,0.0,0.0
69,17:15,8,0.0008974552535090415,0.0,0.0073119053137865875
69,17:15,9,0.0015562799426023612,0.0,0.0170103798112535
69,17:15,10,0.00244287455880162,0.0,0.027519511560861964
69,17:15,11,0.0038840692540011807,0.0,0.037587940344562296
69,17:15,12,0.006439076571904159,0.0,0.04866578604935182
69,17:15,13,0.011995659506623773,0.0,0.06416573942011092
69,17:15,14,0.025362190661845932,0.0,0.08923474208034121
69,17:15,15,0.049126778809920044,0.0,0.14195290023264923
69,17:15,16,0.08001318598758553,0.0,0.24504846578979114
69,17:15,17,0.10769480278155108,0.0,0.2746009195625413
69,17:15,18,0.14058101571992923,0.07961068911418412,0.19597186945409617
69,17:15,19,0.230422741887589,0.0782520425027578,0.5919966661481293
69,17:15,20,0.1735568774774666,0.0,0.34929663317133486
69,17:15,21,0.08682420907420353,0.0,0.1854403760116371
69,17:15,22,0.04877494087949414,0.0,0.12900977241295458
69,17:15,23,0.02984964146239513,0.0,0.08706601718221174
70,17:30,0,0.0,0.0,0.0
70,17:30,1,0.0,0.0,0.0
70,17:30,2,2.858363985944648e-6,0.0,0.0
70,17:30,3,0.000010309529213473085,0.0,0.0
70,17:30,4,0.000018130702819598514,0.0,0.0
70,17:30,5,0.00002637109925974962,0.0,0.0
70,17:30,6,0.00010348121152318838,0.0,0.0
70,17:30,7,0.00033406020819916663,0.0,0.0
70,17:30,8,0.0007907874348899178,0.0,0.005670185874157935
70,17:30,9,0.0014177446942615158,0.0,0.0151914939173394
70,17:30,10,0.0022372048729331975,0.0,0.025480781044053075
70,17:30,11,0.0034677605450889122,0.0,0.03617969766811105
70,17:30,12,0.00559805176803,0.0,0.04552723038754586
70,17:30,13,0.01026256968004089,0.0,0.05704284817940822
70,17:30,14,0.021450306965378692,0.0,0.080400712354039
70,17:30,15,0.04254683295496465,0.0,0.1253676350431831
70,17:30,16,0.07270538610609532,0.0,0.22150654859605767
70,17:30,17,0.1045359412912463,0.0,0.29276253516024175
70,17:30,18,0.12977863072999185,0.0138348603053009,0.20752522414158314
70,17:30,19,0.2065294095991682,0.08213567371586561,0.45362305187322916
70,17:30,20,0.20328430838985437,0.011751996754727045,0.494213115692795
70,17:30,21,0.10376457922715761,0.0,0.20849387163474814
70,17:30,22,0.056547592445755385,0.0,0.14410905503147098
70,17:30,23,0.034587682180144505,0.0,0.09933940838614233
71,17:45,0,0.0,0.0,0.0
71,17:45,1,0.0,0.0,0.0
71,17:45,2,3.442552398310761e-6,0.0,0.0
71,17:45,3,0.00001080784687293742,0.0,0.0
71,17:45,4,0.000018532281032193808,0.0,0.0
71,17:45,5,0.00002666269275300562,0.0,0.0
71,17:45,6,0.00009171711013477735,0.0,0.0
71,17:45,7,0.0002983876235137231,0.0,0.0
71,17:45,8,0.0006902266150139507,0.0,0.0034320141954346794
71,17:45,9,0.0012796794199798664,0.0,0.012784733064003073
71,17:45,10,0.0020394343771404613,0.0,0.02286631487194757
71,17:45,11,0.0030894231650612828,0.0,0.03385655169642382
71,17:45,12,0.004978927950577289,0.0,0.04388274162932446
71,17:45,13,0.00882303423623141,0.0,0.05462348528152719
71,17:45,14,0.01772969382326716,0.0,0.0758944225032916
71,17:45,15,0.035922296296478785,0.0,0.11067418720566752
71,17:45,16,0.06536630015035229,0.0,0.19964494178151654
71,17:45,17,0.09853207248789952,0.0,0.2866533275663225
71,17:45,18,0.12002559473554103,0.0,0.23134256196181213
71,17:45,19,0.18038443186623537,0.08714241016861851,0.3170769556581051
71,17:45,20,0.2312226887403224,0.03827274818869725,0.6245335030960415
71,17:45,21,0.12499796316901852,0.0,0.2496232667947131
71,17:45,22,0.06530936069735715,0.0,0.1585318083442912
71,17:45,23,0.03915932216281346,0.0,0.10942598220141839
72,18:00,0,0.0,0.0,0.0
72,18:00,1,0.0,0.0,0.0
72,18:00,2,3.2731842559048307e-6,0.0,0.0
72,18:00,3,0.000010555021935460214,0.0,0.0
72,18:00,4,0.000018185631993283874,0.0,0.0
72,18:00,5,0.000026209630778331605,0.0,0.0
72,18:00,6,0.00006888732480295671,0.0,0.0
72,18:00,7,0.00025852727998722247,0.0,0.0
72,18:00,8,0.0005710699017297637,0.0,0.0012986416704044712
72,18:00,9,0.0011410479194219614,0.0,0.0092177408305755
72,18:00,10,0.0018451666373750294,0.0,0.01910269688371044
72,18:00,11,0.0028624337295781147,0.0,0.029845018697013448
72,18:00,12,0.004522173421993497,0.0,0.04168450465212378
72,18:00,13,0.0077184979202798544,0.0,0.052827671007760146
72,18:00,14,0.015164922826224255,0.0,0.07041744275245422
72,18:00,15,0.03131390446062474,0.0,0.10052982984173084
72,18:00,16,0.05823441259390721,0.0,0.17620903980389935
72,18:00,17,0.09069033115294961,0.0,0.2664478034674959
72,18:00,18,0.1134155433862819,0.0,0.2533977987451169
72,18:00,19,0.1544118800321223,0.0917831739694259,0.22664858243903313
72,18:00,20,0.2521210021871855,0.06349018954809621,0.7398367869374444
72,18:00,21,0.14513683320440485,0.0,0.2822042095431603
72,18:00,22,0.07575981337780312,0.0,0.1717792770392119
72,18:00,23,0.04470532917436809,0.0,0.12084753066889367
73,18:15,0,0.0,0.0,0.0
73,18:15,1,0.0,0.0,0.0
73,18:15,2,2.302600682934211e-6,0.0,0.0
73,18:15,3,9.503288917102198e-6,0.0,0.0
73,18:15,4,0.000017042852351881723,0.0,0.0
73,18:15,5,0.000024963828200668176,0.0,0.0
73,18:15,6,0.00004148823128543971,0.0,0.0
73,18:15,7,0.00019379900952690992,0.0,0.0
73,18:15,8,0.0004926796692482434,0.0,0.0012392994227899967
73,18:15,9,0.0010416310468867264,0.0,0.008758235999175301
73,18:15,10,0.0017224674098124282,0.0,0.018456710496642215
73,18:15,11,0.002686817656029518,0.0,0.028965842246250678
73,18:15,12,0.004165431645938618,0.0,0.03977888007322737
73,18:15,13,0.006901010810085612,0.0,0.0503678955447836
73,18:15,14,0.01332516036298886,0.0,0.06416573942011092
73,18:15,15,0.027522766903574147,0.0,0.08923474208034121
73,18:15,16,0.05207178181550949,0.0,0.14195290023264923
73,18:15,17,0.08314366871060441,0.0,0.24504846578979114
73,18:15,18,0.11082528550457199,0.0,0.2746009195625413
73,18:15,19,0.1437114984429478,0.07961068911418412,0.19597186945409617
73,18:15,20,0.23355322461061065,0.0782520425027578,0.5919966661481293
73,18:15,21,0.17668736020048953,0.0,0.34929663317133486
73,18:15,22,0.08995469179722326,0.0,0.1964526900917295
73,18:15,23,0.051905423602513115,0.0,0.14002208649304698
74,18:30,0,0.0,0.0,0.0
74,18:30,1,0.0,0.0,0.0
74,18:30,2,0.0,0.0,0.0
74,18:30,3,7.067678886430382e-6,0.0,0.0
74,18:30,4,0.000014518844113958818,0.0,0.0
74,18:30,5,0.000022340017720084246,0.0,0.0
74,18:30,6,0.0000317961301082263,0.0,0.0
74,18:30,7,0.00016585494476180395,0.0,0.0
74,18:30,8,0.000443780132462729,0.0,0.0005988951372728757
74,18:30,9,0.0009500983025722581,0.0,0.007337763062137653
74,18:30,10,0.0015987346478348874,0.0,0.016859071105319118
74,18:30,11,0.0024960049989077985,0.0,0.027148358232032793
74,18:30,12,0.0037789086124665073,0.0,0.03826285357831671
74,18:30,13,0.006108154108052921,0.0,0.04792609330961223
74,18:30,14,0.011548574221990966,0.0,0.05892798079851862
74,18:30,15,0.02388001828761689,0.0,0.08206828954201872
74,18:30,16,0.04596929082196262,0.0,0.1253676350431831
74,18:30,17,0.0763860537351133,0.0,0.22150654859605767
74,18:30,18,0.10822899842995373,0.0,0.29276253516024175
74,18:30,19,0.13347168786870295,0.0138348603053009,0.20752522414158314
74,18:30,20,0.21022246673788003,0.08421882962607127,0.45362305187322916
74,18:30,21,0.20697736552855744,0.011751996754727045,0.494213115692795
74,18:30,22,0.10745763636586703,0.0,0.221062368178631
74,18:30,23,0.06024064958446561,0.0,0.15667755157535385
75,18:45,0,0.0,0.0,0.0
75,18:45,1,0.0,0.0,0.0
75,18:45,2,8.430213916787929e-7,0.0,0.0
75,18:45,3,7.887937700753294e-6,0.0,0.0
75,18:45,4,0.000015253232175379951,0.0,0.0
75,18:45,5,0.00002297766633463634,0.0,0.0
75,18:45,6,0.00003345508782810819,0.0,0.0
75,18:45,7,0.00015404107954642104,0.0,0.0
75,18:45,8,0.0004158441918824608,0.0,0.0
75,18:45,9,0.000863607101523796,0.0,0.005613751754250551
75,18:45,10,0.0014760160040994705,0.0,0.014635132326432515
75,18:45,11,0.0023132192791741548,0.0,0.02471671413437701
75,18:45,12,0.003425251879417953,0.0,0.03570695095885326
75,18:45,13,0.0055327947360580545,0.0,0.04617848347731368
75,18:45,14,0.009879247774467423,0.0,0.056919227129516414
75,18:45,15,0.020338559205379178,0.0,0.07774482176572105
75,18:45,16,0.03970579368294204,0.0,0.11067418720566752
75,18:45,17,0.0695357611215056,0.0,0.19964494178151654
75,18:45,18,0.1028331001739316,0.0,0.2866533275663225
75,18:45,19,0.12432685625877621,0.0,0.23134256196181213
75,18:45,20,0.18468569338946983,0.08943815201660774,0.3170769556581051
75,18:45,21,0.23552395026355966,0.03827274818869725,0.6245335030960415
75,18:45,22,0.12929922469224872,0.0,0.25433305587954796
75,18:45,23,0.06961062222058793,0.0,0.17249708239598233
76,19:00,0,0.0,0.0,0.0
76,19:00,1,0.0,0.0,0.0
76,19:00,2,9.858395155177487e-7,0.0,0.0
76,19:00,3,7.955950092786101e-6,0.0,0.0
76,19:00,4,0.000015237787772341485,0.0,0.0
76,19:00,5,0.000022868397830165145,0.0,0.0
76,19:00,6,0.00003131642697708479,0.0,0.0
76,19:00,7,0.00013511127701078645,0.0,0.0
76,19:00,8,0.0003837502918980332,0.0,0.0
76,19:00,9,0.0007561067150675569,0.0,0.005582039812549899
76,19:00,10,0.00133698023314245,0.0,0.012265297491794475
76,19:00,11,0.0021390033632524047,0.0,0.021059749022624558
76,19:00,12,0.0032231268716184963,0.0,0.031802070835927565
76,19:00,13,0.005024480786332595,0.0,0.0436415567910379
76,19:00,14,0.008641455805192409,0.0,0.054675455709447096
76,19:00,15,0.018024144416571995,0.0,0.07054297965812206
76,19:00,16,0.03539473268869583,0.0,0.10052982984173084
76,19:00,17,0.06296803230462665,0.0,0.17620903980389935
76,19:00,18,0.0956711406440549,0.0,0.2664478034674959
76,19:00,19,0.11849124298879128,0.0,0.2533977987451169
76,19:00,20,0.1594875796346326,0.09406955190487598,0.23197563869872434
76,19:00,21,0.25719670178970017,0.06349018954809621,0.7398367869374444
76,19:00,22,0.15021253280692148,0.0,0.2887002984332886
76,19:00,23,0.08083551298031633,0.0,0.18761831430299256
77,19:15,0,0.0,0.0,0.0
77,19:15,1,0.0,0.0,0.0
77,19:15,2,3.2964274044691017e-7,0.0,0.0
77,19:15,3,7.226887602850271e-6,0.0,0.0
77,19:15,4,0.000014427575837018259,0.0,0.0
77,19:15,5,0.000021967139271797784,0.0,0.0
77,19:15,6,0.000029888115120584238,0.0,0.0
77,19:15,7,0.00009863224025758228,0.0,0.0
77,19:15,8,0.0003187237151704572,0.0,0.0
77,19:15,9,0.0006836020106454989,0.0,0.005835323493412703
77,19:15,10,0.0012579040678845357,0.0,0.012426742951925973
77,19:15,11,0.0020260631565279423,0.0,0.020747885486728207
77,19:15,12,0.0030747633865837597,0.0,0.03125701723633667
77,19:15,13,0.0047582517737222,0.0,0.042654650845629874
77,19:15,14,0.007904439299730809,0.0,0.05261759585559303
77,19:15,15,0.016318357997402905,0.0,0.06505219487269427
77,19:15,16,0.032108050184724596,0.0,0.08923474208034121
77,19:15,17,0.057545636699744364,0.0,0.14195290023264923
77,19:15,18,0.0888050737686894,0.0,0.24504846578979114
77,19:15,19,0.11686897066201134,0.0,0.2746009195625413
77,19:15,20,0.14977422759921447,0.07961068911418412,0.19861194728286738
77,19:15,21,0.239615953766874,0.0782520425027578,0.5919966661481293
77,19:15,22,0.18275008935675272,0.0,0.34929663317133486
77,19:15,23,0.09601742095348943,0.0,0.21444338898977627
78,19:30,0,0.0,0.0,0.0
78,19:30,1,0.0,0.0,0.0
78,19:30,2,0.0,0.0,0.0
78,19:30,3,5.037447666673356e-6,0.0,0.0
78,19:30,4,0.000012159193562003782,0.0,0.0
78,19:30,5,0.00001961035878953222,0.0,0.0
78,19:30,6,0.000027431532395657645,0.0,0.0
78,19:30,7,0.00009808384948382415,0.0,0.0
78,19:30,8,0.0002850615808240101,0.0,0.0
78,19:30,9,0.0006232932376907405,0.0,0.005476287573580985
78,19:30,10,0.001187119629148818,0.0,0.011979173157977169
78,19:30,11,0.0019029385322721646,0.0,0.01948858785294491
78,19:30,12,0.0029131957895620728,0.0,0.029777874979658586
78,19:30,13,0.0044298650909409985,0.0,0.04103233793703104
78,19:30,14,0.007298153970375916,0.0,0.050887758079135925
78,19:30,15,0.014759545882976378,0.0,0.061876901466442716
78,19:30,16,0.028858658633539352,0.0,0.08469780628964452
78,19:30,17,0.052157489832292715,0.0,0.1253676350431831
78,19:30,18,0.08279599803026348,0.0,0.22150654859605767
78,19:30,19,0.11524865737645444,0.0,0.29276253516024175
78,19:30,20,0.14078382375138754,0.0138348603053009,0.20752522414158314
78,19:30,21,0.21753460262056348,0.08706670116348103,0.45362305187322916
78,19:30,22,0.2142895014112504,0.011751996754727045,0.494213115692795
78,19:30,23,0.11476977224855428,0.0,0.24129745530783142
79,19:45,0,0.0,0.0,0.0
79,19:45,1,0.0,0.0,0.0
79,19:45,2,0.0,0.0,0.0
79,19:45,3,6.241040452716208e-6,0.0,0.0
79,19:45,4,0.000013285956761790708,0.0,0.0
79,19:45,5,0.000020651251236417368,0.0,0.0
79,19:45,6,0.000028375685395673754,0.0,0.0
79,19:45,7,0.00009770101082333944,0.0,0.0
79,19:45,8,0.0002739144493870437,0.0,0.0
79,19:45,9,0.0005834037424820909,0.0,0.004366428096121783
79,19:45,10,0.0011196806943130635,0.0,0.010783894923481113
79,19:45,11,0.0017909228605163662,0.0,0.017570316033543504
79,19:45,12,0.0027574390825935683,0.0,0.027651897841488
79,19:45,13,0.004103574648211983,0.0,0.03864213466596425
79,19:45,14,0.0068022882071165315,0.0,0.049360867604721276
79,19:45,15,0.013204427111023275,0.0,0.059984477664937585
79,19:45,16,0.025634238038757765,0.0,0.07962842926896022
79,19:45,17,0.04657984063843918,0.0,0.11105900891819384
79,19:45,18,0.07675467452749847,0.0,0.19964494178151654
79,19:45,19,0.1108110070870486,0.0,0.2866533275663225
79,19:45,20,0.13320934157686964,0.0,0.23134256196181213
79,19:45,21,0.19358573473807072,0.09250340255202891,0.3170769556581051
79,19:45,22,0.24442399161216138,0.03827274818869725,0.6245335030960415
79,19:45,23,0.1381992660408488,0.0,0.28017501120164956
80,20:00,0,0.0,0.0,0.0
80,20:00,1,0.0,0.0,0.0
80,20:00,2,0.0,0.0,0.0
80,20:00,3,6.662764709897434e-6,0.0,0.0
80,20:00,4,0.000013632875287165787,0.0,0.0
80,20:00,5,0.00002091471296672117,0.0,0.0
80,20:00,6,0.000028545323024544828,0.0,0.0
80,20:00,7,0.00008569572890797098,0.0,0.0
80,20:00,8,0.0002584957229701088,0.0,0.0
80,20:00,9,0.0005632506262176959,0.0,0.004759854069507491
80,20:00,10,0.0010268252490672751,0.0,0.011094842723070542
80,20:00,11,0.0016588458085639499,0.0,0.017778100402315117
80,20:00,12,0.002617643663841185,0.0,0.024866150676865456
80,20:00,13,0.0038423552201107126,0.0,0.03488049677251903
80,20:00,14,0.006326485626868197,0.0,0.04671998272762937
80,20:00,15,0.012166946563612054,0.0,0.05786539834795057
80,20:00,16,0.023828894447561796,0.0,0.07290622850996728
80,20:00,17,0.042987387359056654,0.0,0.10110313724362727
80,20:00,18,0.07111181014659461,0.0,0.17620903980389935
80,20:00,19,0.10459491637108059,0.0,0.2664478034674959
80,20:00,20,0.1292702533426603,0.0,0.2533977987451169
80,20:00,21,0.17038545437318134,0.09406955190487598,0.240122435677963
80,20:00,22,0.26809457652825075,0.06349018954809621,0.7398367869374444
80,20:00,23,0.1611104075454696,0.0,0.3138386609716206
81,20:15,0,0.0,0.0,0.0
81,20:15,1,0.0,0.0,0.0
81,20:15,2,0.0,0.0,0.0
81,20:15,3,6.253813079066598e-6,0.0,0.0
81,20:15,4,0.000013151057941469958,0.0,0.0
81,20:15,5,0.000020351746175637946,0.0,0.0
81,20:15,6,0.00002789130961041747,0.0,0.0
81,20:15,7,0.000056236929597340065,0.0,0.0
81,20:15,8,0.00021542164947374349,0.0,0.0
81,20:15,9,0.0005168726648207457,0.0,0.00450259913392409
81,20:15,10,0.0009800711538186316,0.0,0.011615606405619538
81,20:15,11,0.0016072584625864944,0.0,0.018293865186518377
81,20:15,12,0.002537656462625252,0.0,0.02527461197023459
81,20:15,13,0.0038094257764125063,0.0,0.03472021152284349
81,20:15,14,0.006229359203730683,0.0,0.04625704602807601
81,20:15,15,0.011743846558318682,0.0,0.05633037057568813
81,20:15,16,0.022902941191707347,0.0,0.06864431492491414
81,20:15,17,0.04075910192477774,0.0,0.09174557743003044
81,20:15,18,0.06671652011961926,0.0,0.14195290023264923
81,20:15,19,0.09866160114880691,0.0,0.24504846578979114
81,20:15,20,0.13005702610888395,0.0,0.2746009195625413
81,20:15,21,0.16322324995528342,0.07961068911418412,0.2160678574387166
81,20:15,22,0.25339081358642124,0.08161290594652602,0.5919966661481293
81,20:15,23,0.19652494917630275,0.0,0.37904149673432064
82,20:30,0,0.0,0.0,0.0
82,20:30,1,0.0,0.0,0.0
82,20:30,2,0.0,0.0,0.0
82,20:30,3,4.405301221409696e-6,0.0,0.0
82,20:30,4,0.00001123154124802265,0.0,0.0
82,20:30,5,0.000018353287143353076,0.0,0.0
82,20:30,6,0.000025804452370881513,0.0,0.0
82,20:30,7,0.00006280988934241945,0.0,0.0
82,20:30,8,0.00020559529324068067,0.0,0.0
82,20:30,9,0.0004984863514231037,0.0,0.005426471055887533
82,20:30,10,0.0009407412599869751,0.0,0.011711487201165188
82,20:30,11,0.0015481723936292427,0.0,0.018214372785561372
82,20:30,12,0.0024393673310163346,0.0,0.02509206028949834
82,20:30,13,0.0038358428804273386,0.0,0.03356149660218566
82,20:30,14,0.006239473922183449,0.0,0.04481595955955811
82,20:30,15,0.011494933316768588,0.0,0.05475041005017103
82,20:30,16,0.02216747970407003,0.0,0.06587152819727268
82,20:30,17,0.038511789781459256,0.0,0.08848142791217159
82,20:30,18,0.0624283726076701,0.0,0.12704383802133223
82,20:30,19,0.09356674768392424,0.0,0.22150654859605767
82,20:30,20,0.1304836651444682,0.0,0.29276253516024175
82,20:30,21,0.1580251464578883,0.02661118434819243,0.20873169439917033
82,20:30,22,0.23536834130492104,0.09092935313451614,0.4663993759161207
82,20:30,23,0.23212324009560273,0.011751996754727045,0.5069894397356866
83,20:45,0,0.0,0.0,0.0
83,20:45,1,0.0,0.0,0.0
83,20:45,2,0.0,0.0,0.0
83,20:45,3,5.971722753861333e-6,0.0,0.0
83,20:45,4,0.000012728744055349559,0.0,0.0
83,20:45,5,0.000019773660364424058,0.0,0.0
83,20:45,6,0.00002713895483905072,0.0,0.0
83,20:45,7,0.00006964155237616149,0.0,0.0
83,20:45,8,0.00021173848303516303,0.0,0.0
83,20:45,9,0.0005010009065451531,0.0,0.004882508868571195
83,20:45,10,0.0009061181295515342,0.0,0.010986152733201554
83,20:45,11,0.0014954753757961924,0.0,0.017403619560560885
83,20:45,12,0.002353382702417425,0.0,0.02418222535298767
83,20:45,13,0.003840366414312362,0.0,0.031751179407544905
83,20:45,14,0.006101593165964528,0.0,0.04274141623202116
83,20:45,15,0.011469452216551665,0.0,0.05364956323277337
83,20:45,16,0.021401300559223162,0.0,0.06431961418071588
83,20:45,17,0.036331720568006085,0.0,0.08406288176871174
83,20:45,18,0.05812599200732868,0.0,0.11477834635683298
83,20:45,19,0.08863940230975603,0.0,0.19964494178151654
83,20:45,20,0.12748002026757618,0.0,0.2866533275663225
83,20:45,21,0.1541160529591661,0.0,0.23134256196181213
83,20:45,22,0.2180264362131461,0.09664217567927758,0.3684204650897021
83,20:45,23,0.2688646930872402,0.03827274818869725,0.6765909191165806
84,21:00,0,0.0,0.0,0.0
84,21:00,1,0.0,0.0,0.0
84,21:00,2,3.1327282385389817e-7,0.0,0.0
84,21:00,3,6.74864504034503e-6,0.0,0.0
84,21:00,4,0.000013438163025988277,0.0,0.0
84,21:00,5,0.00002040827360325663,0.0,0.0
84,21:00,6,0.000027690111282812013,0.0,0.0
84,21:00,7,0.00006543987108734931,0.0,0.0
84,21:00,8,0.00021138267317138862,0.0,0.0
84,21:00,9,0.0005014502139762451,0.0,0.0047177322307623
84,21:00,10,0.0008484519405496141,0.0,0.011575453463356256
84,21:00,11,0.0014303616318412896,0.0,0.01811908753769112
84,21:00,12,0.0022868176836307627,0.0,0.024802345216935695
84,21:00,13,0.0038135288978098673,0.0,0.031890395491486034
84,21:00,14,0.006020121376368992,0.0,0.03963850384091347
84,21:00,15,0.011656528532898811,0.0,0.05121772211599088
84,21:00,16,0.02125906873759625,0.0,0.06285000051239403
84,21:00,17,0.03553858545312269,0.0,0.07847003080715506
84,21:00,18,0.05573350680194319,0.0,0.10673703796164116
84,21:00,19,0.08440987390908289,0.0,0.17620903980389935
84,21:00,20,0.12269399895269745,0.0,0.2664478034674959
84,21:00,21,0.15207149749020527,0.0,0.2533977987451169
84,21:00,22,0.20184083260658667,0.10580820070853499,0.30500173794831953
84,21:00,23,0.2995499547616543,0.06349018954809621,0.8055722255924602
85,21:15,0,0.0,0.0,0.0
85,21:15,1,0.0,0.0,0.0
85,21:15,2,3.4151362700009235e-7,0.0,0.0
85,21:15,3,6.717023191651614e-6,0.0,0.0
85,21:15,4,0.00001334068635897924,0.0,0.0
85,21:15,5,0.0000202379312213826,0.0,0.0
85,21:15,6,0.00002743861945555059,0.0,0.0
85,21:15,7,0.000046057203635904325,0.0,0.0
85,21:15,8,0.00019145308151368077,0.0,0.0
85,21:15,9,0.00046885036289979066,0.0,0.0031286702606446726
85,21:15,10,0.000830089438822672,0.0,0.009907011882774541
85,21:15,11,0.0014174977347759662,0.0,0.01702001915446999
85,21:15,12,0.002302060915836126,0.0,0.024520404742398832
85,21:15,13,0.003981599155655957,0.0,0.03247621394187228
85,21:15,14,0.006562917419718491,0.0,0.04008937617932076
85,21:15,15,0.012334790912246587,0.0,0.051160160351662404
85,21:15,16,0.02180315895880201,0.0,0.0618164098749899
85,21:15,17,0.03562873952750283,0.0,0.074703561318165
85,21:15,18,0.05436541013576343,0.0,0.09794530047498912
85,21:15,19,0.08111187217022979,0.0,0.14834183228691017
85,21:15,20,0.11889801409375164,0.0,0.24504846578979114
85,21:15,21,0.15681102591908766,0.0,0.2746009195625413
85,21:15,22,0.20640605119558952,0.11317151907761311,0.302768537345794
85,21:15,23,0.29677233600030795,0.08651602027011242,0.7390498873291951
86,21:30,0,0.0,0.0,0.0
86,21:30,1,0.0,0.0,0.0
86,21:30,2,0.0,0.0,0.0
86,21:30,3,5.273522794250862e-6,0.0,0.0
86,21:30,4,0.000011832916263931528,0.0,0.0
86,21:30,5,0.00001865915629054448,0.0,0.0
86,21:30,6,0.000025780902185874907,0.0,0.0
86,21:30,7,0.00006160607903133424,0.0,0.0
86,21:30,8,0.00020185533060233893,0.0,0.0
86,21:30,9,0.0004668346143032744,0.0,0.004466153791921085
86,21:30,10,0.000822013445970371,0.0,0.010855893034420638
86,21:30,11,0.0014083907356489329,0.0,0.017606250883530628
86,21:30,12,0.0023372045346152703,0.0,0.02477732995605761
86,21:30,13,0.004117503561317176,0.0,0.032447441270450184
86,21:30,14,0.0071435542789358595,0.0,0.04020384643443342
86,21:30,15,0.013011650446978355,0.0,0.0499824492724448
86,21:30,16,0.022304377579172942,0.0,0.05985795936128638
86,21:30,17,0.03567959467758353,0.0,0.0708806003829559
86,21:30,18,0.05297741203417334,0.0,0.09379788647151152
86,21:30,19,0.07798574192806254,0.0,0.13471254995382775
86,21:30,20,0.11635672526465193,0.0,0.2234652147218455
86,21:30,21,0.16222554163574743,0.010389875617357491,0.2947212012860296
86,21:30,22,0.21109686192560181,0.12173191944894396,0.3054342711159602
86,21:30,23,0.2917415854300614,0.09593842532019936,0.6885566640428981
87,21:45,0,0.0,0.0,0.0
87,21:45,1,0.0,0.0,0.0
87,21:45,2,9.362004206472027e-7,0.0,0.0
87,21:45,3,7.19602345007124e-6,0.0,0.0
87,21:45,4,0.000013692672266553859,0.0,0.0
87,21:45,5,0.000020449693568042083,0.0,0.0
87,21:45,6,0.000027494609877116583,0.0,0.0
87,21:45,7,0.00007791981373756145,0.0,0.0
87,21:45,8,0.0002173018440869481,0.0,0.0
87,21:45,9,0.00048729266594117114,0.0,0.004770675812256209
87,21:45,10,0.0008205518635997315,0.0,0.011247063549537528
87,21:45,11,0.0014019518974007104,0.0,0.01790220707959786
87,21:45,12,0.0024499266754239067,0.0,0.024961591587010085
87,21:45,13,0.004294132236447169,0.0,0.032482297045659636
87,21:45,14,0.0076990058154630826,0.0,0.039682187104730454
87,21:45,15,0.01383590701584981,0.0,0.0484804169273815
87,21:45,16,0.0230385415640348,0.0,0.059155152706834774
87,21:45,17,0.036132005339481174,0.0,0.0694400304229374
87,21:45,18,0.052190459027313944,0.0,0.09051828773424929
87,21:45,19,0.07547750213815388,0.0,0.12576413936828562
87,21:45,20,0.11441777025369451,0.0,0.2060237331462994
87,21:45,21,0.1644676135876123,0.029713453570714865,0.29303211893110537
87,21:45,22,0.2156843627801804,0.13094780450968208,0.30932022693815314
87,21:45,23,0.2872379862820021,0.10195895531002871,0.6605309194493839
88,22:00,0,0.0,0.0,0.0
88,22:00,1,0.0,0.0,0.0
88,22:00,2,2.141409379415017e-6,0.0,0.0
88,22:00,3,8.345313163847817e-6,0.0,0.0
88,22:00,4,0.00001478068538033895,0.0,0.0
88,22:00,5,0.000021470203365982196,0.0,0.0
88,22:00,6,0.000029425435725512448,0.0,0.0
88,22:00,7,0.0000827291760514382,0.0,0.0
88,22:00,8,0.00023006552793767798,0.0,0.0
88,22:00,9,0.0005062202293478821,0.0,0.004636411993314105
88,22:00,10,0.0008181169059602389,0.0,0.011191668860121184
88,22:00,11,0.0013837620368233328,0.0,0.01804939009271514
88,22:00,12,0.0025723148785543127,0.0,0.025253792012438547
88,22:00,13,0.0045755013833872725,0.0,0.03276546681270959
88,22:00,14,0.008239818927385397,0.0,0.040656464367475026
88,22:00,15,0.01474016028683333,0.0,0.048222464555522204
88,22:00,16,0.023963299061681292,0.0,0.05769024481723131
88,22:00,17,0.036719199366758125,0.0,0.06903558641674076
88,22:00,18,0.05203194582694794,0.0,0.08604453781296763
88,22:00,19,0.07476479909038357,0.0,0.12005951541699725
88,22:00,20,0.11222619549647911,0.0,0.18279574660946754
88,22:00,21,0.16369314154071904,0.04498907288691223,0.2791458413771152
88,22:00,22,0.2196582287460027,0.1385347581268957,0.31322243699773966
88,22:00,23,0.2837183384717427,0.11311645430319796,0.6409436575955119
89,22:15,0,0.0,0.0,0.0
89,22:15,1,0.0,0.0,0.0
89,22:15,2,2.576974316812794e-6,0.0,0.0
89,22:15,3,8.726181779325729e-6,0.0,0.0
89,22:15,4,0.00001510169134397725,0.0,0.0
89,22:15,5,0.000021725354511304877,0.0,0.0
89,22:15,6,0.000031129501487817215,0.0,0.0
89,22:15,7,0.00007036915781638026,0.0,0.0
89,22:15,8,0.00022211068922761983,0.0,0.0
89,22:15,9,0.000493205807147469,0.0,0.0035001160230262174
89,22:15,10,0.0008194311686286995,0.0,0.009985602108830927
89,22:15,11,0.0014320149918002616,0.0,0.016763943730960795
89,22:15,12,0.0027566829779067594,0.0,0.023876951002656244
89,22:15,13,0.004973982508402589,0.0,0.031377336590585087
89,22:15,14,0.008982260712911819,0.0,0.03933314579005853
89,22:15,15,0.01560586464704147,0.0,0.04783480265223819
89,22:15,16,0.024860600136976878,0.0,0.05704725239313092
89,22:15,17,0.03711479445560623,0.0,0.06851475020325448
89,22:15,18,0.05212255389049944,0.0,0.08548456227398331
89,22:15,19,0.07400651695451038,0.0,0.11325139090275171
89,22:15,20,0.10974785308010314,0.0,0.16587003103331543
89,22:15,21,0.1608028242864761,0.05759521672884693,0.26276253005216355
89,22:15,22,0.22391438682600553,0.1512223149583276,0.31626432024100026
89,22:15,23,0.281995288005498,0.11903486291169607,0.6252694211408703
90,22:30,0,0.0,0.0,0.0
90,22:30,1,0.0,0.0,0.0
90,22:30,2,1.6667192269489705e-6,0.0,0.0
90,22:30,3,7.762411126332532e-6,0.0,0.0
90,22:30,4,0.000014079420584980726,0.0,0.0
90,22:30,5,0.000020638814054661392,0.0,0.0
90,22:30,6,0.000031405671605474035,0.0,0.0
90,22:30,7,0.00009726684298537581,0.0,0.0
90,22:30,8,0.00024513901776591657,0.0,0.0
90,22:30,9,0.0005130950931021045,0.0,0.005001353148551185
90,22:30,10,0.0008631137730942126,0.0,0.011077753729754142
90,22:30,11,0.0014982705981139747,0.0,0.017467492972253695
90,22:30,12,0.002927119262273943,0.0,0.024217850821363684
90,22:30,13,0.005354787645953102,0.0,0.031388929893890666
90,22:30,14,0.009653022516448034,0.0,0.03905904120828324
90,22:30,15,0.016362340971164215,0.0,0.04733336927750509
90,22:30,16,0.025591537279062045,0.0,0.057135820781312074
90,22:30,17,0.03744511261116181,0.0,0.0685383125127278
90,22:30,18,0.05204669058177787,0.0,0.08314790329343497
90,22:30,19,0.0730504967357012,0.0,0.10563997404423509
90,22:30,20,0.10713873120714683,0.0,0.15190603944886577
90,22:30,21,0.1581579870654501,0.06829393949052287,0.24627048681611574
90,22:30,22,0.2272451239298832,0.15378552338595614,0.31869973787586714
90,22:30,23,0.2817346118323203,0.12790312193407813,0.6122791383608956
91,22:45,0,0.0,0.0,0.0
91,22:45,1,0.0,0.0,0.0
91,22:45,2,4.0510092153381024e-6,0.0,0.0
91,22:45,3,0.000010094326118197016,0.0,0.0
91,22:45,4,0.00001635414914762105,0.0,0.0
91,22:45,5,0.00002285079796410367,0.0,0.0
91,22:45,6,0.00003490449949070874,0.0,0.0
91,22:45,7,0.0001247935162879555,0.0,0.0
91,22:45,8,0.0002774011130126272,0.0,0.0
91,22:45,9,0.000558105192163609,0.0,0.00593807357364845
91,22:45,10,0.0009131590765050626,0.0,0.011942376256308784
91,22:45,11,0.0015804070869705827,0.0,0.018249761566305422
91,22:45,12,0.0031096944047088074,0.0,0.024904905096365754
91,22:45,13,0.005734262762204579,0.0,0.03196428960377798
91,22:45,14,0.010299941023482152,0.0,0.03943940703282778
91,22:45,15,0.017041082610668796,0.0,0.047464685698035636
91,22:45,16,0.02626203612985111,0.0,0.05710788096435318
91,22:45,17,0.03782255887323899,0.0,0.06904158380984282
91,22:45,18,0.052109089717485485,0.0,0.08327698931922353
91,22:45,19,0.07248752162776097,0.0,0.10419135600338536
91,22:45,20,0.10498825385270788,0.0,0.145129882404625
91,22:45,21,0.15608758921503973,0.07755789592455264,0.23481274626693988
91,22:45,22,0.22768705286964386,0.1511431346214917,0.32182113205174584
91,22:45,23,0.2828287961463285,0.13744804408280115,0.6012421387423168
92,23:00,0,0.0,0.0,0.0
92,23:00,1,0.0,0.0,0.0
92,23:00,2,5.739546885986886e-6,0.0,0.0
92,23:00,3,0.000011731591022952167,0.0,0.0
92,23:00,4,0.000017935494807384966,0.0,0.0
92,23:00,5,0.000024515678558465688,0.0,0.0
92,23:00,6,0.00003763585597745669,0.0,0.0
92,23:00,7,0.00014123797105048048,0.0,0.0
92,23:00,8,0.0003180642722860666,0.0,0.00040357600683485484
92,23:00,9,0.0005981034151489521,0.0,0.0064542687385736874
92,23:00,10,0.0009520344111217168,0.0,0.01274266246197206
92,23:00,11,0.001694010964034253,0.0,0.019195528300991888
92,23:00,12,0.003272179049685737,0.0,0.025758964865646355
92,23:00,13,0.006090778328305974,0.0,0.03271118802948067
92,23:00,14,0.01090113642046225,0.0,0.04012057036536229
92,23:00,15,0.017704750777922888,0.0,0.0480774869389044
92,23:00,16,0.026909552782699134,0.0,0.057344111040320195
92,23:00,17,0.03828736718794031,0.0,0.06959861565583977
92,23:00,18,0.052348336647960514,0.0,0.08358087412569876
92,23:00,19,0.0722596891937799,0.0,0.10407867096041312
92,23:00,20,0.10400993493705159,0.0,0.14228645880448923
92,23:00,21,0.1541956334515881,0.0857027900358458,0.22579607442044136
92,23:00,22,0.22558256652910916,0.14924463491520926,0.32222681177995005
92,23:00,23,0.28463706549260237,0.14588986167954843,0.5916877032974092
93,23:15,0,0.0,0.0,0.0
93,23:15,1,9.071110057410209e-7,0.0,0.0
93,23:15,2,6.65809998437733e-6,0.0,0.0
93,23:15,3,0.000012599936998600514,0.0,0.0
93,23:15,4,0.000018749144461113447,0.0,0.0
93,23:15,5,0.000026482279768728497,0.0,0.0
93,23:15,6,0.00003948097603556122,0.0,0.0
93,23:15,7,0.00014101719620382533,0.0,0.0
93,23:15,8,0.00032807269142450055,0.0,0.0
93,23:15,9,0.0006069310298143841,0.0,0.005897263352469623
93,23:15,10,0.001003105668704006,0.0,0.01212371212793692
93,23:15,11,0.0018757913131170975,0.0,0.01860919821374163
93,23:15,12,0.003540853386791704,0.0,0.025387539835871498
93,23:15,13,0.006511205807907633,0.0,0.03252240010813488
93,23:15,14,0.01153173267419219,0.0,0.04001214778672527
93,23:15,15,0.018431230253701195,0.0,0.04803522933308496
93,23:15,16,0.027568546450422015,0.0,0.057230255007663544
93,23:15,17,0.03874303857935185,0.0,0.07002228058744811
93,23:15,18,0.05258201534491162,0.0,0.0837640409545595
93,23:15,19,0.07201295705153747,0.0,0.1043875775540371
93,23:15,20,0.10338735556507213,0.0,0.13797728728809025
93,23:15,21,0.15230007422339117,0.09295079602878698,0.19661735966769228
93,23:15,22,0.22187972126147593,0.14470829617748449,0.32345363379929615
93,23:15,23,0.28745147395372117,0.15899754888743245,0.5832946746863239
94,23:30,0,0.0,0.0,0.0
94,23:30,1,6.346857835083375e-7,0.0,0.0
94,23:30,2,6.340301595578704e-6,0.0,0.0
94,23:30,3,0.000012232962191004295,0.0,0.0
94,23:30,4,0.000018328654090387855,0.0,0.0
94,23:30,5,0.000027161566823010576,0.0,0.0
94,23:30,6,0.000049160440859718215,0.0,0.0
94,23:30,7,0.00017772239222031772,0.0,0.0
94,23:30,8,0.0003722005884332081,0.0,0.0019269065444166567
94,23:30,9,0.0006542480140877455,0.0,0.007483558370078414
94,23:30,10,0.0010824505945029369,0.0,0.013284580953687869
94,23:30,11,0.002060723689669435,0.0,0.019360981534890825
94,23:30,12,0.0038291622146377964,0.0,0.02575072077739038
94,23:30,13,0.006986980551817287,0.0,0.03250107862650037
94,23:30,14,0.012120999678129601,0.0,0.03967215769902735
94,23:30,15,0.019075575125418163,0.0,0.047863715653213235
94,23:30,16,0.028149591258598818,0.0,0.057784163529833454
94,23:30,17,0.03910677694372624,0.0,0.07040209562353303
94,23:30,18,0.052791088456903834,0.0,0.08391499244751366
94,23:30,19,0.07166530771579557,0.0,0.10452857695465845
94,23:30,20,0.10273716253346685,0.0,0.13385598092680834
94,23:30,21,0.15050891326934962,0.09934970829873478,0.193393344990623
94,23:30,22,0.21877076432676584,0.13811771206441786,0.32439229046688034
94,23:30,23,0.28979647403513775,0.16291791194830868,0.5758342432013726
95,23:45,0,0.0,0.0,0.0
95,23:45,1,3.590646964783284e-6,0.0,0.0
95,23:45,2,9.25176728736691e-6,0.0,0.0
95,23:45,3,0.000015096248783673876,0.0,0.0
95,23:45,4,0.000021139565686532788,0.0,0.0
95,23:45,5,0.000031023776137550094,0.0,0.0
95,23:45,6,0.00008628957573674487,0.0,0.0
95,23:45,7,0.00021503224406476534,0.0,0.0
95,23:45,8,0.0004419960142482956,0.0,0.003460367074887033
95,23:45,9,0.0007314407289866236,0.0,0.008960120650007036
95,23:45,10,0.001182430418072189,0.0,0.01469737472666624
95,23:45,11,0.0022631231671005557,0.0,0.020701677409326574
95,23:45,12,0.004134702581091716,0.0,0.027009062719323212
95,23:45,13,0.0074510831954979284,0.0,0.033664206249383544
95,23:45,14,0.012700743293947117,0.0,0.04072359075679577
95,23:45,15,0.019650867832161245,0.0,0.04852076519415127
95,23:45,16,0.028716135405900293,0.0,0.05829950859381361
95,23:45,17,0.039525322552286996,0.0,0.07074489504732981
95,23:45,18,0.05320655279637658,0.0,0.08407566378763398
95,23:45,19,0.07170354573300149,0.0,0.10476903651613412
95,23:45,20,0.10250723718564309,0.0,0.1330574553725518
95,23:45,21,0.14931369320609272,0.10495329454077851,0.19384352909210378
95,23:45,22,0.21650365697073626,0.13430642116481512,0.3251895400582139
95,23:45,23,0.2895860450941942,0.16518613518115546,0.5691377600068181
