fold,variant,model,date,usable_peak,n_obs,M_true,M_hat_median,M_hat_mean,peak_slot_true,peak_time_mode,C50,C75,C90,risk_raw_C50,risk_raw_C75,risk_raw_C90,risk_platt_C50,risk_platt_C75,risk_platt_C90,event_C50,event_C75,event_C90,calibration_status_platt_C50,calibration_status_platt_C75,calibration_status_platt_C90,n_cal_platt_C50,n_cal_platt_C75,n_cal_platt_C90,isotonic_status
f1,main,B0,2021.06.20,true,96,28.0,25.0,25.0,60,11,181.0,189.5,198.0,0.0,0.0,0.0,0.2500269516916018,0.16699021850734097,0.16699021850734097,0.0,0.0,0.0,ok,ok,ok,7,7,7,not_run
f1,main,B0,2021.06.27,true,96,31.0,28.0,28.0,49,60,181.0,189.5,198.0,0.0,0.0,0.0,0.2500269516916018,0.16699021850734097,0.16699021850734097,0.0,0.0,0.0,ok,ok,ok,7,7,7,not_run
f1,main,B0,2021.07.01,true,96,206.0,172.0,172.0,55,41,181.0,189.5,198.0,0.0,0.0,0.0,0.2500269516916018,0.16699021850734097,0.16699021850734097,1.0,1.0,1.0,ok,ok,ok,7,7,7,not_run
f1,main,B0,2021.07.02,true,96,187.0,206.0,206.0,36,55,181.0,189.5,198.0,1.0,1.0,1.0,0.666698260943415,0.001974879548102764,0.001974879548102764,1.0,0.0,0.0,ok,ok,ok,7,7,7,not_run
f1,main,B0,2021.07.03,true,96,112.0,187.0,187.0,16,36,181.0,189.5,198.0,1.0,0.0,0.0,0.666698260943415,0.16699021850734097,0.16699021850734097,0.0,0.0,0.0,ok,ok,ok,7,7,7,not_run
f1,main,B0,2021.07.04,true,96,28.0,31.0,31.0,33,49,181.0,189.5,198.0,0.0,0.0,0.0,0.2500269516916018,0.16699021850734097,0.16699021850734097,0.0,0.0,0.0,ok,ok,ok,7,7,7,not_run
f1,main,B0,2021.07.05,true,96,185.0,187.0,187.0,43,36,181.0,189.5,198.0,1.0,0.0,0.0,0.666698260943415,0.16699021850734097,0.16699021850734097,1.0,0.0,0.0,ok,ok,ok,7,7,7,not_run
f1,main,B0p,2021.06.20,true,96,28.0,25.0,25.0,60,11,181.0,189.5,198.0,0.0,0.0,0.0,0.2500269516916018,0.16699021850734097,0.16699021850734097,0.0,0.0,0.0,ok,ok,ok,7,7,7,not_run
f1,main,B0p,2021.06.27,true,96,31.0,28.0,28.0,49,60,181.0,189.5,198.0,0.0,0.0,0.0,0.2500269516916018,0.16699021850734097,0.16699021850734097,0.0,0.0,0.0,ok,ok,ok,7,7,7,not_run
f1,main,B0p,2021.07.01,true,96,206.0,172.0,172.0,55,41,181.0,189.5,198.0,0.0,0.0,0.0,0.2500269516916018,0.16699021850734097,0.16699021850734097,1.0,1.0,1.0,ok,ok,ok,7,7,7,not_run
f1,main,B0p,2021.07.02,true,96,187.0,206.0,206.0,36,55,181.0,189.5,198.0,1.0,1.0,1.0,0.666698260943415,0.001974879548102764,0.001974879548102764,1.0,0.0,0.0,ok,ok,ok,7,7,7,not_run
f1,main,B0p,2021.07.03,true,96,112.0,187.0,187.0,16,36,181.0,189.5,198.0,1.0,0.0,0.0,0.666698260943415,0.16699021850734097,0.16699021850734097,0.0,0.0,0.0,ok,ok,ok,7,7,7,not_run
f1,main,B0p,2021.07.04,true,96,28.0,31.0,31.0,33,49,181.0,189.5,198.0,0.0,0.0,0.0,0.2500269516916018,0.16699021850734097,0.16699021850734097,0.0,0.0,0.0,ok,ok,ok,7,7,7,not_run
f1,main,B0p,2021.07.05,true,96,185.0,187.0,187.0,43,36,181.0,189.5,198.0,1.0,0.0,0.0,0.666698260943415,0.16699021850734097,0.16699021850734097,1.0,0.0,0.0,ok,ok,ok,7,7,7,not_run
f1,main,BB,2021.06.20,true,96,28.0,22.918267178919017,22.918267178919017,60,24,181.0,189.5,198.0,0.0,0.0,0.0,0.42857201746383533,0.14286081088273403,0.14286081088273403,0.0,0.0,0.0,ok,ok,ok,7,7,7,not_run
f1,main,BB,2021.06.27,true,96,31.0,22.918267178919017,22.918267178919017,49,24,181.0,189.5,198.0,0.0,0.0,0.0,0.42857201746383533,0.14286081088273403,0.14286081088273403,0.0,0.0,0.0,ok,ok,ok,7,7,7,not_run
f1,main,BB,2021.07.01,true,96,206.0,153.339657882623,153.339657882623,55,35,181.0,189.5,198.0,0.0,0.0,0.0,0.42857201746383533,0.14286081088273403,0.14286081088273403,1.0,1.0,1.0,ok,ok,ok,7,7,7,not_run
f1,main,BB,2021.07.02,true,96,187.0,153.339657882623,153.339657882623,36,35,181.0,189.5,198.0,0.0,0.0,0.0,0.42857201746383533,0.14286081088273403,0.14286081088273403,1.0,0.0,0.0,ok,ok,ok,7,7,7,not_run
f1,main,BB,2021.07.03,true,96,112.0,106.92456435607914,106.92456435607914,16,7,181.0,189.5,198.0,0.0,0.0,0.0,0.42857201746383533,0.14286081088273403,0.14286081088273403,0.0,0.0,0.0,ok,ok,ok,7,7,7,not_run
f1,main,BB,2021.07.04,true,96,28.0,22.918267178919017,22.918267178919017,33,24,181.0,189.5,198.0,0.0,0.0,0.0,0.42857201746383533,0.14286081088273403,0.14286081088273403,0.0,0.0,0.0,ok,ok,ok,7,7,7,not_run
f1,main,BB,2021.07.05,true,96,185.0,153.339657882623,153.339657882623,43,35,181.0,189.5,198.0,0.0,0.0,0.0,0.42857201746383533,0.14286081088273403,0.14286081088273403,1.0,0.0,0.0,ok,ok,ok,7,7,7,not_run
f1,main,B1,2021.06.20,true,96,28.0,108.02002718972709,116.37917782321301,60,25,181.0,189.5,198.0,0.14536204953264653,0.061104667407077026,0.0019007923406452417,0.02650528437307834,0.02650528437307834,0.02650528437307834,0.0,0.0,0.0,ok,ok,ok,7,7,7,not_run
f1,main,B1,2021.06.27,true,96,31.0,133.37972115545523,132.13733279906697,49,27,181.0,189.5,198.0,0.0897580466740467,0.050050315402157944,0.01613237843100305,0.00018785827887283647,0.00018785827887283647,0.00018785827887283647,0.0,0.0,0.0,ok,ok,ok,7,7,7,not_run
f1,main,B1,2021.07.01,true,96,206.0,144.44252065902396,128.85816651916426,55,35,181.0,189.5,198.0,0.3081476715476214,0.061104667407077026,0.0019007923406452417,0.9944236705872953,0.1595687929383081,0.1595687929383081,1.0,1.0,1.0,ok,ok,ok,7,7,7,not_run
f1,main,B1,2021.07.02,true,96,187.0,138.79828614777261,146.50058274346816,36,35,181.0,189.5,198.0,0.2671357071357591,0.0638611818014651,0.03417494477011385,0.9662446156413045,0.16555812733624398,0.01939986161411593,1.0,0.0,0.0,ok,ok,ok,7,7,7,not_run
f1,main,B1,2021.07.03,true,96,112.0,120.34299280319917,118.77736246901252,16,8,181.0,189.5,198.0,0.08734509147318059,0.02329790229921332,0.0009929707130378197,0.000142996509856981,0.000142996509856981,0.000142996509856981,0.0,0.0,0.0,ok,ok,ok,7,7,7,not_run
f1,main,B1,2021.07.04,true,96,28.0,132.94242722020434,127.22270543171781,33,48,181.0,189.5,198.0,0.05554444684145238,0.018945105124856636,0.008485312038066963,1.6790077165987328e-6,1.6790077165987328e-6,1.6790077165987328e-6,0.0,0.0,0.0,ok,ok,ok,7,7,7,not_run
f1,main,B1,2021.07.05,true,96,185.0,167.39666687674526,153.79975841789255,43,46,181.0,189.5,198.0,0.41766893835632213,0.10781575164905882,0.05661591849251761,0.9999275565325236,0.2529634571768069,0.01179599695143331,1.0,0.0,0.0,ok,ok,ok,7,7,7,not_run
f1,main,B2,2021.06.20,true,96,28.0,36.671897888183594,36.074801962852476,60,24,181.0,189.5,198.0,3.3306690738754696e-16,3.3306690738754696e-16,3.3306690738754696e-16,0.000012594751419484728,0.000012594751419484728,0.000012594751419484728,0.0,0.0,0.0,ok,ok,ok,7,7,7,not_run
f1,main,B2,2021.06.27,true,96,31.0,36.72963333129883,36.10158219814301,49,11,181.0,189.5,198.0,3.3306690738754696e-16,3.3306690738754696e-16,3.3306690738754696e-16,0.000012594751419484728,0.000012594751419484728,0.000012594751419484728,0.0,0.0,0.0,ok,ok,ok,7,7,7,not_run
f1,main,B2,2021.07.01,true,96,206.0,185.84075927734375,180.45621376800537,55,35,181.0,189.5,198.0,0.6329233704738179,0.4011271509562442,0.1221401628062061,0.9986274243272771,0.3390079954680014,0.3390079954680014,1.0,1.0,1.0,ok,ok,ok,7,7,7,not_run
f1,main,B2,2021.07.02,true,96,187.0,188.7891845703125,184.4922005996704,36,35,181.0,189.5,198.0,0.7166359170219112,0.46656822048886204,0.14420270445827488,0.9993668984521552,0.39946121434614235,0.39946121434614235,1.0,0.0,0.0,ok,ok,ok,7,7,7,not_run
f1,main,B2,2021.07.03,true,96,112.0,136.66387939453125,131.72729788208008,16,7,181.0,189.5,198.0,0.00002765161182838316,9.733237233966463e-7,2.2180769443380655e-8,0.000012594751419484728,0.000012594751419484728,0.000012594751419484728,0.0,0.0,0.0,ok,ok,ok,7,7,7,not_run
f1,main,B2,2021.07.04,true,96,28.0,36.459102630615234,35.66926325988769,33,88,181.0,189.5,198.0,2.3314683517128287e-15,2.3314683517128287e-15,2.3314683517128287e-15,0.000012594751419484728,0.000012594751419484728,0.000012594751419484728,0.0,0.0,0.0,ok,ok,ok,7,7,7,not_run
f1,main,B2,2021.07.05,true,96,185.0,182.48963165283203,176.66911641693116,43,35,181.0,189.5,198.0,0.5190291450298412,0.31338797161089627,0.09277693760219141,0.9964671668829308,0.2608706715286005,0.25610252935513933,1.0,0.0,0.0,ok,ok,ok,7,7,7,not_run
f1,main,B3,2021.06.20,true,96,28.0,38.26633071899414,37.04277256679535,60,24,181.0,189.5,198.0,0.0,0.0,0.0,4.2181254045504256e-11,8.488908793081315e-40,8.488908793081315e-40,0.0,0.0,0.0,ok,ok,ok,7,7,7,not_run
f1,main,B3,2021.06.27,true,96,31.0,38.23617744445801,36.85785784626007,49,11,181.0,189.5,198.0,0.0,0.0,0.0,4.2181254045504256e-11,8.488908793081315e-40,8.488908793081315e-40,0.0,0.0,0.0,ok,ok,ok,7,7,7,not_run
f1,main,B3,2021.07.01,true,96,206.0,191.39673614501953,190.16872960662843,55,35,181.0,189.5,198.0,0.8815159591461155,0.6057866001252892,0.1912146174411915,0.9995934021106312,0.3968056297079552,0.357250462753659,1.0,1.0,1.0,ok,ok,ok,7,7,7,not_run
f1,main,B3,2021.07.02,true,96,187.0,191.8156967163086,190.49520008850098,36,35,181.0,189.5,198.0,0.8854787075042406,0.6095967099805308,0.19281195969029508,0.9996388141768783,0.43665747433227003,0.37072254542866495,1.0,0.0,0.0,ok,ok,ok,7,7,7,not_run
f1,main,B3,2021.07.03,true,96,112.0,135.8724594116211,131.337742729187,16,7,181.0,189.5,198.0,0.000030480347680050812,1.0584138671054788e-6,2.3734143095310856e-8,4.2181254045504256e-11,8.488908793081315e-40,8.488908793081315e-40,0.0,0.0,0.0,ok,ok,ok,7,7,7,not_run
f1,main,B3,2021.07.04,true,96,28.0,28.390810012817383,30.274117798805236,33,88,181.0,189.5,198.0,0.0,0.0,0.0,4.2181254045504256e-11,8.488908793081315e-40,8.488908793081315e-40,0.0,0.0,0.0,ok,ok,ok,7,7,7,not_run
f1,main,B3,2021.07.05,true,96,185.0,191.0525894165039,188.45460786437988,43,35,181.0,189.5,198.0,0.8534236352893302,0.5785695533488365,0.1795800948310755,0.99913585733933,0.17136588599988178,0.17136588599988178,1.0,0.0,0.0,ok,ok,ok,7,7,7,not_run
f1,main,B4,2021.06.20,true,96,28.0,40.513214111328125,40.58674655532837,60,0,181.0,189.5,198.0,0.0,0.0,0.0,1.3825064244711463e-10,1.3825064244711463e-10,1.3825064244711463e-10,0.0,0.0,0.0,ok,ok,ok,7,7,7,not_run
f1,main,B4,2021.06.27,true,96,31.0,40.59951400756836,40.66481095409393,49,0,181.0,189.5,198.0,0.0,0.0,0.0,1.3825064244711463e-10,1.3825064244711463e-10,1.3825064244711463e-10,0.0,0.0,0.0,ok,ok,ok,7,7,7,not_run
f1,main,B4,2021.07.01,true,96,206.0,188.6117172241211,189.2456035003662,55,33,181.0,189.5,198.0,0.6945,0.4855,0.2835,0.9987231973689632,0.33139565690196265,0.3265379973931383,1.0,1.0,1.0,ok,ok,ok,7,7,7,not_run
f1,main,B4,2021.07.02,true,96,187.0,189.50135040283203,189.72316276168823,36,33,181.0,189.5,198.0,0.713,0.5,0.288,0.9990404138351081,0.3444589651854699,0.3306005644273255,1.0,0.0,0.0,ok,ok,ok,7,7,7,not_run
f1,main,B4,2021.07.03,true,96,112.0,128.6930694580078,130.4326876335144,16,7,181.0,189.5,198.0,0.006,0.002,0.0,3.936229452878947e-6,3.936229452878947e-6,3.936229452878947e-6,0.0,0.0,0.0,ok,ok,ok,7,7,7,not_run
f1,main,B4,2021.07.04,true,96,28.0,30.733949661254883,33.84032444000244,33,50,181.0,189.5,198.0,0.0,0.0,0.0,1.3825064244711463e-10,1.3825064244711463e-10,1.3825064244711463e-10,0.0,0.0,0.0,ok,ok,ok,7,7,7,not_run
f1,main,B4,2021.07.05,true,96,185.0,188.23046875,189.4520335083008,43,35,181.0,189.5,198.0,0.672,0.4765,0.297,0.998215962567891,0.323405109865534,0.323405109865534,1.0,0.0,0.0,ok,ok,ok,7,7,7,not_run
f1,copies,B1,2021.06.29,true,96,222.0,191.8521616054202,185.04730695912724,33,35,181.0,189.0,198.0,0.9833895224441381,0.7352102783383272,0.55189325039593,0.999999999999223,0.6226546572398474,0.48646806852245367,1.0,1.0,1.0,ok,ok,ok,7,7,7,not_run
f1,copies,B1,2021.06.30,true,96,193.0,191.20367756999534,186.49012755123994,35,33,181.0,189.0,198.0,0.9934051613040132,0.9626803118252908,0.0011371784471368297,0.9999999999999849,0.8045334220606216,0.21266689366116942,1.0,1.0,0.0,ok,ok,ok,7,7,7,not_run
f1,copies,B1,2021.07.01,true,96,206.0,183.44802065484882,175.78439300760564,55,35,181.0,189.0,198.0,0.16419811740801918,0.11578652665166424,0.000653414003224865,0.978379130844725,0.32047315781139296,0.19646619290854767,1.0,1.0,1.0,ok,ok,ok,7,7,7,not_run
f1,copies,B1,2021.07.02,true,96,187.0,187.2949770142293,177.99330118228775,36,33,181.0,189.0,198.0,0.9825057230333175,0.3686057207576785,0.0025624427558998903,0.9999999999990293,0.46539431202130344,0.2381669223835273,1.0,0.0,0.0,ok,ok,ok,7,7,7,not_run
f1,copies,B1,2021.07.03,true,96,112.0,148.93720755857464,141.5950047042863,16,7,181.0,189.0,198.0,0.0010457833468891444,0.0037054915861667505,0.000025062919344066917,1.1727000710958437e-8,1.1727000710958437e-8,1.1727000710958437e-8,0.0,0.0,0.0,ok,ok,ok,7,7,7,not_run
f1,copies,B1,2021.07.04,true,96,28.0,30.56025939993049,46.1454686871304,33,74,181.0,189.0,198.0,0.026612527593829514,0.0004962880258095894,0.001731628841902189,0.010946482285306468,0.010946482285306468,0.010946482285306468,0.0,0.0,0.0,ok,ok,ok,7,7,7,not_run
f1,copies,B1,2021.07.05,true,96,185.0,194.6952214835671,185.78323455735384,43,35,181.0,189.0,198.0,0.8552373592494905,0.7735994105494434,0.46076770205849565,0.9999999870827682,0.6424313307248205,0.4700858255038038,1.0,0.0,0.0,ok,ok,ok,7,7,7,not_run
f1,copies,B4,2021.06.29,true,96,222.0,194.01915740966797,194.57380678558349,33,35,181.0,189.0,198.0,0.797,0.62,0.3995,0.999441924209522,0.5712416106755166,0.39081008468597284,1.0,1.0,1.0,ok,ok,ok,7,7,7,not_run
f1,copies,B4,2021.06.30,true,96,193.0,195.4034194946289,195.3306220855713,35,35,181.0,189.0,198.0,0.814,0.6445,0.429,0.9996217602173585,0.703254016814523,0.41135492700004367,1.0,1.0,0.0,ok,ok,ok,7,7,7,not_run
f1,copies,B4,2021.07.01,true,96,206.0,194.34894561767578,194.35903381347657,55,33,181.0,189.0,198.0,0.7965,0.618,0.414,0.9994357170313307,0.5598568494376231,0.400918535703194,1.0,1.0,1.0,ok,ok,ok,7,7,7,not_run
f1,copies,B4,2021.07.02,true,96,187.0,194.36480712890625,194.96362978363038,36,35,181.0,189.0,198.0,0.8045,0.6355,0.406,0.999528429166286,0.6568734543408311,0.39534448531826344,1.0,0.0,0.0,ok,ok,ok,7,7,7,not_run
f1,copies,B4,2021.07.03,true,96,112.0,130.6741180419922,131.398250415802,16,6,181.0,189.0,198.0,0.004,0.001,0.0,3.4273920242799666e-8,3.7409836311413015e-18,3.7409836311413015e-18,0.0,0.0,0.0,ok,ok,ok,7,7,7,not_run
f1,copies,B4,2021.07.04,true,96,28.0,53.18351364135742,53.53597151184082,33,35,181.0,189.0,198.0,0.0,0.0,0.0,1.6330500459505597e-12,1.9120179963070197e-21,1.9120179963070197e-21,0.0,0.0,0.0,ok,ok,ok,7,7,7,not_run
f1,copies,B4,2021.07.05,true,96,185.0,193.96118927001953,194.18951132965088,43,35,181.0,189.0,198.0,0.7925,0.6095,0.408,0.9993839531268571,0.5111620880191275,0.39673864433327893,1.0,0.0,0.0,ok,ok,ok,7,7,7,not_run
f1,suspect,B1,2021.06.20,true,96,28.0,108.02002718972709,116.37917782321301,60,25,181.0,189.5,198.0,0.14536204953264653,0.061104667407077026,0.0019007923406452417,0.02650528437307834,0.02650528437307834,0.02650528437307834,0.0,0.0,0.0,ok,ok,ok,7,7,7,not_run
f1,suspect,B1,2021.06.27,true,96,31.0,133.37972115545523,132.13733279906697,49,27,181.0,189.5,198.0,0.0897580466740467,0.050050315402157944,0.01613237843100305,0.00018785827887283647,0.00018785827887283647,0.00018785827887283647,0.0,0.0,0.0,ok,ok,ok,7,7,7,not_run
f1,suspect,B1,2021.07.01,true,96,206.0,144.44252065902396,128.85816651916426,55,35,181.0,189.5,198.0,0.3081476715476214,0.061104667407077026,0.0019007923406452417,0.9944236705872953,0.1595687929383081,0.1595687929383081,1.0,1.0,1.0,ok,ok,ok,7,7,7,not_run
f1,suspect,B1,2021.07.02,true,96,187.0,138.79828614777261,146.50058274346816,36,35,181.0,189.5,198.0,0.2671357071357591,0.0638611818014651,0.03417494477011385,0.9662446156413045,0.16555812733624398,0.01939986161411593,1.0,0.0,0.0,ok,ok,ok,7,7,7,not_run
f1,suspect,B1,2021.07.03,true,96,112.0,120.34299280319917,118.77736246901252,16,8,181.0,189.5,198.0,0.08734509147318059,0.02329790229921332,0.0009929707130378197,0.000142996509856981,0.000142996509856981,0.000142996509856981,0.0,0.0,0.0,ok,ok,ok,7,7,7,not_run
f1,suspect,B1,2021.07.04,true,96,28.0,132.94242722020434,127.22270543171781,33,48,181.0,189.5,198.0,0.05554444684145238,0.018945105124856636,0.008485312038066963,1.6790077165987328e-6,1.6790077165987328e-6,1.6790077165987328e-6,0.0,0.0,0.0,ok,ok,ok,7,7,7,not_run
f1,suspect,B1,2021.07.05,true,96,185.0,167.39666687674526,153.79975841789255,43,46,181.0,189.5,198.0,0.41766893835632213,0.10781575164905882,0.05661591849251761,0.9999275565325236,0.2529634571768069,0.01179599695143331,1.0,0.0,0.0,ok,ok,ok,7,7,7,not_run
f1,suspect,B4,2021.06.20,true,96,28.0,40.513214111328125,40.58674655532837,60,0,181.0,189.5,198.0,0.0,0.0,0.0,1.3825064244711463e-10,1.3825064244711463e-10,1.3825064244711463e-10,0.0,0.0,0.0,ok,ok,ok,7,7,7,not_run
f1,suspect,B4,2021.06.27,true,96,31.0,40.59951400756836,40.66481095409393,49,0,181.0,189.5,198.0,0.0,0.0,0.0,1.3825064244711463e-10,1.3825064244711463e-10,1.3825064244711463e-10,0.0,0.0,0.0,ok,ok,ok,7,7,7,not_run
f1,suspect,B4,2021.07.01,true,96,206.0,188.6117172241211,189.2456035003662,55,33,181.0,189.5,198.0,0.6945,0.4855,0.2835,0.9987231973689632,0.33139565690196265,0.3265379973931383,1.0,1.0,1.0,ok,ok,ok,7,7,7,not_run
f1,suspect,B4,2021.07.02,true,96,187.0,189.50135040283203,189.72316276168823,36,33,181.0,189.5,198.0,0.713,0.5,0.288,0.9990404138351081,0.3444589651854699,0.3306005644273255,1.0,0.0,0.0,ok,ok,ok,7,7,7,not_run
f1,suspect,B4,2021.07.03,true,96,112.0,128.6930694580078,130.4326876335144,16,7,181.0,189.5,198.0,0.006,0.002,0.0,3.936229452878947e-6,3.936229452878947e-6,3.936229452878947e-6,0.0,0.0,0.0,ok,ok,ok,7,7,7,not_run
f1,suspect,B4,2021.07.04,true,96,28.0,30.733949661254883,33.84032444000244,33,50,181.0,189.5,198.0,0.0,0.0,0.0,1.3825064244711463e-10,1.3825064244711463e-10,1.3825064244711463e-10,0.0,0.0,0.0,ok,ok,ok,7,7,7,not_run
f1,suspect,B4,2021.07.05,true,96,185.0,188.23046875,189.4520335083008,43,35,181.0,189.5,198.0,0.672,0.4765,0.297,0.998215962567891,0.323405109865534,0.323405109865534,1.0,0.0,0.0,ok,ok,ok,7,7,7,not_run
f1,protoA,B1,2021.06.20,true,96,28.0,118.40454231167115,127.03613576054673,60,13,181.0,189.5,198.0,0.17739923299084834,0.07909867879236798,0.0037557356565364303,0.004542923851004378,0.004542923851004378,0.004542923851004378,0.0,0.0,0.0,ok,ok,ok,7,7,7,not_run
f1,protoA,B1,2021.06.27,true,96,31.0,123.88438060228735,128.35691525737107,49,24,181.0,189.5,198.0,0.12199621170669712,0.04038320390831222,0.02417248256712598,0.00018908763437753545,0.00018908763437753545,0.00018908763437753545,0.0,0.0,0.0,ok,ok,ok,7,7,7,not_run
f1,protoA,B1,2021.07.01,true,96,206.0,170.8741253465992,163.62931480128046,55,51,181.0,189.5,198.0,0.4837668837628667,0.12836728239625939,0.0024612681572171646,0.9947773613053243,0.31047038897816503,0.2517338012409434,1.0,1.0,1.0,ok,ok,ok,7,7,7,not_run
f1,protoA,B1,2021.07.02,true,96,187.0,152.74034004337807,154.44794159232083,36,30,181.0,189.5,198.0,0.5030561987294218,0.1450791595288561,0.024754819235045553,0.997006895755376,0.42792838867795685,0.025693490344367072,1.0,0.0,0.0,ok,ok,ok,7,7,7,not_run
f1,protoA,B1,2021.07.03,true,96,112.0,117.57967590944415,123.39552451042636,16,17,181.0,189.5,198.0,0.10025029460939361,0.02472451444964799,0.001209581734247428,0.000038223739299620325,0.000038223739299620325,0.000038223739299620325,0.0,0.0,0.0,ok,ok,ok,7,7,7,not_run
f1,protoA,B1,2021.07.04,true,96,28.0,122.49478254541584,121.09207439079003,33,32,181.0,189.5,198.0,0.06697958011895767,0.01226835206651716,0.007894736118639733,1.584095717986581e-6,1.584095717986581e-6,1.584095717986581e-6,0.0,0.0,0.0,ok,ok,ok,7,7,7,not_run
f1,protoA,B1,2021.07.05,true,96,185.0,181.7779074264325,171.58020839503652,43,53,181.0,189.5,198.0,0.5125336817538031,0.10903524722481985,0.029897922284080194,0.99772400865459,0.1883109877110962,0.020888292263561155,1.0,0.0,0.0,ok,ok,ok,7,7,7,not_run
f1,protoA,B4,2021.06.20,true,96,28.0,87.49010467529297,87.67857602500915,60,0,181.0,189.5,198.0,0.0,0.0,0.0,5.467214063393414e-10,5.467214063393414e-10,5.467214063393414e-10,0.0,0.0,0.0,ok,ok,ok,7,7,7,not_run
f1,protoA,B4,2021.06.27,true,96,31.0,89.04701614379883,88.66667300701141,49,0,181.0,189.5,198.0,0.0005,0.0,0.0,4.959553346197131e-9,4.959553346197131e-9,4.959553346197131e-9,0.0,0.0,0.0,ok,ok,ok,7,7,7,not_run
f1,protoA,B4,2021.07.01,true,96,206.0,187.73278045654297,187.57472158050538,55,35,181.0,189.5,198.0,0.5985,0.473,0.3475,0.9982002849028048,0.33205652641178734,0.33205652641178734,1.0,1.0,1.0,ok,ok,ok,7,7,7,not_run
f1,protoA,B4,2021.07.02,true,96,187.0,189.9426498413086,189.14982041549683,36,33,181.0,189.5,198.0,0.627,0.5015,0.3745,0.9987711194723853,0.3619125325947859,0.3619125325947859,1.0,0.0,0.0,ok,ok,ok,7,7,7,not_run
f1,protoA,B4,2021.07.03,true,96,112.0,128.77875518798828,130.30599064636232,16,7,181.0,189.5,198.0,0.015,0.0065,0.0035,0.0002588405133605642,0.0002588405133605642,0.0002588405133605642,0.0,0.0,0.0,ok,ok,ok,7,7,7,not_run
f1,protoA,B4,2021.07.04,true,96,28.0,73.43107986450195,73.64901732349395,33,95,181.0,189.5,198.0,0.0,0.0,0.0,5.467214063393414e-10,5.467214063393414e-10,5.467214063393414e-10,0.0,0.0,0.0,ok,ok,ok,7,7,7,not_run
f1,protoA,B4,2021.07.05,true,96,185.0,186.11526489257812,186.33067496490477,43,35,181.0,189.5,198.0,0.5805,0.446,0.322,0.9977210137362813,0.30480373110911585,0.30330732090473156,1.0,0.0,0.0,ok,ok,ok,7,7,7,not_run
f1,K2,B4,2021.06.20,true,96,28.0,37.52210807800293,37.93736751937866,60,0,181.0,189.5,198.0,0.0,0.0,0.0,2.2215454480643762e-11,2.2215454480643762e-11,2.2215454480643762e-11,0.0,0.0,0.0,ok,ok,ok,7,7,7,not_run
f1,K2,B4,2021.06.27,true,96,31.0,37.60195732116699,38.329080959320066,49,0,181.0,189.5,198.0,0.0,0.0,0.0,2.2215454480643762e-11,2.2215454480643762e-11,2.2215454480643762e-11,0.0,0.0,0.0,ok,ok,ok,7,7,7,not_run
f1,K2,B4,2021.07.01,true,96,206.0,190.4570083618164,191.08297595977783,55,35,181.0,189.5,198.0,0.751,0.527,0.3055,0.9991378028430788,0.33195204902136966,0.3265862616277321,1.0,1.0,1.0,ok,ok,ok,7,7,7,not_run
f1,K2,B4,2021.07.02,true,96,187.0,191.26197814941406,191.32496461486815,36,35,181.0,189.5,198.0,0.761,0.5425,0.313,0.9992813268360221,0.34487067204432764,0.3329856449697247,1.0,0.0,0.0,ok,ok,ok,7,7,7,not_run
f1,K2,B4,2021.07.03,true,96,112.0,138.1005401611328,138.25608926582336,16,7,181.0,189.5,198.0,0.006,0.0005,0.0,9.860481717897391e-7,9.860481717897391e-7,9.860481717897391e-7,0.0,0.0,0.0,ok,ok,ok,7,7,7,not_run
f1,K2,B4,2021.07.04,true,96,28.0,33.414140701293945,33.63984389591217,33,50,181.0,189.5,198.0,0.0,0.0,0.0,2.2215454480643762e-11,2.2215454480643762e-11,2.2215454480643762e-11,0.0,0.0,0.0,ok,ok,ok,7,7,7,not_run
f1,K2,B4,2021.07.05,true,96,185.0,190.07337951660156,191.0476954498291,43,35,181.0,189.5,198.0,0.709,0.516,0.317,0.9982350526779288,0.32296079539118094,0.32296079539118094,1.0,0.0,0.0,ok,ok,ok,7,7,7,not_run
f1,re,B4,2021.06.20,true,96,28.0,32.091970443725586,33.10584158563614,60,0,181.0,189.5,198.0,0.0,0.0,0.0,1.254373423699517e-8,1.6008342534762126e-36,1.6008342534762126e-36,0.0,0.0,0.0,ok,ok,ok,7,7,7,not_run
f1,re,B4,2021.06.27,true,96,31.0,31.762840270996094,32.9188122138977,49,0,181.0,189.5,198.0,0.0,0.0,0.0,1.254373423699517e-8,1.6008342534762126e-36,1.6008342534762126e-36,0.0,0.0,0.0,ok,ok,ok,7,7,7,not_run
f1,re,B4,2021.07.01,true,96,206.0,173.74517822265625,172.42280145645142,55,35,181.0,189.5,198.0,0.395,0.276,0.181,0.9974999813708814,0.398820975143537,0.3544187299595154,1.0,1.0,1.0,ok,ok,ok,7,7,7,not_run
f1,re,B4,2021.07.02,true,96,187.0,171.28384399414062,171.50449633789063,36,35,181.0,189.5,198.0,0.3675,0.2615,0.171,0.9964260555246267,0.22511188970972645,0.22511188970972645,1.0,0.0,0.0,ok,ok,ok,7,7,7,not_run
f1,re,B4,2021.07.03,true,96,112.0,116.64815139770508,116.83393063735961,16,7,181.0,189.5,198.0,0.0115,0.007,0.0035,0.0016741451715031085,2.692713541747781e-20,2.692713541747781e-20,0.0,0.0,0.0,ok,ok,ok,7,7,7,not_run
f1,re,B4,2021.07.04,true,96,28.0,28.28865337371826,28.28513284778595,33,50,181.0,189.5,198.0,0.0,0.0,0.0,1.254373423699517e-8,1.6008342534762126e-36,1.6008342534762126e-36,0.0,0.0,0.0,ok,ok,ok,7,7,7,not_run
f1,re,B4,2021.07.05,true,96,185.0,171.53145599365234,171.81676246261597,43,35,181.0,189.5,198.0,0.3835,0.2735,0.182,0.9971003336250895,0.36568650230229227,0.36266407658862587,1.0,0.0,0.0,ok,ok,ok,7,7,7,not_run
f1,AWstar,B1,2021.06.20,true,96,28.0,115.41106974704427,118.93934199314089,60,27,181.0,189.5,198.0,0.16976095281673084,0.017250491929197545,0.0017989543756955597,0.024210014634983595,0.024210014634983595,0.024210014634983595,0.0,0.0,0.0,ok,ok,ok,7,7,7,not_run
f1,AWstar,B1,2021.06.27,true,96,31.0,135.76286725891487,134.36505909249573,49,32,181.0,189.5,198.0,0.1412533946681537,0.03126310968468949,0.012272663441111092,0.0028374145929374577,0.0028374145929374577,0.0028374145929374577,0.0,0.0,0.0,ok,ok,ok,7,7,7,not_run
f1,AWstar,B1,2021.07.01,true,96,206.0,150.3627343063262,131.286410283768,55,52,181.0,189.5,198.0,0.3539964200906504,0.017250491929197545,0.0012687851411944562,0.9977939568239038,0.14615581075086623,0.14615581075086623,1.0,1.0,1.0,ok,ok,ok,7,7,7,not_run
f1,AWstar,B1,2021.07.02,true,96,187.0,143.62777522633502,146.40963149359578,36,63,181.0,189.5,198.0,0.29149628810659967,0.021245341434073247,0.02015671733191747,0.9631010542931625,0.13683150184236026,0.012883907331252106,1.0,0.0,0.0,ok,ok,ok,7,7,7,not_run
f1,AWstar,B1,2021.07.03,true,96,112.0,123.4550644401979,119.18786030099852,16,8,181.0,189.5,198.0,0.09730221704508961,0.007132222791832871,0.0008056427067600117,0.00004240279670815154,0.00004240279670815154,0.00004240279670815154,0.0,0.0,0.0,ok,ok,ok,7,7,7,not_run
f1,AWstar,B1,2021.07.04,true,96,28.0,135.76286725891487,131.37307260975112,33,75,181.0,189.5,198.0,0.11497989060027836,0.015851754759763352,0.010277358598091032,0.0002718285872513092,0.0002718285872513092,0.0002718285872513092,0.0,0.0,0.0,ok,ok,ok,7,7,7,not_run
f1,AWstar,B1,2021.07.05,true,96,185.0,175.70106789647133,156.8139476571791,43,35,181.0,189.5,198.0,0.39688916932671836,0.039231272067334295,0.026149373573989533,0.9996426085892575,0.11201496719679781,0.009278403212538167,1.0,0.0,0.0,ok,ok,ok,7,7,7,not_run
f2,main,B0,2021.07.11,true,96,28.0,28.0,28.0,46,33,182.0,193.0,200.2,0.0,0.0,0.0,0.00002273603092110903,0.00002273603092110903,0.00002273603092110903,0.0,0.0,0.0,ok,ok,ok,7,7,7,not_run
f2,main,B0,2021.07.12,true,96,198.0,185.0,185.0,34,43,182.0,193.0,200.2,1.0,0.0,0.0,0.9999781245616489,0.3996721232057194,0.16699021850734108,1.0,1.0,0.0,ok,ok,ok,7,7,7,not_run
f2,main,B0,2021.07.14,true,96,195.0,203.0,203.0,38,35,182.0,193.0,200.2,1.0,1.0,1.0,0.9999781245616489,0.999153122910191,0.001974879548101092,1.0,1.0,0.0,ok,ok,ok,7,7,7,not_run
f2,main,B0,2021.07.16,true,96,197.0,192.0,192.0,47,59,182.0,193.0,200.2,1.0,0.0,0.0,0.9999781245616489,0.3996721232057194,0.16699021850734108,1.0,1.0,0.0,ok,ok,ok,7,7,7,not_run
f2,main,B0,2021.07.17,true,96,110.0,106.0,106.0,5,15,182.0,193.0,200.2,0.0,0.0,0.0,0.00002273603092110903,0.00002273603092110903,0.00002273603092110903,0.0,0.0,0.0,ok,ok,ok,7,7,7,not_run
f2,main,B0,2021.07.18,true,96,28.0,28.0,28.0,4,46,182.0,193.0,200.2,0.0,0.0,0.0,0.00002273603092110903,0.00002273603092110903,0.00002273603092110903,0.0,0.0,0.0,ok,ok,ok,7,7,7,not_run
f2,main,B0,2021.07.19,true,96,222.0,198.0,198.0,45,34,182.0,193.0,200.2,1.0,1.0,0.0,0.9999781245616489,0.999153122910191,0.16699021850734108,1.0,1.0,1.0,ok,ok,ok,7,7,7,not_run
f2,main,B0p,2021.07.11,true,96,28.0,28.0,28.0,46,33,182.0,193.0,200.2,0.0,0.0,0.0,0.00002273603092110903,0.00002273603092110903,0.00002273603092110903,0.0,0.0,0.0,ok,ok,ok,7,7,7,not_run
f2,main,B0p,2021.07.12,true,96,198.0,192.0,192.0,34,59,182.0,193.0,200.2,1.0,0.0,0.0,0.9999781245616489,0.24960697508793617,0.14286081088273403,1.0,1.0,0.0,ok,ok,ok,7,7,7,not_run
f2,main,B0p,2021.07.14,true,96,195.0,198.0,198.0,38,34,182.0,193.0,200.2,1.0,1.0,0.0,0.9999781245616489,0.999455093057845,0.14286081088273403,1.0,1.0,0.0,ok,ok,ok,7,7,7,not_run
f2,main,B0p,2021.07.16,true,96,197.0,195.0,195.0,47,38,182.0,193.0,200.2,1.0,1.0,0.0,0.9999781245616489,0.999455093057845,0.14286081088273403,1.0,1.0,0.0,ok,ok,ok,7,7,7,not_run
f2,main,B0p,2021.07.17,true,96,110.0,106.0,106.0,5,15,182.0,193.0,200.2,0.0,0.0,0.0,0.00002273603092110903,0.00002273603092110903,0.00002273603092110903,0.0,0.0,0.0,ok,ok,ok,7,7,7,not_run
f2,main,B0p,2021.07.18,true,96,28.0,28.0,28.0,4,46,182.0,193.0,200.2,0.0,0.0,0.0,0.00002273603092110903,0.00002273603092110903,0.00002273603092110903,0.0,0.0,0.0,ok,ok,ok,7,7,7,not_run
f2,main,B0p,2021.07.19,true,96,222.0,197.0,197.0,45,47,182.0,193.0,200.2,1.0,1.0,0.0,0.9999781245616489,0.999455093057845,0.14286081088273403,1.0,1.0,1.0,ok,ok,ok,7,7,7,not_run
f2,main,BB,2021.07.11,true,96,28.0,24.918006992535332,24.918006992535332,46,60,182.0,193.0,200.2,0.0,0.0,0.0,0.5714279825362351,0.5714279825362351,0.14286081088273403,0.0,0.0,0.0,ok,ok,ok,7,7,7,not_run
f2,main,BB,2021.07.12,true,96,198.0,171.70449932286894,171.70449932286894,34,35,182.0,193.0,200.2,0.0,0.0,0.0,0.5714279825362351,0.5714279825362351,0.14286081088273403,1.0,1.0,0.0,ok,ok,ok,7,7,7,not_run
f2,main,BB,2021.07.14,true,96,195.0,171.70449932286894,171.70449932286894,38,35,182.0,193.0,200.2,0.0,0.0,0.0,0.5714279825362351,0.5714279825362351,0.14286081088273403,1.0,1.0,0.0,ok,ok,ok,7,7,7,not_run
f2,main,BB,2021.07.16,true,96,197.0,171.70449932286894,171.70449932286894,47,35,182.0,193.0,200.2,0.0,0.0,0.0,0.5714279825362351,0.5714279825362351,0.14286081088273403,1.0,1.0,0.0,ok,ok,ok,7,7,7,not_run
f2,main,BB,2021.07.17,true,96,110.0,106.42518150035124,106.42518150035124,5,16,182.0,193.0,200.2,0.0,0.0,0.0,0.5714279825362351,0.5714279825362351,0.14286081088273403,0.0,0.0,0.0,ok,ok,ok,7,7,7,not_run
f2,main,BB,2021.07.18,true,96,28.0,24.918006992535332,24.918006992535332,4,60,182.0,193.0,200.2,0.0,0.0,0.0,0.5714279825362351,0.5714279825362351,0.14286081088273403,0.0,0.0,0.0,ok,ok,ok,7,7,7,not_run
f2,main,BB,2021.07.19,true,96,222.0,171.70449932286894,171.70449932286894,45,35,182.0,193.0,200.2,0.0,0.0,0.0,0.5714279825362351,0.5714279825362351,0.14286081088273403,1.0,1.0,1.0,ok,ok,ok,7,7,7,not_run
f2,main,B1,2021.07.11,true,96,28.0,94.80514346017347,84.65613943594676,46,46,182.0,193.0,200.2,0.017101295761853822,0.0019464655969027027,0.006449133624330628,0.020407005003623854,0.0027698334987736016,1.3537700229629735e-6,0.0,0.0,0.0,ok,ok,ok,7,7,7,not_run
f2,main,B1,2021.07.12,true,96,198.0,181.08865786530163,178.48333984935235,34,34,182.0,193.0,200.2,0.20931837417532137,0.0632441908580324,0.04325984342425231,0.6018899404311464,0.6018899404311464,0.022798246419101175,1.0,1.0,0.0,ok,ok,ok,7,7,7,not_run
f2,main,B1,2021.07.14,true,96,195.0,191.58893312522403,182.85083394087877,38,35,182.0,193.0,200.2,0.7567834805511167,0.4245003972069859,0.07566151366851175,0.986502414013835,0.986502414013835,0.3153122266636878,1.0,1.0,0.0,ok,ok,ok,7,7,7,not_run
f2,main,B1,2021.07.16,true,96,197.0,178.30061445924733,173.63046746664736,47,43,182.0,193.0,200.2,0.27651316364049094,0.15102357903104513,0.07495450051531298,0.7293446318305179,0.7293446318305179,0.3044019479560306,1.0,1.0,0.0,ok,ok,ok,7,7,7,not_run
f2,main,B1,2021.07.17,true,96,110.0,110.32356344553847,124.20128091879398,5,16,182.0,193.0,200.2,0.29945947036034376,0.0023453036163074864,0.012783374313669493,0.7626924020100623,0.004777786253746645,0.00004352867183405805,0.0,0.0,0.0,ok,ok,ok,7,7,7,not_run
f2,main,B1,2021.07.18,true,96,28.0,94.80514346017347,84.54149806426946,4,46,182.0,193.0,200.2,0.018293314095598007,0.0019464655969027027,0.006449133624330628,0.02268071220599934,0.0027698334987736016,1.3537700229629735e-6,0.0,0.0,0.0,ok,ok,ok,7,7,7,not_run
f2,main,B1,2021.07.19,true,96,222.0,181.4987230076749,178.55225536323664,45,35,182.0,193.0,200.2,0.4106666988705089,0.0632441908580324,0.07759218536896577,0.8739777950162521,0.8739777950162521,0.34563894432069625,1.0,1.0,1.0,ok,ok,ok,7,7,7,not_run
f2,main,B2,2021.07.11,true,96,28.0,37.05315017700195,36.48393562221527,46,86,182.0,193.0,200.2,3.219646771412954e-15,3.219646771412954e-15,3.219646771412954e-15,6.302429626961723e-6,6.302429626961723e-6,6.302429626961723e-6,0.0,0.0,0.0,ok,ok,ok,7,7,7,not_run
f2,main,B2,2021.07.12,true,96,198.0,184.37589263916016,187.89566612243652,34,35,182.0,193.0,200.2,0.5539898272229268,0.4278240351113576,0.32961737000932223,0.9978653310124825,0.9975654407081009,0.22502902917173964,1.0,1.0,0.0,ok,ok,ok,7,7,7,not_run
f2,main,B2,2021.07.14,true,96,195.0,197.39598846435547,193.64170600891114,38,35,182.0,193.0,200.2,0.6746806090099943,0.5424321669412955,0.4318652856762011,0.9992823847324513,0.9989755619909522,0.26048194327194496,1.0,1.0,0.0,ok,ok,ok,7,7,7,not_run
f2,main,B2,2021.07.16,true,96,197.0,195.94866180419922,192.69274410247803,47,35,182.0,193.0,200.2,0.6746806090099943,0.5424321669412955,0.4318652856762011,0.9992823847324513,0.9989755619909522,0.26048194327194496,1.0,1.0,0.0,ok,ok,ok,7,7,7,not_run
f2,main,B2,2021.07.17,true,96,110.0,124.9463005065918,128.5027392616272,5,16,182.0,193.0,200.2,0.000012243091481844992,1.4142625393009922e-7,5.149690118777528e-9,6.302429626961723e-6,6.302429626961723e-6,6.302429626961723e-6,0.0,0.0,0.0,ok,ok,ok,7,7,7,not_run
f2,main,B2,2021.07.18,true,96,28.0,37.159637451171875,36.57229961013794,4,89,182.0,193.0,200.2,3.552713678800501e-15,3.552713678800501e-15,3.552713678800501e-15,6.302429626961723e-6,6.302429626961723e-6,6.302429626961723e-6,0.0,0.0,0.0,ok,ok,ok,7,7,7,not_run
f2,main,B2,2021.07.19,true,96,222.0,186.62803649902344,188.2866117553711,45,35,182.0,193.0,200.2,0.5539899753057969,0.4278241721489521,0.3296174909828661,0.9978653337308192,0.997565443265873,0.2250290714945595,1.0,1.0,1.0,ok,ok,ok,7,7,7,not_run
f2,main,B3,2021.07.11,true,96,28.0,28.75308322906494,30.90856887435913,46,86,182.0,193.0,200.2,0.0,0.0,0.0,9.018730245122619e-12,9.018730245122619e-12,9.018730245122619e-12,0.0,0.0,0.0,ok,ok,ok,7,7,7,not_run
f2,main,B3,2021.07.12,true,96,198.0,199.4750213623047,196.78885997009277,34,35,182.0,193.0,200.2,0.8078971030652096,0.6360317377748439,0.46313084435085006,0.9990735107367633,0.9982663378183423,0.23334147597307606,1.0,1.0,0.0,ok,ok,ok,7,7,7,not_run
f2,main,B3,2021.07.14,true,96,195.0,201.73697662353516,199.91892723846436,38,35,182.0,193.0,200.2,0.8744858968615614,0.7128717157472264,0.5328577696690605,0.999827493754483,0.9994003225182811,0.2583385038461887,1.0,1.0,0.0,ok,ok,ok,7,7,7,not_run
f2,main,B3,2021.07.16,true,96,197.0,200.51935577392578,198.91553878021242,47,35,182.0,193.0,200.2,0.8744858968615614,0.7128717157472264,0.5328577696690605,0.999827493754483,0.9994003225182811,0.2583385038461887,1.0,1.0,0.0,ok,ok,ok,7,7,7,not_run
f2,main,B3,2021.07.17,true,96,110.0,121.89408493041992,129.14348095703124,5,16,182.0,193.0,200.2,0.0000173100065973264,1.9501040238179002e-7,6.969006371981834e-9,9.018730245122619e-12,9.018730245122619e-12,9.018730245122619e-12,0.0,0.0,0.0,ok,ok,ok,7,7,7,not_run
f2,main,B3,2021.07.18,true,96,28.0,28.808634757995605,30.8769606924057,4,86,182.0,193.0,200.2,0.0,0.0,0.0,9.018730245122619e-12,9.018730245122619e-12,9.018730245122619e-12,0.0,0.0,0.0,ok,ok,ok,7,7,7,not_run
f2,main,B3,2021.07.19,true,96,222.0,198.9420928955078,196.42118188476562,45,35,182.0,193.0,200.2,0.8078971033977131,0.636031738160437,0.46313084470141763,0.9990735107433698,0.9982663378270655,0.23334147609488667,1.0,1.0,1.0,ok,ok,ok,7,7,7,not_run
f2,main,B4,2021.07.11,true,96,28.0,29.712406158447266,31.794344862937926,46,46,182.0,193.0,200.2,0.0,0.0,0.0,2.164655569103837e-11,2.164655569103837e-11,1.4706629419499055e-84,0.0,0.0,0.0,ok,ok,ok,7,7,7,not_run
f2,main,B4,2021.07.12,true,96,198.0,195.369873046875,197.39757787322998,34,35,182.0,193.0,200.2,0.873,0.576,0.376,0.9995403095170229,0.9985048656516841,0.09430146747348227,1.0,1.0,0.0,ok,ok,ok,7,7,7,not_run
f2,main,B4,2021.07.14,true,96,195.0,195.97840118408203,198.18900900268554,38,35,182.0,193.0,200.2,0.8885,0.5985,0.3895,0.9997115109830526,0.9987683319171992,0.29687026892599555,1.0,1.0,0.0,ok,ok,ok,7,7,7,not_run
f2,main,B4,2021.07.16,true,96,197.0,195.23650360107422,197.08375646972655,47,35,182.0,193.0,200.2,0.875,0.5675,0.3685,0.9995658918644909,0.9983924942325996,0.04528282967454373,1.0,1.0,0.0,ok,ok,ok,7,7,7,not_run
f2,main,B4,2021.07.17,true,96,110.0,120.95581817626953,124.9333328704834,5,16,182.0,193.0,200.2,0.0005,0.0,0.0,1.928573676549484e-10,1.928573676549484e-10,1.4706629419499055e-84,0.0,0.0,0.0,ok,ok,ok,7,7,7,not_run
f2,main,B4,2021.07.18,true,96,28.0,29.754199981689453,31.91347038650513,4,6,182.0,193.0,200.2,0.0,0.0,0.0,2.164655569103837e-11,2.164655569103837e-11,1.4706629419499055e-84,0.0,0.0,0.0,ok,ok,ok,7,7,7,not_run
f2,main,B4,2021.07.19,true,96,222.0,195.45428466796875,198.10222175598145,45,35,182.0,193.0,200.2,0.876,0.571,0.4,0.9995782687137684,0.9984396835213315,0.5533980720925499,1.0,1.0,1.0,ok,ok,ok,7,7,7,not_run
f2,copies,B1,2021.07.11,true,96,28.0,28.038310292757423,42.93044138616188,46,76,181.0,191.0,198.0,0.03915315384817658,0.001684591078795531,0.0004405946483696707,0.00749892606756811,0.0020626436634895704,0.0020626436634895704,0.0,0.0,0.0,ok,ok,ok,7,7,7,not_run
f2,copies,B1,2021.07.12,true,96,198.0,192.46839854886304,189.84349564376282,34,34,181.0,191.0,198.0,0.9323428236454222,0.7979004619596248,0.04454030029000714,0.999347851824874,0.999347851824874,0.29153923980679375,1.0,1.0,0.0,ok,ok,ok,7,7,7,not_run
f2,copies,B1,2021.07.14,true,96,195.0,186.49175575820607,185.43881650552828,38,35,181.0,191.0,198.0,0.8913438894058663,0.49556256244446745,0.0351851076640289,0.9980658464511624,0.9980658464511624,0.2692419866280297,1.0,1.0,0.0,ok,ok,ok,7,7,7,not_run
f2,copies,B1,2021.07.16,true,96,197.0,178.98095606285096,174.5322302327155,47,34,181.0,191.0,198.0,0.28870039535128117,0.015015447862395613,0.0027900687513279765,0.4844844801558178,0.4844844801558178,0.10390076432859238,1.0,1.0,0.0,ok,ok,ok,7,7,7,not_run
f2,copies,B1,2021.07.17,true,96,110.0,115.34670800508965,118.50999927948018,5,24,181.0,191.0,198.0,0.009396888308587538,0.003863818215828659,0.0004958728138244055,0.00035463676640379044,0.00035463676640379044,0.00035463676640379044,0.0,0.0,0.0,ok,ok,ok,7,7,7,not_run
f2,copies,B1,2021.07.18,true,96,28.0,30.16087950297771,46.541948598637916,4,74,181.0,191.0,198.0,0.2981912623396552,0.0019514528317405068,0.00044014867798309996,0.5084937674343382,0.003679075956947686,0.003679075956947686,0.0,0.0,0.0,ok,ok,ok,7,7,7,not_run
f2,copies,B1,2021.07.19,true,96,222.0,194.98296921809245,191.67688285756654,45,34,181.0,191.0,198.0,0.9746869906255761,0.12656314832622084,0.012879593372206845,0.9999244600063405,0.9999244600063405,0.18827008590727204,1.0,1.0,1.0,ok,ok,ok,7,7,7,not_run
f2,copies,B4,2021.07.11,true,96,28.0,53.73351860046387,54.440395484924316,46,33,181.0,191.0,198.0,0.0,0.0,0.0,4.046126039284669e-12,4.046126039284669e-12,4.046126039284669e-12,0.0,0.0,0.0,ok,ok,ok,7,7,7,not_run
f2,copies,B4,2021.07.12,true,96,198.0,197.12586212158203,197.481015083313,34,35,181.0,191.0,198.0,0.819,0.6265,0.4835,0.9994292878795954,0.9985583938903204,0.23104069778206288,1.0,1.0,0.0,ok,ok,ok,7,7,7,not_run
f2,copies,B4,2021.07.14,true,96,195.0,198.8707275390625,198.8037473602295,38,35,181.0,191.0,198.0,0.823,0.6565,0.519,0.9994802421036841,0.9990024356920864,0.28527546288266953,1.0,1.0,0.0,ok,ok,ok,7,7,7,not_run
f2,copies,B4,2021.07.16,true,96,197.0,197.28079986572266,197.76717218017578,47,35,181.0,191.0,198.0,0.8125,0.62,0.4845,0.9993378614366686,0.9984413245900968,0.23246590743916226,1.0,1.0,0.0,ok,ok,ok,7,7,7,not_run
f2,copies,B4,2021.07.17,true,96,110.0,124.41851425170898,125.05051064682007,5,7,181.0,191.0,198.0,0.0025,0.0,0.0,1.117184849495981e-8,1.075125965229287e-8,1.075125965229287e-8,0.0,0.0,0.0,ok,ok,ok,7,7,7,not_run
f2,copies,B4,2021.07.18,true,96,28.0,54.22567558288574,54.711790927886966,4,46,181.0,191.0,198.0,0.0,0.0,0.0,4.046126039284669e-12,4.046126039284669e-12,4.046126039284669e-12,0.0,0.0,0.0,ok,ok,ok,7,7,7,not_run
f2,copies,B4,2021.07.19,true,96,222.0,197.96187591552734,198.30544038391113,45,35,181.0,191.0,198.0,0.8225,0.65,0.498,0.9994740829448926,0.9989182969798035,0.2522883186403048,1.0,1.0,1.0,ok,ok,ok,7,7,7,not_run
f2,suspect,B1,2021.07.13,true,96,190.0,192.80117546155395,193.4859348192435,92,35,182.0,193.0,201.4,0.9494065098489861,0.315936660147871,0.02769946349986082,0.9999485384212394,0.8297855976192442,0.005931452063583342,1.0,0.0,0.0,ok,ok,ok,7,7,7,not_run
f2,suspect,B1,2021.07.14,true,96,195.0,190.32397430104018,191.2160643838351,38,35,182.0,193.0,201.4,0.4261259252701619,0.26231869870584684,0.03663534648962567,0.9551738126382537,0.7904096140493561,0.05180216118899265,1.0,1.0,0.0,ok,ok,ok,7,7,7,not_run
f2,suspect,B1,2021.07.15,true,96,202.0,190.4488367380882,192.56286135848308,73,45,182.0,193.0,201.4,0.7611141233030557,0.3790620373161787,0.2606180261871089,0.9978338900122996,0.8650681021619081,0.8650681021619081,1.0,1.0,1.0,ok,ok,ok,7,7,7,not_run
f2,suspect,B1,2021.07.16,true,96,197.0,185.14167055759347,187.50561753028455,47,46,182.0,193.0,201.4,0.4648207276483273,0.10712215273651196,0.04839664181585278,0.9673852895934968,0.5647661001511884,0.3366161772789097,1.0,1.0,0.0,ok,ok,ok,7,7,7,not_run
f2,suspect,B1,2021.07.17,true,96,110.0,107.32768159588855,93.79098179128073,5,25,182.0,193.0,201.4,0.1724134096513061,0.010472172463163034,0.009587834443273106,0.5931648510010326,0.1068274794039346,1.5199978579896161e-6,0.0,0.0,0.0,ok,ok,ok,7,7,7,not_run
f2,suspect,B1,2021.07.18,true,96,28.0,89.29328703965382,76.63645073607138,4,46,182.0,193.0,201.4,0.014081249315201874,0.006062710511942898,0.0049945491103715696,0.005073189357474404,0.005073189357474404,9.886343149864335e-9,0.0,0.0,0.0,ok,ok,ok,7,7,7,not_run
f2,suspect,B1,2021.07.19,true,96,222.0,181.95094307985931,178.59961832599134,45,46,182.0,193.0,201.4,0.1431299207073541,0.24561680288909568,0.054875050453030025,0.4777331527508556,0.4777331527508556,0.4777331527508556,1.0,1.0,1.0,ok,ok,ok,7,7,7,not_run
f2,suspect,B4,2021.07.13,true,96,190.0,195.43810272216797,197.6243977737427,92,35,182.0,193.0,201.4,0.8995,0.5725,0.347,0.9996931063753688,0.3447734310268249,0.3447734310268249,1.0,0.0,0.0,ok,ok,ok,7,7,7,not_run
f2,suspect,B4,2021.07.14,true,96,195.0,198.49478149414062,201.4801436843872,38,35,182.0,193.0,201.4,0.922,0.6685,0.427,0.9998688690966562,0.9998688690966562,0.42629302261197644,1.0,1.0,0.0,ok,ok,ok,7,7,7,not_run
f2,suspect,B4,2021.07.15,true,96,202.0,195.594482421875,197.50498723602294,73,35,182.0,193.0,201.4,0.898,0.5905,0.3365,0.9996772472142962,0.8071720034786882,0.3722742458764389,1.0,1.0,1.0,ok,ok,ok,7,7,7,not_run
f2,suspect,B4,2021.07.16,true,96,197.0,196.66252899169922,199.00220320129395,47,35,182.0,193.0,201.4,0.9095,0.601,0.382,0.999784635909924,0.9342610466205947,0.3997420850880291,1.0,1.0,0.0,ok,ok,ok,7,7,7,not_run
f2,suspect,B4,2021.07.17,true,96,110.0,122.09295272827148,125.92092207717896,5,16,182.0,193.0,201.4,0.0005,0.0,0.0,3.2364953705959423e-10,1.5359325480544928e-105,1.5359325480544928e-105,0.0,0.0,0.0,ok,ok,ok,7,7,7,not_run
f2,suspect,B4,2021.07.18,true,96,28.0,31.45538902282715,32.98771350097656,4,46,182.0,193.0,201.4,0.0,0.0,0.0,3.884365765134168e-11,1.5359325480544928e-105,1.5359325480544928e-105,0.0,0.0,0.0,ok,ok,ok,7,7,7,not_run
f2,suspect,B4,2021.07.19,true,96,222.0,196.62787628173828,199.23743129730224,45,35,182.0,193.0,201.4,0.8905,0.5995,0.3985,0.9995886755385192,0.9226430443637245,0.40953047645988766,1.0,1.0,1.0,ok,ok,ok,7,7,7,not_run
f2,protoA,B1,2021.07.11,true,96,28.0,96.84891176586925,86.25845597695815,46,47,182.0,193.0,200.2,0.007201815406755943,0.0020738221701422496,0.012492622498568272,1.158585781735378e-10,1.158585781735378e-10,1.158585781735378e-10,0.0,0.0,0.0,ok,ok,ok,7,7,7,not_run
f2,protoA,B1,2021.07.12,true,96,198.0,181.70148364374882,174.4253953527293,34,34,182.0,193.0,200.2,0.19485126312943182,0.04941096444042546,0.03960511398989056,0.5195599633357032,0.5195599633357032,0.007027081137579211,1.0,1.0,0.0,ok,ok,ok,7,7,7,not_run
f2,protoA,B1,2021.07.14,true,96,195.0,190.46431319814334,184.90148319783506,38,34,182.0,193.0,200.2,0.6382158539807281,0.5132576712256999,0.11001105686500585,0.9999979133431761,0.9999979133431761,0.4787448397001825,1.0,1.0,0.0,ok,ok,ok,7,7,7,not_run
f2,protoA,B1,2021.07.16,true,96,197.0,183.23556013714725,173.32044415018174,47,59,182.0,193.0,200.2,0.3238669427217635,0.15992021381573965,0.06724448242050117,0.9895117828085473,0.9895117828085473,0.07762871704694276,1.0,1.0,0.0,ok,ok,ok,7,7,7,not_run
f2,protoA,B1,2021.07.17,true,96,110.0,109.50952202348678,113.77155678772162,5,16,182.0,193.0,200.2,0.19145051877006108,0.0030185997499940975,0.02370903715240009,0.483867826017977,0.008932909761594937,0.0006764038482890101,0.0,0.0,0.0,ok,ok,ok,7,7,7,not_run
f2,protoA,B1,2021.07.18,true,96,28.0,96.84891176586925,86.41355989740055,4,45,182.0,193.0,200.2,0.007701246552810668,0.0020738221701422496,0.012492622498568272,1.8028132097027809e-10,1.8028132097027809e-10,1.8028132097027809e-10,0.0,0.0,0.0,ok,ok,ok,7,7,7,not_run
f2,protoA,B1,2021.07.19,true,96,222.0,182.3053688564981,174.56132178733466,45,34,182.0,193.0,200.2,0.3768081877608692,0.04941096444042546,0.10544903659451803,0.9976978565790594,0.9861131361546006,0.42666604750897774,1.0,1.0,1.0,ok,ok,ok,7,7,7,not_run
f2,protoA,B4,2021.07.11,true,96,28.0,60.70111274719238,66.61325767326355,46,59,182.0,193.0,200.2,0.0,0.0,0.0,1.3296689332375066e-11,1.3296689332375066e-11,1.3296689332375066e-11,0.0,0.0,0.0,ok,ok,ok,7,7,7,not_run
f2,protoA,B4,2021.07.12,true,96,198.0,196.3657989501953,198.76124340820311,34,35,182.0,193.0,200.2,0.872,0.603,0.3945,0.9995981746398871,0.9984822535768745,0.22821163855695475,1.0,1.0,0.0,ok,ok,ok,7,7,7,not_run
f2,protoA,B4,2021.07.14,true,96,195.0,197.9565658569336,200.86617288208006,38,35,182.0,193.0,200.2,0.872,0.6225,0.451,0.9995981746398871,0.9988116800651219,0.26409190430610086,1.0,1.0,0.0,ok,ok,ok,7,7,7,not_run
f2,protoA,B4,2021.07.16,true,96,197.0,197.55889892578125,200.11680297851564,47,35,182.0,193.0,200.2,0.8595,0.6145,0.4425,0.9994319871236,0.9986854605371941,0.25854681823215175,1.0,1.0,0.0,ok,ok,ok,7,7,7,not_run
f2,protoA,B4,2021.07.17,true,96,110.0,125.05313873291016,128.59143184280396,5,16,182.0,193.0,200.2,0.019,0.008,0.0025,0.000015936477592170525,0.000015936477592170525,0.000015936477592170525,0.0,0.0,0.0,ok,ok,ok,7,7,7,not_run
f2,protoA,B4,2021.07.18,true,96,28.0,61.161865234375,67.31545809173583,4,61,182.0,193.0,200.2,0.0,0.0,0.0,1.3296689332375066e-11,1.3296689332375066e-11,1.3296689332375066e-11,0.0,0.0,0.0,ok,ok,ok,7,7,7,not_run
f2,protoA,B4,2021.07.19,true,96,222.0,197.0878448486328,199.82683967590333,45,35,182.0,193.0,200.2,0.883,0.6135,0.4235,0.999710936387077,0.9986688441003092,0.246347513553342,1.0,1.0,1.0,ok,ok,ok,7,7,7,not_run
f2,K2,B4,2021.07.11,true,96,28.0,32.36180877685547,33.0344636631012,46,95,182.0,193.0,200.2,0.0,0.0,0.0,1.514781499903466e-11,1.514781499903466e-11,5.393111860842544e-28,0.0,0.0,0.0,ok,ok,ok,7,7,7,not_run
f2,K2,B4,2021.07.12,true,96,198.0,199.1953582763672,199.56576929473877,34,35,182.0,193.0,200.2,0.8455,0.638,0.473,0.9992756661692765,0.9983818964935068,0.13937728808744945,1.0,1.0,0.0,ok,ok,ok,7,7,7,not_run
f2,K2,B4,2021.07.14,true,96,195.0,200.76168060302734,201.02244590759278,38,35,182.0,193.0,200.2,0.887,0.6865,0.5135,0.9997728664361691,0.9991727048079646,0.35137063282555614,1.0,1.0,0.0,ok,ok,ok,7,7,7,not_run
f2,K2,B4,2021.07.16,true,96,197.0,199.97333526611328,200.0901951675415,47,35,182.0,193.0,200.2,0.8775,0.6725,0.494,0.9996951778984449,0.9989908437186847,0.23253221825622672,1.0,1.0,0.0,ok,ok,ok,7,7,7,not_run
f2,K2,B4,2021.07.17,true,96,110.0,129.08898162841797,128.73444080734254,5,16,182.0,193.0,200.2,0.0,0.0,0.0,1.514781499903466e-11,1.514781499903466e-11,5.393111860842544e-28,0.0,0.0,0.0,ok,ok,ok,7,7,7,not_run
f2,K2,B4,2021.07.18,true,96,28.0,32.90196228027344,33.46080284786224,4,46,182.0,193.0,200.2,0.0,0.0,0.0,1.514781499903466e-11,1.514781499903466e-11,5.393111860842544e-28,0.0,0.0,0.0,ok,ok,ok,7,7,7,not_run
f2,K2,B4,2021.07.19,true,96,222.0,200.26863861083984,200.13230908203124,45,35,182.0,193.0,200.2,0.8595,0.659,0.502,0.9994936949285741,0.9987827445134595,0.2777351687354167,1.0,1.0,1.0,ok,ok,ok,7,7,7,not_run
f2,re,B4,2021.07.11,true,96,28.0,29.254674911499023,29.26691320133209,46,46,182.0,193.0,200.2,0.0,0.0,0.0,9.676649394885808e-8,9.676649394885808e-8,3.085564091310932e-22,0.0,0.0,0.0,ok,ok,ok,7,7,7,not_run
f2,re,B4,2021.07.12,true,96,198.0,185.17935180664062,184.96632400894165,34,35,182.0,193.0,200.2,0.549,0.396,0.301,0.9984970891057667,0.9981023182363196,0.2589976682964097,1.0,1.0,0.0,ok,ok,ok,7,7,7,not_run
f2,re,B4,2021.07.14,true,96,195.0,185.5829315185547,185.2461823348999,38,35,182.0,193.0,200.2,0.5485,0.395,0.297,0.9984889839774089,0.9980848688274141,0.23588935765989322,1.0,1.0,0.0,ok,ok,ok,7,7,7,not_run
f2,re,B4,2021.07.16,true,96,197.0,184.65956115722656,184.72309481048583,47,35,182.0,193.0,200.2,0.5395,0.3765,0.2975,0.9983356782194942,0.9977280544292862,0.23870784857718613,1.0,1.0,0.0,ok,ok,ok,7,7,7,not_run
f2,re,B4,2021.07.17,true,96,110.0,112.41061019897461,112.87760186576843,5,16,182.0,193.0,200.2,0.005,0.0015,0.0,0.0002896395211028495,0.0002896395211028495,3.085564091310932e-22,0.0,0.0,0.0,ok,ok,ok,7,7,7,not_run
f2,re,B4,2021.07.18,true,96,28.0,28.848684310913086,28.920443608760834,4,6,182.0,193.0,200.2,0.0,0.0,0.0,9.676649394885808e-8,9.676649394885808e-8,3.085564091310932e-22,0.0,0.0,0.0,ok,ok,ok,7,7,7,not_run
f2,re,B4,2021.07.19,true,96,222.0,185.6929473876953,184.73060263442994,45,35,182.0,193.0,200.2,0.544,0.3905,0.3015,0.9984141184793826,0.9980041421660824,0.2619746218694624,1.0,1.0,1.0,ok,ok,ok,7,7,7,not_run
f2,AWstar,B1,2021.07.11,true,96,28.0,99.6503191019623,85.16616953528434,46,63,182.0,193.0,200.2,0.014434796017419689,0.004398147901278477,0.03211518378862155,4.748326953063755e-21,4.748326953063755e-21,4.748326953063755e-21,0.0,0.0,0.0,ok,ok,ok,7,7,7,not_run
f2,AWstar,B1,2021.07.12,true,96,198.0,180.429659491496,178.29071395751274,34,34,182.0,193.0,200.2,0.250921254622587,0.0472900622179185,0.07625062112517957,0.7480123815702397,0.7480123815702397,0.10855162048618511,1.0,1.0,0.0,ok,ok,ok,7,7,7,not_run
f2,AWstar,B1,2021.07.14,true,96,195.0,187.49622649530494,183.22385189149284,38,34,182.0,193.0,200.2,0.8409230279547052,0.3863320097759135,0.20347776369800502,1.0,0.9999989117184555,0.3480077027404147,1.0,1.0,0.0,ok,ok,ok,7,7,7,not_run
f2,AWstar,B1,2021.07.16,true,96,197.0,177.3996797976688,174.7841681502257,47,59,182.0,193.0,200.2,0.526703479597512,0.1758392155879004,0.12248138498687364,0.9999999964509735,0.9999299569255101,0.19489784021179266,1.0,1.0,0.0,ok,ok,ok,7,7,7,not_run
f2,AWstar,B1,2021.07.17,true,96,110.0,113.06500129158287,125.60258875976864,5,25,182.0,193.0,200.2,0.22404065309286503,0.005713872370180423,0.06184995342142305,0.23416710250423953,0.012810341760589957,0.012810341760589957,0.0,0.0,0.0,ok,ok,ok,7,7,7,not_run
f2,AWstar,B1,2021.07.18,true,96,28.0,99.6503191019623,85.09399946828006,4,46,182.0,193.0,200.2,0.014434796017419689,0.004398147901278477,0.03211518378862155,4.748326953063755e-21,4.748326953063755e-21,4.748326953063755e-21,0.0,0.0,0.0,ok,ok,ok,7,7,7,not_run
f2,AWstar,B1,2021.07.19,true,96,222.0,180.429659491496,178.35749726173378,45,34,182.0,193.0,200.2,0.45138483989958,0.0472900622179185,0.12143213051323636,0.9999996397052359,0.9811814494184157,0.1928944366836447,1.0,1.0,1.0,ok,ok,ok,7,7,7,not_run
f2,B,B4,2021.07.11,true,96,28.0,29.767638206481934,30.118131008148193,46,46,182.0,193.0,200.2,0.0,0.0,0.0,1.5086118514593856e-10,1.4764109957336626e-12,3.650862200171775e-83,0.0,0.0,0.0,ok,ok,ok,7,7,7,not_run
f2,B,B4,2021.07.12,true,96,198.0,199.48146057128906,199.7742879714966,34,35,182.0,193.0,200.2,0.991,0.802,0.458,0.9999845328675889,0.9992816273333285,0.14369408644722204,1.0,1.0,0.0,ok,ok,ok,7,7,7,not_run
f2,B,B4,2021.07.14,true,96,195.0,199.60980987548828,200.09757793426513,38,35,182.0,193.0,200.2,0.9955,0.816,0.4695,0.9999974656458668,0.9994795117306081,0.3285490053208249,1.0,1.0,0.0,ok,ok,ok,7,7,7,not_run
f2,B,B4,2021.07.16,true,96,197.0,199.36046600341797,199.78180431365968,47,35,182.0,193.0,200.2,0.995,0.808,0.4535,0.9999966652524778,0.9993729017119064,0.09932200145800507,1.0,1.0,0.0,ok,ok,ok,7,7,7,not_run
f2,B,B4,2021.07.17,true,96,110.0,160.34686279296875,160.1696983642578,5,35,182.0,193.0,200.2,0.101,0.0325,0.017,0.0011349046727638895,0.00005491347828018633,1.3783434078926343e-40,0.0,0.0,0.0,ok,ok,ok,7,7,7,not_run
f2,B,B4,2021.07.18,true,96,28.0,29.822482109069824,30.1349061460495,4,46,182.0,193.0,200.2,0.0,0.0,0.0,1.5086118514593856e-10,1.4764109957336626e-12,3.650862200171775e-83,0.0,0.0,0.0,ok,ok,ok,7,7,7,not_run
f2,B,B4,2021.07.19,true,96,222.0,199.68377685546875,200.16694554901122,45,35,182.0,193.0,200.2,0.9965,0.822,0.474,0.9999986824392191,0.999549280296564,0.4263228794105564,1.0,1.0,1.0,ok,ok,ok,7,7,7,not_run
f3,main,B0,2021.07.26,true,96,217.0,222.0,222.0,33,45,184.0,197.75,210.10000000000002,1.0,1.0,1.0,0.8002845763273615,0.8002845763273615,0.7499730483083983,1.0,1.0,1.0,ok,ok,ok,7,7,7,not_run
f3,main,B0,2021.07.27,true,96,211.0,201.0,201.0,46,34,184.0,197.75,210.10000000000002,1.0,1.0,0.0,0.8002845763273615,0.8002845763273615,0.33330173905658506,1.0,1.0,1.0,ok,ok,ok,7,7,7,not_run
f3,main,B0,2021.07.28,true,96,212.0,214.0,214.0,47,39,184.0,197.75,210.10000000000002,1.0,1.0,1.0,0.8002845763273615,0.8002845763273615,0.7499730483083983,1.0,1.0,1.0,ok,ok,ok,7,7,7,not_run
f3,main,B0,2021.07.29,true,96,211.0,213.0,213.0,47,33,184.0,197.75,210.10000000000002,1.0,1.0,1.0,0.8002845763273615,0.8002845763273615,0.7499730483083983,1.0,1.0,1.0,ok,ok,ok,7,7,7,not_run
f3,main,B0,2021.07.31,true,96,28.0,104.0,104.0,73,14,184.0,197.75,210.10000000000002,0.0,0.0,0.0,0.0007426697427885545,0.0007426697427885545,0.0007426697427885545,0.0,0.0,0.0,ok,ok,ok,7,7,7,not_run
f3,main,B0,2021.08.01,true,96,28.0,29.0,29.0,35,8,184.0,197.75,210.10000000000002,0.0,0.0,0.0,0.0007426697427885545,0.0007426697427885545,0.0007426697427885545,0.0,0.0,0.0,ok,ok,ok,7,7,7,not_run
f3,main,B0,2021.08.02,true,96,26.0,217.0,217.0,13,33,184.0,197.75,210.10000000000002,1.0,1.0,1.0,0.8002845763273615,0.8002845763273615,0.7499730483083983,0.0,0.0,0.0,ok,ok,ok,7,7,7,not_run
f3,main,B0p,2021.07.26,true,96,217.0,206.0,206.0,33,63,184.0,197.75,210.10000000000002,1.0,1.0,0.0,0.9999781245616489,0.9999781245616489,0.24960697508793622,1.0,1.0,1.0,ok,ok,ok,7,7,7,not_run
f3,main,B0p,2021.07.27,true,96,211.0,217.0,217.0,46,33,184.0,197.75,210.10000000000002,1.0,1.0,1.0,0.9999781245616489,0.9999781245616489,0.999455093057845,1.0,1.0,1.0,ok,ok,ok,7,7,7,not_run
f3,main,B0p,2021.07.28,true,96,212.0,211.0,211.0,47,46,184.0,197.75,210.10000000000002,1.0,1.0,1.0,0.9999781245616489,0.9999781245616489,0.999455093057845,1.0,1.0,1.0,ok,ok,ok,7,7,7,not_run
f3,main,B0p,2021.07.29,true,96,211.0,212.0,212.0,47,47,184.0,197.75,210.10000000000002,1.0,1.0,1.0,0.9999781245616489,0.9999781245616489,0.999455093057845,1.0,1.0,1.0,ok,ok,ok,7,7,7,not_run
f3,main,B0p,2021.07.31,true,96,28.0,29.0,29.0,73,8,184.0,197.75,210.10000000000002,0.0,0.0,0.0,0.00002273603092110903,0.00002273603092110903,0.00002273603092110903,0.0,0.0,0.0,ok,ok,ok,7,7,7,not_run
f3,main,B0p,2021.08.01,true,96,28.0,29.0,29.0,35,8,184.0,197.75,210.10000000000002,0.0,0.0,0.0,0.00002273603092110903,0.00002273603092110903,0.00002273603092110903,0.0,0.0,0.0,ok,ok,ok,7,7,7,not_run
f3,main,B0p,2021.08.02,true,96,26.0,28.0,28.0,13,35,184.0,197.75,210.10000000000002,0.0,0.0,0.0,0.00002273603092110903,0.00002273603092110903,0.00002273603092110903,0.0,0.0,0.0,ok,ok,ok,7,7,7,not_run
f3,main,BB,2021.07.26,true,96,217.0,181.55008371208348,181.55008371208348,33,34,184.0,197.75,210.10000000000002,0.0,0.0,0.0,0.5714279825362351,0.5714279825362351,0.5714279825362351,1.0,1.0,1.0,ok,ok,ok,7,7,7,not_run
f3,main,BB,2021.07.27,true,96,211.0,181.55008371208348,181.55008371208348,46,34,184.0,197.75,210.10000000000002,0.0,0.0,0.0,0.5714279825362351,0.5714279825362351,0.5714279825362351,1.0,1.0,1.0,ok,ok,ok,7,7,7,not_run
f3,main,BB,2021.07.28,true,96,212.0,181.55008371208348,181.55008371208348,47,34,184.0,197.75,210.10000000000002,0.0,0.0,0.0,0.5714279825362351,0.5714279825362351,0.5714279825362351,1.0,1.0,1.0,ok,ok,ok,7,7,7,not_run
f3,main,BB,2021.07.29,true,96,211.0,181.55008371208348,181.55008371208348,47,34,184.0,197.75,210.10000000000002,0.0,0.0,0.0,0.5714279825362351,0.5714279825362351,0.5714279825362351,1.0,1.0,1.0,ok,ok,ok,7,7,7,not_run
f3,main,BB,2021.07.31,true,96,28.0,24.879096289549747,24.879096289549747,73,85,184.0,197.75,210.10000000000002,0.0,0.0,0.0,0.5714279825362351,0.5714279825362351,0.5714279825362351,0.0,0.0,0.0,ok,ok,ok,7,7,7,not_run
f3,main,BB,2021.08.01,true,96,28.0,24.89273638833887,24.89273638833887,35,85,184.0,197.75,210.10000000000002,0.0,0.0,0.0,0.5714279825362351,0.5714279825362351,0.5714279825362351,0.0,0.0,0.0,ok,ok,ok,7,7,7,not_run
f3,main,BB,2021.08.02,true,96,26.0,24.879096289549747,24.879096289549747,13,85,184.0,197.75,210.10000000000002,0.0,0.0,0.0,0.5714279825362351,0.5714279825362351,0.5714279825362351,0.0,0.0,0.0,ok,ok,ok,7,7,7,not_run
f3,main,B1,2021.07.26,true,96,217.0,198.80755354236362,195.17775756912843,33,33,184.0,197.75,210.10000000000002,0.9100957093933858,0.90035837641891,0.9335936448480442,0.9994339987408519,0.9994339987408519,0.9994339987408519,1.0,1.0,1.0,ok,ok,ok,7,7,7,not_run
f3,main,B1,2021.07.27,true,96,211.0,203.91457073399872,203.22609596009576,46,33,184.0,197.75,210.10000000000002,0.9894126564436709,0.8007232381477148,0.908917042028615,0.9999997926494837,0.9952767121468107,0.9952767121468107,1.0,1.0,1.0,ok,ok,ok,7,7,7,not_run
f3,main,B1,2021.07.28,true,96,212.0,202.59820633288913,202.94491024438284,47,34,184.0,197.75,210.10000000000002,0.9873689658189911,0.8913141351426688,0.8973489367883618,0.9999996084579051,0.9999687523312744,0.999255431930628,1.0,1.0,1.0,ok,ok,ok,7,7,7,not_run
f3,main,B1,2021.07.29,true,96,211.0,205.2219984518326,202.7244892489718,47,34,184.0,197.75,210.10000000000002,0.9864000575600599,0.8913141351426688,0.9141116900744981,0.9999994888315723,0.9999687523312744,0.9997216750653698,1.0,1.0,1.0,ok,ok,ok,7,7,7,not_run
f3,main,B1,2021.07.31,true,96,28.0,63.05559819900485,72.95440175481265,73,25,184.0,197.75,210.10000000000002,0.06892106554072608,0.11552901026678498,0.00006355829462665988,0.00004396253980426233,7.0281037693583616e-9,2.5027503187027622e-20,0.0,0.0,0.0,ok,ok,ok,7,7,7,not_run
f3,main,B1,2021.08.01,true,96,28.0,41.97134770095052,63.79370300225612,35,50,184.0,197.75,210.10000000000002,0.016597691919759974,0.01060604704986608,0.0025965780352577286,2.2774145119771961e-7,1.591323444040604e-16,1.591323444040604e-16,0.0,0.0,0.0,ok,ok,ok,7,7,7,not_run
f3,main,B1,2021.08.02,true,96,26.0,103.50705661177874,102.61170094253409,13,57,184.0,197.75,210.10000000000002,0.1605063369872749,0.4917436692651441,0.4194843402608374,0.001287150164197411,0.001287150164197411,0.001287150164197411,0.0,0.0,0.0,ok,ok,ok,7,7,7,not_run
f3,main,B2,2021.07.26,true,96,217.0,201.655517578125,201.64668319702147,33,34,184.0,197.75,210.10000000000002,0.8319813457647627,0.5419791195775838,0.38185113896179546,0.9991533622117452,0.9980836109072095,0.9976503200602552,1.0,1.0,1.0,ok,ok,ok,7,7,7,not_run
f3,main,B2,2021.07.27,true,96,211.0,203.43953704833984,202.50163312530518,46,34,184.0,197.75,210.10000000000002,0.859640989892895,0.5701559734131756,0.4074074139914916,0.9995761338107786,0.9984831355507306,0.9980762631776404,1.0,1.0,1.0,ok,ok,ok,7,7,7,not_run
f3,main,B2,2021.07.28,true,96,212.0,206.8009262084961,203.94911784362793,47,34,184.0,197.75,210.10000000000002,0.8821405963975983,0.6117929870836318,0.4506107457020784,0.9997793637152972,0.9989344049971536,0.9986170499350681,1.0,1.0,1.0,ok,ok,ok,7,7,7,not_run
f3,main,B2,2021.07.29,true,96,211.0,203.87801361083984,203.09616087341308,47,34,184.0,197.75,210.10000000000002,0.8643574263173004,0.5750054477481279,0.41181889577941333,0.999627462034497,0.998543466070861,0.998140767412157,1.0,1.0,1.0,ok,ok,ok,7,7,7,not_run
f3,main,B2,2021.07.31,true,96,28.0,37.1767635345459,36.464701060295106,73,5,184.0,197.75,210.10000000000002,0.0,0.0,0.0,1.2001483114620043e-11,1.2001483114620043e-11,1.2001483114620043e-11,0.0,0.0,0.0,ok,ok,ok,7,7,7,not_run
f3,main,B2,2021.08.01,true,96,28.0,36.15346336364746,35.149231280326845,35,85,184.0,197.75,210.10000000000002,0.0,0.0,0.0,1.2001483114620043e-11,1.2001483114620043e-11,1.2001483114620043e-11,0.0,0.0,0.0,ok,ok,ok,7,7,7,not_run
f3,main,B2,2021.08.02,true,96,26.0,36.10065841674805,35.17900352478027,13,85,184.0,197.75,210.10000000000002,0.0,0.0,0.0,1.2001483114620043e-11,1.2001483114620043e-11,1.2001483114620043e-11,0.0,0.0,0.0,ok,ok,ok,7,7,7,not_run
f3,main,B3,2021.07.26,true,96,217.0,199.8456039428711,200.59790993499755,33,46,184.0,197.75,210.10000000000002,0.9026725224282274,0.5488860750042763,0.26429832536392095,0.9991717969439938,0.9974572235964464,0.9963475050616833,1.0,1.0,1.0,ok,ok,ok,7,7,7,not_run
f3,main,B3,2021.07.27,true,96,211.0,204.5941619873047,203.89862996673585,46,34,184.0,197.75,210.10000000000002,0.9539093617391634,0.6449291121499158,0.3550241819972211,0.9999042814675989,0.9989945811785458,0.9983516555830674,1.0,1.0,1.0,ok,ok,ok,7,7,7,not_run
f3,main,B3,2021.07.28,true,96,212.0,203.878173828125,203.79702104187012,47,34,184.0,197.75,210.10000000000002,0.9549008784964462,0.6475248326657088,0.35757711440886886,0.9999099701517736,0.9990206905433568,0.9983855436048962,1.0,1.0,1.0,ok,ok,ok,7,7,7,not_run
f3,main,B3,2021.07.29,true,96,211.0,204.0482635498047,204.06807109832764,47,34,184.0,197.75,210.10000000000002,0.9545800511004522,0.6461877856445073,0.3562133737008947,0.9999081546667475,0.9990073165858209,0.9983675420599193,1.0,1.0,1.0,ok,ok,ok,7,7,7,not_run
f3,main,B3,2021.07.31,true,96,28.0,38.1256103515625,36.42519174861908,73,5,184.0,197.75,210.10000000000002,0.0,0.0,0.0,6.220453464106009e-10,6.220453464106009e-10,6.220453464106009e-10,0.0,0.0,0.0,ok,ok,ok,7,7,7,not_run
f3,main,B3,2021.08.01,true,96,28.0,28.667734146118164,31.061953665733338,35,85,184.0,197.75,210.10000000000002,0.0,0.0,0.0,6.220453464106009e-10,6.220453464106009e-10,6.220453464106009e-10,0.0,0.0,0.0,ok,ok,ok,7,7,7,not_run
f3,main,B3,2021.08.02,true,96,26.0,37.05877113342285,36.0571221075058,13,85,184.0,197.75,210.10000000000002,0.0,0.0,0.0,6.220453464106009e-10,6.220453464106009e-10,6.220453464106009e-10,0.0,0.0,0.0,ok,ok,ok,7,7,7,not_run
f3,main,B4,2021.07.26,true,96,217.0,202.29102325439453,204.0042322769165,33,34,184.0,197.75,210.10000000000002,0.947,0.6275,0.305,0.9996792347758077,0.9984688056210389,0.9979988279215649,1.0,1.0,1.0,ok,ok,ok,7,7,7,not_run
f3,main,B4,2021.07.27,true,96,211.0,202.65386962890625,204.39986640930175,46,34,184.0,197.75,210.10000000000002,0.9645,0.661,0.286,0.9998876347786821,0.999001034925438,0.9976247739018802,1.0,1.0,1.0,ok,ok,ok,7,7,7,not_run
f3,main,B4,2021.07.28,true,96,212.0,202.61524200439453,204.40462716674804,47,34,184.0,197.75,210.10000000000002,0.96,0.644,0.2955,0.9998467282702624,0.998756446755269,0.9978215338812556,1.0,1.0,1.0,ok,ok,ok,7,7,7,not_run
f3,main,B4,2021.07.29,true,96,211.0,202.26392364501953,204.03005281829834,47,34,184.0,197.75,210.10000000000002,0.9525,0.648,0.2855,0.9997596738043678,0.9988183747866033,0.9976138285124143,1.0,1.0,1.0,ok,ok,ok,7,7,7,not_run
f3,main,B4,2021.07.31,true,96,28.0,40.92035484313965,42.89092128753662,73,0,184.0,197.75,210.10000000000002,0.0,0.0,0.0,2.1946635268104666e-9,2.1946635268104666e-9,2.1946635268104666e-9,0.0,0.0,0.0,ok,ok,ok,7,7,7,not_run
f3,main,B4,2021.08.01,true,96,28.0,30.93616008758545,33.284396663665774,35,46,184.0,197.75,210.10000000000002,0.0,0.0,0.0,2.1946635268104666e-9,2.1946635268104666e-9,2.1946635268104666e-9,0.0,0.0,0.0,ok,ok,ok,7,7,7,not_run
f3,main,B4,2021.08.02,true,96,26.0,35.34707450866699,36.244674377441406,13,5,184.0,197.75,210.10000000000002,0.0,0.0,0.0,2.1946635268104666e-9,2.1946635268104666e-9,2.1946635268104666e-9,0.0,0.0,0.0,ok,ok,ok,7,7,7,not_run
f3,copies,B1,2021.07.27,true,96,211.0,201.09510341456732,199.95776092623382,46,34,182.0,193.0,204.0,0.9985538494971996,0.952291553810088,0.9492255984234558,0.9994324766240702,0.7700656258060002,0.7700656258060002,1.0,1.0,1.0,ok,ok,ok,7,7,7,not_run
f3,copies,B1,2021.07.28,true,96,212.0,200.31835604244904,200.9875397396831,47,58,182.0,193.0,204.0,0.9981729789592709,0.9610495410116421,0.9354907058583921,0.9989218003480197,0.7962855812383438,0.7962855812383438,1.0,1.0,1.0,ok,ok,ok,7,7,7,not_run
f3,copies,B1,2021.07.29,true,96,211.0,199.80442645222573,200.92259297003653,47,35,182.0,193.0,204.0,0.9982751893721649,0.9730387133212447,0.9876081064680311,0.9990794055864506,0.837605620749877,0.837605620749877,1.0,1.0,1.0,ok,ok,ok,7,7,7,not_run
f3,copies,B1,2021.07.30,true,96,212.0,198.87035912783617,197.60181287421236,47,46,182.0,193.0,204.0,0.9968626231842609,0.9480624768013433,0.9925447603679649,0.9952493623171724,0.7583232625786124,0.7583232625786124,1.0,1.0,1.0,ok,ok,ok,7,7,7,not_run
f3,copies,B1,2021.07.31,true,96,28.0,125.36300403425096,117.81572296840908,73,14,182.0,193.0,204.0,0.7327336557899411,0.020862405314017694,0.0005656569180163183,0.0004565946628665841,0.0004565946628665841,1.999336260034394e-8,0.0,0.0,0.0,ok,ok,ok,7,7,7,not_run
f3,copies,B1,2021.08.01,true,96,28.0,27.837210288167153,43.084558762794416,35,95,182.0,193.0,204.0,0.002599312513723289,0.0012608608923441755,0.0001737277963137461,2.3483546088973562e-12,2.3483546088973562e-12,2.3483546088973562e-12,0.0,0.0,0.0,ok,ok,ok,7,7,7,not_run
f3,copies,B1,2021.08.02,true,96,26.0,152.43232117158357,132.52670614874242,13,33,182.0,193.0,204.0,0.9121562942748568,0.9663035096330256,0.008372230350479473,0.017317895165586236,0.017317895165586236,0.000016473820216565518,0.0,0.0,0.0,ok,ok,ok,7,7,7,not_run
f3,copies,B4,2021.07.27,true,96,211.0,203.5625457763672,204.29807431030272,46,33,182.0,193.0,204.0,0.899,0.741,0.492,0.9996672334266922,0.9991706769801214,0.9982048936799219,1.0,1.0,1.0,ok,ok,ok,7,7,7,not_run
f3,copies,B4,2021.07.28,true,96,212.0,204.43488311767578,205.05712421417238,47,33,182.0,193.0,204.0,0.898,0.7395,0.5095,0.9996560128275722,0.9991475134182626,0.9984298882034263,1.0,1.0,1.0,ok,ok,ok,7,7,7,not_run
f3,copies,B4,2021.07.29,true,96,211.0,204.14986419677734,204.36833723449706,47,33,182.0,193.0,204.0,0.896,0.74,0.5015,0.9996327384714356,0.9991552958692358,0.9983307535733553,1.0,1.0,1.0,ok,ok,ok,7,7,7,not_run
f3,copies,B4,2021.07.30,true,96,212.0,204.51712036132812,204.76039637756347,47,33,182.0,193.0,204.0,0.8975,0.7395,0.5095,0.9996502992408659,0.9991475134182626,0.9984298882034263,1.0,1.0,1.0,ok,ok,ok,7,7,7,not_run
f3,copies,B4,2021.07.31,true,96,28.0,50.65099906921387,51.150863088607785,73,46,182.0,193.0,204.0,0.0,0.0,0.0,5.104247842455756e-11,5.462695588053546e-12,5.462695588053546e-12,0.0,0.0,0.0,ok,ok,ok,7,7,7,not_run
f3,copies,B4,2021.08.01,true,96,28.0,47.44135093688965,48.06086197948456,35,46,182.0,193.0,204.0,0.0,0.0,0.0,5.104247842455756e-11,5.462695588053546e-12,5.462695588053546e-12,0.0,0.0,0.0,ok,ok,ok,7,7,7,not_run
f3,copies,B4,2021.08.02,true,96,26.0,56.742889404296875,57.49062985038757,13,43,182.0,193.0,204.0,0.0,0.0,0.0,5.104247842455756e-11,5.462695588053546e-12,5.462695588053546e-12,0.0,0.0,0.0,ok,ok,ok,7,7,7,not_run
f3,suspect,B1,2021.07.26,true,96,217.0,194.93951132398897,186.7384354929397,33,33,184.5,198.0,209.5,0.9023140183410797,0.562933181956887,0.5872226005991104,0.9973918588898973,0.48708473952062825,0.48708473952062825,1.0,1.0,1.0,ok,ok,ok,7,7,7,not_run
f3,suspect,B1,2021.07.27,true,96,211.0,199.9759132171828,199.1226602709861,46,58,184.5,198.0,209.5,0.9916721183739299,0.82586941023776,0.20788753870768784,0.9999999937062135,0.8459208536105481,0.8459208536105481,1.0,1.0,1.0,ok,ok,ok,7,7,7,not_run
f3,suspect,B1,2021.07.28,true,96,212.0,200.95026251994645,200.48150885563786,47,34,184.5,198.0,209.5,0.9886964899420477,0.8986930558172285,0.8163929527284205,0.9999999700140323,0.9272899271298668,0.9272899271298668,1.0,1.0,1.0,ok,ok,ok,7,7,7,not_run
f3,suspect,B1,2021.07.29,true,96,211.0,201.19536938753146,201.21267651675294,47,33,184.5,198.0,209.5,0.9886964899420477,0.9069076272666233,0.9229354871174063,0.9999999700140323,0.9353455028154453,0.9353455028154453,1.0,1.0,1.0,ok,ok,ok,7,7,7,not_run
f3,suspect,B1,2021.07.31,true,96,28.0,49.116246961266164,70.18710223704802,73,24,184.5,198.0,209.5,0.03100143886312813,0.15487233825863259,0.000021225753130609774,1.354251467687464e-10,1.354251467687464e-10,2.4561181482101483e-23,0.0,0.0,0.0,ok,ok,ok,7,7,7,not_run
f3,suspect,B1,2021.08.01,true,96,28.0,37.947877253502945,64.3512161094182,35,64,184.5,198.0,209.5,0.006676015795642972,0.00782082602422693,0.007670386384441299,5.042423573763719e-14,5.042423573763719e-14,5.042423573763719e-14,0.0,0.0,0.0,ok,ok,ok,7,7,7,not_run
f3,suspect,B1,2021.08.02,true,96,26.0,110.7209403390279,108.32691037816906,13,86,184.5,198.0,209.5,0.5233142087244558,0.7438593272750728,0.10425171751638226,0.007911905633558005,0.007911905633558005,0.007911905633558005,0.0,0.0,0.0,ok,ok,ok,7,7,7,not_run
f3,suspect,B4,2021.07.26,true,96,217.0,203.24694061279297,205.75700423431397,33,46,184.5,198.0,209.5,0.9195,0.6295,0.358,0.999744051662587,0.9987589427650869,0.9981934802627138,1.0,1.0,1.0,ok,ok,ok,7,7,7,not_run
f3,suspect,B4,2021.07.27,true,96,211.0,202.70591735839844,204.73961698150634,46,46,184.5,198.0,209.5,0.907,0.6345,0.3395,0.9995957198063502,0.9988280586953877,0.9978962699546671,1.0,1.0,1.0,ok,ok,ok,7,7,7,not_run
f3,suspect,B4,2021.07.28,true,96,212.0,202.59886169433594,204.83950077056886,47,46,184.5,198.0,209.5,0.921,0.621,0.3405,0.9997587469553809,0.9986329600375652,0.9979137216954884,1.0,1.0,1.0,ok,ok,ok,7,7,7,not_run
f3,suspect,B4,2021.07.29,true,96,211.0,202.0667953491211,204.60057105255126,47,46,184.5,198.0,209.5,0.9135,0.613,0.329,0.9996788624529866,0.9985038979307399,0.9977022929800368,1.0,1.0,1.0,ok,ok,ok,7,7,7,not_run
f3,suspect,B4,2021.07.31,true,96,28.0,38.13776779174805,39.161931619644164,73,0,184.5,198.0,209.5,0.0,0.0,0.0,1.2830446730510594e-10,1.2830446730510594e-10,1.2830446730510594e-10,0.0,0.0,0.0,ok,ok,ok,7,7,7,not_run
f3,suspect,B4,2021.08.01,true,96,28.0,30.660788536071777,31.01354732131958,35,58,184.5,198.0,209.5,0.0,0.0,0.0,1.2830446730510594e-10,1.2830446730510594e-10,1.2830446730510594e-10,0.0,0.0,0.0,ok,ok,ok,7,7,7,not_run
f3,suspect,B4,2021.08.02,true,96,26.0,34.6297550201416,35.600950521469116,13,64,184.5,198.0,209.5,0.0,0.0,0.0,1.2830446730510594e-10,1.2830446730510594e-10,1.2830446730510594e-10,0.0,0.0,0.0,ok,ok,ok,7,7,7,not_run
f3,protoA,B1,2021.07.26,true,96,217.0,197.35141343810952,184.99848555983334,33,34,184.0,197.75,210.10000000000002,0.8833381865968195,0.9170934181624352,0.957705223644026,0.5079473353477706,0.5079473353477706,0.5079473353477706,1.0,1.0,1.0,ok,ok,ok,7,7,7,not_run
f3,protoA,B1,2021.07.27,true,96,211.0,204.94491671669073,202.7430750253009,46,34,184.0,197.75,210.10000000000002,0.9831646059698288,0.8432193143846545,0.9791740585707438,0.9986766275716504,0.713488458807539,0.713488458807539,1.0,1.0,1.0,ok,ok,ok,7,7,7,not_run
f3,protoA,B1,2021.07.28,true,96,212.0,206.1979147343417,203.0666464148981,47,34,184.0,197.75,210.10000000000002,0.9763663314107235,0.9065440049882175,0.9790594068865488,0.9959659114294344,0.8028716498890488,0.8028716498890488,1.0,1.0,1.0,ok,ok,ok,7,7,7,not_run
f3,protoA,B1,2021.07.29,true,96,211.0,206.59298582501793,204.17075258610254,47,33,184.0,197.75,210.10000000000002,0.9763663314107235,0.9065440049882175,0.9866855278006991,0.9959659114294344,0.8028716498890488,0.8028716498890488,1.0,1.0,1.0,ok,ok,ok,7,7,7,not_run
f3,protoA,B1,2021.07.31,true,96,28.0,74.86913811415887,78.29685275460014,73,15,184.0,197.75,210.10000000000002,0.034528900129777294,0.030492506364259077,5.6952484018242146e-6,3.207511344851224e-8,3.207511344851224e-8,6.249000109400992e-36,0.0,0.0,0.0,ok,ok,ok,7,7,7,not_run
f3,protoA,B1,2021.08.01,true,96,28.0,60.80548133539512,68.01798215192487,35,64,184.0,197.75,210.10000000000002,0.007531341693578961,0.006335475938687193,0.0014370573477449845,2.1516181440345965e-10,2.1516181440345965e-10,2.1721144294931313e-30,0.0,0.0,0.0,ok,ok,ok,7,7,7,not_run
f3,protoA,B1,2021.08.02,true,96,26.0,195.33716670986448,184.50417658096165,13,33,184.0,197.75,210.10000000000002,0.8833381865968195,0.9170934181624352,0.9282102048186314,0.5079473353477706,0.5079473353477706,0.12613373400212952,0.0,0.0,0.0,ok,ok,ok,7,7,7,not_run
f3,protoA,B4,2021.07.26,true,96,217.0,205.7942352294922,208.55246616363524,33,34,184.0,197.75,210.10000000000002,0.954,0.707,0.411,0.8020983388885887,0.7240417630821495,0.7240417630821495,1.0,1.0,1.0,ok,ok,ok,7,7,7,not_run
f3,protoA,B4,2021.07.27,true,96,211.0,205.87423706054688,208.39202130889893,46,34,184.0,197.75,210.10000000000002,0.9555,0.739,0.397,0.8087050592572315,0.8087050592572315,0.8087050592572315,1.0,1.0,1.0,ok,ok,ok,7,7,7,not_run
f3,protoA,B4,2021.07.28,true,96,212.0,205.43382263183594,208.37694312286376,47,34,184.0,197.75,210.10000000000002,0.9585,0.7105,0.3955,0.8220299287974853,0.7573185824665151,0.7573185824665151,1.0,1.0,1.0,ok,ok,ok,7,7,7,not_run
f3,protoA,B4,2021.07.29,true,96,211.0,205.64026641845703,208.4161188735962,47,34,184.0,197.75,210.10000000000002,0.946,0.722,0.3935,0.7675570902341116,0.7675570902341116,0.7675570902341116,1.0,1.0,1.0,ok,ok,ok,7,7,7,not_run
f3,protoA,B4,2021.07.31,true,96,28.0,124.39535522460938,129.3875834388733,73,24,184.0,197.75,210.10000000000002,0.0375,0.013,0.004,0.0019821621739318815,1.8705357862015073e-23,4.235406910876199e-45,0.0,0.0,0.0,ok,ok,ok,7,7,7,not_run
f3,protoA,B4,2021.08.01,true,96,28.0,59.428754806518555,65.53819397735596,35,58,184.0,197.75,210.10000000000002,0.0,0.0,0.0,4.325420813930647e-6,4.595555063861387e-41,1.3048299462651232e-69,0.0,0.0,0.0,ok,ok,ok,7,7,7,not_run
f3,protoA,B4,2021.08.02,true,96,26.0,205.36847686767578,207.71904039764405,13,34,184.0,197.75,210.10000000000002,0.9535,0.7095,0.388,0.7999047529143231,0.748072033268062,0.6737796569973946,0.0,0.0,0.0,ok,ok,ok,7,7,7,not_run
f3,K2,B4,2021.07.26,true,96,217.0,205.3353271484375,205.52127002716065,33,34,184.0,197.75,210.10000000000002,0.8625,0.6605,0.405,0.9988094043172127,0.9975523536197538,0.9974814417912873,1.0,1.0,1.0,ok,ok,ok,7,7,7,not_run
f3,K2,B4,2021.07.27,true,96,211.0,209.17156982421875,209.1031270904541,46,34,184.0,197.75,210.10000000000002,0.9445,0.764,0.4785,0.9999327475470914,0.9995345137313699,0.9985623414471154,1.0,1.0,1.0,ok,ok,ok,7,7,7,not_run
f3,K2,B4,2021.07.28,true,96,212.0,208.99114990234375,208.8352727279663,47,34,184.0,197.75,210.10000000000002,0.936,0.769,0.4655,0.999895944655033,0.99957505846909,0.9984143393575803,1.0,1.0,1.0,ok,ok,ok,7,7,7,not_run
f3,K2,B4,2021.07.29,true,96,211.0,208.7096939086914,208.61657888793945,47,34,184.0,197.75,210.10000000000002,0.941,0.76,0.4665,0.9999189321368412,0.9994997901037129,0.9984262623158352,1.0,1.0,1.0,ok,ok,ok,7,7,7,not_run
f3,K2,B4,2021.07.31,true,96,28.0,42.063106536865234,43.35128444004059,73,0,184.0,197.75,210.10000000000002,0.0,0.0,0.0,1.783957225127952e-10,8.169564739567519e-11,8.169564739567519e-11,0.0,0.0,0.0,ok,ok,ok,7,7,7,not_run
f3,K2,B4,2021.08.01,true,96,28.0,33.2941951751709,33.96278814792633,35,95,184.0,197.75,210.10000000000002,0.0,0.0,0.0,1.783957225127952e-10,8.169564739567519e-11,8.169564739567519e-11,0.0,0.0,0.0,ok,ok,ok,7,7,7,not_run
f3,K2,B4,2021.08.02,true,96,26.0,36.988210678100586,37.352802583694455,13,95,184.0,197.75,210.10000000000002,0.0,0.0,0.0,1.783957225127952e-10,8.169564739567519e-11,8.169564739567519e-11,0.0,0.0,0.0,ok,ok,ok,7,7,7,not_run
f3,re,B4,2021.07.26,true,96,217.0,192.8070068359375,192.948104473114,33,34,184.0,197.75,210.10000000000002,0.63,0.428,0.265,0.9986602936906464,0.9980709489355197,0.9974799137693082,1.0,1.0,1.0,ok,ok,ok,7,7,7,not_run
f3,re,B4,2021.07.27,true,96,211.0,194.2180404663086,193.6575623855591,46,34,184.0,197.75,210.10000000000002,0.6395,0.445,0.2785,0.9988056500589781,0.9983056623611809,0.9977834907044827,1.0,1.0,1.0,ok,ok,ok,7,7,7,not_run
f3,re,B4,2021.07.28,true,96,212.0,193.07574462890625,192.97466844177245,47,34,184.0,197.75,210.10000000000002,0.6295,0.4285,0.268,0.9986522182967451,0.9980783275231634,0.9975516292704425,1.0,1.0,1.0,ok,ok,ok,7,7,7,not_run
f3,re,B4,2021.07.29,true,96,211.0,194.26090240478516,194.04023778915405,47,34,184.0,197.75,210.10000000000002,0.6365,0.4445,0.288,0.9987613655011809,0.9982992104990049,0.9979703376137583,1.0,1.0,1.0,ok,ok,ok,7,7,7,not_run
f3,re,B4,2021.07.31,true,96,28.0,37.73626136779785,39.34107933044434,73,0,184.0,197.75,210.10000000000002,0.0,0.0,0.0,1.305618938249035e-8,1.305618938249035e-8,1.305618938249035e-8,0.0,0.0,0.0,ok,ok,ok,7,7,7,not_run
f3,re,B4,2021.08.01,true,96,28.0,30.113551139831543,30.23585537815094,35,46,184.0,197.75,210.10000000000002,0.0,0.0,0.0,1.305618938249035e-8,1.305618938249035e-8,1.305618938249035e-8,0.0,0.0,0.0,ok,ok,ok,7,7,7,not_run
f3,re,B4,2021.08.02,true,96,26.0,32.97787094116211,33.47791118097305,13,5,184.0,197.75,210.10000000000002,0.0,0.0,0.0,1.305618938249035e-8,1.305618938249035e-8,1.305618938249035e-8,0.0,0.0,0.0,ok,ok,ok,7,7,7,not_run
f3,AWstar,B1,2021.07.26,true,96,217.0,195.33766411176956,195.20671306128568,33,34,184.0,197.75,210.10000000000002,0.8534928171455889,0.9490892171390017,0.9166829996661227,0.9988912685157212,0.9988912685157212,0.9988912685157212,1.0,1.0,1.0,ok,ok,ok,7,7,7,not_run
f3,AWstar,B1,2021.07.27,true,96,211.0,204.61062959275418,204.94765165528096,46,34,184.0,197.75,210.10000000000002,0.9908031027072676,0.871560332257416,0.9818239930353125,0.9999999753897519,0.9994513878919913,0.9994513878919913,1.0,1.0,1.0,ok,ok,ok,7,7,7,not_run
f3,AWstar,B1,2021.07.28,true,96,212.0,205.82032561008288,205.23334988451498,47,34,184.0,197.75,210.10000000000002,0.9908294264897882,0.9311921671687354,0.9048218733259256,0.9999999756498952,0.9999798611031485,0.9995430408139939,1.0,1.0,1.0,ok,ok,ok,7,7,7,not_run
f3,AWstar,B1,2021.07.29,true,96,211.0,202.82870879546275,201.56301882635302,47,34,184.0,197.75,210.10000000000002,0.9753365096040554,0.8686762883642319,0.9209982584896798,0.9999990228973548,0.9993801278637077,0.9993801278637077,1.0,1.0,1.0,ok,ok,ok,7,7,7,not_run
f3,AWstar,B1,2021.07.31,true,96,28.0,62.90162872221263,73.8473748522144,73,6,184.0,197.75,210.10000000000002,0.08434500505908975,0.05755076105039863,0.000508746165693141,0.00021816683908476103,2.918560546960519e-7,1.6223828090902593e-16,0.0,0.0,0.0,ok,ok,ok,7,7,7,not_run
f3,AWstar,B1,2021.08.01,true,96,28.0,43.322875153571715,65.08852984107976,35,36,184.0,197.75,210.10000000000002,0.01523278762600925,0.003854813172455815,0.027423269270672384,3.107762255906067e-7,5.353027080992878e-13,5.353027080992878e-13,0.0,0.0,0.0,ok,ok,ok,7,7,7,not_run
f3,AWstar,B1,2021.08.02,true,96,26.0,111.3590002955014,104.55686991744147,13,37,184.0,197.75,210.10000000000002,0.1064649713873996,0.29394235377862304,0.32256718507242915,0.0005613126571191045,0.0005613126571191045,0.0005613126571191045,0.0,0.0,0.0,ok,ok,ok,7,7,7,not_run
f3,B,B4,2021.07.26,true,96,217.0,201.20216369628906,201.8562995605469,33,34,184.0,197.75,210.10000000000002,0.998,0.706,0.134,0.9999033737413524,0.9986951121877888,0.9957868027903974,1.0,1.0,1.0,ok,ok,ok,7,7,7,not_run
f3,B,B4,2021.07.27,true,96,211.0,202.18174743652344,202.93679705810547,46,34,184.0,197.75,210.10000000000002,0.9985,0.747,0.1695,0.9999365404913739,0.9993650139210433,0.9975369990945584,1.0,1.0,1.0,ok,ok,ok,7,7,7,not_run
f3,B,B4,2021.07.28,true,96,212.0,202.1073989868164,202.76471140289306,47,34,184.0,197.75,210.10000000000002,0.999,0.733,0.1695,0.9999649037470004,0.9991816137387257,0.9975369990945584,1.0,1.0,1.0,ok,ok,ok,7,7,7,not_run
f3,B,B4,2021.07.29,true,96,211.0,202.21784210205078,202.8007940979004,47,34,184.0,197.75,210.10000000000002,1.0,0.7325,0.166,0.9999953618434555,0.999174297024748,0.997414219404413,1.0,1.0,1.0,ok,ok,ok,7,7,7,not_run
f3,B,B4,2021.07.31,true,96,28.0,30.844398498535156,31.70524114704132,73,0,184.0,197.75,210.10000000000002,0.0,0.0,0.0,6.646410108338576e-6,9.767281443355895e-12,9.767281443355895e-12,0.0,0.0,0.0,ok,ok,ok,7,7,7,not_run
f3,B,B4,2021.08.01,true,96,28.0,29.45516872406006,29.958331265449523,35,0,184.0,197.75,210.10000000000002,0.0,0.0,0.0,6.646410108338576e-6,9.767281443355895e-12,9.767281443355895e-12,0.0,0.0,0.0,ok,ok,ok,7,7,7,not_run
f3,B,B4,2021.08.02,true,96,26.0,32.79393768310547,32.667127913475035,13,7,184.0,197.75,210.10000000000002,0.0,0.0,0.0,6.646410108338576e-6,9.767281443355895e-12,9.767281443355895e-12,0.0,0.0,0.0,ok,ok,ok,7,7,7,not_run
f4,main,B0,2021.08.10,true,96,195.0,26.0,26.0,34,6,185.0,198.0,211.0,0.0,0.0,0.0,0.6663774460344145,0.5002635214760636,0.16699021850734108,1.0,0.0,0.0,ok,ok,ok,7,7,7,not_run
f4,main,B0,2021.08.11,true,96,218.0,26.0,26.0,34,26,185.0,198.0,211.0,0.0,0.0,0.0,0.6663774460344145,0.5002635214760636,0.16699021850734108,1.0,1.0,1.0,ok,ok,ok,7,7,7,not_run
f4,main,B0,2021.08.12,true,96,199.0,26.0,26.0,47,92,185.0,198.0,211.0,0.0,0.0,0.0,0.6663774460344145,0.5002635214760636,0.16699021850734108,1.0,1.0,0.0,ok,ok,ok,7,7,7,not_run
f4,main,B0,2021.08.13,true,96,207.0,27.0,27.0,34,56,185.0,198.0,211.0,0.0,0.0,0.0,0.6663774460344145,0.5002635214760636,0.16699021850734108,1.0,1.0,0.0,ok,ok,ok,7,7,7,not_run
f4,main,B0,2021.08.14,true,96,108.0,26.0,26.0,8,50,185.0,198.0,211.0,0.0,0.0,0.0,0.6663774460344145,0.5002635214760636,0.16699021850734108,0.0,0.0,0.0,ok,ok,ok,7,7,7,not_run
f4,main,B0,2021.08.15,true,96,28.0,26.0,26.0,7,87,185.0,198.0,211.0,0.0,0.0,0.0,0.6663774460344145,0.5002635214760636,0.16699021850734108,0.0,0.0,0.0,ok,ok,ok,7,7,7,not_run
f4,main,B0,2021.08.16,true,96,190.0,215.0,215.0,37,34,185.0,198.0,211.0,1.0,1.0,1.0,0.998223683133518,0.0016277942431723804,0.0016277942431723804,1.0,0.0,0.0,ok,ok,ok,7,7,7,not_run
f4,main,B0p,2021.08.10,true,96,195.0,215.0,215.0,34,34,185.0,198.0,211.0,1.0,1.0,1.0,0.9999785624771298,0.5000426648522481,0.0010412207849587892,1.0,0.0,0.0,ok,ok,ok,7,7,7,not_run
f4,main,B0p,2021.08.11,true,96,218.0,195.0,195.0,34,34,185.0,198.0,211.0,1.0,0.0,0.0,0.9999785624771298,0.3333918990281854,0.20040851796383827,1.0,1.0,1.0,ok,ok,ok,7,7,7,not_run
f4,main,B0p,2021.08.12,true,96,199.0,218.0,218.0,47,34,185.0,198.0,211.0,1.0,1.0,1.0,0.9999785624771298,0.5000426648522481,0.0010412207849587892,1.0,1.0,0.0,ok,ok,ok,7,7,7,not_run
f4,main,B0p,2021.08.13,true,96,207.0,199.0,199.0,34,47,185.0,198.0,211.0,1.0,1.0,0.0,0.9999785624771298,0.5000426648522481,0.20040851796383827,1.0,1.0,0.0,ok,ok,ok,7,7,7,not_run
f4,main,B0p,2021.08.14,true,96,108.0,104.0,104.0,8,14,185.0,198.0,211.0,0.0,0.0,0.0,0.00002411986727076594,0.00002411986727076594,0.00002411986727076594,0.0,0.0,0.0,ok,ok,ok,7,7,7,not_run
f4,main,B0p,2021.08.15,true,96,28.0,26.0,26.0,7,87,185.0,198.0,211.0,0.0,0.0,0.0,0.00002411986727076594,0.00002411986727076594,0.00002411986727076594,0.0,0.0,0.0,ok,ok,ok,7,7,7,not_run
f4,main,B0p,2021.08.16,true,96,190.0,207.0,207.0,37,34,185.0,198.0,211.0,1.0,1.0,0.0,0.9999785624771298,0.5000426648522481,0.20040851796383827,1.0,0.0,0.0,ok,ok,ok,7,7,7,not_run
f4,main,BB,2021.08.10,true,96,195.0,186.26628843848042,186.26628843848042,34,34,185.0,198.0,211.0,1.0,0.0,0.0,0.9999785624771298,0.42857201746376494,0.14286081088273403,1.0,0.0,0.0,ok,ok,ok,7,7,7,not_run
f4,main,BB,2021.08.11,true,96,218.0,186.26628843848042,186.26628843848042,34,34,185.0,198.0,211.0,1.0,0.0,0.0,0.9999785624771298,0.42857201746376494,0.14286081088273403,1.0,1.0,1.0,ok,ok,ok,7,7,7,not_run
f4,main,BB,2021.08.12,true,96,199.0,186.26628843848042,186.26628843848042,47,34,185.0,198.0,211.0,1.0,0.0,0.0,0.9999785624771298,0.42857201746376494,0.14286081088273403,1.0,1.0,0.0,ok,ok,ok,7,7,7,not_run
f4,main,BB,2021.08.13,true,96,207.0,186.26628843848042,186.26628843848042,34,34,185.0,198.0,211.0,1.0,0.0,0.0,0.9999785624771298,0.42857201746376494,0.14286081088273403,1.0,1.0,0.0,ok,ok,ok,7,7,7,not_run
f4,main,BB,2021.08.14,true,96,108.0,102.06899806538617,102.06899806538617,8,7,185.0,198.0,211.0,0.0,0.0,0.0,0.00002411986727076594,0.00002411986727076594,0.00002411986727076594,0.0,0.0,0.0,ok,ok,ok,7,7,7,not_run
f4,main,BB,2021.08.15,true,96,28.0,23.402840608597803,23.402840608597803,7,5,185.0,198.0,211.0,0.0,0.0,0.0,0.00002411986727076594,0.00002411986727076594,0.00002411986727076594,0.0,0.0,0.0,ok,ok,ok,7,7,7,not_run
f4,main,BB,2021.08.16,true,96,190.0,186.26628843848042,186.26628843848042,37,34,185.0,198.0,211.0,1.0,0.0,0.0,0.9999785624771298,0.42857201746376494,0.14286081088273403,1.0,0.0,0.0,ok,ok,ok,7,7,7,not_run
f4,main,B1,2021.08.10,true,96,195.0,203.33519358789576,198.41982180718756,34,35,185.0,198.0,211.0,0.8935021475650553,0.9375146756708924,0.41628815950591297,0.9996989522852713,0.6089338347854883,0.14413086951019952,1.0,0.0,0.0,ok,ok,ok,7,7,7,not_run
f4,main,B1,2021.08.11,true,96,218.0,202.89662971422783,200.21197899036824,34,34,185.0,198.0,211.0,0.9200811341345799,0.9583332977745271,0.07375630675854328,0.999897261122277,0.6621518631255643,0.14311882489880323,1.0,1.0,1.0,ok,ok,ok,7,7,7,not_run
f4,main,B1,2021.08.12,true,96,199.0,202.89499944708456,200.5084850007214,47,34,185.0,198.0,211.0,0.9232181228491273,0.9689340427199462,0.057388162231416094,0.9999113617479167,0.6978195986468447,0.14299531066122417,1.0,1.0,0.0,ok,ok,ok,7,7,7,not_run
f4,main,B1,2021.08.13,true,96,207.0,200.45361212563722,190.37796906272425,34,35,185.0,198.0,211.0,0.8682872472828782,0.7801048468035793,0.071129293207725,0.9993171500054601,0.4173230955888425,0.1431008293702145,1.0,1.0,0.0,ok,ok,ok,7,7,7,not_run
f4,main,B1,2021.08.14,true,96,108.0,110.50173828839858,111.50430767454012,8,7,185.0,198.0,211.0,0.06845687720368804,0.013180058263818595,0.0007380153646277113,0.00033819512001371756,0.00033819512001371756,0.00033819512001371756,0.0,0.0,0.0,ok,ok,ok,7,7,7,not_run
f4,main,B1,2021.08.15,true,96,28.0,27.877988087600368,35.44015257076796,7,57,185.0,198.0,211.0,0.002462108827626448,0.0008454657787187211,0.0023551949919126737,3.3184439023893898e-9,3.3184439023893898e-9,3.3184439023893898e-9,0.0,0.0,0.0,ok,ok,ok,7,7,7,not_run
f4,main,B1,2021.08.16,true,96,190.0,209.91868764027973,199.8626004300431,37,29,185.0,198.0,211.0,0.9370834816730259,0.9190235868537486,0.9725916328974248,0.9999571729778051,0.5726074961411909,0.14594926314599355,1.0,0.0,0.0,ok,ok,ok,7,7,7,not_run
f4,main,B2,2021.08.10,true,96,195.0,208.0494613647461,207.38146253204346,34,34,185.0,198.0,211.0,0.942822305901101,0.7063680761579102,0.4285932334836623,0.9998188761106209,0.6458552223747861,0.20772464916678035,1.0,0.0,0.0,ok,ok,ok,7,7,7,not_run
f4,main,B2,2021.08.11,true,96,218.0,207.99466705322266,207.4768770675659,34,34,185.0,198.0,211.0,0.9429695341058467,0.706669525113343,0.42889693123621486,0.9998202195217117,0.6509741097974366,0.20916334886651777,1.0,1.0,1.0,ok,ok,ok,7,7,7,not_run
f4,main,B2,2021.08.12,true,96,199.0,208.56124114990234,207.45406763458251,47,34,185.0,198.0,211.0,0.942969342993432,0.7066690876521216,0.4288964491069931,0.9998202177822415,0.6509667039070011,0.20916105929232828,1.0,1.0,0.0,ok,ok,ok,7,7,7,not_run
f4,main,B2,2021.08.13,true,96,207.0,207.95582580566406,207.02745235443115,34,34,185.0,198.0,211.0,0.9429559472100725,0.7066241890627769,0.4288355444958186,0.9998200958279877,0.650206251736036,0.20887197365168803,1.0,1.0,0.0,ok,ok,ok,7,7,7,not_run
f4,main,B2,2021.08.14,true,96,108.0,120.16071701049805,121.98896128082275,8,7,185.0,198.0,211.0,1.1445167591439542e-8,6.412759212537367e-12,3.774758283725532e-15,4.157268053343649e-10,5.504838993192991e-62,5.504838993192991e-62,0.0,0.0,0.0,ok,ok,ok,7,7,7,not_run
f4,main,B2,2021.08.15,true,96,28.0,31.82196617126465,31.517828668594362,7,86,185.0,198.0,211.0,1.7763568394002505e-15,1.7763568394002505e-15,1.7763568394002505e-15,4.157268053343649e-10,5.504838993192991e-62,5.504838993192991e-62,0.0,0.0,0.0,ok,ok,ok,7,7,7,not_run
f4,main,B2,2021.08.16,true,96,190.0,206.4803237915039,206.0205329284668,37,34,185.0,198.0,211.0,0.9349366383493469,0.6935277615989432,0.4186221643560687,0.9997365689727528,0.4149546108585869,0.1643952677834834,1.0,0.0,0.0,ok,ok,ok,7,7,7,not_run
f4,main,B3,2021.08.10,true,96,195.0,205.02669525146484,205.270186416626,34,34,185.0,198.0,211.0,0.9622618702548911,0.7030038197975168,0.33553530556430855,0.9999802160749323,0.744645247312684,0.24387478714655858,1.0,0.0,0.0,ok,ok,ok,7,7,7,not_run
f4,main,B3,2021.08.11,true,96,218.0,205.1038360595703,205.33234994506836,34,34,185.0,198.0,211.0,0.9624282376402609,0.7035587395014775,0.33605302093257916,0.9999804735107567,0.7485321438931609,0.24644651668310907,1.0,1.0,1.0,ok,ok,ok,7,7,7,not_run
f4,main,B3,2021.08.12,true,96,199.0,205.4063491821289,205.45569416046143,47,34,185.0,198.0,211.0,0.9624281131736978,0.7035582958896254,0.33605258700491725,0.9999804733190091,0.7485290507173387,0.2464443543650869,1.0,1.0,0.0,ok,ok,ok,7,7,7,not_run
f4,main,B3,2021.08.13,true,96,207.0,204.61467742919922,205.20366131591797,34,34,185.0,198.0,211.0,0.962414368374018,0.703504640414873,0.3359970235069428,0.9999804521365555,0.7481547602387828,0.24616756833493525,1.0,1.0,0.0,ok,ok,ok,7,7,7,not_run
f4,main,B3,2021.08.14,true,96,108.0,133.97180938720703,129.936771320343,8,15,185.0,198.0,211.0,5.025943439207481e-9,1.3036238755148588e-12,0.0,2.599650619148635e-10,5.567055242094085e-31,5.567055242094085e-31,0.0,0.0,0.0,ok,ok,ok,7,7,7,not_run
f4,main,B3,2021.08.15,true,96,28.0,31.070283889770508,30.912470363616944,7,7,185.0,198.0,211.0,0.0,0.0,0.0,2.599650619148635e-10,5.567055242094085e-31,5.567055242094085e-31,0.0,0.0,0.0,ok,ok,ok,7,7,7,not_run
f4,main,B3,2021.08.16,true,96,190.0,199.6815948486328,199.8197498397827,37,34,185.0,198.0,211.0,0.8478671573800448,0.5467845530486672,0.2308360987193796,0.9984872850825852,0.01572546383378472,0.014107694084357702,1.0,0.0,0.0,ok,ok,ok,7,7,7,not_run
f4,main,B4,2021.08.10,true,96,195.0,206.0050048828125,208.91276461029054,34,34,185.0,198.0,211.0,0.967,0.726,0.3885,0.9999734344336387,0.5371342374295195,0.24798599205989968,1.0,0.0,0.0,ok,ok,ok,7,7,7,not_run
f4,main,B4,2021.08.11,true,96,218.0,206.71340942382812,209.35396451568604,34,34,185.0,198.0,211.0,0.9755,0.745,0.395,0.9999884763719438,0.88237448997829,0.3634642152563537,1.0,1.0,1.0,ok,ok,ok,7,7,7,not_run
f4,main,B4,2021.08.12,true,96,199.0,206.4433135986328,208.98746496582032,47,34,185.0,198.0,211.0,0.9695,0.737,0.385,0.9999787158080345,0.7718495607937652,0.1968045215511039,1.0,1.0,0.0,ok,ok,ok,7,7,7,not_run
f4,main,B4,2021.08.13,true,96,207.0,206.09435272216797,209.00229359436034,34,34,185.0,198.0,211.0,0.9755,0.7405,0.384,0.9999884763719438,0.8270998689326741,0.18370723107255293,1.0,1.0,0.0,ok,ok,ok,7,7,7,not_run
f4,main,B4,2021.08.14,true,96,108.0,123.94265747070312,127.61897397994996,8,15,185.0,198.0,211.0,0.0015,0.0005,0.0,7.726399592783628e-8,8.444932714146559e-72,8.444932714146559e-72,0.0,0.0,0.0,ok,ok,ok,7,7,7,not_run
f4,main,B4,2021.08.15,true,96,28.0,30.634586334228516,31.157400019645692,7,27,185.0,198.0,211.0,0.0,0.0,0.0,5.842281102034498e-10,1.4930285683572641e-77,1.4930285683572641e-77,0.0,0.0,0.0,ok,ok,ok,7,7,7,not_run
f4,main,B4,2021.08.16,true,96,190.0,201.32818603515625,202.70711756134034,37,34,185.0,198.0,211.0,0.8765,0.5855,0.2805,0.9987367817420439,7.016298039893961e-6,7.016298039893961e-6,1.0,0.0,0.0,ok,ok,ok,7,7,7,not_run
f4,copies,B1,2021.08.10,true,96,195.0,202.9206257394411,200.6127839099094,34,55,182.0,193.5,206.0,0.895176463406307,0.9693326117756523,0.9946684383394057,0.9991360305536139,0.8027680400386711,0.408916112475981,1.0,1.0,0.0,ok,ok,ok,7,7,7,not_run
f4,copies,B1,2021.08.11,true,96,218.0,202.2089185532415,198.99771574898233,34,34,182.0,193.5,206.0,0.9773661859247785,0.9791637300148723,0.749097362934878,0.9999992639299012,0.8277364300826178,0.3165164947881855,1.0,1.0,1.0,ok,ok,ok,7,7,7,not_run
f4,copies,B1,2021.08.12,true,96,199.0,201.28077037807137,200.64741897616977,47,35,182.0,193.5,206.0,0.9875018037348275,0.9073031483022185,0.7364118407846755,0.9999999472212904,0.71362733718981,0.3151237340505559,1.0,1.0,0.0,ok,ok,ok,7,7,7,not_run
f4,copies,B1,2021.08.13,true,96,207.0,196.59154650324592,194.84543798756602,34,34,182.0,193.5,206.0,0.9842984619984337,0.8546164138744462,0.5190110468957042,0.9999998551789648,0.66811625546984,0.29554211601888747,1.0,1.0,1.0,ok,ok,ok,7,7,7,not_run
f4,copies,B1,2021.08.14,true,96,108.0,113.8290919155702,128.08753153071646,8,7,182.0,193.5,206.0,0.311936195986224,0.003276772537243768,0.0002106715203353782,0.003166464351064455,0.003166464351064455,0.003166464351064455,0.0,0.0,0.0,ok,ok,ok,7,7,7,not_run
f4,copies,B1,2021.08.15,true,96,28.0,20.571270901382363,25.274722818510735,7,58,182.0,193.5,206.0,0.008588040416508676,0.001889699415548677,0.00005850491567241993,1.0119069097492629e-10,1.0119069097492629e-10,1.0119069097492629e-10,0.0,0.0,0.0,ok,ok,ok,7,7,7,not_run
f4,copies,B1,2021.08.16,true,96,190.0,207.28905022168732,203.55621542467952,37,81,182.0,193.5,206.0,0.9890524972930433,0.9837074588698782,0.9362357297679639,0.9999999705862627,0.8421825606676494,0.35087214486114465,1.0,0.0,0.0,ok,ok,ok,7,7,7,not_run
f4,copies,B4,2021.08.10,true,96,195.0,208.2273406982422,208.85315267944335,34,34,182.0,193.5,206.0,0.9695,0.8485,0.56,0.9998081735168076,0.7807384769961727,0.3816212581119997,1.0,1.0,0.0,ok,ok,ok,7,7,7,not_run
f4,copies,B4,2021.08.11,true,96,218.0,209.1947479248047,209.55065224456786,34,34,182.0,193.5,206.0,0.98,0.8765,0.598,0.9999287809782114,0.801938626395868,0.4079649389562426,1.0,1.0,1.0,ok,ok,ok,7,7,7,not_run
f4,copies,B4,2021.08.12,true,96,199.0,208.57794189453125,208.70892093658446,47,34,182.0,193.5,206.0,0.969,0.848,0.5695,0.9998006626922417,0.780377502600965,0.38809087020959365,1.0,1.0,0.0,ok,ok,ok,7,7,7,not_run
f4,copies,B4,2021.08.13,true,96,207.0,208.4849090576172,208.90528620910644,34,34,182.0,193.5,206.0,0.975,0.8565,0.57,0.9998798934362464,0.7865912921176719,0.3884334197801253,1.0,1.0,1.0,ok,ok,ok,7,7,7,not_run
f4,copies,B4,2021.08.14,true,96,108.0,132.10874938964844,131.54088721466064,8,17,182.0,193.5,206.0,0.0,0.0,0.0,1.0699785547320545e-8,1.0699785547320545e-8,1.0699785547320545e-8,0.0,0.0,0.0,ok,ok,ok,7,7,7,not_run
f4,copies,B4,2021.08.15,true,96,28.0,37.04159355163574,37.09446857261658,7,35,182.0,193.5,206.0,0.0,0.0,0.0,1.0699785547320545e-8,1.0699785547320545e-8,1.0699785547320545e-8,0.0,0.0,0.0,ok,ok,ok,7,7,7,not_run
f4,copies,B4,2021.08.16,true,96,190.0,211.0397720336914,210.74193210601806,37,34,182.0,193.5,206.0,0.982,0.8975,0.6305,0.999944307144183,0.8194193916980894,0.4315925507044804,1.0,0.0,0.0,ok,ok,ok,7,7,7,not_run
f4,suspect,B1,2021.08.10,true,96,195.0,198.3076562772247,190.45328887071207,34,55,186.0,198.5,211.0,0.9127411679322687,0.6592727656433489,0.03835386172434992,0.9997607515100114,0.5563182601338087,0.13738401508604187,1.0,0.0,0.0,ok,ok,ok,7,7,7,not_run
f4,suspect,B1,2021.08.11,true,96,218.0,196.7680782407104,193.2271907297007,34,34,186.0,198.5,211.0,0.9316644114671649,0.594834653021876,0.07737648967066534,0.9999079942568878,0.5198440080711386,0.16583730710150357,1.0,1.0,1.0,ok,ok,ok,7,7,7,not_run
f4,suspect,B1,2021.08.12,true,96,199.0,196.79684259922078,193.34779762053685,47,35,186.0,198.5,211.0,0.9207365070143403,0.8479870784456252,0.05363949050172807,0.9998360666846461,0.6876891491129935,0.15029047968932702,1.0,1.0,0.0,ok,ok,ok,7,7,7,not_run
f4,suspect,B1,2021.08.13,true,96,207.0,194.4972912652283,183.32740285179136,34,46,186.0,198.5,211.0,0.9284056360735519,0.4264390891112647,0.013606167930222344,0.9998897757546242,0.4298613041991479,0.10395924810957613,1.0,1.0,0.0,ok,ok,ok,7,7,7,not_run
f4,suspect,B1,2021.08.14,true,96,108.0,108.88191511278262,105.5853953965665,8,8,186.0,198.5,211.0,0.12924156071616946,0.03897230661980408,0.004824345893792375,0.0009003145393179169,0.0009003145393179169,0.0009003145393179169,0.0,0.0,0.0,ok,ok,ok,7,7,7,not_run
f4,suspect,B1,2021.08.15,true,96,28.0,28.00311659099595,33.37460742511834,7,58,186.0,198.5,211.0,0.004977630660558295,0.001977915600631154,0.001979593147109493,4.4037712403847475e-9,4.4037712403847475e-9,4.4037712403847475e-9,0.0,0.0,0.0,ok,ok,ok,7,7,7,not_run
f4,suspect,B1,2021.08.16,true,96,190.0,204.68003474137888,194.34565560057922,37,29,186.0,198.5,211.0,0.920670957818501,0.7843158974349382,0.5399815627458235,0.9998355349849214,0.6368630577975771,0.3040540553515352,1.0,0.0,0.0,ok,ok,ok,7,7,7,not_run
f4,suspect,B4,2021.08.10,true,96,195.0,207.60118865966797,209.21163256072998,34,34,186.0,198.5,211.0,0.938,0.706,0.4305,0.9999629134329933,0.7444530152373278,0.2922512598626955,1.0,0.0,0.0,ok,ok,ok,7,7,7,not_run
f4,suspect,B4,2021.08.11,true,96,218.0,206.85728454589844,209.20447402954102,34,34,186.0,198.5,211.0,0.939,0.704,0.4135,0.9999648001690334,0.731881767312841,0.24216119250717527,1.0,1.0,1.0,ok,ok,ok,7,7,7,not_run
f4,suspect,B4,2021.08.12,true,96,199.0,207.2005386352539,208.8881371459961,47,34,186.0,198.5,211.0,0.9425,0.709,0.4065,0.9999708702758431,0.7626582362023095,0.22316603849313513,1.0,1.0,0.0,ok,ok,ok,7,7,7,not_run
f4,suspect,B4,2021.08.13,true,96,207.0,206.97876739501953,209.0862409210205,34,34,186.0,198.5,211.0,0.9465,0.708,0.408,0.9999768567168916,0.7566784815078542,0.22715354536488783,1.0,1.0,0.0,ok,ok,ok,7,7,7,not_run
f4,suspect,B4,2021.08.14,true,96,108.0,123.5612907409668,126.88148215103149,8,15,186.0,198.5,211.0,0.0015,0.001,0.0,2.326703241329209e-8,3.978903548750656e-23,3.978903548750656e-23,0.0,0.0,0.0,ok,ok,ok,7,7,7,not_run
f4,suspect,B4,2021.08.15,true,96,28.0,31.052546501159668,31.42090830516815,7,67,186.0,198.5,211.0,0.0,0.0,0.0,1.047111502088747e-10,3.348464783708116e-27,3.348464783708116e-27,0.0,0.0,0.0,ok,ok,ok,7,7,7,not_run
f4,suspect,B4,2021.08.16,true,96,190.0,198.73453521728516,200.26618703460693,37,45,186.0,198.5,211.0,0.804,0.5065,0.236,0.9981093683789768,0.009185311871124337,0.009185311871124337,1.0,0.0,0.0,ok,ok,ok,7,7,7,not_run
f4,protoA,B1,2021.08.10,true,96,195.0,172.76278601703896,157.44460571415848,34,41,185.0,198.0,211.0,0.4995687994398967,0.4159601726883043,0.024553701491192678,0.9979304944364785,0.5624155469639374,0.006742474988755282,1.0,0.0,0.0,ok,ok,ok,7,7,7,not_run
f4,protoA,B1,2021.08.11,true,96,218.0,183.6125566546841,163.3295353963168,34,34,185.0,198.0,211.0,0.47895916024811747,0.4461510479776142,0.003186969944358669,0.9968846310160356,0.5718089812274901,0.3026705091211255,1.0,1.0,1.0,ok,ok,ok,7,7,7,not_run
f4,protoA,B1,2021.08.12,true,96,199.0,186.6294129299876,187.55884232027145,47,72,185.0,198.0,211.0,0.47743718057297485,0.5210628332238156,0.0059810643198614285,0.9967890233209223,0.594504758526727,0.10824523696516554,1.0,1.0,0.0,ok,ok,ok,7,7,7,not_run
f4,protoA,B1,2021.08.13,true,96,207.0,177.67350735889673,178.15587814543522,34,37,185.0,198.0,211.0,0.7816655909996592,0.014198237483941955,0.005013973729912715,0.9999963745646102,0.2766470916789128,0.14786558987371834,1.0,1.0,0.0,ok,ok,ok,7,7,7,not_run
f4,protoA,B1,2021.08.14,true,96,108.0,102.64278511348682,106.76152274460328,8,25,185.0,198.0,211.0,0.07779634982478792,0.010717402621672744,0.0024416237925048165,0.0022249000224423797,0.0022249000224423797,0.0022249000224423797,0.0,0.0,0.0,ok,ok,ok,7,7,7,not_run
f4,protoA,B1,2021.08.15,true,96,28.0,27.989788586886956,52.75733194902764,7,57,185.0,198.0,211.0,0.019776030385562807,0.007631430294121143,0.018097009590769063,1.817282316557405e-6,1.817282316557405e-6,1.817282316557405e-6,0.0,0.0,0.0,ok,ok,ok,7,7,7,not_run
f4,protoA,B1,2021.08.16,true,96,190.0,161.13555555971547,136.4134662943787,37,69,185.0,198.0,211.0,0.7312408382726759,0.23081846954174343,0.022781802995808023,0.9999858107089107,0.4956017584790516,0.007860772526469098,1.0,0.0,0.0,ok,ok,ok,7,7,7,not_run
f4,protoA,B4,2021.08.10,true,96,195.0,189.11296844482422,189.5212108001709,34,34,185.0,198.0,211.0,0.575,0.3455,0.1605,0.9988440531450768,0.6245258168313119,0.21619931344502138,1.0,0.0,0.0,ok,ok,ok,7,7,7,not_run
f4,protoA,B4,2021.08.11,true,96,218.0,189.4373321533203,189.83503102111817,34,34,185.0,198.0,211.0,0.5835,0.3385,0.1345,0.998922671704075,0.6159198825651305,0.19411393538736416,1.0,1.0,1.0,ok,ok,ok,7,7,7,not_run
f4,protoA,B4,2021.08.12,true,96,199.0,188.3199462890625,188.66660918045045,47,34,185.0,198.0,211.0,0.572,0.3175,0.1305,0.9988150646420018,0.5891205035468012,0.19057783201120976,1.0,1.0,0.0,ok,ok,ok,7,7,7,not_run
f4,protoA,B4,2021.08.13,true,96,207.0,188.70403289794922,189.32954945373535,34,34,185.0,198.0,211.0,0.579,0.3225,0.138,0.9988816853664485,0.5956374608982538,0.19717516586689238,1.0,1.0,0.0,ok,ok,ok,7,7,7,not_run
f4,protoA,B4,2021.08.14,true,96,108.0,106.5399055480957,105.99088926506043,8,17,185.0,198.0,211.0,0.0,0.0,0.0,0.00002447534976061339,0.00002447534976061339,0.00002447534976061339,0.0,0.0,0.0,ok,ok,ok,7,7,7,not_run
f4,protoA,B4,2021.08.15,true,96,28.0,67.6137580871582,67.44774534797668,7,95,185.0,198.0,211.0,0.0,0.0,0.0,0.00002447534976061339,0.00002447534976061339,0.00002447534976061339,0.0,0.0,0.0,ok,ok,ok,7,7,7,not_run
f4,protoA,B4,2021.08.16,true,96,190.0,186.81501007080078,187.48076413345336,37,34,185.0,198.0,211.0,0.5305,0.3055,0.1355,0.9983370450360862,0.5731230591850633,0.1949916414528518,1.0,0.0,0.0,ok,ok,ok,7,7,7,not_run
f4,K2,B4,2021.08.10,true,96,195.0,223.2732391357422,223.50913059997558,34,34,185.0,198.0,211.0,0.983,0.912,0.7455,0.9999995461720613,0.7413994562557455,0.3045608945281583,1.0,0.0,0.0,ok,ok,ok,7,7,7,not_run
f4,K2,B4,2021.08.11,true,96,218.0,223.3094482421875,223.73348275756837,34,34,185.0,198.0,211.0,0.9845,0.9135,0.75,0.9999996561757639,0.7524303391214858,0.38128748961205816,1.0,1.0,1.0,ok,ok,ok,7,7,7,not_run
f4,K2,B4,2021.08.12,true,96,199.0,221.8725128173828,222.3508409729004,47,34,185.0,198.0,211.0,0.978,0.9075,0.739,0.9999990126702253,0.707527173430927,0.21213014093739238,1.0,1.0,0.0,ok,ok,ok,7,7,7,not_run
f4,K2,B4,2021.08.13,true,96,207.0,221.57672882080078,222.7102501525879,34,34,185.0,198.0,211.0,0.9865,0.9205,0.7295,0.9999997728246546,0.801665655903209,0.1182348770620985,1.0,1.0,0.0,ok,ok,ok,7,7,7,not_run
f4,K2,B4,2021.08.14,true,96,108.0,131.49009704589844,131.22719794464112,8,25,185.0,198.0,211.0,0.0035,0.0,0.0,7.55050322136901e-7,1.4142269049762593e-14,2.4427964935650152e-59,0.0,0.0,0.0,ok,ok,ok,7,7,7,not_run
f4,K2,B4,2021.08.15,true,96,28.0,31.0513973236084,31.311620162963866,7,95,185.0,198.0,211.0,0.0,0.0,0.0,3.058704624169317e-10,1.4142269049762593e-14,2.4427964935650152e-59,0.0,0.0,0.0,ok,ok,ok,7,7,7,not_run
f4,K2,B4,2021.08.16,true,96,190.0,199.99032592773438,200.89493175506593,37,34,185.0,198.0,211.0,0.7555,0.5355,0.3075,0.9973904466950828,0.003169197153681363,8.140340223412446e-13,1.0,0.0,0.0,ok,ok,ok,7,7,7,not_run
f4,re,B4,2021.08.10,true,96,195.0,197.55391693115234,197.5024797477722,34,34,185.0,198.0,211.0,0.687,0.4905,0.3005,0.9993156405241862,0.7018364175655064,0.19572104406150007,1.0,0.0,0.0,ok,ok,ok,7,7,7,not_run
f4,re,B4,2021.08.11,true,96,218.0,197.6493911743164,198.02238745117188,34,34,185.0,198.0,211.0,0.688,0.4945,0.3095,0.9993249488555664,0.7425550434177801,0.24115381150140122,1.0,1.0,1.0,ok,ok,ok,7,7,7,not_run
f4,re,B4,2021.08.12,true,96,199.0,199.2922821044922,199.3232095451355,47,34,185.0,198.0,211.0,0.7175,0.5185,0.3235,0.9995546016755367,0.9071100678852905,0.3231079365829874,1.0,1.0,0.0,ok,ok,ok,7,7,7,not_run
f4,re,B4,2021.08.13,true,96,207.0,196.93545532226562,197.22042148590089,34,34,185.0,198.0,211.0,0.678,0.4835,0.3,0.9992266860772494,0.6225147728349283,0.1933770238188602,1.0,1.0,0.0,ok,ok,ok,7,7,7,not_run
f4,re,B4,2021.08.14,true,96,108.0,111.12727737426758,111.319284866333,8,7,185.0,198.0,211.0,0.0025,0.0005,0.0,3.1716040276227472e-6,4.612259486488389e-42,4.612259486488389e-42,0.0,0.0,0.0,ok,ok,ok,7,7,7,not_run
f4,re,B4,2021.08.15,true,96,28.0,29.03360366821289,29.140873962402345,7,71,185.0,198.0,211.0,0.0,0.0,0.0,3.582139593904539e-9,6.913750609595955e-46,6.913750609595955e-46,0.0,0.0,0.0,ok,ok,ok,7,7,7,not_run
f4,re,B4,2021.08.16,true,96,190.0,191.28925323486328,190.93761333847047,37,45,185.0,198.0,211.0,0.589,0.4025,0.247,0.99760317692745,0.024645014981498112,0.024645014981498112,1.0,0.0,0.0,ok,ok,ok,7,7,7,not_run
f4,AWstar,B1,2021.08.10,true,96,195.0,206.0303587604821,198.2275187896105,34,55,185.0,198.0,211.0,0.9280448346326294,0.9526045492410707,0.03458723269375095,0.9998774138888781,0.6316456632040797,0.13624750375451014,1.0,0.0,0.0,ok,ok,ok,7,7,7,not_run
f4,AWstar,B1,2021.08.11,true,96,218.0,205.16835119786276,200.72047777953327,34,55,185.0,198.0,211.0,0.9355184199237927,0.9608524179750254,0.09064034305850538,0.9999215604549305,0.6580909367130406,0.147779537227202,1.0,1.0,1.0,ok,ok,ok,7,7,7,not_run
f4,AWstar,B1,2021.08.12,true,96,199.0,205.5373604543705,200.69642755565502,47,55,185.0,198.0,211.0,0.942447290714876,0.976386526899939,0.03785578660254468,0.9999504476981135,0.7223857230444464,0.13727105958044683,1.0,1.0,0.0,ok,ok,ok,7,7,7,not_run
f4,AWstar,B1,2021.08.13,true,96,207.0,202.2824200313306,190.0921883806592,34,35,185.0,198.0,211.0,0.9028382977815125,0.8162285444268609,0.11268545849845205,0.9995748052311313,0.41738883315184544,0.15062510333040793,1.0,1.0,0.0,ok,ok,ok,7,7,7,not_run
f4,AWstar,B1,2021.08.14,true,96,108.0,112.29190548414954,114.43862225384129,8,7,185.0,198.0,211.0,0.17489540875165824,0.017888828552626183,0.0013821616449117633,0.0013834891773120124,0.0013834891773120124,0.0013834891773120124,0.0,0.0,0.0,ok,ok,ok,7,7,7,not_run
f4,AWstar,B1,2021.08.15,true,96,28.0,27.717098208609425,37.14393645974556,7,71,185.0,198.0,211.0,0.005929527065888022,0.0008462116835195782,0.0020708405244339286,1.810867439239395e-9,1.810867439239395e-9,1.810867439239395e-9,0.0,0.0,0.0,ok,ok,ok,7,7,7,not_run
f4,AWstar,B1,2021.08.16,true,96,190.0,211.36407608262596,202.1930894535137,37,34,185.0,198.0,211.0,0.9595586346230114,0.9112378336387982,0.9405373819547982,0.9999878663430596,0.5376483114812906,0.21700093832278516,1.0,0.0,0.0,ok,ok,ok,7,7,7,not_run
f4,B,B4,2021.08.10,true,96,195.0,209.5460968017578,209.89237160491945,34,34,185.0,198.0,211.0,1.0,0.944,0.424,0.9999999991619138,0.5802412119866164,0.18686001913364042,1.0,0.0,0.0,ok,ok,ok,7,7,7,not_run
f4,B,B4,2021.08.11,true,96,218.0,209.81803131103516,210.20369593048096,34,45,185.0,198.0,211.0,1.0,0.9535,0.4355,0.9999999991619138,0.6266878295345412,0.19958010322152978,1.0,1.0,1.0,ok,ok,ok,7,7,7,not_run
f4,B,B4,2021.08.12,true,96,199.0,209.83425903320312,209.9766236190796,47,34,185.0,198.0,211.0,1.0,0.9405,0.447,0.9999999991619138,0.5646274474540882,0.21285700666510737,1.0,1.0,0.0,ok,ok,ok,7,7,7,not_run
f4,B,B4,2021.08.13,true,96,207.0,209.71597290039062,210.07066275024414,34,45,185.0,198.0,211.0,1.0,0.9475,0.4305,0.9999999991619138,0.5966270789851097,0.19398163397116186,1.0,1.0,0.0,ok,ok,ok,7,7,7,not_run
f4,B,B4,2021.08.14,true,96,108.0,177.26744079589844,178.00620218658446,8,34,185.0,198.0,211.0,0.28,0.1075,0.035,0.0030585002537756754,0.0030585002537756754,0.0012214097818236149,0.0,0.0,0.0,ok,ok,ok,7,7,7,not_run
f4,B,B4,2021.08.15,true,96,28.0,29.11081314086914,29.221171725273134,7,15,185.0,198.0,211.0,0.0,0.0,0.0,1.848065674534661e-12,1.848065674534661e-12,1.848065674534661e-12,0.0,0.0,0.0,ok,ok,ok,7,7,7,not_run
f4,B,B4,2021.08.16,true,96,190.0,209.73894500732422,210.34378537750243,37,45,185.0,198.0,211.0,0.9995,0.953,0.4415,0.9999999937885772,0.6240813156789525,0.20643728282169202,1.0,0.0,0.0,ok,ok,ok,7,7,7,not_run
f1,H,B4,2021.06.20,true,96,28.0,34.94903564453125,38.2741903553009,60,0,181.0,189.5,198.0,0.0,0.0,0.0,0.0000593144586535767,0.0000593144586535767,0.0000593144586535767,0.0,0.0,0.0,ok,ok,ok,7,7,7,not_run
f1,H,B4,2021.06.27,true,96,31.0,35.40498924255371,39.13943685340881,49,0,181.0,189.5,198.0,0.0,0.0,0.0,0.0000593144586535767,0.0000593144586535767,0.0000593144586535767,0.0,0.0,0.0,ok,ok,ok,7,7,7,not_run
f1,H,B4,2021.07.01,true,96,206.0,169.01139068603516,171.20160860443116,55,33,181.0,189.5,198.0,0.348,0.2435,0.1525,0.9968077163616932,0.23984896603698827,0.23682152128322548,1.0,1.0,1.0,ok,ok,ok,7,7,7,not_run
f1,H,B4,2021.07.02,true,96,187.0,166.18319702148438,168.19446004104614,36,33,181.0,189.5,198.0,0.3,0.205,0.138,0.9950370172739917,0.22712263881711112,0.22712263881711112,1.0,0.0,0.0,ok,ok,ok,7,7,7,not_run
f1,H,B4,2021.07.03,true,96,112.0,106.78229522705078,108.82105922317506,16,26,181.0,189.5,198.0,0.001,0.0005,0.0,0.0009747420382599641,0.0009747420382599641,0.0009747420382599641,0.0,0.0,0.0,ok,ok,ok,7,7,7,not_run
f1,H,B4,2021.07.04,true,96,28.0,32.98497772216797,33.847355880737304,33,95,181.0,189.5,198.0,0.0,0.0,0.0,0.0000593144586535767,0.0000593144586535767,0.0000593144586535767,0.0,0.0,0.0,ok,ok,ok,7,7,7,not_run
f1,H,B4,2021.07.05,true,96,185.0,208.15026092529297,211.246087890625,43,34,181.0,189.5,198.0,0.9085,0.776,0.64,0.9999912418924705,0.4033791486766009,0.39912970205686543,1.0,0.0,0.0,ok,ok,ok,7,7,7,not_run
f2,H,B4,2021.07.11,true,96,28.0,31.91597843170166,32.91139132785797,46,59,182.0,193.0,200.2,0.0,0.0,0.0,7.339618135010822e-10,7.339618135010822e-10,1.1923826651236326e-10,0.0,0.0,0.0,ok,ok,ok,7,7,7,not_run
f2,H,B4,2021.07.12,true,96,198.0,219.2195816040039,221.90264699554444,34,34,182.0,193.0,200.2,0.9745,0.8855,0.7875,0.9999851719701497,0.9999104187613275,0.21696454845384805,1.0,1.0,0.0,ok,ok,ok,7,7,7,not_run
f2,H,B4,2021.07.14,true,96,195.0,221.90323638916016,226.28326383209227,38,34,182.0,193.0,200.2,0.9955,0.9525,0.8525,0.9999998690460816,0.9999944286072238,0.42912289010241134,1.0,1.0,0.0,ok,ok,ok,7,7,7,not_run
f2,H,B4,2021.07.16,true,96,197.0,206.08436584472656,209.15788916778564,47,59,182.0,193.0,200.2,0.879,0.693,0.585,0.9987040474461821,0.9967649454370587,0.030648365096241643,1.0,1.0,0.0,ok,ok,ok,7,7,7,not_run
f2,H,B4,2021.07.17,true,96,110.0,129.67132568359375,131.345240776062,5,16,182.0,193.0,200.2,0.0085,0.0035,0.0015,0.000010006586608601533,2.0078014386021316e-6,6.684664242523696e-9,0.0,0.0,0.0,ok,ok,ok,7,7,7,not_run
f2,H,B4,2021.07.18,true,96,28.0,32.62375068664551,33.48390892219543,4,46,182.0,193.0,200.2,0.0,0.0,0.0,7.339618135010822e-10,7.339618135010822e-10,1.1923826651236326e-10,0.0,0.0,0.0,ok,ok,ok,7,7,7,not_run
f2,H,B4,2021.07.19,true,96,222.0,222.45560455322266,225.0322477798462,45,33,182.0,193.0,200.2,0.9825,0.9195,0.8265,0.9999947380920706,0.999971260302597,0.32748923892047793,1.0,1.0,1.0,ok,ok,ok,7,7,7,not_run
f3,H,B4,2021.07.26,true,96,217.0,238.8404312133789,240.13228859710694,33,33,184.0,197.75,210.10000000000002,0.9965,0.975,0.888,0.9998701840557661,0.9998299673389075,0.9997318298307931,1.0,1.0,1.0,ok,ok,ok,7,7,7,not_run
f3,H,B4,2021.07.27,true,96,211.0,237.35765838623047,238.53915353393555,46,33,184.0,197.75,210.10000000000002,0.999,0.981,0.873,0.9999812643860635,0.9999084498877722,0.9995781405607419,1.0,1.0,1.0,ok,ok,ok,7,7,7,not_run
f3,H,B4,2021.07.28,true,96,212.0,237.04893493652344,238.2127702255249,47,34,184.0,197.75,210.10000000000002,0.9975,0.9745,0.8635,0.9999228512378208,0.9998221720749394,0.9994508603383055,1.0,1.0,1.0,ok,ok,ok,7,7,7,not_run
f3,H,B4,2021.07.29,true,96,211.0,237.6946792602539,239.046568069458,47,33,184.0,197.75,210.10000000000002,0.999,0.976,0.874,0.9999812643860635,0.999844964385439,0.9995900861801791,1.0,1.0,1.0,ok,ok,ok,7,7,7,not_run
f3,H,B4,2021.07.31,true,96,28.0,35.34095764160156,38.0210231628418,73,0,184.0,197.75,210.10000000000002,0.0,0.0,0.0,3.5224555355698426e-6,2.0376919995564077e-8,1.8994330945123532e-11,0.0,0.0,0.0,ok,ok,ok,7,7,7,not_run
f3,H,B4,2021.08.01,true,96,28.0,34.686790466308594,35.48755995559692,35,95,184.0,197.75,210.10000000000002,0.0,0.0,0.0,3.5224555355698426e-6,2.0376919995564077e-8,1.8994330945123532e-11,0.0,0.0,0.0,ok,ok,ok,7,7,7,not_run
f3,H,B4,2021.08.02,true,96,26.0,56.86094093322754,57.832004179000855,13,32,184.0,197.75,210.10000000000002,0.0,0.0,0.0,3.5224555355698426e-6,2.0376919995564077e-8,1.8994330945123532e-11,0.0,0.0,0.0,ok,ok,ok,7,7,7,not_run
f4,H,B4,2021.08.10,true,96,195.0,241.8661346435547,242.13173037719727,34,33,185.0,198.0,211.0,0.9955,0.98,0.9195,1.0,0.8036296236966622,0.29239738592845643,1.0,0.0,0.0,ok,ok,ok,7,7,7,not_run
f4,H,B4,2021.08.11,true,96,218.0,226.59681701660156,226.5704962234497,34,34,185.0,198.0,211.0,0.9715,0.8945,0.751,0.9999999999999891,0.6796045383802546,0.2163978173438512,1.0,1.0,1.0,ok,ok,ok,7,7,7,not_run
f4,H,B4,2021.08.12,true,96,199.0,227.3742218017578,227.63196926879883,47,33,185.0,198.0,211.0,0.9705,0.9185,0.784,0.9999999999999879,0.7023609316758649,0.2260521048671451,1.0,1.0,0.0,ok,ok,ok,7,7,7,not_run
f4,H,B4,2021.08.13,true,96,207.0,226.80780029296875,226.73098624420166,34,33,185.0,198.0,211.0,0.97,0.908,0.7615,0.9999999999999872,0.6918665852381943,0.21933572543271135,1.0,1.0,0.0,ok,ok,ok,7,7,7,not_run
f4,H,B4,2021.08.14,true,96,108.0,93.78450775146484,94.30245304107666,8,7,185.0,198.0,211.0,0.0,0.0,0.0,0.039998137650371815,0.039998137650371815,0.015812620058044825,0.0,0.0,0.0,ok,ok,ok,7,7,7,not_run
f4,H,B4,2021.08.15,true,96,28.0,29.349921226501465,29.887691569328307,7,95,185.0,198.0,211.0,0.0,0.0,0.0,0.039998137650371815,0.039998137650371815,0.015812620058044825,0.0,0.0,0.0,ok,ok,ok,7,7,7,not_run
f4,H,B4,2021.08.16,true,96,190.0,101.51330947875977,104.00655459213257,37,29,185.0,198.0,211.0,0.0015,0.0,0.0,0.898399257641612,0.04086237787035654,0.015812620058044825,1.0,0.0,0.0,ok,ok,ok,7,7,7,not_run
f1,IO,B4,2021.06.20,true,96,28.0,30.716635704040527,34.303584157943725,60,0,181.0,189.5,198.0,0.0,0.0,0.0,2.538343242004959e-10,6.08399047176479e-19,6.08399047176479e-19,0.0,0.0,0.0,ok,ok,ok,7,7,7,not_run
f1,IO,B4,2021.06.27,true,96,31.0,30.923181533813477,34.60404729747772,49,0,181.0,189.5,198.0,0.0,0.0,0.0,2.538343242004959e-10,6.08399047176479e-19,6.08399047176479e-19,0.0,0.0,0.0,ok,ok,ok,7,7,7,not_run
f1,IO,B4,2021.07.01,true,96,206.0,186.4986114501953,185.53482740020752,55,33,181.0,189.5,198.0,0.6725,0.399,0.1765,0.9985367168427233,0.3475148623767058,0.3279627589158318,1.0,1.0,1.0,ok,ok,ok,7,7,7,not_run
f1,IO,B4,2021.07.02,true,96,187.0,186.81403350830078,186.5684301147461,36,33,181.0,189.5,198.0,0.6825,0.4085,0.189,0.998734401427855,0.39575398424630187,0.34850527620561644,1.0,0.0,0.0,ok,ok,ok,7,7,7,not_run
f1,IO,B4,2021.07.03,true,96,112.0,120.02263259887695,122.4974976119995,16,7,181.0,189.5,198.0,0.008,0.0025,0.002,0.000015652128401930993,1.0699718957431067e-13,1.0699718957431067e-13,0.0,0.0,0.0,ok,ok,ok,7,7,7,not_run
f1,IO,B4,2021.07.04,true,96,28.0,28.407373428344727,28.734635312080382,33,95,181.0,189.5,198.0,0.0,0.0,0.0,2.538343242004959e-10,6.08399047176479e-19,6.08399047176479e-19,0.0,0.0,0.0,ok,ok,ok,7,7,7,not_run
f1,IO,B4,2021.07.05,true,96,185.0,185.94293975830078,184.8740206260681,43,33,181.0,189.5,198.0,0.6695,0.379,0.171,0.9984722913694347,0.25521463156653673,0.25521463156653673,1.0,0.0,0.0,ok,ok,ok,7,7,7,not_run
f2,IO,B4,2021.07.11,true,96,28.0,28.978971481323242,29.305417407989502,46,33,182.0,193.0,200.2,0.0,0.0,0.0,7.63539568452516e-12,7.63539568452516e-12,7.63539568452516e-12,0.0,0.0,0.0,ok,ok,ok,7,7,7,not_run
f2,IO,B4,2021.07.12,true,96,198.0,195.11969757080078,195.3269364013672,34,35,182.0,193.0,200.2,0.8435,0.5605,0.347,0.9994738066717246,0.9983000787402049,0.24333709149156235,1.0,1.0,0.0,ok,ok,ok,7,7,7,not_run
f2,IO,B4,2021.07.14,true,96,195.0,196.14485931396484,196.39342900848388,38,35,182.0,193.0,200.2,0.856,0.601,0.3795,0.9996199061752915,0.9988472555658181,0.26266425828424245,1.0,1.0,0.0,ok,ok,ok,7,7,7,not_run
f2,IO,B4,2021.07.16,true,96,197.0,195.3096923828125,195.30967350769043,47,35,182.0,193.0,200.2,0.8355,0.571,0.3505,0.999359130595975,0.9984614260804344,0.24540785011425875,1.0,1.0,0.0,ok,ok,ok,7,7,7,not_run
f2,IO,B4,2021.07.17,true,96,110.0,107.74679946899414,110.68579522705078,5,16,182.0,193.0,200.2,0.004,0.0015,0.0005,7.732032078288992e-8,7.732032078288992e-8,7.732032078288992e-8,0.0,0.0,0.0,ok,ok,ok,7,7,7,not_run
f2,IO,B4,2021.07.18,true,96,28.0,29.25945281982422,29.64104839706421,4,33,182.0,193.0,200.2,0.0,0.0,0.0,7.63539568452516e-12,7.63539568452516e-12,7.63539568452516e-12,0.0,0.0,0.0,ok,ok,ok,7,7,7,not_run
f2,IO,B4,2021.07.19,true,96,222.0,195.5233154296875,195.7750116157532,45,35,182.0,193.0,200.2,0.8535,0.5735,0.3495,0.9995936210686713,0.9984976609771479,0.24481597746019043,1.0,1.0,1.0,ok,ok,ok,7,7,7,not_run
f3,IO,B4,2021.07.26,true,96,217.0,204.36919403076172,205.39456536865234,33,34,184.0,197.75,210.10000000000002,0.94,0.671,0.3575,0.9998810652667333,0.9992756863991208,0.9987247687123071,1.0,1.0,1.0,ok,ok,ok,7,7,7,not_run
f3,IO,B4,2021.07.27,true,96,211.0,201.07233428955078,202.4697381362915,46,34,184.0,197.75,210.10000000000002,0.921,0.582,0.2875,0.9997241134225744,0.9982644989475546,0.9976704543066783,1.0,1.0,1.0,ok,ok,ok,7,7,7,not_run
f3,IO,B4,2021.07.28,true,96,212.0,201.84349060058594,203.03488635253908,47,34,184.0,197.75,210.10000000000002,0.9265,0.608,0.2845,0.9997791265764137,0.9986442782679688,0.9976054260960945,1.0,1.0,1.0,ok,ok,ok,7,7,7,not_run
f3,IO,B4,2021.07.29,true,96,211.0,200.1702651977539,201.89024741363525,47,34,184.0,197.75,210.10000000000002,0.8995,0.579,0.2615,0.9994145243022658,0.9982148895994536,0.9970245053985943,1.0,1.0,1.0,ok,ok,ok,7,7,7,not_run
f3,IO,B4,2021.07.31,true,96,28.0,35.02895164489746,36.230791391372684,73,0,184.0,197.75,210.10000000000002,0.0,0.0,0.0,1.8376120558294624e-10,1.8376120558294624e-10,1.8376120558294624e-10,0.0,0.0,0.0,ok,ok,ok,7,7,7,not_run
f3,IO,B4,2021.08.01,true,96,28.0,29.889118194580078,30.029063243865966,35,85,184.0,197.75,210.10000000000002,0.0,0.0,0.0,1.8376120558294624e-10,1.8376120558294624e-10,1.8376120558294624e-10,0.0,0.0,0.0,ok,ok,ok,7,7,7,not_run
f3,IO,B4,2021.08.02,true,96,26.0,32.12520980834961,32.35950872898102,13,37,184.0,197.75,210.10000000000002,0.0,0.0,0.0,1.8376120558294624e-10,1.8376120558294624e-10,1.8376120558294624e-10,0.0,0.0,0.0,ok,ok,ok,7,7,7,not_run
f4,IO,B4,2021.08.10,true,96,195.0,206.52335357666016,207.4470344543457,34,34,185.0,198.0,211.0,0.963,0.754,0.367,0.9999682263328142,0.1986369578870043,0.000837021188594729,1.0,0.0,0.0,ok,ok,ok,7,7,7,not_run
f4,IO,B4,2021.08.11,true,96,218.0,208.3708038330078,209.6229509048462,34,34,185.0,198.0,211.0,0.9785,0.799,0.433,0.9999931632979213,0.9552224081384325,0.6665483070552111,1.0,1.0,1.0,ok,ok,ok,7,7,7,not_run
f4,IO,B4,2021.08.12,true,96,199.0,207.84745025634766,208.70538610076903,47,34,185.0,198.0,211.0,0.9765,0.789,0.399,0.9999912200964151,0.8820986152866831,0.036963998831798295,1.0,1.0,0.0,ok,ok,ok,7,7,7,not_run
f4,IO,B4,2021.08.13,true,96,207.0,207.84278106689453,209.30135721588135,34,34,185.0,198.0,211.0,0.978,0.809,0.41,0.9999927070100789,0.9844465717137296,0.12229635731951614,1.0,1.0,0.0,ok,ok,ok,7,7,7,not_run
f4,IO,B4,2021.08.14,true,96,108.0,129.0069808959961,128.91509420967103,8,15,185.0,198.0,211.0,0.005,0.003,0.001,1.9342976311781486e-6,7.10157722469036e-53,8.395623083867516e-82,0.0,0.0,0.0,ok,ok,ok,7,7,7,not_run
f4,IO,B4,2021.08.15,true,96,28.0,28.029419898986816,28.231502197265623,7,5,185.0,198.0,211.0,0.0,0.0,0.0,5.058365541505478e-10,2.1820409129346138e-71,8.274379505478401e-99,0.0,0.0,0.0,ok,ok,ok,7,7,7,not_run
f4,IO,B4,2021.08.16,true,96,190.0,206.70047760009766,207.7486335067749,37,34,185.0,198.0,211.0,0.8695,0.668,0.413,0.9986560129162428,0.0001827562465170886,0.0001827562465170886,1.0,0.0,0.0,ok,ok,ok,7,7,7,not_run
f1,KAN,B4,2021.06.20,true,96,28.0,31.546216011047363,36.96997004318237,60,0,181.0,189.5,198.0,0.0,0.0,0.0,1.364324781973343e-8,5.442692132608725e-28,5.442692132608725e-28,0.0,0.0,0.0,ok,ok,ok,7,7,7,not_run
f1,KAN,B4,2021.06.27,true,96,31.0,31.65549659729004,37.300123058319095,49,0,181.0,189.5,198.0,0.0,0.0,0.0,1.364324781973343e-8,5.442692132608725e-28,5.442692132608725e-28,0.0,0.0,0.0,ok,ok,ok,7,7,7,not_run
f1,KAN,B4,2021.07.01,true,96,206.0,185.14173126220703,185.25760634231568,55,35,181.0,189.5,198.0,0.6305,0.3625,0.1505,0.9982431085772141,0.3563687945911128,0.34142713251523005,1.0,1.0,1.0,ok,ok,ok,7,7,7,not_run
f1,KAN,B4,2021.07.02,true,96,187.0,185.48067474365234,185.56905767059325,36,35,181.0,189.5,198.0,0.6685,0.365,0.1505,0.9988931610280618,0.37654255131049913,0.34142713251523005,1.0,0.0,0.0,ok,ok,ok,7,7,7,not_run
f1,KAN,B4,2021.07.03,true,96,112.0,131.90887451171875,130.8444059047699,16,7,181.0,189.5,198.0,0.003,0.0015,0.0,0.000013408171166092455,1.0021040840341725e-21,1.0021040840341725e-21,0.0,0.0,0.0,ok,ok,ok,7,7,7,not_run
f1,KAN,B4,2021.07.04,true,96,28.0,28.77476215362549,29.482608479499817,33,95,181.0,189.5,198.0,0.0,0.0,0.0,1.364324781973343e-8,5.442692132608725e-28,5.442692132608725e-28,0.0,0.0,0.0,ok,ok,ok,7,7,7,not_run
f1,KAN,B4,2021.07.05,true,96,185.0,184.64842987060547,184.8840417022705,43,35,181.0,189.5,198.0,0.619,0.35,0.1455,0.9979879213247708,0.2631378083513333,0.2631378083513333,1.0,0.0,0.0,ok,ok,ok,7,7,7,not_run
f2,KAN,B4,2021.07.11,true,96,28.0,30.46926212310791,30.934124848365784,46,60,182.0,193.0,200.2,0.0,0.0,0.0,2.7193934076723924e-11,2.7193934076723924e-11,2.7193934076723924e-11,0.0,0.0,0.0,ok,ok,ok,7,7,7,not_run
f2,KAN,B4,2021.07.12,true,96,198.0,195.9877471923828,198.65805017089843,34,35,182.0,193.0,200.2,0.881,0.5945,0.3995,0.9995756668283776,0.9982979799708458,0.23048581141448451,1.0,1.0,0.0,ok,ok,ok,7,7,7,not_run
f2,KAN,B4,2021.07.14,true,96,195.0,199.25774383544922,201.49173873901367,38,35,182.0,193.0,200.2,0.892,0.6545,0.4825,0.9996982403258735,0.9991503301028843,0.2657208222194577,1.0,1.0,0.0,ok,ok,ok,7,7,7,not_run
f2,KAN,B4,2021.07.16,true,96,197.0,198.1570053100586,200.68637825775147,47,35,182.0,193.0,200.2,0.8855,0.625,0.454,0.999629618798449,0.9987976309335056,0.25339277352926465,1.0,1.0,0.0,ok,ok,ok,7,7,7,not_run
f2,KAN,B4,2021.07.17,true,96,110.0,125.46027374267578,128.1632374420166,5,16,182.0,193.0,200.2,0.01,0.0035,0.0015,2.763643882687223e-6,2.763643882687223e-6,2.763643882687223e-6,0.0,0.0,0.0,ok,ok,ok,7,7,7,not_run
f2,KAN,B4,2021.07.18,true,96,28.0,30.54113006591797,30.98736561203003,4,86,182.0,193.0,200.2,0.0,0.0,0.0,2.7193934076723924e-11,2.7193934076723924e-11,2.7193934076723924e-11,0.0,0.0,0.0,ok,ok,ok,7,7,7,not_run
f2,KAN,B4,2021.07.19,true,96,222.0,196.5677261352539,199.30250226593017,45,35,182.0,193.0,200.2,0.8805,0.5985,0.409,0.9995693258947818,0.9983729245196353,0.23442962957000738,1.0,1.0,1.0,ok,ok,ok,7,7,7,not_run
f3,KAN,B4,2021.07.26,true,96,217.0,207.5114974975586,209.35095281982422,33,34,184.0,197.75,210.10000000000002,0.9555,0.7245,0.44,0.9997378062889231,0.9991125301146411,0.9985631752519659,1.0,1.0,1.0,ok,ok,ok,7,7,7,not_run
f3,KAN,B4,2021.07.27,true,96,211.0,206.10401916503906,208.3588469924927,46,34,184.0,197.75,210.10000000000002,0.9645,0.734,0.4045,0.9998522891194194,0.9992494063546813,0.9981136326972853,1.0,1.0,1.0,ok,ok,ok,7,7,7,not_run
f3,KAN,B4,2021.07.28,true,96,212.0,205.7616729736328,207.92361655426026,47,34,184.0,197.75,210.10000000000002,0.9655,0.7055,0.3925,0.9998625784362076,0.998772201762343,0.9979285788913601,1.0,1.0,1.0,ok,ok,ok,7,7,7,not_run
f3,KAN,B4,2021.07.29,true,96,211.0,205.72348022460938,207.8796149597168,47,34,184.0,197.75,210.10000000000002,0.9585,0.731,0.3855,0.9997805205237381,0.9992083129295539,0.9978113660706615,1.0,1.0,1.0,ok,ok,ok,7,7,7,not_run
f3,KAN,B4,2021.07.31,true,96,28.0,40.0391902923584,41.642828597068785,73,0,184.0,197.75,210.10000000000002,0.0,0.0,0.0,3.534694539890751e-9,1.0942203221474221e-11,1.0942203221474221e-11,0.0,0.0,0.0,ok,ok,ok,7,7,7,not_run
f3,KAN,B4,2021.08.01,true,96,28.0,31.469236373901367,32.06778499031067,35,85,184.0,197.75,210.10000000000002,0.0,0.0,0.0,3.534694539890751e-9,1.0942203221474221e-11,1.0942203221474221e-11,0.0,0.0,0.0,ok,ok,ok,7,7,7,not_run
f3,KAN,B4,2021.08.02,true,96,26.0,32.99116897583008,33.69415511989593,13,5,184.0,197.75,210.10000000000002,0.0,0.0,0.0,3.534694539890751e-9,1.0942203221474221e-11,1.0942203221474221e-11,0.0,0.0,0.0,ok,ok,ok,7,7,7,not_run
f4,KAN,B4,2021.08.10,true,96,195.0,208.22547149658203,209.95502005004883,34,34,185.0,198.0,211.0,0.983,0.7635,0.435,0.9999961788324407,0.6460803230979949,0.27499129967149033,1.0,0.0,0.0,ok,ok,ok,7,7,7,not_run
f4,KAN,B4,2021.08.11,true,96,218.0,207.72101593017578,210.27907036590577,34,34,185.0,198.0,211.0,0.9825,0.779,0.4205,0.9999958589745742,0.8573469713464924,0.22518164112792982,1.0,1.0,1.0,ok,ok,ok,7,7,7,not_run
f4,KAN,B4,2021.08.12,true,96,199.0,207.8406982421875,209.7073448486328,47,34,185.0,198.0,211.0,0.9735,0.769,0.4145,0.9999868439560119,0.7346247644370565,0.20642409545595045,1.0,1.0,0.0,ok,ok,ok,7,7,7,not_run
f4,KAN,B4,2021.08.13,true,96,207.0,208.07164764404297,210.04844871520996,34,34,185.0,198.0,211.0,0.9875,0.772,0.4245,0.9999983675084148,0.7769959390616429,0.23829787298955601,1.0,1.0,0.0,ok,ok,ok,7,7,7,not_run
f4,KAN,B4,2021.08.14,true,96,108.0,118.0586166381836,122.71410805511475,8,15,185.0,198.0,211.0,0.001,0.0,0.0,2.757972648224471e-8,3.334739348572909e-56,3.334739348572909e-56,0.0,0.0,0.0,ok,ok,ok,7,7,7,not_run
f4,KAN,B4,2021.08.15,true,96,28.0,30.492740631103516,30.81509969329834,7,27,185.0,198.0,211.0,0.0,0.0,0.0,6.293296272970579e-10,3.334739348572909e-56,3.334739348572909e-56,0.0,0.0,0.0,ok,ok,ok,7,7,7,not_run
f4,KAN,B4,2021.08.16,true,96,190.0,203.35637664794922,204.84648514556883,37,34,185.0,198.0,211.0,0.869,0.6255,0.3365,0.9986055908205526,0.0002403157778373801,0.0002403157778373801,1.0,0.0,0.0,ok,ok,ok,7,7,7,not_run
