model,variant,fold,stratum,metric,value,n
B0,main,f1,all,mae,8.547743055555555,1152
B0,main,f1,all,rmse,15.87513670107372,1152
B0,main,f1,all,crps,NaN,0
B0,main,f1,all,cov50,NaN,0
B0,main,f1,all,cov80,NaN,0
B0,main,f1,all,cov90,NaN,0
B0,main,f1,op,mae,10.045833333333333,960
B0,main,f1,op,rmse,17.37497002395496,960
B0,main,f1,op,crps,NaN,0
B0,main,f1,op,cov50,NaN,0
B0,main,f1,op,cov80,NaN,0
B0,main,f1,op,cov90,NaN,0
B0,main,f1,nonop,mae,1.0572916666666667,192
B0,main,f1,nonop,rmse,1.6345871038277526,192
B0,main,f1,nonop,crps,NaN,0
B0,main,f1,nonop,cov50,NaN,0
B0,main,f1,nonop,cov80,NaN,0
B0,main,f1,nonop,cov90,NaN,0
B0,main,f2,all,mae,24.524839743589745,1248
B0,main,f2,all,rmse,49.75561268429667,1248
B0,main,f2,all,crps,NaN,0
B0,main,f2,all,cov50,NaN,0
B0,main,f2,all,cov80,NaN,0
B0,main,f2,all,cov90,NaN,0
B0,main,f2,op,mae,9.583333333333334,768
B0,main,f2,op,rmse,12.906212167014766,768
B0,main,f2,op,crps,NaN,0
B0,main,f2,op,cov50,NaN,0
B0,main,f2,op,cov80,NaN,0
B0,main,f2,op,cov90,NaN,0
B0,main,f2,nonop,mae,48.43125,480
B0,main,f2,nonop,rmse,78.54999734776146,480
B0,main,f2,nonop,crps,NaN,0
B0,main,f2,nonop,cov50,NaN,0
B0,main,f2,nonop,cov80,NaN,0
B0,main,f2,nonop,cov90,NaN,0
B0,main,f3,all,mae,60.763392857142854,1344
B0,main,f3,all,rmse,87.31699399587798,1344
B0,main,f3,all,crps,NaN,0
B0,main,f3,all,cov50,NaN,0
B0,main,f3,all,cov80,NaN,0
B0,main,f3,all,cov90,NaN,0
B0,main,f3,op,mae,74.95703125,768
B0,main,f3,op,rmse,95.82447196349862,768
B0,main,f3,op,crps,NaN,0
B0,main,f3,op,cov50,NaN,0
B0,main,f3,op,cov80,NaN,0
B0,main,f3,op,cov90,NaN,0
B0,main,f3,nonop,mae,41.838541666666664,576
B0,main,f3,nonop,rmse,74.47703085515695,576
B0,main,f3,nonop,crps,NaN,0
B0,main,f3,nonop,cov50,NaN,0
B0,main,f3,nonop,cov80,NaN,0
B0,main,f3,nonop,cov90,NaN,0
B0,main,f4,all,mae,9.83569182389937,1272
B0,main,f4,all,rmse,14.319166247117135,1272
B0,main,f4,all,crps,NaN,0
B0,main,f4,all,cov50,NaN,0
B0,main,f4,all,cov80,NaN,0
B0,main,f4,all,cov90,NaN,0
B0,main,f4,op,mae,10.851687388987566,1126
B0,main,f4,op,rmse,15.183571799003305,1126
B0,main,f4,op,crps,NaN,0
B0,main,f4,op,cov50,NaN,0
B0,main,f4,op,cov80,NaN,0
B0,main,f4,op,cov90,NaN,0
B0,main,f4,nonop,mae,2.0,146
B0,main,f4,nonop,rmse,2.8907030950205947,146
B0,main,f4,nonop,crps,NaN,0
B0,main,f4,nonop,cov50,NaN,0
B0,main,f4,nonop,cov80,NaN,0
B0,main,f4,nonop,cov90,NaN,0
B0,main,pooled,all,mae,26.840311004784688,5016
B0,main,pooled,all,rmse,52.618274534538145,5016
B0,main,pooled,all,crps,NaN,0
B0,main,pooled,all,cov50,NaN,0
B0,main,pooled,all,cov80,NaN,0
B0,main,pooled,all,cov90,NaN,0
B0,main,pooled,op,mae,23.961899503036996,3622
B0,main,pooled,op,rmse,46.195267732805455,3622
B0,main,pooled,op,crps,NaN,0
B0,main,pooled,op,cov50,NaN,0
B0,main,pooled,op,cov80,NaN,0
B0,main,pooled,op,cov90,NaN,0
B0,main,pooled,nonop,mae,34.31922525107604,1394
B0,main,pooled,nonop,rmse,66.46621886072143,1394
B0,main,pooled,nonop,crps,NaN,0
B0,main,pooled,nonop,cov50,NaN,0
B0,main,pooled,nonop,cov80,NaN,0
B0,main,pooled,nonop,cov90,NaN,0
B0p,main,f1,all,mae,14.848090277777779,1152
B0p,main,f1,all,rmse,27.268549369598343,1152
B0p,main,f1,all,crps,NaN,0
B0p,main,f1,all,cov50,NaN,0
B0p,main,f1,all,cov80,NaN,0
B0p,main,f1,all,cov90,NaN,0
B0p,main,f1,op,mae,17.60625,960
B0p,main,f1,op,rmse,29.862253208133286,960
B0p,main,f1,op,crps,NaN,0
B0p,main,f1,op,cov50,NaN,0
B0p,main,f1,op,cov80,NaN,0
B0p,main,f1,op,cov90,NaN,0
B0p,main,f1,nonop,mae,1.0572916666666667,192
B0p,main,f1,nonop,rmse,1.6345871038277526,192
B0p,main,f1,nonop,crps,NaN,0
B0p,main,f1,nonop,cov50,NaN,0
B0p,main,f1,nonop,cov80,NaN,0
B0p,main,f1,nonop,cov90,NaN,0
B0p,main,f2,all,mae,10.381410256410257,1248
B0p,main,f2,all,rmse,19.67744706705936,1248
B0p,main,f2,all,crps,NaN,0
B0p,main,f2,all,cov50,NaN,0
B0p,main,f2,all,cov80,NaN,0
B0p,main,f2,all,cov90,NaN,0
B0p,main,f2,op,mae,15.502604166666666,768
B0p,main,f2,op,rmse,24.979835617953935,768
B0p,main,f2,op,crps,NaN,0
B0p,main,f2,op,cov50,NaN,0
B0p,main,f2,op,cov80,NaN,0
B0p,main,f2,op,cov90,NaN,0
B0p,main,f2,nonop,mae,2.1875,480
B0p,main,f2,nonop,rmse,2.887472943596182,480
B0p,main,f2,nonop,crps,NaN,0
B0p,main,f2,nonop,cov50,NaN,0
B0p,main,f2,nonop,cov80,NaN,0
B0p,main,f2,nonop,cov90,NaN,0
B0p,main,f3,all,mae,14.485119047619047,1344
B0p,main,f3,all,rmse,28.08220288808588,1344
B0p,main,f3,all,crps,NaN,0
B0p,main,f3,all,cov50,NaN,0
B0p,main,f3,all,cov80,NaN,0
B0p,main,f3,all,cov90,NaN,0
B0p,main,f3,op,mae,24.415364583333332,768
B0p,main,f3,op,rmse,37.11000328415507,768
B0p,main,f3,op,crps,NaN,0
B0p,main,f3,op,cov50,NaN,0
B0p,main,f3,op,cov80,NaN,0
B0p,main,f3,op,cov90,NaN,0
B0p,main,f3,nonop,mae,1.2447916666666667,576
B0p,main,f3,nonop,rmse,1.9715863607201634,576
B0p,main,f3,nonop,crps,NaN,0
B0p,main,f3,nonop,cov50,NaN,0
B0p,main,f3,nonop,cov80,NaN,0
B0p,main,f3,nonop,cov90,NaN,0
B0p,main,f4,all,mae,15.165880503144654,1272
B0p,main,f4,all,rmse,26.9631270465016,1272
B0p,main,f4,all,crps,NaN,0
B0p,main,f4,all,cov50,NaN,0
B0p,main,f4,all,cov80,NaN,0
B0p,main,f4,all,cov90,NaN,0
B0p,main,f4,op,mae,16.873001776198933,1126
B0p,main,f4,op,rmse,28.63900692385072,1126
B0p,main,f4,op,crps,NaN,0
B0p,main,f4,op,cov50,NaN,0
B0p,main,f4,op,cov80,NaN,0
B0p,main,f4,op,cov90,NaN,0
B0p,main,f4,nonop,mae,2.0,146
B0p,main,f4,nonop,rmse,2.8907030950205947,146
B0p,main,f4,nonop,crps,NaN,0
B0p,main,f4,nonop,cov50,NaN,0
B0p,main,f4,nonop,cov80,NaN,0
B0p,main,f4,nonop,cov90,NaN,0
B0p,main,pooled,all,mae,13.720095693779903,5016
B0p,main,pooled,all,rmse,25.744395961936572,5016
B0p,main,pooled,all,crps,NaN,0
B0p,main,pooled,all,cov50,NaN,0
B0p,main,pooled,all,cov80,NaN,0
B0p,main,pooled,all,cov90,NaN,0
B0p,main,pooled,op,mae,18.376035339591386,3622
B0p,main,pooled,op,rmse,30.25978080921532,3622
B0p,main,pooled,op,crps,NaN,0
B0p,main,pooled,op,cov50,NaN,0
B0p,main,pooled,op,cov80,NaN,0
B0p,main,pooled,op,cov90,NaN,0
B0p,main,pooled,nonop,mae,1.6226685796269726,1394
B0p,main,pooled,nonop,rmse,2.3917001390719386,1394
B0p,main,pooled,nonop,crps,NaN,0
B0p,main,pooled,nonop,cov50,NaN,0
B0p,main,pooled,nonop,cov80,NaN,0
B0p,main,pooled,nonop,cov90,NaN,0
BB,main,f1,all,mae,17.243811722199577,1152
BB,main,f1,all,rmse,23.08893039549731,1152
BB,main,f1,all,crps,NaN,0
BB,main,f1,all,cov50,NaN,0
BB,main,f1,all,cov80,NaN,0
BB,main,f1,all,cov90,NaN,0
BB,main,f1,op,mae,20.46654634131999,960
BB,main,f1,op,rmse,25.282511965282637,960
BB,main,f1,op,crps,NaN,0
BB,main,f1,op,cov50,NaN,0
BB,main,f1,op,cov80,NaN,0
BB,main,f1,op,cov90,NaN,0
BB,main,f1,nonop,mae,1.1301386265975164,192
BB,main,f1,nonop,rmse,1.6016193291224856,192
BB,main,f1,nonop,crps,NaN,0
BB,main,f1,nonop,cov50,NaN,0
BB,main,f1,nonop,cov80,NaN,0
BB,main,f1,nonop,cov90,NaN,0
BB,main,f2,all,mae,12.68418912171234,1248
BB,main,f2,all,rmse,18.700945751297173,1248
BB,main,f2,all,crps,NaN,0
BB,main,f2,all,cov50,NaN,0
BB,main,f2,all,cov80,NaN,0
BB,main,f2,all,cov90,NaN,0
BB,main,f2,op,mae,19.336888758069033,768
BB,main,f2,op,rmse,23.76852482653339,768
BB,main,f2,op,crps,NaN,0
BB,main,f2,op,cov50,NaN,0
BB,main,f2,op,cov80,NaN,0
BB,main,f2,op,cov90,NaN,0
BB,main,f2,nonop,mae,2.039869703541635,480
BB,main,f2,nonop,rmse,2.318950472614819,480
BB,main,f2,nonop,crps,NaN,0
BB,main,f2,nonop,cov50,NaN,0
BB,main,f2,nonop,cov80,NaN,0
BB,main,f2,nonop,cov90,NaN,0
BB,main,f3,all,mae,9.996923088228012,1344
BB,main,f3,all,rmse,18.08059449332218,1344
BB,main,f3,all,crps,NaN,0
BB,main,f3,all,cov50,NaN,0
BB,main,f3,all,cov80,NaN,0
BB,main,f3,all,cov90,NaN,0
BB,main,f3,op,mae,16.236779398979795,768
BB,main,f3,op,rmse,23.864379588501425,768
BB,main,f3,op,crps,NaN,0
BB,main,f3,op,cov50,NaN,0
BB,main,f3,op,cov80,NaN,0
BB,main,f3,op,cov90,NaN,0
BB,main,f3,nonop,mae,1.6771146738922995,576
BB,main,f3,nonop,rmse,1.8547981064734982,576
BB,main,f3,nonop,crps,NaN,0
BB,main,f3,nonop,cov50,NaN,0
BB,main,f3,nonop,cov80,NaN,0
BB,main,f3,nonop,cov90,NaN,0
BB,main,f4,all,mae,12.872197840485894,1272
BB,main,f4,all,rmse,18.641821207617514,1272
BB,main,f4,all,crps,NaN,0
BB,main,f4,all,cov50,NaN,0
BB,main,f4,all,cov80,NaN,0
BB,main,f4,all,cov90,NaN,0
BB,main,f4,op,mae,14.349160350852657,1126
BB,main,f4,op,rmse,19.79570846442041,1126
BB,main,f4,op,crps,NaN,0
BB,main,f4,op,cov50,NaN,0
BB,main,f4,op,cov80,NaN,0
BB,main,f4,op,cov90,NaN,0
BB,main,f4,nonop,mae,1.4813773838216817,146
BB,main,f4,nonop,rmse,2.3357766779141285,146
BB,main,f4,nonop,crps,NaN,0
BB,main,f4,nonop,cov50,NaN,0
BB,main,f4,nonop,cov80,NaN,0
BB,main,f4,nonop,cov90,NaN,0
BB,main,pooled,all,mae,13.059019021440873,5016
BB,main,pooled,all,rmse,19.62565049737903,5016
BB,main,pooled,all,crps,NaN,0
BB,main,pooled,all,cov50,NaN,0
BB,main,pooled,all,cov80,NaN,0
BB,main,pooled,all,cov90,NaN,0
BB,main,pooled,op,mae,17.428386578503805,3622
BB,main,pooled,op,rmse,23.06056152871508,3622
BB,main,pooled,op,crps,NaN,0
BB,main,pooled,op,cov50,NaN,0
BB,main,pooled,op,cov80,NaN,0
BB,main,pooled,op,cov90,NaN,0
BB,main,pooled,nonop,mae,1.7061859571066271,1394
BB,main,pooled,nonop,rmse,2.048879722995397,1394
BB,main,pooled,nonop,crps,NaN,0
BB,main,pooled,nonop,cov50,NaN,0
BB,main,pooled,nonop,cov80,NaN,0
BB,main,pooled,nonop,cov90,NaN,0
B1,main,f1,all,mae,15.256088253911226,1152
B1,main,f1,all,rmse,18.42035237760166,1152
B1,main,f1,all,crps,11.475258675725927,1152
B1,main,f1,all,cov50,0.3428819444444444,1152
B1,main,f1,all,cov80,0.6414930555555556,1152
B1,main,f1,all,cov90,0.8046875,1152
B1,main,f1,op,mae,18.10224232376673,960
B1,main,f1,op,rmse,20.164162886132885,960
B1,main,f1,op,crps,13.59562801447201,960
B1,main,f1,op,cov50,0.28020833333333334,960
B1,main,f1,op,cov80,0.5895833333333333,960
B1,main,f1,op,cov90,0.7791666666666667,960
B1,main,f1,nonop,mae,1.025317904633712,192
B1,main,f1,nonop,rmse,1.6996957956049847,192
B1,main,f1,nonop,crps,0.8734119819955085,192
B1,main,f1,nonop,cov50,0.65625,192
B1,main,f1,nonop,cov80,0.9010416666666666,192
B1,main,f1,nonop,cov90,0.9322916666666666,192
B1,main,f2,all,mae,8.330316352340201,1248
B1,main,f2,all,rmse,12.184838604983021,1248
B1,main,f2,all,crps,6.726696993052042,1248
B1,main,f2,all,cov50,0.33573717948717946,1248
B1,main,f2,all,cov80,0.5368589743589743,1248
B1,main,f2,all,cov90,0.6201923076923077,1248
B1,main,f2,op,mae,8.858668100345005,768
B1,main,f2,op,rmse,11.992749620758755,768
B1,main,f2,op,crps,7.151462524760968,768
B1,main,f2,op,cov50,0.4596354166666667,768
B1,main,f2,op,cov80,0.66796875,768
B1,main,f2,op,cov90,0.75,768
B1,main,f2,nonop,mae,7.484953555532513,480
B1,main,f2,nonop,rmse,12.486035768438478,480
B1,main,f2,nonop,crps,6.047072142317761,480
B1,main,f2,nonop,cov50,0.1375,480
B1,main,f2,nonop,cov80,0.32708333333333334,480
B1,main,f2,nonop,cov90,0.4125,480
B1,main,f3,all,mae,24.27608655324866,1344
B1,main,f3,all,rmse,29.7634217232374,1344
B1,main,f3,all,crps,17.978843927711296,1344
B1,main,f3,all,cov50,0.21577380952380953,1344
B1,main,f3,all,cov80,0.49404761904761907,1344
B1,main,f3,all,cov90,0.7671130952380952,1344
B1,main,f3,op,mae,35.91951075574854,768
B1,main,f3,op,rmse,39.26591667995856,768
B1,main,f3,op,crps,26.08843062547882,768
B1,main,f3,op,cov50,0.22916666666666666,768
B1,main,f3,op,cov80,0.4713541666666667,768
B1,main,f3,op,cov90,0.7994791666666666,768
B1,main,f3,nonop,mae,8.751520949915495,576
B1,main,f3,nonop,rmse,3.3555952207802138,576
B1,main,f3,nonop,crps,7.166061664021261,576
B1,main,f3,nonop,cov50,0.19791666666666666,576
B1,main,f3,nonop,cov80,0.5243055555555556,576
B1,main,f3,nonop,cov90,0.7239583333333334,576
B1,main,f4,all,mae,7.18748861930639,1272
B1,main,f4,all,rmse,10.651836183584045,1272
B1,main,f4,all,crps,5.478881801627209,1272
B1,main,f4,all,cov50,0.46540880503144655,1272
B1,main,f4,all,cov80,0.7602201257861635,1272
B1,main,f4,all,cov90,0.8844339622641509,1272
B1,main,f4,op,mae,7.905699989391367,1126
B1,main,f4,op,rmse,11.28288205429369,1126
B1,main,f4,op,crps,6.025824091842429,1126
B1,main,f4,op,cov50,0.4733570159857904,1126
B1,main,f4,op,cov80,0.7788632326820604,1126
B1,main,f4,op,cov90,0.8987566607460036,1126
B1,main,f4,nonop,mae,1.648406408924996,146
B1,main,f4,nonop,rmse,2.590173477884544,146
B1,main,f4,nonop,crps,1.260683042844071,146
B1,main,f4,nonop,cov50,0.4041095890410959,146
B1,main,f4,nonop,cov80,0.6164383561643836,146
B1,main,f4,nonop,cov90,0.773972602739726,146
B1,main,pooled,all,mae,13.903667130691833,5016
B1,main,pooled,all,rmse,19.519221579507427,5016
B1,main,pooled,all,crps,10.51577347134749,5016
B1,main,pooled,all,cov50,0.33811802232854865,5016
B1,main,pooled,all,cov80,0.6060606060606061,5016
B1,main,pooled,all,cov90,0.7689393939393939,5016
B1,main,pooled,op,mae,16.75030706249326,3622
B1,main,pooled,op,rmse,22.4668819788939,3622
B1,main,pooled,op,crps,12.524880938898914,3622
B1,main,pooled,op,cov50,0.36747653230259525,3622
B1,main,pooled,op,cov80,0.6399779127553837,3622
B1,main,pooled,op,cov90,0.8144671452236334,3622
B1,main,pooled,nonop,mae,6.5073042662838265,1394
B1,main,pooled,nonop,rmse,7.709414448393326,1394
B1,main,pooled,nonop,crps,5.295553064266245,1394
B1,main,pooled,nonop,cov50,0.2618364418938307,1394
B1,main,pooled,nonop,cov80,0.5179340028694405,1394
B1,main,pooled,nonop,cov90,0.6506456241032998,1394
B2,main,f1,all,mae,14.953358625372251,1152
B2,main,f1,all,rmse,20.013517165567624,1152
B2,main,f1,all,crps,11.033299051450378,1152
B2,main,f1,all,cov50,0.4331597222222222,1152
B2,main,f1,all,cov80,0.7534722222222222,1152
B2,main,f1,all,cov90,0.8793402777777778,1152
B2,main,f1,op,mae,17.24909714559714,960
B2,main,f1,op,rmse,21.848639270608412,960
B2,main,f1,op,crps,12.753308378799362,960
B2,main,f1,op,cov50,0.4864583333333333,960
B2,main,f1,op,cov80,0.7729166666666667,960
B2,main,f1,op,cov90,0.871875,960
B2,main,f1,nonop,mae,3.474666024247805,192
B2,main,f1,nonop,rmse,4.053396863491136,192
B2,main,f1,nonop,crps,2.4332524147054606,192
B2,main,f1,nonop,cov50,0.16666666666666666,192
B2,main,f1,nonop,cov80,0.65625,192
B2,main,f1,nonop,cov90,0.9166666666666666,192
B2,main,f2,all,mae,12.589561611413956,1248
B2,main,f2,all,rmse,17.53419195610271,1248
B2,main,f2,all,crps,9.297538851818246,1248
B2,main,f2,all,cov50,0.2980769230769231,1248
B2,main,f2,all,cov80,0.6065705128205128,1248
B2,main,f2,all,cov90,0.7972756410256411,1248
B2,main,f2,op,mae,18.024501250435907,768
B2,main,f2,op,rmse,22.059358260354223,768
B2,main,f2,op,crps,13.376051384114765,768
B2,main,f2,op,cov50,0.3919270833333333,768
B2,main,f2,op,cov80,0.70703125,768
B2,main,f2,op,cov90,0.8541666666666666,768
B2,main,f2,nonop,mae,3.893658188978831,480
B2,main,f2,nonop,rmse,4.5585138658487665,480
B2,main,f2,nonop,crps,2.7719188001438195,480
B2,main,f2,nonop,cov50,0.14791666666666667,480
B2,main,f2,nonop,cov80,0.44583333333333336,480
B2,main,f2,nonop,cov90,0.70625,480
B2,main,f3,all,mae,10.034008278023629,1344
B2,main,f3,all,rmse,16.5242012921524,1344
B2,main,f3,all,crps,7.882750093384639,1344
B2,main,f3,all,cov50,0.375,1344
B2,main,f3,all,cov80,0.7209821428571429,1344
B2,main,f3,all,cov90,0.8712797619047619,1344
B2,main,f3,op,mae,15.256623055785894,768
B2,main,f3,op,rmse,21.62088417488681,768
B2,main,f3,op,crps,12.187051494292254,768
B2,main,f3,op,cov50,0.515625,768
B2,main,f3,op,cov80,0.81640625,768
B2,main,f3,op,cov90,0.8763020833333334,768
B2,main,f3,nonop,mae,3.0705219076739416,576
B2,main,f3,nonop,rmse,3.7190531227501897,576
B2,main,f3,nonop,crps,2.1436815588411533,576
B2,main,f3,nonop,cov50,0.1875,576
B2,main,f3,nonop,cov80,0.59375,576
B2,main,f3,nonop,cov90,0.8645833333333334,576
B2,main,f4,all,mae,12.695911023601797,1272
B2,main,f4,all,rmse,18.108209287722637,1272
B2,main,f4,all,crps,9.832326256701814,1272
B2,main,f4,all,cov50,0.49842767295597484,1272
B2,main,f4,all,cov80,0.8168238993710691,1272
B2,main,f4,all,cov90,0.9127358490566038,1272
B2,main,f4,op,mae,14.041067224201047,1126
B2,main,f4,op,rmse,19.215774988880643,1126
B2,main,f4,op,crps,10.891542127915574,1126
B2,main,f4,op,cov50,0.5177619893428064,1126
B2,main,f4,op,cov80,0.8285968028419183,1126
B2,main,f4,op,cov90,0.9174067495559503,1126
B2,main,f4,nonop,mae,2.321624161445931,146
B2,main,f4,nonop,rmse,3.0148131825003466,146
B2,main,f4,nonop,crps,1.663305222546358,146
B2,main,f4,nonop,cov50,0.3493150684931507,146
B2,main,f4,nonop,cov80,0.726027397260274,146
B2,main,f4,nonop,cov90,0.8767123287671232,146
B2,main,pooled,all,mae,12.474670648955081,5016
B2,main,pooled,all,rmse,18.022194262236802,5016
B2,main,pooled,all,crps,9.452716132052167,5016
B2,main,pooled,all,cov50,0.400518341307815,5016
B2,main,pooled,all,cov80,0.7242822966507177,5016
B2,main,pooled,all,cov90,0.8652312599681021,5016
B2,main,pooled,op,mae,15.993726786692982,3622
B2,main,pooled,op,rmse,21.062155682443287,3622
B2,main,pooled,op,crps,12.186503448453038,3622
B2,main,pooled,op,cov50,0.4823302043070127,3622
B2,main,pooled,op,cov80,0.7854776366648261,3622
B2,main,pooled,op,cov90,0.8832136940916621,3622
B2,main,pooled,nonop,mae,3.331183324072248,1394
B2,main,pooled,nonop,rmse,4.010643827523441,1394
B2,main,pooled,nonop,crps,2.3495757733692644,1394
B2,main,pooled,nonop,cov50,0.18794835007173602,1394
B2,main,pooled,nonop,cov80,0.5652797704447633,1394
B2,main,pooled,nonop,cov90,0.8185078909612625,1394
B3,main,f1,all,mae,10.983617840541733,1152
B3,main,f1,all,rmse,15.645641712552093,1152
B3,main,f1,all,crps,8.22513858180414,1152
B3,main,f1,all,cov50,0.5859375,1152
B3,main,f1,all,cov80,0.8446180555555556,1152
B3,main,f1,all,cov90,0.9088541666666666,1152
B3,main,f1,op,mae,12.952665705482165,960
B3,main,f1,op,rmse,17.122241352197097,960
B3,main,f1,op,crps,9.674000589670678,960
B3,main,f1,op,cov50,0.5541666666666667,960
B3,main,f1,op,cov80,0.8197916666666667,960
B3,main,f1,op,cov90,0.89375,960
B3,main,f1,nonop,mae,1.1383785158395767,192
B3,main,f1,nonop,rmse,1.6914144881899398,192
B3,main,f1,nonop,crps,0.9808285424714548,192
B3,main,f1,nonop,cov50,0.7447916666666666,192
B3,main,f1,nonop,cov80,0.96875,192
B3,main,f1,nonop,cov90,0.984375,192
B3,main,f2,all,mae,9.990299847645637,1248
B3,main,f2,all,rmse,14.703283061093439,1248
B3,main,f2,all,crps,7.577315479955642,1248
B3,main,f2,all,cov50,0.35336538461538464,1248
B3,main,f2,all,cov80,0.6602564102564102,1248
B3,main,f2,all,cov90,0.8301282051282052,1248
B3,main,f2,op,mae,14.300396806250015,768
B3,main,f2,op,rmse,18.456056074233956,768
B3,main,f2,op,crps,10.886289981440674,768
B3,main,f2,op,cov50,0.421875,768
B3,main,f2,op,cov80,0.73046875,768
B3,main,f2,op,cov90,0.85546875,768
B3,main,f2,nonop,mae,3.0941447138786318,480
B3,main,f2,nonop,rmse,4.133204073068223,480
B3,main,f2,nonop,crps,2.282956277579592,480
B3,main,f2,nonop,cov50,0.24375,480
B3,main,f2,nonop,cov80,0.5479166666666667,480
B3,main,f2,nonop,cov90,0.7895833333333333,480
B3,main,f3,all,mae,8.263998817829858,1344
B3,main,f3,all,rmse,14.097962050009906,1344
B3,main,f3,all,crps,6.533750022664167,1344
B3,main,f3,all,cov50,0.41964285714285715,1344
B3,main,f3,all,cov80,0.7931547619047619,1344
B3,main,f3,all,cov90,0.9069940476190477,1344
B3,main,f3,op,mae,12.970268824448189,768
B3,main,f3,op,rmse,18.495215652923402,768
B3,main,f3,op,crps,10.352224502674297,768
B3,main,f3,op,cov50,0.5182291666666666,768
B3,main,f3,op,cov80,0.8098958333333334,768
B3,main,f3,op,cov90,0.8763020833333334,768
B3,main,f3,nonop,mae,1.9889721423387527,576
B3,main,f3,nonop,rmse,2.7674133260781555,576
B3,main,f3,nonop,crps,1.4424507159839945,576
B3,main,f3,nonop,cov50,0.2881944444444444,576
B3,main,f3,nonop,cov80,0.7708333333333334,576
B3,main,f3,nonop,cov90,0.9479166666666666,576
B3,main,f4,all,mae,10.734124611758586,1272
B3,main,f4,all,rmse,16.442274489540676,1272
B3,main,f4,all,crps,8.477999973713251,1272
B3,main,f4,all,cov50,0.5762578616352201,1272
B3,main,f4,all,cov80,0.8679245283018868,1272
B3,main,f4,all,cov90,0.9261006289308176,1272
B3,main,f4,op,mae,11.861986069653852,1126
B3,main,f4,op,rmse,17.447613269198254,1126
B3,main,f4,op,crps,9.385237303831522,1126
B3,main,f4,op,cov50,0.5959147424511545,1126
B3,main,f4,op,cov80,0.8783303730017762,1126
B3,main,f4,op,cov90,0.9307282415630551,1126
B3,main,f4,nonop,mae,2.035686244703319,146
B3,main,f4,nonop,rmse,2.7537315605244443,146
B3,main,f4,nonop,crps,1.4810874140339958,146
B3,main,f4,nonop,cov50,0.4246575342465753,146
B3,main,f4,nonop,cov80,0.7876712328767124,146
B3,main,f4,nonop,cov90,0.8904109589041096,146
B3,main,pooled,all,mae,9.944506156197384,5016
B3,main,pooled,all,rmse,15.225582745513318,5016
B3,main,pooled,all,crps,7.674885439044438,5016
B3,main,pooled,all,cov50,0.4810606060606061,5016
B3,main,pooled,all,cov80,0.7908692185007975,5016
B3,main,pooled,all,cov90,0.8931419457735247,5016
B3,main,pooled,op,mae,12.903099557169888,3622
B3,main,pooled,op,rmse,17.807278384818037,3622
B3,main,pooled,op,crps,9.985090252346339,3622
B3,main,pooled,op,cov50,0.5314743235781336,3622
B3,main,pooled,op,cov80,0.8169519602429597,3622
B3,main,pooled,op,cov90,0.8934290447266704,3622
B3,main,pooled,nonop,mae,2.2572570182329614,1394
B3,main,pooled,nonop,rmse,3.1992392295439704,1394
B3,main,pooled,nonop,crps,1.6723303215555723,1394
B3,main,pooled,nonop,cov50,0.3500717360114778,1394
B3,main,pooled,nonop,cov80,0.7230989956958394,1394
B3,main,pooled,nonop,cov90,0.8923959827833573,1394
B4,main,f1,all,mae,12.507399469614029,1152
B4,main,f1,all,rmse,17.518653610704007,1152
B4,main,f1,all,crps,9.273203441692756,1152
B4,main,f1,all,cov50,0.6059027777777778,1152
B4,main,f1,all,cov80,0.8411458333333334,1152
B4,main,f1,all,cov90,0.9522569444444444,1152
B4,main,f1,op,mae,14.763357146581013,960
B4,main,f1,op,rmse,19.175554435649865,960
B4,main,f1,op,crps,10.884808377542974,960
B4,main,f1,op,cov50,0.5552083333333333,960
B4,main,f1,op,cov80,0.8166666666666667,960
B4,main,f1,op,cov90,0.94375,960
B4,main,f1,nonop,mae,1.2276110847791035,192
B4,main,f1,nonop,rmse,1.7058447813735653,192
B4,main,f1,nonop,crps,1.2151787624416646,192
B4,main,f1,nonop,cov50,0.859375,192
B4,main,f1,nonop,cov80,0.9635416666666666,192
B4,main,f1,nonop,cov90,0.9947916666666666,192
B4,main,f2,all,mae,10.311826355182207,1248
B4,main,f2,all,rmse,15.534022796930078,1248
B4,main,f2,all,crps,7.8117492657180945,1248
B4,main,f2,all,cov50,0.5056089743589743,1248
B4,main,f2,all,cov80,0.7972756410256411,1248
B4,main,f2,all,cov90,0.8886217948717948,1248
B4,main,f2,op,mae,15.131398805727562,768
B4,main,f2,op,rmse,19.641673282474894,768
B4,main,f2,op,crps,11.505644057691262,768
B4,main,f2,op,cov50,0.44921875,768
B4,main,f2,op,cov80,0.6927083333333334,768
B4,main,f2,op,cov90,0.8190104166666666,768
B4,main,f2,nonop,mae,2.6005104343096415,480
B4,main,f2,nonop,rmse,3.1816222477899405,480
B4,main,f2,nonop,crps,1.9015175985610278,480
B4,main,f2,nonop,cov50,0.5958333333333333,480
B4,main,f2,nonop,cov80,0.9645833333333333,480
B4,main,f2,nonop,cov90,1.0,480
B4,main,f3,all,mae,9.08184940403416,1344
B4,main,f3,all,rmse,14.765355382825252,1344
B4,main,f3,all,crps,6.809963815281621,1344
B4,main,f3,all,cov50,0.5691964285714286,1344
B4,main,f3,all,cov80,0.8898809523809523,1344
B4,main,f3,all,cov90,0.9419642857142857,1344
B4,main,f3,op,mae,14.206158152470985,768
B4,main,f3,op,rmse,19.396063802494655,768
B4,main,f3,op,crps,10.723565668684122,768
B4,main,f3,op,cov50,0.5481770833333334,768
B4,main,f3,op,cov80,0.8098958333333334,768
B4,main,f3,op,cov90,0.8984375,768
B4,main,f3,nonop,mae,2.2494377394517264,576
B4,main,f3,nonop,rmse,2.663385874290643,576
B4,main,f3,nonop,crps,1.5918280107449543,576
B4,main,f3,nonop,cov50,0.5972222222222222,576
B4,main,f3,nonop,cov80,0.9965277777777778,576
B4,main,f3,nonop,cov90,1.0,576
B4,main,f4,all,mae,12.16490653588337,1272
B4,main,f4,all,rmse,19.455967658483065,1272
B4,main,f4,all,crps,9.659588883401483,1272
B4,main,f4,all,cov50,0.610062893081761,1272
B4,main,f4,all,cov80,0.8616352201257862,1272
B4,main,f4,all,cov90,0.9205974842767296,1272
B4,main,f4,op,mae,13.517707430024766,1126
B4,main,f4,op,rmse,20.65501916525176,1126
B4,main,f4,op,crps,10.72572977152597,1126
B4,main,f4,op,cov50,0.6039076376554174,1126
B4,main,f4,op,cov80,0.8552397868561279,1126
B4,main,f4,op,cov90,0.9147424511545293,1126
B4,main,f4,nonop,mae,1.7316612838065788,146
B4,main,f4,nonop,rmse,2.7584691410239457,146
B4,main,f4,nonop,crps,1.4371598421126368,146
B4,main,f4,nonop,cov50,0.6575342465753424,146
B4,main,f4,nonop,cov80,0.910958904109589,146
B4,main,f4,nonop,cov90,0.9657534246575342,146
B4,main,pooled,all,mae,10.956429464299903,5016
B4,main,pooled,all,rmse,16.87988496224039,5016
B4,main,pooled,all,crps,8.347564169830825,5016
B4,main,pooled,all,cov50,0.5721690590111643,5016
B4,main,pooled,all,cov80,0.8484848484848485,5016
B4,main,pooled,all,cov90,0.9256379585326954,5016
B4,main,pooled,op,mae,14.336003636339631,3622
B4,main,pooled,op,rmse,19.790432952847357,3622
B4,main,pooled,op,crps,10.932805310611759,3622
B4,main,pooled,op,cov50,0.5463832136940917,3622
B4,main,pooled,op,cov80,0.8009387078961899,3622
B4,main,pooled,op,cov90,0.8986747653230259,3622
B4,main,pooled,nonop,mae,2.1753551091149,1394
B4,main,pooled,nonop,rmse,2.7594199548887675,1394
B4,main,pooled,nonop,crps,1.6303881211159479,1394
B4,main,pooled,nonop,cov50,0.639167862266858,1394
B4,main,pooled,nonop,cov80,0.9720229555236729,1394
B4,main,pooled,nonop,cov90,0.9956958393113343,1394
B1,copies,f1,all,mae,13.012411329674089,1152
B1,copies,f1,all,rmse,21.49574905830473,1152
B1,copies,f1,all,crps,9.848356052598689,1152
B1,copies,f1,all,cov50,0.3567708333333333,1152
B1,copies,f1,all,cov80,0.7395833333333334,1152
B1,copies,f1,all,cov90,0.8611111111111112,1152
B1,copies,f1,op,mae,15.329533564130667,960
B1,copies,f1,op,rmse,23.463169425413064,960
B1,copies,f1,op,crps,11.588038683408213,960
B1,copies,f1,op,cov50,0.3229166666666667,960
B1,copies,f1,op,cov80,0.7208333333333333,960
B1,copies,f1,op,cov90,0.853125,960
B1,copies,f1,nonop,mae,1.4268001573911917,192
B1,copies,f1,nonop,rmse,4.44991775625809,192
B1,copies,f1,nonop,crps,1.1499428985510687,192
B1,copies,f1,nonop,cov50,0.5260416666666666,192
B1,copies,f1,nonop,cov80,0.8333333333333334,192
B1,copies,f1,nonop,cov90,0.9010416666666666,192
B1,copies,f2,all,mae,19.33541890933411,1344
B1,copies,f2,all,rmse,27.902972192251173,1344
B1,copies,f2,all,crps,14.216342397144532,1344
B1,copies,f2,all,cov50,0.30505952380952384,1344
B1,copies,f2,all,cov80,0.5848214285714286,1344
B1,copies,f2,all,cov90,0.7321428571428571,1344
B1,copies,f2,op,mae,16.903233296324498,864
B1,copies,f2,op,rmse,20.934960033527343,864
B1,copies,f2,op,crps,12.344892038270443,864
B1,copies,f2,op,cov50,0.34953703703703703,864
B1,copies,f2,op,cov80,0.5740740740740741,864
B1,copies,f2,op,cov90,0.7303240740740741,864
B1,copies,f2,nonop,mae,23.7133530127514,480
B1,copies,f2,nonop,rmse,37.29774533618113,480
B1,copies,f2,nonop,crps,17.584953043117892,480
B1,copies,f2,nonop,cov50,0.225,480
B1,copies,f2,nonop,cov80,0.6041666666666666,480
B1,copies,f2,nonop,cov90,0.7354166666666667,480
B1,copies,f3,all,mae,22.728587887474408,1344
B1,copies,f3,all,rmse,26.626348531962016,1344
B1,copies,f3,all,crps,15.524452322636197,1344
B1,copies,f3,all,cov50,0.29985119047619047,1344
B1,copies,f3,all,cov80,0.7313988095238095,1344
B1,copies,f3,all,cov90,0.859375,1344
B1,copies,f3,op,mae,29.193373571408824,768
B1,copies,f3,op,rmse,32.31502177542678,768
B1,copies,f3,op,crps,20.83861924170277,768
B1,copies,f3,op,cov50,0.2669270833333333,768
B1,copies,f3,op,cov80,0.6432291666666666,768
B1,copies,f3,op,cov90,0.7838541666666666,768
B1,copies,f3,nonop,mae,14.10887364222852,576
B1,copies,f3,nonop,rmse,16.18326835174099,576
B1,copies,f3,nonop,crps,8.438896430547434,576
B1,copies,f3,nonop,cov50,0.34375,576
B1,copies,f3,nonop,cov80,0.8489583333333334,576
B1,copies,f3,nonop,cov90,0.9600694444444444,576
B1,copies,f4,all,mae,7.343660563544256,1272
B1,copies,f4,all,rmse,10.692613769903787,1272
B1,copies,f4,all,crps,5.7485213884600626,1272
B1,copies,f4,all,cov50,0.4308176100628931,1272
B1,copies,f4,all,cov80,0.77437106918239,1272
B1,copies,f4,all,cov90,0.8694968553459119,1272
B1,copies,f4,op,mae,8.08357607049673,1126
B1,copies,f4,op,rmse,11.318429301516616,1126
B1,copies,f4,op,crps,6.316970555325454,1126
B1,copies,f4,op,cov50,0.4182948490230906,1126
B1,copies,f4,op,cov80,0.7859680284191829,1126
B1,copies,f4,op,cov90,0.88898756660746,1126
B1,copies,f4,nonop,mae,1.637188914034076,146
B1,copies,f4,nonop,rmse,2.845311424043107,146
B1,copies,f4,nonop,crps,1.3644545261968428,146
B1,copies,f4,nonop,cov50,0.5273972602739726,146
B1,copies,f4,nonop,cov80,0.684931506849315,146
B1,copies,f4,nonop,cov90,0.7191780821917808,146
B1,copies,pooled,all,mae,15.818751804288633,5112
B1,copies,pooled,all,rmse,22.883760851222327,5112
B1,copies,pooled,all,crps,11.468907175684699,5112
B1,copies,pooled,all,cov50,0.34663536776212833,5112
B1,copies,pooled,all,cov80,0.7053990610328639,5112
B1,copies,pooled,all,cov90,0.8288341158059468,5112
B1,copies,pooled,op,mae,16.36454097574263,3718
B1,copies,pooled,op,rmse,22.327019966072715,3718
B1,copies,pooled,op,crps,12.078394911259206,3718
B1,copies,pooled,op,cov50,0.3464228079612695,3718
B1,copies,pooled,op,cov80,0.6904249596557289,3718
B1,copies,pooled,op,cov90,0.8211403980634749,3718
B1,copies,pooled,nonop,mae,14.363052995489513,1394
B1,copies,pooled,nonop,rmse,24.30638575923576,1394
B1,copies,pooled,nonop,crps,9.843315066024717,1394
B1,copies,pooled,nonop,cov50,0.3472022955523673,1394
B1,copies,pooled,nonop,cov80,0.7453371592539455,1394
B1,copies,pooled,nonop,cov90,0.8493543758967002,1394
B4,copies,f1,all,mae,12.849154397017426,1152
B4,copies,f1,all,rmse,18.40666223659004,1152
B4,copies,f1,all,crps,10.28664082029622,1152
B4,copies,f1,all,cov50,0.578125,1152
B4,copies,f1,all,cov80,0.8116319444444444,1152
B4,copies,f1,all,cov90,0.8845486111111112,1152
B4,copies,f1,op,mae,13.614618094762166,960
B4,copies,f1,op,rmse,19.56645695934364,960
B4,copies,f1,op,crps,10.983002236995715,960
B4,copies,f1,op,cov50,0.6354166666666666,960
B4,copies,f1,op,cov80,0.8916666666666667,960
B4,copies,f1,op,cov90,0.934375,960
B4,copies,f1,nonop,mae,9.021835908293724,192
B4,copies,f1,nonop,rmse,10.890367231743113,192
B4,copies,f1,nonop,crps,6.8048337367987415,192
B4,copies,f1,nonop,cov50,0.2916666666666667,192
B4,copies,f1,nonop,cov80,0.4114583333333333,192
B4,copies,f1,nonop,cov90,0.6354166666666666,192
B4,copies,f2,all,mae,15.586764842981385,1344
B4,copies,f2,all,rmse,19.502949044228966,1344
B4,copies,f2,all,crps,11.546408124399047,1344
B4,copies,f2,all,cov50,0.35788690476190477,1344
B4,copies,f2,all,cov80,0.6569940476190477,1344
B4,copies,f2,all,cov90,0.8430059523809523,1344
B4,copies,f2,op,mae,17.82054634226693,864
B4,copies,f2,op,rmse,22.26762435092779,864
B4,copies,f2,op,crps,13.263188751782737,864
B4,copies,f2,op,cov50,0.45601851851851855,864
B4,copies,f2,op,cov80,0.7569444444444444,864
B4,copies,f2,op,cov90,0.90625,864
B4,copies,f2,nonop,mae,11.5659581442674,480
B4,copies,f2,nonop,rmse,13.133822381917547,480
B4,copies,f2,nonop,crps,8.45620299510841,480
B4,copies,f2,nonop,cov50,0.18125,480
B4,copies,f2,nonop,cov80,0.47708333333333336,480
B4,copies,f2,nonop,cov90,0.7291666666666666,480
B4,copies,f3,all,mae,11.17301440735658,1344
B4,copies,f3,all,rmse,18.13934030454681,1344
B4,copies,f3,all,crps,8.896315783950545,1344
B4,copies,f3,all,cov50,0.45610119047619047,1344
B4,copies,f3,all,cov80,0.7827380952380952,1344
B4,copies,f3,all,cov90,0.8891369047619048,1344
B4,copies,f3,op,mae,16.229476320246857,768
B4,copies,f3,op,rmse,23.50431516427403,768
B4,copies,f3,op,crps,13.129868961989617,768
B4,copies,f3,op,cov50,0.59765625,768
B4,copies,f3,op,cov80,0.8411458333333334,768
B4,copies,f3,op,cov90,0.8723958333333334,768
B4,copies,f3,nonop,mae,4.431065190169546,576
B4,copies,f3,nonop,rmse,5.580870344997168,576
B4,copies,f3,nonop,crps,3.25157821323178,576
B4,copies,f3,nonop,cov50,0.2673611111111111,576
B4,copies,f3,nonop,cov80,0.7048611111111112,576
B4,copies,f3,nonop,cov90,0.9114583333333334,576
B4,copies,f4,all,mae,11.96593593726368,1272
B4,copies,f4,all,rmse,17.68150979473419,1272
B4,copies,f4,all,crps,9.618348118940734,1272
B4,copies,f4,all,cov50,0.6281446540880503,1272
B4,copies,f4,all,cov80,0.8734276729559748,1272
B4,copies,f4,all,cov90,0.9119496855345912,1272
B4,copies,f4,op,mae,12.881996217460022,1126
B4,copies,f4,op,rmse,18.688050386490467,1126
B4,copies,f4,op,crps,10.40241868497624,1126
B4,copies,f4,op,cov50,0.6793960923623446,1126
B4,copies,f4,op,cov80,0.9280639431616341,1126
B4,copies,f4,op,cov90,0.9422735346358793,1126
B4,copies,f4,nonop,mae,4.900977885886414,146
B4,copies,f4,nonop,rmse,5.505196327987452,146
B4,copies,f4,nonop,crps,3.5713381370504553,146
B4,copies,f4,nonop,cov50,0.2328767123287671,146
B4,copies,f4,nonop,cov80,0.4520547945205479,146
B4,copies,f4,nonop,cov90,0.678082191780822,146
B4,copies,pooled,all,mae,12.908458468313322,5112
B4,copies,pooled,all,rmse,18.45674878618143,5112
B4,copies,pooled,all,crps,10.08602698847725,5112
B4,copies,pooled,all,cov50,0.5005868544600939,5112
B4,copies,pooled,all,cov80,0.778755868544601,5112
B4,copies,pooled,all,cov90,0.8816510172143975,5112
B4,copies,pooled,op,mae,14.910261152635792,3718
B4,copies,pooled,op,rmse,20.83178824160744,3718
B4,copies,pooled,op,crps,11.780511035811578,3718
B4,copies,pooled,op,cov50,0.5992469069392147,3718
B4,copies,pooled,op,cov80,0.8609467455621301,3718
B4,copies,pooled,op,cov90,0.9174287251210328,3718
B4,copies,pooled,nonop,mae,7.569360634517807,1394
B4,copies,pooled,nonop,rmse,9.57994861171129,1394
B4,copies,pooled,nonop,crps,5.566592492071927,1394
B4,copies,pooled,nonop,cov50,0.2374461979913917,1394
B4,copies,pooled,nonop,cov80,0.5595408895265424,1394
B4,copies,pooled,nonop,cov90,0.7862266857962698,1394
B1,suspect,f1,all,mae,16.548010845766655,1344
B1,suspect,f1,all,rmse,21.488781670483693,1344
B1,suspect,f1,all,crps,13.189159996344182,1344
B1,suspect,f1,all,cov50,0.33035714285714285,1344
B1,suspect,f1,all,cov80,0.5952380952380952,1344
B1,suspect,f1,all,cov90,0.7537202380952381,1344
B1,suspect,f1,op,mae,19.135126335955476,1152
B1,suspect,f1,op,rmse,23.200162348477985,1152
B1,suspect,f1,op,crps,15.241784665402292,1152
B1,suspect,f1,op,cov50,0.2760416666666667,1152
B1,suspect,f1,op,cov80,0.5442708333333334,1152
B1,suspect,f1,op,cov90,0.7239583333333334,1152
B1,suspect,f1,nonop,mae,1.025317904633712,192
B1,suspect,f1,nonop,rmse,1.6996957956049847,192
B1,suspect,f1,nonop,crps,0.8734119819955085,192
B1,suspect,f1,nonop,cov50,0.65625,192
B1,suspect,f1,nonop,cov80,0.9010416666666666,192
B1,suspect,f1,nonop,cov90,0.9322916666666666,192
B1,suspect,f2,all,mae,11.739873243505969,1248
B1,suspect,f2,all,rmse,18.15044344305756,1248
B1,suspect,f2,all,crps,9.172918532021264,1248
B1,suspect,f2,all,cov50,0.3317307692307692,1248
B1,suspect,f2,all,cov80,0.5040064102564102,1248
B1,suspect,f2,all,cov90,0.6378205128205128,1248
B1,suspect,f2,op,mae,12.339032114158845,768
B1,suspect,f2,op,rmse,19.568022485412772,768
B1,suspect,f2,op,crps,9.900494183412265,768
B1,suspect,f2,op,cov50,0.4375,768
B1,suspect,f2,op,cov80,0.6354166666666666,768
B1,suspect,f2,op,cov90,0.75,768
B1,suspect,f2,nonop,mae,10.781219050461369,480
B1,suspect,f2,nonop,rmse,15.616924994493933,480
B1,suspect,f2,nonop,crps,8.008797489795663,480
B1,suspect,f2,nonop,cov50,0.1625,480
B1,suspect,f2,nonop,cov80,0.29375,480
B1,suspect,f2,nonop,cov90,0.4583333333333333,480
B1,suspect,f3,all,mae,23.600466007765597,1344
B1,suspect,f3,all,rmse,28.780050018979264,1344
B1,suspect,f3,all,crps,17.031019820095416,1344
B1,suspect,f3,all,cov50,0.19270833333333334,1344
B1,suspect,f3,all,cov80,0.5119047619047619,1344
B1,suspect,f3,all,cov90,0.8035714285714286,1344
B1,suspect,f3,op,mae,33.27687496772184,768
B1,suspect,f3,op,rmse,37.7389192809962,768
B1,suspect,f3,op,crps,23.574258443914903,768
B1,suspect,f3,op,cov50,0.23828125,768
B1,suspect,f3,op,cov80,0.4674479166666667,768
B1,suspect,f3,op,cov90,0.80859375,768
B1,suspect,f3,nonop,mae,10.698587394490602,576
B1,suspect,f3,nonop,rmse,5.8061702717726975,576
B1,suspect,f3,nonop,crps,8.306701655002762,576
B1,suspect,f3,nonop,cov50,0.13194444444444445,576
B1,suspect,f3,nonop,cov80,0.5711805555555556,576
B1,suspect,f3,nonop,cov90,0.796875,576
B1,suspect,f4,all,mae,7.2245576453964295,1272
B1,suspect,f4,all,rmse,10.611259967320445,1272
B1,suspect,f4,all,crps,5.52545598941601,1272
B1,suspect,f4,all,cov50,0.5047169811320755,1272
B1,suspect,f4,all,cov80,0.7790880503144654,1272
B1,suspect,f4,all,cov90,0.8962264150943396,1272
B1,suspect,f4,op,mae,7.950099132774937,1126
B1,suspect,f4,op,rmse,11.238710757326778,1126
B1,suspect,f4,op,crps,6.079873893461394,1126
B1,suspect,f4,op,cov50,0.5337477797513321,1126
B1,suspect,f4,op,cov80,0.7912966252220248,1126
B1,suspect,f4,op,cov90,0.9067495559502664,1126
B1,suspect,f4,nonop,mae,1.6289431605457594,146
B1,suspect,f4,nonop,rmse,2.620018447918209,146
B1,suspect,f4,nonop,crps,1.2496028390385794,146
B1,suspect,f4,nonop,cov50,0.2808219178082192,146
B1,suspect,f4,nonop,cov80,0.684931506849315,146
B1,suspect,f4,nonop,cov90,0.815068493150685,146
B1,suspect,pooled,all,mae,14.938662062977544,5208
B1,suspect,pooled,all,rmse,20.960996301537847,5208
B1,suspect,pooled,all,crps,11.346410142049637,5208
B1,suspect,pooled,all,cov50,0.3377496159754224,5208
B1,suspect,pooled,all,cov80,0.5967741935483871,5208
B1,suspect,pooled,all,cov90,0.7736175115207373,5208
B1,suspect,pooled,op,mae,17.312137860883496,3814
B1,suspect,pooled,op,rmse,23.74353452415841,3814
B1,suspect,pooled,op,crps,13.139245924585273,3814
B1,suspect,pooled,op,cov50,0.3770319874147876,3814
B1,suspect,pooled,op,cov80,0.6200839014158364,3814
B1,suspect,pooled,op,cov90,0.800209753539591,3814
B1,suspect,pooled,nonop,mae,8.444805037716929,1394
B1,suspect,pooled,nonop,rmse,9.951142965874885,1394
B1,suspect,pooled,nonop,crps,6.441190863290014,1394
B1,suspect,pooled,nonop,cov50,0.2302725968436155,1394
B1,suspect,pooled,nonop,cov80,0.5329985652797704,1394
B1,suspect,pooled,nonop,cov90,0.7008608321377331,1394
B4,suspect,f1,all,mae,16.314543979508535,1344
B4,suspect,f1,all,rmse,23.89568532184576,1344
B4,suspect,f1,all,crps,12.496840909446044,1344
B4,suspect,f1,all,cov50,0.5416666666666666,1344
B4,suspect,f1,all,cov80,0.7730654761904762,1344
B4,suspect,f1,all,cov90,0.8883928571428571,1344
B4,suspect,f1,op,mae,18.829032795296776,1152
B4,suspect,f1,op,rmse,25.800893177648536,1152
B4,suspect,f1,op,crps,14.377117933946774,1152
B4,suspect,f1,op,cov50,0.4887152777777778,1152
B4,suspect,f1,op,cov80,0.7413194444444444,1152
B4,suspect,f1,op,cov90,0.8706597222222222,1152
B4,suspect,f1,nonop,mae,1.2276110847791035,192
B4,suspect,f1,nonop,rmse,1.7058447813735653,192
B4,suspect,f1,nonop,crps,1.2151787624416646,192
B4,suspect,f1,nonop,cov50,0.859375,192
B4,suspect,f1,nonop,cov80,0.9635416666666666,192
B4,suspect,f1,nonop,cov90,0.9947916666666666,192
B4,suspect,f2,all,mae,10.892304410537085,1248
B4,suspect,f2,all,rmse,16.103246292517763,1248
B4,suspect,f2,all,crps,8.104287994379698,1248
B4,suspect,f2,all,cov50,0.46314102564102566,1248
B4,suspect,f2,all,cov80,0.8197115384615384,1248
B4,suspect,f2,all,cov90,0.9158653846153846,1248
B4,suspect,f2,op,mae,15.956652130931616,768
B4,suspect,f2,op,rmse,20.347397822203042,768
B4,suspect,f2,op,crps,11.925901637732524,768
B4,suspect,f2,op,cov50,0.4479166666666667,768
B4,suspect,f2,op,cov80,0.734375,768
B4,suspect,f2,op,cov90,0.8671875,768
B4,suspect,f2,nonop,mae,2.789348057905833,480
B4,suspect,f2,nonop,rmse,3.4338389585822786,480
B4,suspect,f2,nonop,crps,1.9897061650151746,480
B4,suspect,f2,nonop,cov50,0.4875,480
B4,suspect,f2,nonop,cov80,0.95625,480
B4,suspect,f2,nonop,cov90,0.99375,480
B4,suspect,f3,all,mae,9.488174729403996,1344
B4,suspect,f3,all,rmse,15.326169173798837,1344
B4,suspect,f3,all,crps,7.1231774563227495,1344
B4,suspect,f3,all,cov50,0.546875,1344
B4,suspect,f3,all,cov80,0.8809523809523809,1344
B4,suspect,f3,all,cov90,0.9322916666666666,1344
B4,suspect,f3,op,mae,14.928566866864761,768
B4,suspect,f3,op,rmse,20.144912518645025,768
B4,suspect,f3,op,crps,11.273463510847897,768
B4,suspect,f3,op,cov50,0.5104166666666666,768
B4,suspect,f3,op,cov80,0.796875,768
B4,suspect,f3,op,cov90,0.8815104166666666,768
B4,suspect,f3,nonop,mae,2.234318546122975,576
B4,suspect,f3,nonop,rmse,2.6438752663383993,576
B4,suspect,f3,nonop,crps,1.5894627169558877,576
B4,suspect,f3,nonop,cov50,0.5954861111111112,576
B4,suspect,f3,nonop,cov80,0.9930555555555556,576
B4,suspect,f3,nonop,cov90,1.0,576
B4,suspect,f4,all,mae,11.98501028804659,1272
B4,suspect,f4,all,rmse,19.087952888067264,1272
B4,suspect,f4,all,crps,9.49559075046576,1272
B4,suspect,f4,all,cov50,0.6124213836477987,1272
B4,suspect,f4,all,cov80,0.8860062893081762,1272
B4,suspect,f4,all,cov90,0.9331761006289309,1272
B4,suspect,f4,op,mae,13.316698470717002,1126
B4,suspect,f4,op,rmse,20.26395639466909,1126
B4,suspect,f4,op,crps,10.546514909745955,1126
B4,suspect,f4,op,cov50,0.6119005328596803,1126
B4,suspect,f4,op,cov80,0.8845470692717584,1126
B4,suspect,f4,op,cov90,0.9280639431616341,1126
B4,suspect,f4,nonop,mae,1.7145932079994515,146
B4,suspect,f4,nonop,rmse,2.727439001431624,146
B4,suspect,f4,nonop,crps,1.390518124784251,146
B4,suspect,f4,nonop,cov50,0.6164383561643836,146
B4,suspect,f4,nonop,cov80,0.8972602739726028,146
B4,suspect,f4,nonop,cov90,0.9726027397260274,146
B4,suspect,pooled,all,mae,12.196118075177417,5208
B4,suspect,pooled,all,rmse,18.949974965379987,5208
B4,suspect,pooled,all,crps,9.32447149292849,5208
B4,suspect,pooled,all,cov50,0.5414746543778802,5208
B4,suspect,pooled,all,cov80,0.8396697388632872,5208
B4,suspect,pooled,all,cov90,0.9172427035330261,5208
B4,suspect,pooled,op,mae,15.83783336353352,3814
B4,suspect,pooled,op,rmse,22.076700505733672,3814
B4,suspect,pooled,op,crps,12.127668611009543,3814
B4,suspect,pooled,op,cov50,0.5212375458835868,3814
B4,suspect,pooled,op,cov80,0.7933927635028841,3814
B4,suspect,pooled,op,cov90,0.889092815941269,3814
B4,suspect,pooled,nonop,mae,2.2323432474943625,1394
B4,suspect,pooled,nonop,rmse,2.851019712527848,1394
B4,suspect,pooled,nonop,crps,1.6548920034298242,1394
B4,suspect,pooled,nonop,cov50,0.5968436154949784,1394
B4,suspect,pooled,nonop,cov80,0.966284074605452,1394
B4,suspect,pooled,nonop,cov90,0.994261119081779,1394
B1,protoA,f1,all,mae,25.638522257976316,1152
B1,protoA,f1,all,rmse,49.191152105744955,1152
B1,protoA,f1,all,crps,19.32219800322495,1152
B1,protoA,f1,all,cov50,0.2751736111111111,1152
B1,protoA,f1,all,cov80,0.5833333333333334,1152
B1,protoA,f1,all,cov90,0.7743055555555556,1152
B1,protoA,f1,op,mae,30.548271597800127,960
B1,protoA,f1,op,rmse,53.88055560246372,960
B1,protoA,f1,op,crps,23.003792149863397,960
B1,protoA,f1,op,cov50,0.215625,960
B1,protoA,f1,op,cov80,0.5302083333333333,960
B1,protoA,f1,op,cov90,0.734375,960
B1,protoA,f1,nonop,mae,1.0897755588572817,192
B1,protoA,f1,nonop,rmse,1.7450824600274097,192
B1,protoA,f1,nonop,crps,0.9142272700326907,192
B1,protoA,f1,nonop,cov50,0.5729166666666666,192
B1,protoA,f1,nonop,cov80,0.8489583333333334,192
B1,protoA,f1,nonop,cov90,0.9739583333333334,192
B1,protoA,f2,all,mae,23.115899529950767,1248
B1,protoA,f2,all,rmse,46.27713856365632,1248
B1,protoA,f2,all,crps,19.503530263445388,1248
B1,protoA,f2,all,cov50,0.31650641025641024,1248
B1,protoA,f2,all,cov80,0.5024038461538461,1248
B1,protoA,f2,all,cov90,0.6201923076923077,1248
B1,protoA,f2,op,mae,9.589596485025993,768
B1,protoA,f2,op,rmse,12.48627296594588,768
B1,protoA,f2,op,crps,7.350141325907443,768
B1,protoA,f2,op,cov50,0.4479166666666667,768
B1,protoA,f2,op,cov80,0.6953125,768
B1,protoA,f2,op,cov90,0.7864583333333334,768
B1,protoA,f2,nonop,mae,44.75798440183042,480
B1,protoA,f2,nonop,rmse,72.92900670745094,480
B1,protoA,f2,nonop,crps,38.9489525635061,480
B1,protoA,f2,nonop,cov50,0.10625,480
B1,protoA,f2,nonop,cov80,0.19375,480
B1,protoA,f2,nonop,cov90,0.3541666666666667,480
B1,protoA,f3,all,mae,40.38801433517108,1344
B1,protoA,f3,all,rmse,58.06011245136143,1344
B1,protoA,f3,all,crps,31.66384645103229,1344
B1,protoA,f3,all,cov50,0.14211309523809523,1344
B1,protoA,f3,all,cov80,0.3288690476190476,1344
B1,protoA,f3,all,cov90,0.4375,1344
B1,protoA,f3,op,mae,56.41804601798051,768
B1,protoA,f3,op,rmse,69.30233000053528,768
B1,protoA,f3,op,crps,46.01242506933042,768
B1,protoA,f3,op,cov50,0.07161458333333333,768
B1,protoA,f3,op,cov80,0.23046875,768
B1,protoA,f3,op,cov90,0.3307291666666667,768
B1,protoA,f3,nonop,mae,19.014638758091852,576
B1,protoA,f3,nonop,rmse,38.23429887348431,576
B1,protoA,f3,nonop,crps,12.532408293301442,576
B1,protoA,f3,nonop,cov50,0.2361111111111111,576
B1,protoA,f3,nonop,cov80,0.4600694444444444,576
B1,protoA,f3,nonop,cov90,0.5798611111111112,576
B1,protoA,f4,all,mae,13.670059406670509,1272
B1,protoA,f4,all,rmse,32.47434543577074,1272
B1,protoA,f4,all,crps,10.420678322812511,1272
B1,protoA,f4,all,cov50,0.3789308176100629,1272
B1,protoA,f4,all,cov80,0.6580188679245284,1272
B1,protoA,f4,all,cov90,0.7987421383647799,1272
B1,protoA,f4,op,mae,15.25234399469983,1126
B1,protoA,f4,op,rmse,34.5047426931373,1126
B1,protoA,f4,op,crps,11.611867440943433,1126
B1,protoA,f4,op,cov50,0.3561278863232682,1126
B1,protoA,f4,op,cov80,0.6394316163410302,1126
B1,protoA,f4,op,cov90,0.7824156305506217,1126
B1,protoA,f4,nonop,mae,1.4669604606361686,146
B1,protoA,f4,nonop,rmse,2.398220911541024,146
B1,protoA,f4,nonop,crps,1.2338362199671835,146
B1,protoA,f4,nonop,cov50,0.5547945205479452,146
B1,protoA,f4,nonop,cov80,0.8013698630136986,146
B1,protoA,f4,nonop,cov90,0.9246575342465754,146
B1,protoA,pooled,all,mae,25.927836340973307,5016
B1,protoA,pooled,all,rmse,47.5313221292842,5016
B1,protoA,pooled,all,crps,20.416844163736023,5016
B1,protoA,pooled,all,cov50,0.2761164274322169,5016
B1,protoA,pooled,all,cov80,0.5139553429027113,5016
B1,protoA,pooled,all,cov90,0.6519138755980861,5016
B1,protoA,pooled,op,mae,26.834442162956684,3622
B1,protoA,pooled,op,rmse,46.80833905476587,3622
B1,protoA,pooled,op,crps,21.02182611648643,3622
B1,protoA,pooled,op,cov50,0.278023191606847,3622
B1,protoA,pooled,op,cov80,0.5356156819436775,3622
B1,protoA,pooled,op,cov90,0.6747653230259525,3622
B1,protoA,pooled,nonop,mae,23.57222207467216,1394
B1,protoA,pooled,nonop,rmse,49.3603555408632,1394
B1,protoA,pooled,nonop,crps,18.844932662400318,1394
B1,protoA,pooled,nonop,cov50,0.27116212338593976,1394
B1,protoA,pooled,nonop,cov80,0.45767575322812054,1394
B1,protoA,pooled,nonop,cov90,0.5925394548063128,1394
B4,protoA,f1,all,mae,16.702942448357742,1152
B4,protoA,f1,all,rmse,22.1400381291561,1152
B4,protoA,f1,all,crps,12.528898851291238,1152
B4,protoA,f1,all,cov50,0.53125,1152
B4,protoA,f1,all,cov80,0.8012152777777778,1152
B4,protoA,f1,all,cov90,0.9123263888888888,1152
B4,protoA,f1,op,mae,18.858515107631682,960
B4,protoA,f1,op,rmse,24.042024907172227,960
B4,protoA,f1,op,crps,13.97139042818507,960
B4,protoA,f1,op,cov50,0.4375,960
B4,protoA,f1,op,cov80,0.7614583333333333,960
B4,protoA,f1,op,cov90,0.8947916666666667,960
B4,protoA,f1,nonop,mae,5.9250791519880295,192
B4,protoA,f1,nonop,rmse,7.14093285064825,192
B4,protoA,f1,nonop,crps,5.316440966822076,192
B4,protoA,f1,nonop,cov50,1.0,192
B4,protoA,f1,nonop,cov80,1.0,192
B4,protoA,f1,nonop,cov90,1.0,192
B4,protoA,f2,all,mae,27.825111443415665,1248
B4,protoA,f2,all,rmse,46.18945039567719,1248
B4,protoA,f2,all,crps,23.763791628126455,1248
B4,protoA,f2,all,cov50,0.4863782051282051,1248
B4,protoA,f2,all,cov80,0.6618589743589743,1248
B4,protoA,f2,all,cov90,0.7443910256410257,1248
B4,protoA,f2,op,mae,16.820547508696716,768
B4,protoA,f2,op,rmse,22.75946540474628,768
B4,protoA,f2,op,crps,12.948649845924555,768
B4,protoA,f2,op,cov50,0.44921875,768
B4,protoA,f2,op,cov80,0.7005208333333334,768
B4,protoA,f2,op,cov90,0.8294270833333334,768
B4,protoA,f2,nonop,mae,45.43241373896599,480
B4,protoA,f2,nonop,rmse,68.68930504530188,480
B4,protoA,f2,nonop,crps,41.068018479649496,480
B4,protoA,f2,nonop,cov50,0.5458333333333333,480
B4,protoA,f2,nonop,cov80,0.6,480
B4,protoA,f2,nonop,cov90,0.6083333333333333,480
B4,protoA,f3,all,mae,30.59772874982584,1344
B4,protoA,f3,all,rmse,50.97775351777943,1344
B4,protoA,f3,all,crps,26.1969919071889,1344
B4,protoA,f3,all,cov50,0.5215773809523809,1344
B4,protoA,f3,all,cov80,0.7284226190476191,1344
B4,protoA,f3,all,cov90,0.7767857142857143,1344
B4,protoA,f3,op,mae,16.583420511335135,768
B4,protoA,f3,op,rmse,24.75321158675148,768
B4,protoA,f3,op,crps,13.196849231266564,768
B4,protoA,f3,op,cov50,0.5520833333333334,768
B4,protoA,f3,op,cov80,0.7955729166666666,768
B4,protoA,f3,op,cov90,0.8723958333333334,768
B4,protoA,f3,nonop,mae,49.283473067813446,576
B4,protoA,f3,nonop,rmse,72.43441525638293,576
B4,protoA,f3,nonop,crps,43.530515475085345,576
B4,protoA,f3,nonop,cov50,0.4809027777777778,576
B4,protoA,f3,nonop,cov80,0.6388888888888888,576
B4,protoA,f3,nonop,cov90,0.6493055555555556,576
B4,protoA,f4,all,mae,14.517296856304384,1272
B4,protoA,f4,all,rmse,19.711558496619553,1272
B4,protoA,f4,all,crps,11.711564835645838,1272
B4,protoA,f4,all,cov50,0.6415094339622641,1272
B4,protoA,f4,all,cov80,0.8962264150943396,1272
B4,protoA,f4,all,cov90,0.9520440251572327,1272
B4,protoA,f4,op,mae,15.628917268072097,1126
B4,protoA,f4,op,rmse,20.838150845781673,1126
B4,protoA,f4,op,crps,12.121666351503286,1126
B4,protoA,f4,op,cov50,0.5976909413854352,1126
B4,protoA,f4,op,cov80,0.8827708703374778,1126
B4,protoA,f4,op,cov90,0.9458259325044405,1126
B4,protoA,f4,nonop,mae,5.944114776506816,146
B4,protoA,f4,nonop,rmse,6.018578124159726,146
B4,protoA,f4,nonop,crps,8.548727117457576,146
B4,protoA,f4,nonop,cov50,0.9794520547945206,146
B4,protoA,f4,nonop,cov80,1.0,146
B4,protoA,f4,nonop,cov90,1.0,146
B4,protoA,pooled,all,mae,22.638930985421844,5016
B4,protoA,pooled,all,rmse,37.924046999498714,5016
B4,protoA,pooled,all,crps,18.77918082591561,5016
B4,protoA,pooled,all,cov50,0.5454545454545454,5016
B4,protoA,pooled,all,cov80,0.7711323763955343,5016
B4,protoA,pooled,all,cov90,0.8442982456140351,5016
B4,protoA,pooled,op,mae,16.93997316028715,3622
B4,protoA,pooled,op,rmse,22.977123861221575,3622
B4,protoA,pooled,op,crps,13.015260743824724,3622
B4,protoA,pooled,op,cov50,0.5140806184428492,3622
B4,protoA,pooled,op,cov80,0.7934842628382109,3622
B4,protoA,pooled,op,cov90,0.8920485919381557,3622
B4,protoA,pooled,nonop,mae,37.44640963867713,1394
B4,protoA,pooled,nonop,rmse,61.67177188271058,1394
B4,protoA,pooled,nonop,crps,33.75544950405994,1394
B4,protoA,pooled,nonop,cov50,0.6269727403156384,1394
B4,protoA,pooled,nonop,cov80,0.7130559540889526,1394
B4,protoA,pooled,nonop,cov90,0.7202295552367288,1394
B4,K2,f1,all,mae,12.738348666992453,1152
B4,K2,f1,all,rmse,17.24363704190077,1152
B4,K2,f1,all,crps,9.268973740469173,1152
B4,K2,f1,all,cov50,0.5694444444444444,1152
B4,K2,f1,all,cov80,0.8828125,1152
B4,K2,f1,all,cov90,0.9730902777777778,1152
B4,K2,f1,op,mae,14.809927383065224,960
B4,K2,f1,op,rmse,18.822392918491143,960
B4,K2,f1,op,crps,10.72882436353393,960
B4,K2,f1,op,cov50,0.540625,960
B4,K2,f1,op,cov80,0.8760416666666667,960
B4,K2,f1,op,cov90,0.9760416666666667,960
B4,K2,f1,nonop,mae,2.380455086628596,192
B4,K2,f1,nonop,rmse,3.556084181588745,192
B4,K2,f1,nonop,crps,1.9697206251453936,192
B4,K2,f1,nonop,cov50,0.7135416666666666,192
B4,K2,f1,nonop,cov80,0.9166666666666666,192
B4,K2,f1,nonop,cov90,0.9583333333333334,192
B4,K2,f2,all,mae,10.414548383691372,1248
B4,K2,f2,all,rmse,15.219406877649925,1248
B4,K2,f2,all,crps,7.6503644454191155,1248
B4,K2,f2,all,cov50,0.5657051282051282,1248
B4,K2,f2,all,cov80,0.8950320512820513,1248
B4,K2,f2,all,cov90,0.967948717948718,1248
B4,K2,f2,op,mae,15.075391735881567,768
B4,K2,f2,op,rmse,19.166831287608044,768
B4,K2,f2,op,crps,11.078767883568398,768
B4,K2,f2,op,cov50,0.5416666666666666,768
B4,K2,f2,op,cov80,0.85546875,768
B4,K2,f2,op,cov90,0.9557291666666666,768
B4,K2,f2,nonop,mae,2.95719902018706,480
B4,K2,f2,nonop,rmse,3.801450284717849,480
B4,K2,f2,nonop,crps,2.1649189443802626,480
B4,K2,f2,nonop,cov50,0.6041666666666666,480
B4,K2,f2,nonop,cov80,0.9583333333333334,480
B4,K2,f2,nonop,cov90,0.9875,480
B4,K2,f3,all,mae,9.622007453370662,1344
B4,K2,f3,all,rmse,15.561296750365893,1344
B4,K2,f3,all,crps,7.487345523606253,1344
B4,K2,f3,all,cov50,0.7269345238095238,1344
B4,K2,f3,all,cov80,0.9211309523809523,1344
B4,K2,f3,all,cov90,0.9486607142857143,1344
B4,K2,f3,op,mae,15.283936700473228,768
B4,K2,f3,op,rmse,20.44460318683888,768
B4,K2,f3,op,crps,11.877092220131024,768
B4,K2,f3,op,cov50,0.671875,768
B4,K2,f3,op,cov80,0.8763020833333334,768
B4,K2,f3,op,cov90,0.9166666666666666,768
B4,K2,f3,nonop,mae,2.072768457233906,576
B4,K2,f3,nonop,rmse,2.777918765396553,576
B4,K2,f3,nonop,crps,1.6343499282398941,576
B4,K2,f3,nonop,cov50,0.8003472222222222,576
B4,K2,f3,nonop,cov80,0.9809027777777778,576
B4,K2,f3,nonop,cov90,0.9913194444444444,576
B4,K2,f4,all,mae,13.084906057741657,1272
B4,K2,f4,all,rmse,18.84424197780337,1272
B4,K2,f4,all,crps,10.656313429884577,1272
B4,K2,f4,all,cov50,0.7279874213836478,1272
B4,K2,f4,all,cov80,0.9355345911949685,1272
B4,K2,f4,all,cov90,0.9536163522012578,1272
B4,K2,f4,op,mae,14.363401719986015,1126
B4,K2,f4,op,rmse,19.9577487839746,1126
B4,K2,f4,op,crps,11.743600222913475,1126
B4,K2,f4,op,cov50,0.7238010657193605,1126
B4,K2,f4,op,cov80,0.9307282415630551,1126
B4,K2,f4,op,cov90,0.9484902309058615,1126
B4,K2,f4,nonop,mae,3.2247271831721473,146
B4,K2,f4,nonop,rmse,4.678077953143742,146
B4,K2,f4,nonop,crps,2.2708002178945725,146
B4,K2,f4,nonop,cov50,0.7602739726027398,146
B4,K2,f4,nonop,cov80,0.9726027397260274,146
B4,K2,f4,nonop,cov90,0.9931506849315068,146
B4,K2,pooled,all,mae,11.413060719696908,5016
B4,K2,pooled,all,rmse,16.758694605724916,5016
B4,K2,pooled,all,crps,8.740696898613143,5016
B4,K2,pooled,all,cov50,0.6509170653907496,5016
B4,K2,pooled,all,cov80,0.9094896331738437,5016
B4,K2,pooled,all,cov90,0.9603269537480064,5016
B4,K2,pooled,op,mae,14.827908576357634,3622
B4,K2,pooled,op,rmse,19.60233024385553,3622
B4,K2,pooled,op,crps,11.361972887806267,3622
B4,K2,pooled,op,cov50,0.6256212037548315,3622
B4,K2,pooled,op,cov80,0.8887355052457206,3622
B4,K2,pooled,op,cov90,0.9505797901711761,3622
B4,K2,pooled,nonop,mae,2.5403355139399877,1394
B4,K2,pooled,nonop,rmse,3.492612892550274,1394
B4,K2,pooled,nonop,crps,1.9298922839377535,1394
B4,K2,pooled,nonop,cov50,0.7166427546628408,1394
B4,K2,pooled,nonop,cov80,0.9634146341463414,1394
B4,K2,pooled,nonop,cov90,0.9856527977044476,1394
B4,re,f1,all,mae,12.26145993338691,1152
B4,re,f1,all,rmse,17.465461069027832,1152
B4,re,f1,all,crps,10.1945074570957,1152
B4,re,f1,all,cov50,0.7760416666666666,1152
B4,re,f1,all,cov80,0.9548611111111112,1152
B4,re,f1,all,cov90,0.9982638888888888,1152
B4,re,f1,op,mae,14.452210308114688,960
B4,re,f1,op,rmse,19.11694408018545,960
B4,re,f1,op,crps,11.805743333709115,960
B4,re,f1,op,cov50,0.73125,960
B4,re,f1,op,cov80,0.9458333333333333,960
B4,re,f1,op,cov90,0.9979166666666667,960
B4,re,f1,nonop,mae,1.3077080597480137,192
B4,re,f1,nonop,rmse,1.7222738741767327,192
B4,re,f1,nonop,crps,2.1383280740286175,192
B4,re,f1,nonop,cov50,1.0,192
B4,re,f1,nonop,cov80,1.0,192
B4,re,f1,nonop,cov90,1.0,192
B4,re,f2,all,mae,10.338687177651968,1248
B4,re,f2,all,rmse,15.584861328731698,1248
B4,re,f2,all,crps,8.250066438162731,1248
B4,re,f2,all,cov50,0.7652243589743589,1248
B4,re,f2,all,cov80,0.9647435897435898,1248
B4,re,f2,all,cov90,1.0,1248
B4,re,f2,op,mae,15.044607213387886,768
B4,re,f2,op,rmse,19.696794678127166,768
B4,re,f2,op,crps,11.892050993010002,768
B4,re,f2,op,cov50,0.6549479166666666,768
B4,re,f2,op,cov80,0.9427083333333334,768
B4,re,f2,op,cov90,1.0,768
B4,re,f2,nonop,mae,2.8092151204744975,480
B4,re,f2,nonop,rmse,3.2812488332026533,480
B4,re,f2,nonop,crps,2.4228911504071013,480
B4,re,f2,nonop,cov50,0.9416666666666667,480
B4,re,f2,nonop,cov80,1.0,480
B4,re,f2,nonop,cov90,1.0,480
B4,re,f3,all,mae,9.09854851308323,1344
B4,re,f3,all,rmse,14.771668127756088,1344
B4,re,f3,all,crps,7.517699974843519,1344
B4,re,f3,all,cov50,0.8497023809523809,1344
B4,re,f3,all,cov80,0.9494047619047619,1344
B4,re,f3,all,cov90,0.9747023809523809,1344
B4,re,f3,op,mae,14.160466631253561,768
B4,re,f3,op,rmse,19.400100513584032,768
B4,re,f3,op,crps,11.613892885847918,768
B4,re,f3,op,cov50,0.7565104166666666,768
B4,re,f3,op,cov80,0.9114583333333334,768
B4,re,f3,op,cov90,0.9557291666666666,768
B4,re,f3,nonop,mae,2.3493243555227914,576
B4,re,f3,nonop,rmse,2.7055286105369185,576
B4,re,f3,nonop,crps,2.0561094268376547,576
B4,re,f3,nonop,cov50,0.9739583333333334,576
B4,re,f3,nonop,cov80,1.0,576
B4,re,f3,nonop,cov90,1.0,576
B4,re,f4,all,mae,12.64464679116723,1272
B4,re,f4,all,rmse,19.52145069734772,1272
B4,re,f4,all,crps,10.770234985404462,1272
B4,re,f4,all,cov50,0.8183962264150944,1272
B4,re,f4,all,cov80,0.9433962264150944,1272
B4,re,f4,all,cov90,0.9520440251572327,1272
B4,re,f4,op,mae,14.04970193544459,1126
B4,re,f4,op,rmse,20.724320991937923,1126
B4,re,f4,op,crps,11.927932319461274,1126
B4,re,f4,op,cov50,0.8063943161634103,1126
B4,re,f4,op,cov80,0.9378330373001776,1126
B4,re,f4,op,cov90,0.9476021314387212,1126
B4,re,f4,nonop,mae,1.8083995825623813,146
B4,re,f4,nonop,rmse,2.7802487728620395,146
B4,re,f4,nonop,crps,1.8416925323361877,146
B4,re,f4,nonop,cov50,0.910958904109589,146
B4,re,f4,nonop,cov80,0.9863013698630136,146
B4,re,f4,nonop,cov90,0.9863013698630136,146
B4,re,pooled,all,mae,11.032759840693771,5016
B4,re,pooled,all,rmse,16.899525461467643,5016
B4,re,pooled,all,crps,9.139490265754684,5016
B4,re,pooled,all,cov50,0.8038277511961722,5016
B4,re,pooled,all,cov80,0.9529505582137161,5016
B4,re,pooled,all,cov90,0.9806618819776715,5016
B4,re,pooled,op,mae,14.39082909657243,3622
B4,re,pooled,op,rmse,19.810372603229293,3622
B4,re,pooled,op,crps,11.821350163179744,3622
B4,re,pooled,op,cov50,0.7437879624516841,3622
B4,re,pooled,op,cov80,0.9353948094975152,3622
B4,re,pooled,op,cov90,0.973771397018222,3622
B4,re,pooled,nonop,mae,2.307561243281645,1394
B4,re,pooled,nonop,rmse,2.8195722561668912,1394
B4,re,pooled,nonop,crps,2.17127179482674,1394
B4,re,pooled,nonop,cov50,0.9598278335724534,1394
B4,re,pooled,nonop,cov80,0.9985652797704447,1394
B4,re,pooled,nonop,cov90,0.9985652797704447,1394
B1,AWstar,f1,all,mae,15.506928552341455,1152
B1,AWstar,f1,all,rmse,18.39363970704369,1152
B1,AWstar,f1,all,crps,11.794208329950427,1152
B1,AWstar,f1,all,cov50,0.3289930555555556,1152
B1,AWstar,f1,all,cov80,0.6553819444444444,1152
B1,AWstar,f1,all,cov90,0.8333333333333334,1152
B1,AWstar,f1,op,mae,18.40082731895462,960
B1,AWstar,f1,op,rmse,20.135147883755792,960
B1,AWstar,f1,op,crps,13.988077903250524,960
B1,AWstar,f1,op,cov50,0.278125,960
B1,AWstar,f1,op,cov80,0.6135416666666667,960
B1,AWstar,f1,op,cov90,0.8135416666666667,960
B1,AWstar,f1,nonop,mae,1.0374347192756135,192
B1,AWstar,f1,nonop,rmse,1.6837424184325647,192
B1,AWstar,f1,nonop,crps,0.8248604634499289,192
B1,AWstar,f1,nonop,cov50,0.5833333333333334,192
B1,AWstar,f1,nonop,cov80,0.8645833333333334,192
B1,AWstar,f1,nonop,cov90,0.9322916666666666,192
B1,AWstar,f2,all,mae,8.332958298138951,1248
B1,AWstar,f2,all,rmse,11.18999634428496,1248
B1,AWstar,f2,all,crps,6.816451041171267,1248
B1,AWstar,f2,all,cov50,0.34375,1248
B1,AWstar,f2,all,cov80,0.5360576923076923,1248
B1,AWstar,f2,all,cov90,0.7043269230769231,1248
B1,AWstar,f2,op,mae,8.886166530823475,768
B1,AWstar,f2,op,rmse,11.624058192432239,768
B1,AWstar,f2,op,crps,7.305576558421095,768
B1,AWstar,f2,op,cov50,0.4713541666666667,768
B1,AWstar,f2,op,cov80,0.6796875,768
B1,AWstar,f2,op,cov90,0.7734375,768
B1,AWstar,f2,nonop,mae,7.447825125843711,480
B1,AWstar,f2,nonop,rmse,10.458091656875377,480
B1,AWstar,f2,nonop,crps,6.033850213571541,480
B1,AWstar,f2,nonop,cov50,0.13958333333333334,480
B1,AWstar,f2,nonop,cov80,0.30625,480
B1,AWstar,f2,nonop,cov90,0.59375,480
B1,AWstar,f3,all,mae,24.50591189260594,1344
B1,AWstar,f3,all,rmse,29.434115983818366,1344
B1,AWstar,f3,all,crps,18.473467576729853,1344
B1,AWstar,f3,all,cov50,0.18080357142857142,1344
B1,AWstar,f3,all,cov80,0.40401785714285715,1344
B1,AWstar,f3,all,cov90,0.7239583333333334,1344
B1,AWstar,f3,op,mae,35.382409617578524,768
B1,AWstar,f3,op,rmse,38.68444107999965,768
B1,AWstar,f3,op,crps,26.07880425962381,768
B1,AWstar,f3,op,cov50,0.22265625,768
B1,AWstar,f3,op,cov80,0.4622395833333333,768
B1,AWstar,f3,op,cov90,0.796875,768
B1,AWstar,f3,nonop,mae,10.003914925975826,576
B1,AWstar,f3,nonop,rmse,5.119451779056174,576
B1,AWstar,f3,nonop,crps,8.333018666204588,576
B1,AWstar,f3,nonop,cov50,0.125,576
B1,AWstar,f3,nonop,cov80,0.3263888888888889,576
B1,AWstar,f3,nonop,cov90,0.6267361111111112,576
B1,AWstar,f4,all,mae,7.167308880946869,1272
B1,AWstar,f4,all,rmse,10.43163187159743,1272
B1,AWstar,f4,all,crps,5.445369897472205,1272
B1,AWstar,f4,all,cov50,0.4418238993710692,1272
B1,AWstar,f4,all,cov80,0.7720125786163522,1272
B1,AWstar,f4,all,cov90,0.9213836477987422,1272
B1,AWstar,f4,op,mae,7.884419375563289,1126
B1,AWstar,f4,op,rmse,11.036165219954222,1126
B1,AWstar,f4,op,crps,5.989341671997556,1126
B1,AWstar,f4,op,cov50,0.4511545293072824,1126
B1,AWstar,f4,op,cov80,0.7726465364120781,1126
B1,AWstar,f4,op,cov90,0.9245115452930728,1126
B1,AWstar,f4,nonop,mae,1.6367169841106457,146
B1,AWstar,f4,nonop,rmse,2.954377513188643,146
B1,AWstar,f4,nonop,crps,1.2500807322972476,146
B1,AWstar,f4,nonop,cov50,0.3698630136986301,146
B1,AWstar,f4,nonop,cov80,0.7671232876712328,146
B1,AWstar,f4,nonop,cov90,0.8972602739726028,146
B1,AWstar,pooled,all,mae,14.018396357376707,5016
B1,AWstar,pooled,all,rmse,19.198640098568806,5016
B1,AWstar,pooled,all,crps,10.735388721729306,5016
B1,AWstar,pooled,all,cov50,0.32157097288676234,5016
B1,AWstar,pooled,all,cov80,0.5879186602870813,5016
B1,AWstar,pooled,all,cov90,0.7942583732057417,5016
B1,AWstar,pooled,op,mae,16.714775517684547,3622
B1,AWstar,pooled,op,rmse,22.16487954483264,3622
B1,AWstar,pooled,op,crps,12.648193809510833,3622
B1,AWstar,pooled,op,cov50,0.36112644947542794,3622
B1,AWstar,pooled,op,cov80,0.6449475427940364,3622
B1,AWstar,pooled,op,cov90,0.8360022087244616,3622
B1,AWstar,pooled,nonop,mae,7.012452800249734,1394
B1,AWstar,pooled,nonop,rmse,7.056511200493096,1394
B1,AWstar,pooled,nonop,crps,5.765388701682903,1394
B1,AWstar,pooled,nonop,cov50,0.2187948350071736,1394
B1,AWstar,pooled,nonop,cov80,0.4397417503586801,1394
B1,AWstar,pooled,nonop,cov90,0.6857962697274032,1394
B4,B,f2,all,mae,12.736173752408762,1248
B4,B,f2,all,rmse,23.931570523341755,1248
B4,B,f2,all,crps,10.208367506591616,1248
B4,B,f2,all,cov50,0.3629807692307692,1248
B4,B,f2,all,cov80,0.6362179487179487,1248
B4,B,f2,all,cov90,0.7419871794871795,1248
B4,B,f2,op,mae,19.32469066729148,768
B4,B,f2,op,rmse,30.431118161221804,768
B4,B,f2,op,crps,15.549386350940585,768
B4,B,f2,op,cov50,0.34765625,768
B4,B,f2,op,cov80,0.5638020833333334,768
B4,B,f2,op,cov90,0.6588541666666666,768
B4,B,f2,nonop,mae,2.194546688596408,480
B4,B,f2,nonop,rmse,2.7179867527231014,480
B4,B,f2,nonop,crps,1.6627373556332627,480
B4,B,f2,nonop,cov50,0.3875,480
B4,B,f2,nonop,cov80,0.7520833333333333,480
B4,B,f2,nonop,cov90,0.875,480
B4,B,f3,all,mae,13.181530902428287,1344
B4,B,f3,all,rmse,26.620000335906102,1344
B4,B,f3,all,crps,10.42775407744044,1344
B4,B,f3,all,cov50,0.47693452380952384,1344
B4,B,f3,all,cov80,0.7418154761904762,1344
B4,B,f3,all,cov90,0.8273809523809523,1344
B4,B,f3,op,mae,21.841765028735,768
B4,B,f3,op,rmse,35.1541580446764,768
B4,B,f3,op,crps,17.32410257375489,768
B4,B,f3,op,cov50,0.3893229166666667,768
B4,B,f3,op,cov80,0.625,768
B4,B,f3,op,cov90,0.7252604166666666,768
B4,B,f3,nonop,mae,1.634552067352666,576
B4,B,f3,nonop,rmse,2.3882778917831855,576
B4,B,f3,nonop,crps,1.232622749021179,576
B4,B,f3,nonop,cov50,0.59375,576
B4,B,f3,nonop,cov80,0.8975694444444444,576
B4,B,f3,nonop,cov90,0.9635416666666666,576
B4,B,f4,all,mae,11.683804904140016,1272
B4,B,f4,all,rmse,18.48701527059909,1272
B4,B,f4,all,crps,9.147435424344128,1272
B4,B,f4,all,cov50,0.47562893081761004,1272
B4,B,f4,all,cov80,0.7562893081761006,1272
B4,B,f4,all,cov90,0.8545597484276729,1272
B4,B,f4,op,mae,12.992434532138425,1126
B4,B,f4,op,rmse,19.628834736903105,1126
B4,B,f4,op,crps,10.172333296287993,1126
B4,B,f4,op,cov50,0.4733570159857904,1126
B4,B,f4,op,cov80,0.7575488454706927,1126
B4,B,f4,op,cov90,0.8579040852575488,1126
B4,B,f4,nonop,mae,1.591222978618047,146
B4,B,f4,nonop,rmse,2.4735072098088615,146
B4,B,f4,nonop,crps,1.2430860831880193,146
B4,B,f4,nonop,cov50,0.4931506849315068,146
B4,B,f4,nonop,cov80,0.7465753424657534,146
B4,B,f4,nonop,cov90,0.8287671232876712,146
B4,B,pooled,all,mae,12.544648606091059,3864
B4,B,pooled,all,rmse,23.32303619637569,3864
B4,B,pooled,all,crps,9.935424945153214,3864
B4,B,pooled,all,cov50,0.4396997929606625,3864
B4,B,pooled,all,cov80,0.7124741200828157,3864
B4,B,pooled,all,cov90,0.8087474120082816,3864
B4,B,pooled,op,mae,17.372396415377988,2662
B4,B,pooled,op,rmse,28.04788417720196,2662
B4,B,pooled,op,crps,13.786959724187229,2662
B4,B,pooled,op,cov50,0.41284748309541697,2662
B4,B,pooled,op,cov80,0.6634109691960932,2662
B4,B,pooled,op,cov90,0.7622088655146506,2662
B4,B,pooled,nonop,mae,1.8529142730446306,1202
B4,B,pooled,nonop,rmse,2.535056956078449,1202
B4,B,pooled,nonop,crps,1.4056532464938567,1202
B4,B,pooled,nonop,cov50,0.49916805324459235,1202
B4,B,pooled,nonop,cov80,0.8211314475873545,1202
B4,B,pooled,nonop,cov90,0.9118136439267887,1202
B4,H,f1,all,mae,12.352940320140785,1152
B4,H,f1,all,rmse,18.210784920637344,1152
B4,H,f1,all,crps,9.84756553805417,1152
B4,H,f1,all,cov50,0.6710069444444444,1152
B4,H,f1,all,cov80,0.8888888888888888,1152
B4,H,f1,all,cov90,0.9592013888888888,1152
B4,H,f1,op,mae,14.526383323470752,960
B4,H,f1,op,rmse,19.92930423004541,960
B4,H,f1,op,crps,11.515695887733319,960
B4,H,f1,op,cov50,0.6395833333333333,960
B4,H,f1,op,cov80,0.871875,960
B4,H,f1,op,cov90,0.9510416666666667,960
B4,H,f1,nonop,mae,1.4857253034909566,192
B4,H,f1,nonop,rmse,1.9774450904501029,192
B4,H,f1,nonop,crps,1.5069137896584313,192
B4,H,f1,nonop,cov50,0.828125,192
B4,H,f1,nonop,cov80,0.9739583333333334,192
B4,H,f1,nonop,cov90,1.0,192
B4,H,f2,all,mae,8.20162886304733,1248
B4,H,f2,all,rmse,11.006614811150625,1248
B4,H,f2,all,crps,7.060131858778959,1248
B4,H,f2,all,cov50,0.6201923076923077,1248
B4,H,f2,all,cov80,0.8004807692307693,1248
B4,H,f2,all,cov90,0.8685897435897436,1248
B4,H,f2,op,mae,8.735590932269892,768
B4,H,f2,op,rmse,11.769283113076641,768
B4,H,f2,op,crps,7.895644308436548,768
B4,H,f2,op,cov50,0.7786458333333334,768
B4,H,f2,op,cov80,0.984375,768
B4,H,f2,op,cov90,0.9986979166666666,768
B4,H,f2,nonop,mae,7.347289552291234,480
B4,H,f2,nonop,rmse,9.661927394133283,480
B4,H,f2,nonop,crps,5.723311939326819,480
B4,H,f2,nonop,cov50,0.36666666666666664,480
B4,H,f2,nonop,cov80,0.50625,480
B4,H,f2,nonop,cov90,0.6604166666666667,480
B4,H,f3,all,mae,21.429717227639188,1344
B4,H,f3,all,rmse,31.68496443677977,1344
B4,H,f3,all,crps,16.940306667395117,1344
B4,H,f3,all,cov50,0.28869047619047616,1344
B4,H,f3,all,cov80,0.5275297619047619,1344
B4,H,f3,all,cov90,0.6614583333333334,1344
B4,H,f3,op,mae,31.508995291776955,768
B4,H,f3,op,rmse,41.109079257679326,768
B4,H,f3,op,crps,25.118380792854936,768
B4,H,f3,op,cov50,0.3723958333333333,768
B4,H,f3,op,cov80,0.5859375,768
B4,H,f3,op,cov90,0.6809895833333334,768
B4,H,f3,nonop,mae,7.99067980878883,576
B4,H,f3,nonop,rmse,9.446925599780231,576
B4,H,f3,nonop,crps,6.036207833448698,576
B4,H,f3,nonop,cov50,0.17708333333333334,576
B4,H,f3,nonop,cov80,0.4496527777777778,576
B4,H,f3,nonop,cov90,0.6354166666666666,576
B4,H,f4,all,mae,10.30957129916305,1272
B4,H,f4,all,rmse,14.099018268891781,1272
B4,H,f4,all,crps,8.540055631643217,1272
B4,H,f4,all,cov50,0.7916666666666666,1272
B4,H,f4,all,cov80,0.97562893081761,1272
B4,H,f4,all,cov90,0.9937106918238994,1272
B4,H,f4,op,mae,11.407443343005003,1126
B4,H,f4,op,rmse,14.951554038064108,1126
B4,H,f4,op,crps,9.436704689478155,1126
B4,H,f4,op,cov50,0.7912966252220248,1126
B4,H,f4,op,cov80,0.9751332149200711,1126
B4,H,f4,op,cov90,0.9937833037300178,1126
B4,H,f4,nonop,mae,1.8424211528203258,146
B4,H,f4,nonop,rmse,2.788145155951864,146
B4,H,f4,nonop,crps,1.6248033088888296,146
B4,H,f4,nonop,cov50,0.7945205479452054,146
B4,H,f4,nonop,cov80,0.9794520547945206,146
B4,H,f4,nonop,cov90,0.9931506849315068,146
B4,H,pooled,all,mae,13.233958276787824,5016
B4,H,pooled,all,rmse,20.632796831942247,5016
B4,H,pooled,all,crps,10.722919255188149,5016
B4,H,pooled,all,cov50,0.5865231259968102,5016
B4,H,pooled,all,cov80,0.7920653907496013,5016
B4,H,pooled,all,cov90,0.8656299840510366,5016
B4,H,pooled,op,mae,15.92985958443499,3622
B4,H,pooled,op,rmse,23.716488979609498,3622
B4,H,pooled,op,crps,12.986076424728946,3622
B4,H,pooled,op,cov50,0.6595803423522916,3622
B4,H,pooled,op,cov80,0.8672004417448923,3622
B4,H,pooled,op,cov90,0.9171728326891221,3622
B4,H,pooled,nonop,mae,6.22925631387675,1394
B4,H,pooled,nonop,rmse,8.388858304897274,1394
B4,H,pooled,nonop,crps,4.842607011230638,1394
B4,H,pooled,nonop,cov50,0.396700143472023,1394
B4,H,pooled,nonop,cov80,0.5968436154949784,1394
B4,H,pooled,nonop,cov90,0.7317073170731707,1394
B4,IO,f1,all,mae,13.70756049371428,1152
B4,IO,f1,all,rmse,20.493633793060905,1152
B4,IO,f1,all,crps,10.533266466496435,1152
B4,IO,f1,all,cov50,0.5173611111111112,1152
B4,IO,f1,all,cov80,0.7682291666666666,1152
B4,IO,f1,all,cov90,0.8585069444444444,1152
B4,IO,f1,op,mae,16.172411511341732,960
B4,IO,f1,op,rmse,22.43414461710119,960
B4,IO,f1,op,crps,12.40472096804791,960
B4,IO,f1,op,cov50,0.46875,960
B4,IO,f1,op,cov80,0.7385416666666667,960
B4,IO,f1,op,cov90,0.8354166666666667,960
B4,IO,f1,nonop,mae,1.3833054055770238,192
B4,IO,f1,nonop,rmse,1.8654577881786438,192
B4,IO,f1,nonop,crps,1.1759939587390738,192
B4,IO,f1,nonop,cov50,0.7604166666666666,192
B4,IO,f1,nonop,cov80,0.9166666666666666,192
B4,IO,f1,nonop,cov90,0.9739583333333334,192
B4,IO,f2,all,mae,11.818828750115175,1248
B4,IO,f2,all,rmse,18.082124882095755,1248
B4,IO,f2,all,crps,8.891130408269532,1248
B4,IO,f2,all,cov50,0.5232371794871795,1248
B4,IO,f2,all,cov80,0.7740384615384616,1248
B4,IO,f2,all,cov90,0.8645833333333334,1248
B4,IO,f2,op,mae,18.213439921538036,768
B4,IO,f2,op,rmse,22.99864899357654,768
B4,IO,f2,op,crps,13.510276690926238,768
B4,IO,f2,op,cov50,0.3736979166666667,768
B4,IO,f2,op,cov80,0.66015625,768
B4,IO,f2,op,cov90,0.7916666666666666,768
B4,IO,f2,nonop,mae,1.5874508758385977,480
B4,IO,f2,nonop,rmse,1.9503476117999725,480
B4,IO,f2,nonop,crps,1.5004963560188027,480
B4,IO,f2,nonop,cov50,0.7625,480
B4,IO,f2,nonop,cov80,0.95625,480
B4,IO,f2,nonop,cov90,0.98125,480
B4,IO,f3,all,mae,9.917296081071807,1344
B4,IO,f3,all,rmse,17.521385713108298,1344
B4,IO,f3,all,crps,7.676564859725853,1344
B4,IO,f3,all,cov50,0.6071428571428571,1344
B4,IO,f3,all,cov80,0.8623511904761905,1344
B4,IO,f3,all,cov90,0.9203869047619048,1344
B4,IO,f3,op,mae,16.17259801303347,768
B4,IO,f3,op,rmse,23.12300453612899,768
B4,IO,f3,op,crps,12.493512656591635,768
B4,IO,f3,op,cov50,0.4986979166666667,768
B4,IO,f3,op,cov80,0.77734375,768
B4,IO,f3,op,cov90,0.8671875,768
B4,IO,f3,nonop,mae,1.5768935051229265,576
B4,IO,f3,nonop,rmse,1.8528667915099646,576
B4,IO,f3,nonop,crps,1.2539677972381402,576
B4,IO,f3,nonop,cov50,0.7517361111111112,576
B4,IO,f3,nonop,cov80,0.9756944444444444,576
B4,IO,f3,nonop,cov90,0.9913194444444444,576
B4,IO,f4,all,mae,12.09560621084657,1272
B4,IO,f4,all,rmse,19.911149464747325,1272
B4,IO,f4,all,crps,9.880816619929416,1272
B4,IO,f4,all,cov50,0.6116352201257862,1272
B4,IO,f4,all,cov80,0.8781446540880503,1272
B4,IO,f4,all,cov90,0.9245283018867925,1272
B4,IO,f4,op,mae,13.466284402945536,1126
B4,IO,f4,op,rmse,21.145459030271383,1126
B4,IO,f4,op,crps,11.00638732624386,1126
B4,IO,f4,op,cov50,0.6225577264653641,1126
B4,IO,f4,op,cov80,0.8880994671403197,1126
B4,IO,f4,op,cov90,0.9298401420959147,1126
B4,IO,f4,nonop,mae,1.524485359453175,146
B4,IO,f4,nonop,rmse,2.370558177944294,146
B4,IO,f4,nonop,crps,1.200045282189246,146
B4,IO,f4,nonop,cov50,0.5273972602739726,146
B4,IO,f4,nonop,cov80,0.8013698630136986,146
B4,IO,f4,nonop,cov90,0.8835616438356164,146
B4,IO,pooled,all,mae,11.813290470905091,5016
B4,IO,pooled,all,rmse,18.989490750309614,5016
B4,IO,pooled,all,crps,9.193810931209338,5016
B4,IO,pooled,all,cov50,0.5667862838915471,5016
B4,IO,pooled,all,cov80,0.8227671451355661,5016
B4,IO,pooled,all,cov90,0.893341307814992,5016
B4,IO,pooled,op,mae,15.76395042030802,3622
B4,IO,pooled,op,rmse,22.314215376369408,3622
B4,IO,pooled,op,crps,12.223256343890199,3622
B4,IO,pooled,op,cov50,0.5027609055770292,3622
B4,IO,pooled,op,cov80,0.7766427388183325,3622
B4,IO,pooled,op,cov90,0.8622308117062396,3622
B4,IO,pooled,nonop,mae,1.5483763125568757,1394
B4,IO,pooled,nonop,rmse,1.9483882247397237,1394
B4,IO,pooled,nonop,crps,1.3224685461805783,1394
B4,IO,pooled,nonop,cov50,0.733142037302726,1394
B4,IO,pooled,nonop,cov80,0.9426111908177905,1394
B4,IO,pooled,nonop,cov90,0.9741750358680057,1394
B4,KAN,f1,all,mae,13.414943989780214,1152
B4,KAN,f1,all,rmse,20.85205070046476,1152
B4,KAN,f1,all,crps,10.590186691934036,1152
B4,KAN,f1,all,cov50,0.5373263888888888,1152
B4,KAN,f1,all,cov80,0.7743055555555556,1152
B4,KAN,f1,all,cov90,0.8793402777777778,1152
B4,KAN,f1,op,mae,15.802672549088795,960
B4,KAN,f1,op,rmse,22.825533680397793,960
B4,KAN,f1,op,crps,12.47335996516075,960
B4,KAN,f1,op,cov50,0.5052083333333334,960
B4,KAN,f1,op,cov80,0.7447916666666666,960
B4,KAN,f1,op,cov90,0.8625,960
B4,KAN,f1,nonop,mae,1.4763011932373047,192
B4,KAN,f1,nonop,rmse,1.955293204009781,192
B4,KAN,f1,nonop,crps,1.1743203258004626,192
B4,KAN,f1,nonop,cov50,0.6979166666666666,192
B4,KAN,f1,nonop,cov80,0.921875,192
B4,KAN,f1,nonop,cov90,0.9635416666666666,192
B4,KAN,f2,all,mae,11.637698189570354,1248
B4,KAN,f2,all,rmse,17.48072883255418,1248
B4,KAN,f2,all,crps,8.757003508108227,1248
B4,KAN,f2,all,cov50,0.47115384615384615,1248
B4,KAN,f2,all,cov80,0.7732371794871795,1248
B4,KAN,f2,all,cov90,0.8774038461538461,1248
B4,KAN,f2,op,mae,17.684025103847187,768
B4,KAN,f2,op,rmse,22.20925901103103,768
B4,KAN,f2,op,crps,13.299316329537122,768
B4,KAN,f2,op,cov50,0.3854166666666667,768
B4,KAN,f2,op,cov80,0.6640625,768
B4,KAN,f2,op,cov90,0.8138020833333334,768
B4,KAN,f2,nonop,mae,1.9635751267274222,480
B4,KAN,f2,nonop,rmse,2.301171882857949,480
B4,KAN,f2,nonop,crps,1.4893029938219933,480
B4,KAN,f2,nonop,cov50,0.6083333333333333,480
B4,KAN,f2,nonop,cov80,0.9479166666666666,480
B4,KAN,f2,nonop,cov90,0.9791666666666666,480
B4,KAN,f3,all,mae,9.002933580250968,1344
B4,KAN,f3,all,rmse,15.237598580179265,1344
B4,KAN,f3,all,crps,6.793655764974354,1344
B4,KAN,f3,all,cov50,0.6272321428571429,1344
B4,KAN,f3,all,cov80,0.8950892857142857,1344
B4,KAN,f3,all,cov90,0.9397321428571429,1344
B4,KAN,f3,op,mae,14.454971874753634,768
B4,KAN,f3,op,rmse,20.07217052762207,768
B4,KAN,f3,op,crps,10.913909901457169,768
B4,KAN,f3,op,cov50,0.5533854166666666,768
B4,KAN,f3,op,cov80,0.8229166666666666,768
B4,KAN,f3,op,cov90,0.8958333333333334,768
B4,KAN,f3,nonop,mae,1.7335491875807445,576
B4,KAN,f3,nonop,rmse,2.138749999026544,576
B4,KAN,f3,nonop,crps,1.29998358299727,576
B4,KAN,f3,nonop,cov50,0.7256944444444444,576
B4,KAN,f3,nonop,cov80,0.9913194444444444,576
B4,KAN,f3,nonop,cov90,0.9982638888888888,576
B4,KAN,f4,all,mae,11.802158601254037,1272
B4,KAN,f4,all,rmse,18.414913692610373,1272
B4,KAN,f4,all,crps,9.207487510479087,1272
B4,KAN,f4,all,cov50,0.6029874213836478,1272
B4,KAN,f4,all,cov80,0.8844339622641509,1272
B4,KAN,f4,all,cov90,0.9363207547169812,1272
B4,KAN,f4,op,mae,13.134593245402957,1126
B4,KAN,f4,op,rmse,19.551807222700408,1126
B4,KAN,f4,op,crps,10.233650074404144,1126
B4,KAN,f4,op,cov50,0.5923623445825933,1126
B4,KAN,f4,op,cov80,0.8836589698046181,1126
B4,KAN,f4,op,cov90,0.933392539964476,1126
B4,KAN,f4,nonop,mae,1.5259845648726371,146
B4,KAN,f4,nonop,rmse,2.492622474809673,146
B4,KAN,f4,nonop,crps,1.2933844489748734,146
B4,KAN,f4,nonop,cov50,0.684931506849315,146
B4,KAN,f4,nonop,cov80,0.8904109589041096,146
B4,KAN,f4,nonop,cov90,0.958904109589041,146
B4,KAN,pooled,all,mae,11.381609108744627,5016
B4,KAN,pooled,all,rmse,18.00263631843862,5016
B4,KAN,pooled,all,crps,8.76619475850917,5016
B4,KAN,pooled,all,cov50,0.5616028708133971,5016
B4,KAN,pooled,all,cov80,0.8343301435406698,5016
B4,KAN,pooled,all,cov90,0.9094896331738437,5016
B4,KAN,pooled,op,mae,15.086379713145888,3622
B4,KAN,pooled,op,rmse,21.14112321170031,3622
B4,KAN,pooled,op,crps,11.621555299761734,3622
B4,KAN,pooled,op,cov50,0.5171176145775814,3622
B4,KAN,pooled,op,cov80,0.7874102705687466,3622
B4,KAN,pooled,op,cov90,0.8812810601877415,3622
B4,KAN,pooled,nonop,mae,1.7555839084997409,1394
B4,KAN,pooled,nonop,rmse,2.211507720380842,1394
B4,KAN,pooled,nonop,crps,1.3471733234899603,1394
B4,KAN,pooled,nonop,cov50,0.6771879483500718,1394
B4,KAN,pooled,nonop,cov80,0.9562410329985653,1394
B4,KAN,pooled,nonop,cov90,0.9827833572453372,1394
B0,main,f1,all,peak_mae,8.416666666666666,12
B0,main,f1,all,peak_hit2,0.16666666666666666,12
B0,main,f1,all,brier_raw_C50,0.0,12
B0,main,f1,all,auc_C50,1.0,12
B0,main,f1,all,n_events_C50,8.0,12
B0,main,f1,all,brier_raw_C75,0.16666666666666666,12
B0,main,f1,all,auc_C75,0.875,12
B0,main,f1,all,n_events_C75,8.0,12
B0,main,f1,all,brier_raw_C90,0.25,12
B0,main,f1,all,auc_C90,0.6875,12
B0,main,f1,all,n_events_C90,4.0,12
B0,main,f1,all,brier_mean_raw,0.13888888888888887,12
B0,main,f1,all,nll,NaN,0
B0,main,f1,op,peak_mae,10.1,10
B0,main,f1,op,peak_hit2,0.2,10
B0,main,f1,op,brier_raw_C50,0.0,10
B0,main,f1,op,auc_C50,1.0,10
B0,main,f1,op,n_events_C50,8.0,10
B0,main,f1,op,brier_raw_C75,0.2,10
B0,main,f1,op,auc_C75,0.875,10
B0,main,f1,op,n_events_C75,8.0,10
B0,main,f1,op,brier_raw_C90,0.3,10
B0,main,f1,op,auc_C90,0.6666666666666666,10
B0,main,f1,op,n_events_C90,4.0,10
B0,main,f1,op,brier_mean_raw,0.16666666666666666,10
B0,main,f1,op,nll,NaN,0
B0,main,f1,nonop,peak_mae,0.0,2
B0,main,f1,nonop,peak_hit2,0.0,2
B0,main,f1,nonop,brier_raw_C50,0.0,2
B0,main,f1,nonop,auc_C50,NaN,2
B0,main,f1,nonop,n_events_C50,0.0,2
B0,main,f1,nonop,brier_raw_C75,0.0,2
B0,main,f1,nonop,auc_C75,NaN,2
B0,main,f1,nonop,n_events_C75,0.0,2
B0,main,f1,nonop,brier_raw_C90,0.0,2
B0,main,f1,nonop,auc_C90,NaN,2
B0,main,f1,nonop,n_events_C90,0.0,2
B0,main,f1,nonop,brier_mean_raw,0.0,2
B0,main,f1,nonop,nll,NaN,0
B0,main,f2,all,peak_mae,39.07692307692308,13
B0,main,f2,all,peak_hit2,0.07692307692307693,13
B0,main,f2,all,brier_raw_C50,0.15384615384615385,13
B0,main,f2,all,auc_C50,0.8333333333333334,13
B0,main,f2,all,n_events_C50,7.0,13
B0,main,f2,all,brier_raw_C75,0.15384615384615385,13
B0,main,f2,all,auc_C75,0.8333333333333334,13
B0,main,f2,all,n_events_C75,7.0,13
B0,main,f2,all,brier_raw_C90,0.3076923076923077,13
B0,main,f2,all,auc_C90,0.6904761904761905,13
B0,main,f2,all,n_events_C90,7.0,13
B0,main,f2,all,brier_mean_raw,0.20512820512820512,13
B0,main,f2,all,nll,NaN,0
B0,main,f2,op,peak_mae,6.75,8
B0,main,f2,op,peak_hit2,0.125,8
B0,main,f2,op,brier_raw_C50,0.0,8
B0,main,f2,op,auc_C50,1.0,8
B0,main,f2,op,n_events_C50,7.0,8
B0,main,f2,op,brier_raw_C75,0.0,8
B0,main,f2,op,auc_C75,1.0,8
B0,main,f2,op,n_events_C75,7.0,8
B0,main,f2,op,brier_raw_C90,0.25,8
B0,main,f2,op,auc_C90,0.8571428571428571,8
B0,main,f2,op,n_events_C90,7.0,8
B0,main,f2,op,brier_mean_raw,0.08333333333333333,8
B0,main,f2,op,nll,NaN,0
B0,main,f2,nonop,peak_mae,90.8,5
B0,main,f2,nonop,peak_hit2,0.0,5
B0,main,f2,nonop,brier_raw_C50,0.4,5
B0,main,f2,nonop,auc_C50,NaN,5
B0,main,f2,nonop,n_events_C50,0.0,5
B0,main,f2,nonop,brier_raw_C75,0.4,5
B0,main,f2,nonop,auc_C75,NaN,5
B0,main,f2,nonop,n_events_C75,0.0,5
B0,main,f2,nonop,brier_raw_C90,0.4,5
B0,main,f2,nonop,auc_C90,NaN,5
B0,main,f2,nonop,n_events_C90,0.0,5
B0,main,f2,nonop,brier_mean_raw,0.4,5
B0,main,f2,nonop,nll,NaN,0
B0,main,f3,all,peak_mae,100.71428571428571,14
B0,main,f3,all,peak_hit2,0.0,14
B0,main,f3,all,brier_raw_C50,0.5714285714285714,14
B0,main,f3,all,auc_C50,0.3958333333333333,14
B0,main,f3,all,n_events_C50,6.0,14
B0,main,f3,all,brier_raw_C75,0.5,14
B0,main,f3,all,auc_C75,0.35,14
B0,main,f3,all,n_events_C75,4.0,14
B0,main,f3,all,brier_raw_C90,0.35714285714285715,14
B0,main,f3,all,auc_C90,0.375,14
B0,main,f3,all,n_events_C90,2.0,14
B0,main,f3,all,brier_mean_raw,0.4761904761904762,14
B0,main,f3,all,nll,NaN,0
B0,main,f3,op,peak_mae,129.0,8
B0,main,f3,op,peak_hit2,0.0,8
B0,main,f3,op,brier_raw_C50,0.75,8
B0,main,f3,op,auc_C50,0.3333333333333333,8
B0,main,f3,op,n_events_C50,6.0,8
B0,main,f3,op,brier_raw_C75,0.625,8
B0,main,f3,op,auc_C75,0.375,8
B0,main,f3,op,n_events_C75,4.0,8
B0,main,f3,op,brier_raw_C90,0.375,8
B0,main,f3,op,auc_C90,0.4166666666666667,8
B0,main,f3,op,n_events_C90,2.0,8
B0,main,f3,op,brier_mean_raw,0.5833333333333333,8
B0,main,f3,op,nll,NaN,0
B0,main,f3,nonop,peak_mae,63.0,6
B0,main,f3,nonop,peak_hit2,0.0,6
B0,main,f3,nonop,brier_raw_C50,0.3333333333333333,6
B0,main,f3,nonop,auc_C50,NaN,6
B0,main,f3,nonop,n_events_C50,0.0,6
B0,main,f3,nonop,brier_raw_C75,0.3333333333333333,6
B0,main,f3,nonop,auc_C75,NaN,6
B0,main,f3,nonop,n_events_C75,0.0,6
B0,main,f3,nonop,brier_raw_C90,0.3333333333333333,6
B0,main,f3,nonop,auc_C90,NaN,6
B0,main,f3,nonop,n_events_C90,0.0,6
B0,main,f3,nonop,brier_mean_raw,0.3333333333333333,6
B0,main,f3,nonop,nll,NaN,0
B0,main,f4,all,peak_mae,11.166666666666666,12
B0,main,f4,all,peak_hit2,0.16666666666666666,12
B0,main,f4,all,brier_raw_C50,0.08333333333333333,12
B0,main,f4,all,auc_C50,0.95,12
B0,main,f4,all,n_events_C50,10.0,12
B0,main,f4,all,brier_raw_C75,0.5,12
B0,main,f4,all,auc_C75,0.3,12
B0,main,f4,all,n_events_C75,2.0,12
B0,main,f4,all,brier_raw_C90,0.08333333333333333,12
B0,main,f4,all,auc_C90,NaN,12
B0,main,f4,all,n_events_C90,0.0,12
B0,main,f4,all,brier_mean_raw,0.22222222222222224,12
B0,main,f4,all,nll,NaN,0
B0,main,f4,op,peak_mae,12.090909090909092,11
B0,main,f4,op,peak_hit2,0.09090909090909091,11
B0,main,f4,op,brier_raw_C50,0.09090909090909091,11
B0,main,f4,op,auc_C50,0.95,11
B0,main,f4,op,n_events_C50,10.0,11
B0,main,f4,op,brier_raw_C75,0.5454545454545454,11
B0,main,f4,op,auc_C75,0.2777777777777778,11
B0,main,f4,op,n_events_C75,2.0,11
B0,main,f4,op,brier_raw_C90,0.09090909090909091,11
B0,main,f4,op,auc_C90,NaN,11
B0,main,f4,op,n_events_C90,0.0,11
B0,main,f4,op,brier_mean_raw,0.2424242424242424,11
B0,main,f4,op,nll,NaN,0
B0,main,f4,nonop,peak_mae,1.0,1
B0,main,f4,nonop,peak_hit2,1.0,1
B0,main,f4,nonop,brier_raw_C50,0.0,1
B0,main,f4,nonop,auc_C50,NaN,1
B0,main,f4,nonop,n_events_C50,0.0,1
B0,main,f4,nonop,brier_raw_C75,0.0,1
B0,main,f4,nonop,auc_C75,NaN,1
B0,main,f4,nonop,n_events_C75,0.0,1
B0,main,f4,nonop,brier_raw_C90,0.0,1
B0,main,f4,nonop,auc_C90,NaN,1
B0,main,f4,nonop,n_events_C90,0.0,1
B0,main,f4,nonop,brier_mean_raw,0.0,1
B0,main,f4,nonop,nll,NaN,0
B0,main,pooled,all,peak_mae,42.21568627450981,51
B0,main,pooled,all,peak_hit2,0.09803921568627451,51
B0,main,pooled,all,brier_raw_C50,0.21568627450980393,51
B0,main,pooled,all,auc_C50,0.7782258064516129,51
B0,main,pooled,all,n_events_C50,31.0,51
B0,main,pooled,all,brier_raw_C75,0.3333333333333333,51
B0,main,pooled,all,auc_C75,0.6595238095238095,51
B0,main,pooled,all,n_events_C75,21.0,51
B0,main,pooled,all,brier_raw_C90,0.2549019607843137,51
B0,main,pooled,all,auc_C90,0.6771255060728745,51
B0,main,pooled,all,n_events_C90,13.0,51
B0,main,pooled,all,brier_mean_raw,0.2679738562091503,51
B0,main,pooled,all,nll,NaN,0
B0,main,pooled,op,peak_mae,35.67567567567568,37
B0,main,pooled,op,peak_hit2,0.10810810810810811,37
B0,main,pooled,op,brier_raw_C50,0.1891891891891892,37
B0,main,pooled,op,auc_C50,0.8198924731182796,37
B0,main,pooled,op,n_events_C50,31.0,37
B0,main,pooled,op,brier_raw_C75,0.35135135135135137,37
B0,main,pooled,op,auc_C75,0.6532738095238095,37
B0,main,pooled,op,n_events_C75,21.0,37
B0,main,pooled,op,brier_raw_C90,0.24324324324324326,37
B0,main,pooled,op,auc_C90,0.7067307692307693,37
B0,main,pooled,op,n_events_C90,13.0,37
B0,main,pooled,op,brier_mean_raw,0.2612612612612613,37
B0,main,pooled,op,nll,NaN,0
B0,main,pooled,nonop,peak_mae,59.5,14
B0,main,pooled,nonop,peak_hit2,0.07142857142857142,14
B0,main,pooled,nonop,brier_raw_C50,0.2857142857142857,14
B0,main,pooled,nonop,auc_C50,NaN,14
B0,main,pooled,nonop,n_events_C50,0.0,14
B0,main,pooled,nonop,brier_raw_C75,0.2857142857142857,14
B0,main,pooled,nonop,auc_C75,NaN,14
B0,main,pooled,nonop,n_events_C75,0.0,14
B0,main,pooled,nonop,brier_raw_C90,0.2857142857142857,14
B0,main,pooled,nonop,auc_C90,NaN,14
B0,main,pooled,nonop,n_events_C90,0.0,14
B0,main,pooled,nonop,brier_mean_raw,0.2857142857142857,14
B0,main,pooled,nonop,nll,NaN,0
B0p,main,f1,all,peak_mae,7.333333333333333,12
B0p,main,f1,all,peak_hit2,0.25,12
B0p,main,f1,all,brier_raw_C50,0.0,12
B0p,main,f1,all,auc_C50,1.0,12
B0p,main,f1,all,n_events_C50,8.0,12
B0p,main,f1,all,brier_raw_C75,0.0,12
B0p,main,f1,all,auc_C75,1.0,12
B0p,main,f1,all,n_events_C75,8.0,12
B0p,main,f1,all,brier_raw_C90,0.25,12
B0p,main,f1,all,auc_C90,0.6875,12
B0p,main,f1,all,n_events_C90,4.0,12
B0p,main,f1,all,brier_mean_raw,0.08333333333333333,12
B0p,main,f1,all,nll,NaN,0
B0p,main,f1,op,peak_mae,8.8,10
B0p,main,f1,op,peak_hit2,0.3,10
B0p,main,f1,op,brier_raw_C50,0.0,10
B0p,main,f1,op,auc_C50,1.0,10
B0p,main,f1,op,n_events_C50,8.0,10
B0p,main,f1,op,brier_raw_C75,0.0,10
B0p,main,f1,op,auc_C75,1.0,10
B0p,main,f1,op,n_events_C75,8.0,10
B0p,main,f1,op,brier_raw_C90,0.3,10
B0p,main,f1,op,auc_C90,0.6666666666666666,10
B0p,main,f1,op,n_events_C90,4.0,10
B0p,main,f1,op,brier_mean_raw,0.1,10
B0p,main,f1,op,nll,NaN,0
B0p,main,f1,nonop,peak_mae,0.0,2
B0p,main,f1,nonop,peak_hit2,0.0,2
B0p,main,f1,nonop,brier_raw_C50,0.0,2
B0p,main,f1,nonop,auc_C50,NaN,2
B0p,main,f1,nonop,n_events_C50,0.0,2
B0p,main,f1,nonop,brier_raw_C75,0.0,2
B0p,main,f1,nonop,auc_C75,NaN,2
B0p,main,f1,nonop,n_events_C75,0.0,2
B0p,main,f1,nonop,brier_raw_C90,0.0,2
B0p,main,f1,nonop,auc_C90,NaN,2
B0p,main,f1,nonop,n_events_C90,0.0,2
B0p,main,f1,nonop,brier_mean_raw,0.0,2
B0p,main,f1,nonop,nll,NaN,0
B0p,main,f2,all,peak_mae,3.923076923076923,13
B0p,main,f2,all,peak_hit2,0.15384615384615385,13
B0p,main,f2,all,brier_raw_C50,0.0,13
B0p,main,f2,all,auc_C50,1.0,13
B0p,main,f2,all,n_events_C50,7.0,13
B0p,main,f2,all,brier_raw_C75,0.0,13
B0p,main,f2,all,auc_C75,1.0,13
B0p,main,f2,all,n_events_C75,7.0,13
B0p,main,f2,all,brier_raw_C90,0.0,13
B0p,main,f2,all,auc_C90,1.0,13
B0p,main,f2,all,n_events_C90,7.0,13
B0p,main,f2,all,brier_mean_raw,0.0,13
B0p,main,f2,all,nll,NaN,0
B0p,main,f2,op,peak_mae,5.75,8
B0p,main,f2,op,peak_hit2,0.25,8
B0p,main,f2,op,brier_raw_C50,0.0,8
B0p,main,f2,op,auc_C50,1.0,8
B0p,main,f2,op,n_events_C50,7.0,8
B0p,main,f2,op,brier_raw_C75,0.0,8
B0p,main,f2,op,auc_C75,1.0,8
B0p,main,f2,op,n_events_C75,7.0,8
B0p,main,f2,op,brier_raw_C90,0.0,8
B0p,main,f2,op,auc_C90,1.0,8
B0p,main,f2,op,n_events_C90,7.0,8
B0p,main,f2,op,brier_mean_raw,0.0,8
B0p,main,f2,op,nll,NaN,0
B0p,main,f2,nonop,peak_mae,1.0,5
B0p,main,f2,nonop,peak_hit2,0.0,5
B0p,main,f2,nonop,brier_raw_C50,0.0,5
B0p,main,f2,nonop,auc_C50,NaN,5
B0p,main,f2,nonop,n_events_C50,0.0,5
B0p,main,f2,nonop,brier_raw_C75,0.0,5
B0p,main,f2,nonop,auc_C75,NaN,5
B0p,main,f2,nonop,n_events_C75,0.0,5
B0p,main,f2,nonop,brier_raw_C90,0.0,5
B0p,main,f2,nonop,auc_C90,NaN,5
B0p,main,f2,nonop,n_events_C90,0.0,5
B0p,main,f2,nonop,brier_mean_raw,0.0,5
B0p,main,f2,nonop,nll,NaN,0
B0p,main,f3,all,peak_mae,8.5,14
B0p,main,f3,all,peak_hit2,0.14285714285714285,14
B0p,main,f3,all,brier_raw_C50,0.07142857142857142,14
B0p,main,f3,all,auc_C50,0.9375,14
B0p,main,f3,all,n_events_C50,6.0,14
B0p,main,f3,all,brier_raw_C75,0.21428571428571427,14
B0p,main,f3,all,auc_C75,0.775,14
B0p,main,f3,all,n_events_C75,4.0,14
B0p,main,f3,all,brier_raw_C90,0.21428571428571427,14
B0p,main,f3,all,auc_C90,0.6666666666666666,14
B0p,main,f3,all,n_events_C90,2.0,14
B0p,main,f3,all,brier_mean_raw,0.16666666666666666,14
B0p,main,f3,all,nll,NaN,0
B0p,main,f3,op,peak_mae,14.0,8
B0p,main,f3,op,peak_hit2,0.25,8
B0p,main,f3,op,brier_raw_C50,0.125,8
B0p,main,f3,op,auc_C50,0.75,8
B0p,main,f3,op,n_events_C50,6.0,8
B0p,main,f3,op,brier_raw_C75,0.375,8
B0p,main,f3,op,auc_C75,0.625,8
B0p,main,f3,op,n_events_C75,4.0,8
B0p,main,f3,op,brier_raw_C90,0.375,8
B0p,main,f3,op,auc_C90,0.5833333333333334,8
B0p,main,f3,op,n_events_C90,2.0,8
B0p,main,f3,op,brier_mean_raw,0.29166666666666663,8
B0p,main,f3,op,nll,NaN,0
B0p,main,f3,nonop,peak_mae,1.1666666666666667,6
B0p,main,f3,nonop,peak_hit2,0.0,6
B0p,main,f3,nonop,brier_raw_C50,0.0,6
B0p,main,f3,nonop,auc_C50,NaN,6
B0p,main,f3,nonop,n_events_C50,0.0,6
B0p,main,f3,nonop,brier_raw_C75,0.0,6
B0p,main,f3,nonop,auc_C75,NaN,6
B0p,main,f3,nonop,n_events_C75,0.0,6
B0p,main,f3,nonop,brier_raw_C90,0.0,6
B0p,main,f3,nonop,auc_C90,NaN,6
B0p,main,f3,nonop,n_events_C90,0.0,6
B0p,main,f3,nonop,brier_mean_raw,0.0,6
B0p,main,f3,nonop,nll,NaN,0
B0p,main,f4,all,peak_mae,6.083333333333333,12
B0p,main,f4,all,peak_hit2,0.3333333333333333,12
B0p,main,f4,all,brier_raw_C50,0.08333333333333333,12
B0p,main,f4,all,auc_C50,0.95,12
B0p,main,f4,all,n_events_C50,10.0,12
B0p,main,f4,all,brier_raw_C75,0.3333333333333333,12
B0p,main,f4,all,auc_C75,0.4,12
B0p,main,f4,all,n_events_C75,2.0,12
B0p,main,f4,all,brier_raw_C90,0.0,12
B0p,main,f4,all,auc_C90,NaN,12
B0p,main,f4,all,n_events_C90,0.0,12
B0p,main,f4,all,brier_mean_raw,0.13888888888888887,12
B0p,main,f4,all,nll,NaN,0
B0p,main,f4,op,peak_mae,6.545454545454546,11
B0p,main,f4,op,peak_hit2,0.2727272727272727,11
B0p,main,f4,op,brier_raw_C50,0.09090909090909091,11
B0p,main,f4,op,auc_C50,0.95,11
B0p,main,f4,op,n_events_C50,10.0,11
B0p,main,f4,op,brier_raw_C75,0.36363636363636365,11
B0p,main,f4,op,auc_C75,0.3888888888888889,11
B0p,main,f4,op,n_events_C75,2.0,11
B0p,main,f4,op,brier_raw_C90,0.0,11
B0p,main,f4,op,auc_C90,NaN,11
B0p,main,f4,op,n_events_C90,0.0,11
B0p,main,f4,op,brier_mean_raw,0.1515151515151515,11
B0p,main,f4,op,nll,NaN,0
B0p,main,f4,nonop,peak_mae,1.0,1
B0p,main,f4,nonop,peak_hit2,1.0,1
B0p,main,f4,nonop,brier_raw_C50,0.0,1
B0p,main,f4,nonop,auc_C50,NaN,1
B0p,main,f4,nonop,n_events_C50,0.0,1
B0p,main,f4,nonop,brier_raw_C75,0.0,1
B0p,main,f4,nonop,auc_C75,NaN,1
B0p,main,f4,nonop,n_events_C75,0.0,1
B0p,main,f4,nonop,brier_raw_C90,0.0,1
B0p,main,f4,nonop,auc_C90,NaN,1
B0p,main,f4,nonop,n_events_C90,0.0,1
B0p,main,f4,nonop,brier_mean_raw,0.0,1
B0p,main,f4,nonop,nll,NaN,0
B0p,main,pooled,all,peak_mae,6.490196078431373,51
B0p,main,pooled,all,peak_hit2,0.21568627450980393,51
B0p,main,pooled,all,brier_raw_C50,0.0392156862745098,51
B0p,main,pooled,all,auc_C50,0.9588709677419355,51
B0p,main,pooled,all,n_events_C50,31.0,51
B0p,main,pooled,all,brier_raw_C75,0.13725490196078433,51
B0p,main,pooled,all,auc_C75,0.861904761904762,51
B0p,main,pooled,all,n_events_C75,21.0,51
B0p,main,pooled,all,brier_raw_C90,0.11764705882352941,51
B0p,main,pooled,all,auc_C90,0.8451417004048583,51
B0p,main,pooled,all,n_events_C90,13.0,51
B0p,main,pooled,all,brier_mean_raw,0.0980392156862745,51
B0p,main,pooled,all,nll,NaN,0
B0p,main,pooled,op,peak_mae,8.594594594594595,37
B0p,main,pooled,op,peak_hit2,0.2702702702702703,37
B0p,main,pooled,op,brier_raw_C50,0.05405405405405406,37
B0p,main,pooled,op,auc_C50,0.9005376344086021,37
B0p,main,pooled,op,n_events_C50,31.0,37
B0p,main,pooled,op,brier_raw_C75,0.1891891891891892,37
B0p,main,pooled,op,auc_C75,0.8035714285714286,37
B0p,main,pooled,op,n_events_C75,21.0,37
B0p,main,pooled,op,brier_raw_C90,0.16216216216216217,37
B0p,main,pooled,op,auc_C90,0.8221153846153846,37
B0p,main,pooled,op,n_events_C90,13.0,37
B0p,main,pooled,op,brier_mean_raw,0.13513513513513511,37
B0p,main,pooled,op,nll,NaN,0
B0p,main,pooled,nonop,peak_mae,0.9285714285714286,14
B0p,main,pooled,nonop,peak_hit2,0.07142857142857142,14
B0p,main,pooled,nonop,brier_raw_C50,0.0,14
B0p,main,pooled,nonop,auc_C50,NaN,14
B0p,main,pooled,nonop,n_events_C50,0.0,14
B0p,main,pooled,nonop,brier_raw_C75,0.0,14
B0p,main,pooled,nonop,auc_C75,NaN,14
B0p,main,pooled,nonop,n_events_C75,0.0,14
B0p,main,pooled,nonop,brier_raw_C90,0.0,14
B0p,main,pooled,nonop,auc_C90,NaN,14
B0p,main,pooled,nonop,n_events_C90,0.0,14
B0p,main,pooled,nonop,brier_mean_raw,0.0,14
B0p,main,pooled,nonop,nll,NaN,0
BB,main,f1,all,peak_mae,26.83807264451649,12
BB,main,f1,all,peak_hit2,0.4166666666666667,12
BB,main,f1,all,brier_raw_C50,0.6666666666666666,12
BB,main,f1,all,auc_C50,0.5,12
BB,main,f1,all,n_events_C50,8.0,12
BB,main,f1,all,brier_raw_C75,0.6666666666666666,12
BB,main,f1,all,auc_C75,0.5,12
BB,main,f1,all,n_events_C75,8.0,12
BB,main,f1,all,brier_raw_C90,0.3333333333333333,12
BB,main,f1,all,auc_C90,0.5,12
BB,main,f1,all,n_events_C90,4.0,12
BB,main,f1,all,brier_mean_raw,0.5555555555555555,12
BB,main,f1,all,nll,NaN,0
BB,main,f1,op,peak_mae,31.590817597997578,10
BB,main,f1,op,peak_hit2,0.4,10
BB,main,f1,op,brier_raw_C50,0.8,10
BB,main,f1,op,auc_C50,0.5,10
BB,main,f1,op,n_events_C50,8.0,10
BB,main,f1,op,brier_raw_C75,0.8,10
BB,main,f1,op,auc_C75,0.5,10
BB,main,f1,op,n_events_C75,8.0,10
BB,main,f1,op,brier_raw_C90,0.4,10
BB,main,f1,op,auc_C90,0.5,10
BB,main,f1,op,n_events_C90,4.0,10
BB,main,f1,op,brier_mean_raw,0.6666666666666666,10
BB,main,f1,op,nll,NaN,0
BB,main,f1,nonop,peak_mae,3.074347877111041,2
BB,main,f1,nonop,peak_hit2,0.5,2
BB,main,f1,nonop,brier_raw_C50,0.0,2
BB,main,f1,nonop,auc_C50,NaN,2
BB,main,f1,nonop,n_events_C50,0.0,2
BB,main,f1,nonop,brier_raw_C75,0.0,2
BB,main,f1,nonop,auc_C75,NaN,2
BB,main,f1,nonop,n_events_C75,0.0,2
BB,main,f1,nonop,brier_raw_C90,0.0,2
BB,main,f1,nonop,auc_C90,NaN,2
BB,main,f1,nonop,n_events_C90,0.0,2
BB,main,f1,nonop,brier_mean_raw,0.0,2
BB,main,f1,nonop,nll,NaN,0
BB,main,f2,all,peak_mae,20.234868069011537,13
BB,main,f2,all,peak_hit2,0.15384615384615385,13
BB,main,f2,all,brier_raw_C50,0.5384615384615384,13
BB,main,f2,all,auc_C50,0.5,13
BB,main,f2,all,n_events_C50,7.0,13
BB,main,f2,all,brier_raw_C75,0.5384615384615384,13
BB,main,f2,all,auc_C75,0.5,13
BB,main,f2,all,n_events_C75,7.0,13
BB,main,f2,all,brier_raw_C90,0.5384615384615384,13
BB,main,f2,all,auc_C90,0.5,13
BB,main,f2,all,n_events_C90,7.0,13
BB,main,f2,all,brier_mean_raw,0.5384615384615384,13
BB,main,f2,all,nll,NaN,0
BB,main,f2,op,peak_mae,31.47148293808445,8
BB,main,f2,op,peak_hit2,0.25,8
BB,main,f2,op,brier_raw_C50,0.875,8
BB,main,f2,op,auc_C50,0.5,8
BB,main,f2,op,n_events_C50,7.0,8
BB,main,f2,op,brier_raw_C75,0.875,8
BB,main,f2,op,auc_C75,0.5,8
BB,main,f2,op,n_events_C75,7.0,8
BB,main,f2,op,brier_raw_C90,0.875,8
BB,main,f2,op,auc_C90,0.5,8
BB,main,f2,op,n_events_C90,7.0,8
BB,main,f2,op,brier_mean_raw,0.875,8
BB,main,f2,op,nll,NaN,0
BB,main,f2,nonop,peak_mae,2.2562842784948787,5
BB,main,f2,nonop,peak_hit2,0.0,5
BB,main,f2,nonop,brier_raw_C50,0.0,5
BB,main,f2,nonop,auc_C50,NaN,5
BB,main,f2,nonop,n_events_C50,0.0,5
BB,main,f2,nonop,brier_raw_C75,0.0,5
BB,main,f2,nonop,auc_C75,NaN,5
BB,main,f2,nonop,n_events_C75,0.0,5
BB,main,f2,nonop,brier_raw_C90,0.0,5
BB,main,f2,nonop,auc_C90,NaN,5
BB,main,f2,nonop,n_events_C90,0.0,5
BB,main,f2,nonop,brier_mean_raw,0.0,5
BB,main,f2,nonop,nll,NaN,0
BB,main,f3,all,peak_mae,10.021668516781741,14
BB,main,f3,all,peak_hit2,0.35714285714285715,14
BB,main,f3,all,brier_raw_C50,0.07142857142857142,14
BB,main,f3,all,auc_C50,0.9375,14
BB,main,f3,all,n_events_C50,6.0,14
BB,main,f3,all,brier_raw_C75,0.2857142857142857,14
BB,main,f3,all,auc_C75,0.5,14
BB,main,f3,all,n_events_C75,4.0,14
BB,main,f3,all,brier_raw_C90,0.14285714285714285,14
BB,main,f3,all,auc_C90,0.5,14
BB,main,f3,all,n_events_C90,2.0,14
BB,main,f3,all,brier_mean_raw,0.16666666666666666,14
BB,main,f3,all,nll,NaN,0
BB,main,f3,op,peak_mae,15.67088315747254,8
BB,main,f3,op,peak_hit2,0.5,8
BB,main,f3,op,brier_raw_C50,0.125,8
BB,main,f3,op,auc_C50,0.75,8
BB,main,f3,op,n_events_C50,6.0,8
BB,main,f3,op,brier_raw_C75,0.5,8
BB,main,f3,op,auc_C75,0.5,8
BB,main,f3,op,n_events_C75,4.0,8
BB,main,f3,op,brier_raw_C90,0.25,8
BB,main,f3,op,auc_C90,0.5,8
BB,main,f3,op,n_events_C90,2.0,8
BB,main,f3,op,brier_mean_raw,0.29166666666666663,8
BB,main,f3,op,nll,NaN,0
BB,main,f3,nonop,peak_mae,2.4893823291940094,6
BB,main,f3,nonop,peak_hit2,0.16666666666666666,6
BB,main,f3,nonop,brier_raw_C50,0.0,6
BB,main,f3,nonop,auc_C50,NaN,6
BB,main,f3,nonop,n_events_C50,0.0,6
BB,main,f3,nonop,brier_raw_C75,0.0,6
BB,main,f3,nonop,auc_C75,NaN,6
BB,main,f3,nonop,n_events_C75,0.0,6
BB,main,f3,nonop,brier_raw_C90,0.0,6
BB,main,f3,nonop,auc_C90,NaN,6
BB,main,f3,nonop,n_events_C90,0.0,6
BB,main,f3,nonop,brier_mean_raw,0.0,6
BB,main,f3,nonop,nll,NaN,0
BB,main,f4,all,peak_mae,4.512559301797041,12
BB,main,f4,all,peak_hit2,0.16666666666666666,12
BB,main,f4,all,brier_raw_C50,0.0,12
BB,main,f4,all,auc_C50,1.0,12
BB,main,f4,all,n_events_C50,10.0,12
BB,main,f4,all,brier_raw_C75,0.16666666666666666,12
BB,main,f4,all,auc_C75,0.5,12
BB,main,f4,all,n_events_C75,2.0,12
BB,main,f4,all,brier_raw_C90,0.0,12
BB,main,f4,all,auc_C90,NaN,12
BB,main,f4,all,n_events_C90,0.0,12
BB,main,f4,all,brier_mean_raw,0.05555555555555555,12
BB,main,f4,all,nll,NaN,0
BB,main,f4,op,peak_mae,4.588712375963862,11
BB,main,f4,op,peak_hit2,0.09090909090909091,11
BB,main,f4,op,brier_raw_C50,0.0,11
BB,main,f4,op,auc_C50,1.0,11
BB,main,f4,op,n_events_C50,10.0,11
BB,main,f4,op,brier_raw_C75,0.18181818181818182,11
BB,main,f4,op,auc_C75,0.5,11
BB,main,f4,op,n_events_C75,2.0,11
BB,main,f4,op,brier_raw_C90,0.0,11
BB,main,f4,op,auc_C90,NaN,11
BB,main,f4,op,n_events_C90,0.0,11
BB,main,f4,op,brier_mean_raw,0.0606060606060606,11
BB,main,f4,op,nll,NaN,0
BB,main,f4,nonop,peak_mae,3.674875485962019,1
BB,main,f4,nonop,peak_hit2,1.0,1
BB,main,f4,nonop,brier_raw_C50,0.0,1
BB,main,f4,nonop,auc_C50,NaN,1
BB,main,f4,nonop,n_events_C50,0.0,1
BB,main,f4,nonop,brier_raw_C75,0.0,1
BB,main,f4,nonop,auc_C75,NaN,1
BB,main,f4,nonop,n_events_C75,0.0,1
BB,main,f4,nonop,brier_raw_C90,0.0,1
BB,main,f4,nonop,auc_C90,NaN,1
BB,main,f4,nonop,n_events_C90,0.0,1
BB,main,f4,nonop,brier_mean_raw,0.0,1
BB,main,f4,nonop,nll,NaN,0
BB,main,pooled,all,peak_mae,15.285573087997191,51
BB,main,pooled,all,peak_hit2,0.27450980392156865,51
BB,main,pooled,all,brier_raw_C50,0.3137254901960784,51
BB,main,pooled,all,auc_C50,0.7330645161290322,51
BB,main,pooled,all,n_events_C50,31.0,51
BB,main,pooled,all,brier_raw_C75,0.4117647058823529,51
BB,main,pooled,all,auc_C75,0.5,51
BB,main,pooled,all,n_events_C75,21.0,51
BB,main,pooled,all,brier_raw_C90,0.2549019607843137,51
BB,main,pooled,all,auc_C90,0.5,51
BB,main,pooled,all,n_events_C90,13.0,51
BB,main,pooled,all,brier_mean_raw,0.326797385620915,51
BB,main,pooled,all,nll,NaN,0
BB,main,pooled,op,peak_mae,20.095214618379305,37
BB,main,pooled,op,peak_hit2,0.2972972972972973,37
BB,main,pooled,op,brier_raw_C50,0.43243243243243246,37
BB,main,pooled,op,auc_C50,0.6747311827956989,37
BB,main,pooled,op,n_events_C50,31.0,37
BB,main,pooled,op,brier_raw_C75,0.5675675675675675,37
BB,main,pooled,op,auc_C75,0.5,37
BB,main,pooled,op,n_events_C75,21.0,37
BB,main,pooled,op,brier_raw_C90,0.35135135135135137,37
BB,main,pooled,op,auc_C90,0.5,37
BB,main,pooled,op,n_events_C90,13.0,37
BB,main,pooled,op,brier_mean_raw,0.45045045045045046,37
BB,main,pooled,op,nll,NaN,0
BB,main,pooled,nonop,peak_mae,2.574377614844468,14
BB,main,pooled,nonop,peak_hit2,0.21428571428571427,14
BB,main,pooled,nonop,brier_raw_C50,0.0,14
BB,main,pooled,nonop,auc_C50,NaN,14
BB,main,pooled,nonop,n_events_C50,0.0,14
BB,main,pooled,nonop,brier_raw_C75,0.0,14
BB,main,pooled,nonop,auc_C75,NaN,14
BB,main,pooled,nonop,n_events_C75,0.0,14
BB,main,pooled,nonop,brier_raw_C90,0.0,14
BB,main,pooled,nonop,auc_C90,NaN,14
BB,main,pooled,nonop,n_events_C90,0.0,14
BB,main,pooled,nonop,brier_mean_raw,0.0,14
BB,main,pooled,nonop,nll,NaN,0
B1,main,f1,all,peak_mae,27.75472857323881,12
B1,main,f1,all,peak_hit2,0.16666666666666666,12
B1,main,f1,all,brier_raw_C50,0.09097728656970165,12
B1,main,f1,all,auc_C50,1.0,12
B1,main,f1,all,n_events_C50,8.0,12
B1,main,f1,all,brier_raw_C75,0.5333357873480083,12
B1,main,f1,all,auc_C75,1.0,12
B1,main,f1,all,n_events_C75,8.0,12
B1,main,f1,all,brier_raw_C90,0.28138513930673165,12
B1,main,f1,all,auc_C90,0.78125,12
B1,main,f1,all,n_events_C90,4.0,12
B1,main,f1,all,brier_mean_raw,0.3018994044081472,12
B1,main,f1,all,nll,NaN,0
B1,main,f1,op,peak_mae,19.99654186520395,10
B1,main,f1,op,peak_hit2,0.2,10
B1,main,f1,op,brier_raw_C50,0.10904893137082342,10
B1,main,f1,op,auc_C50,1.0,10
B1,main,f1,op,n_events_C50,8.0,10
B1,main,f1,op,brier_raw_C75,0.6398929571429627,10
B1,main,f1,op,auc_C75,1.0,10
B1,main,f1,op,n_events_C75,8.0,10
B1,main,f1,op,brier_raw_C90,0.337655322306682,10
B1,main,f1,op,auc_C90,0.7083333333333334,10
B1,main,f1,op,n_events_C90,4.0,10
B1,main,f1,op,brier_mean_raw,0.3621990702734894,10
B1,main,f1,op,nll,NaN,0
B1,main,f1,nonop,peak_mae,66.54566211341312,2
B1,main,f1,nonop,peak_hit2,0.0,2
B1,main,f1,nonop,brier_raw_C50,0.0006190625640928082,2
B1,main,f1,nonop,auc_C50,NaN,2
B1,main,f1,nonop,n_events_C50,0.0,2
B1,main,f1,nonop,brier_raw_C75,0.0005499383732361375,2
B1,main,f1,nonop,auc_C75,NaN,2
B1,main,f1,nonop,n_events_C75,0.0,2
B1,main,f1,nonop,brier_raw_C90,0.00003422430698002262,2
B1,main,f1,nonop,auc_C90,NaN,2
B1,main,f1,nonop,n_events_C90,0.0,2
B1,main,f1,nonop,brier_mean_raw,0.0004010750814363227,2
B1,main,f1,nonop,nll,NaN,0
B1,main,f2,all,peak_mae,37.630436340151626,13
B1,main,f2,all,peak_hit2,0.23076923076923078,13
B1,main,f2,all,brier_raw_C50,0.011200352266435011,13
B1,main,f2,all,auc_C50,1.0,13
B1,main,f2,all,n_events_C50,7.0,13
B1,main,f2,all,brier_raw_C75,0.07798694874962263,13
B1,main,f2,all,auc_C75,1.0,13
B1,main,f2,all,n_events_C75,7.0,13
B1,main,f2,all,brier_raw_C90,0.22205032469665828,13
B1,main,f2,all,auc_C90,0.7857142857142857,13
B1,main,f2,all,n_events_C90,7.0,13
B1,main,f2,all,brier_mean_raw,0.10374587523757198,13
B1,main,f2,all,nll,NaN,0
B1,main,f2,op,peak_mae,13.305050049680874,8
B1,main,f2,op,peak_hit2,0.375,8
B1,main,f2,op,brier_raw_C50,0.008766933670439073,8
B1,main,f2,op,auc_C50,1.0,8
B1,main,f2,op,n_events_C50,7.0,8
B1,main,f2,op,brier_raw_C75,0.09995206771849566,8
B1,main,f2,op,auc_C75,1.0,8
B1,main,f2,op,n_events_C75,7.0,8
B1,main,f2,op,brier_raw_C90,0.28163356325404326,8
B1,main,f2,op,auc_C90,1.0,8
B1,main,f2,op,n_events_C90,7.0,8
B1,main,f2,op,brier_mean_raw,0.13011752154765932,8
B1,main,f2,op,nll,NaN,0
B1,main,f2,nonop,peak_mae,76.55105440490483,5
B1,main,f2,nonop,peak_hit2,0.0,5
B1,main,f2,nonop,brier_raw_C50,0.015093822020028513,5
B1,main,f2,nonop,auc_C50,NaN,5
B1,main,f2,nonop,n_events_C50,0.0,5
B1,main,f2,nonop,brier_raw_C75,0.04284275839942583,5
B1,main,f2,nonop,auc_C75,NaN,5
B1,main,f2,nonop,n_events_C75,0.0,5
B1,main,f2,nonop,brier_raw_C90,0.12671714300484227,5
B1,main,f2,nonop,auc_C90,NaN,5
B1,main,f2,nonop,n_events_C90,0.0,5
B1,main,f2,nonop,brier_mean_raw,0.0615512411414322,5
B1,main,f2,nonop,nll,NaN,0
B1,main,f3,all,peak_mae,19.449450330925742,14
B1,main,f3,all,peak_hit2,0.2857142857142857,14
B1,main,f3,all,brier_raw_C50,0.1003746008067046,14
B1,main,f3,all,auc_C50,0.8958333333333334,14
B1,main,f3,all,n_events_C50,6.0,14
B1,main,f3,all,brier_raw_C75,0.2346816040225536,14
B1,main,f3,all,auc_C75,0.75,14
B1,main,f3,all,n_events_C75,4.0,14
B1,main,f3,all,brier_raw_C90,0.2642265252353181,14
B1,main,f3,all,auc_C90,0.4583333333333333,14
B1,main,f3,all,n_events_C90,2.0,14
B1,main,f3,all,brier_mean_raw,0.19976091002152546,14
B1,main,f3,all,nll,NaN,0
B1,main,f3,op,peak_mae,19.584036256842925,8
B1,main,f3,op,peak_hit2,0.375,8
B1,main,f3,op,brier_raw_C50,0.1729702210400302,8
B1,main,f3,op,auc_C50,0.5833333333333334,8
B1,main,f3,op,n_events_C50,6.0,8
B1,main,f3,op,brier_raw_C75,0.4013833949833414,8
B1,main,f3,op,auc_C75,0.5,8
B1,main,f3,op,n_events_C75,4.0,8
B1,main,f3,op,brier_raw_C90,0.4620660697561686,8
B1,main,f3,op,auc_C90,0.25,8
B1,main,f3,op,n_events_C90,2.0,8
B1,main,f3,op,brier_mean_raw,0.3454732285931801,8
B1,main,f3,op,nll,NaN,0
B1,main,f3,nonop,peak_mae,19.27000242970283,6
B1,main,f3,nonop,peak_hit2,0.16666666666666666,6
B1,main,f3,nonop,brier_raw_C50,0.0035804404956037692,6
B1,main,f3,nonop,auc_C50,NaN,6
B1,main,f3,nonop,n_events_C50,0.0,6
B1,main,f3,nonop,brier_raw_C75,0.012412549408169942,6
B1,main,f3,nonop,auc_C75,NaN,6
B1,main,f3,nonop,n_events_C75,0.0,6
B1,main,f3,nonop,brier_raw_C90,0.0004404658741840272,6
B1,main,f3,nonop,auc_C90,NaN,6
B1,main,f3,nonop,n_events_C90,0.0,6
B1,main,f3,nonop,brier_mean_raw,0.005477818592652581,6
B1,main,f3,nonop,nll,NaN,0
B1,main,f4,all,peak_mae,9.230386685136862,12
B1,main,f4,all,peak_hit2,0.0,12
B1,main,f4,all,brier_raw_C50,0.021359201972581673,12
B1,main,f4,all,auc_C50,1.0,12
B1,main,f4,all,n_events_C50,10.0,12
B1,main,f4,all,brier_raw_C75,0.3969674023421663,12
B1,main,f4,all,auc_C75,0.55,12
B1,main,f4,all,n_events_C75,2.0,12
B1,main,f4,all,brier_raw_C90,0.17133433501534776,12
B1,main,f4,all,auc_C90,NaN,12
B1,main,f4,all,n_events_C90,0.0,12
B1,main,f4,all,brier_mean_raw,0.1965536464433653,12
B1,main,f4,all,nll,NaN,0
B1,main,f4,op,peak_mae,9.978719819929669,11
B1,main,f4,op,peak_hit2,0.0,11
B1,main,f4,op,brier_raw_C50,0.02330070611760782,11
B1,main,f4,op,auc_C50,1.0,11
B1,main,f4,op,n_events_C50,10.0,11
B1,main,f4,op,brier_raw_C75,0.4330553168793106,11
B1,main,f4,op,auc_C75,0.5,11
B1,main,f4,op,n_events_C75,2.0,11
B1,main,f4,op,brier_raw_C90,0.18690967569789974,11
B1,main,f4,op,auc_C90,NaN,11
B1,main,f4,op,n_events_C90,0.0,11
B1,main,f4,op,brier_mean_raw,0.21442189956493946,11
B1,main,f4,op,nll,NaN,0
B1,main,f4,nonop,peak_mae,0.9987222024159728,1
B1,main,f4,nonop,peak_hit2,0.0,1
B1,main,f4,nonop,brier_raw_C50,2.6563772939827693e-6,1
B1,main,f4,nonop,auc_C50,NaN,1
B1,main,f4,nonop,n_events_C50,0.0,1
B1,main,f4,nonop,brier_raw_C75,3.424335789145184e-7,1
B1,main,f4,nonop,auc_C75,NaN,1
B1,main,f4,nonop,n_events_C75,0.0,1
B1,main,f4,nonop,brier_raw_C90,5.587507275917597e-6,1
B1,main,f4,nonop,auc_C90,NaN,1
B1,main,f4,nonop,n_events_C90,0.0,1
B1,main,f4,nonop,brier_mean_raw,2.862106049604962e-6,1
B1,main,f4,nonop,nll,NaN,0
B1,main,pooled,all,peak_mae,23.633516865792938,51
B1,main,pooled,all,peak_hit2,0.17647058823529413,51
B1,main,pooled,all,brier_raw_C50,0.056840918691469,51
B1,main,pooled,all,auc_C50,0.9612903225806452,51
B1,main,pooled,all,n_events_C50,31.0,51
B1,main,pooled,all,brier_raw_C75,0.303196295418489,51
B1,main,pooled,all,auc_C75,0.6619047619047619,51
B1,main,pooled,all,n_events_C75,21.0,51
B1,main,pooled,all,brier_raw_C90,0.23565606404345033,51
B1,main,pooled,all,auc_C90,0.6417004048582996,51
B1,main,pooled,all,n_events_C90,13.0,51
B1,main,pooled,all,brier_mean_raw,0.19856442605113608,51
B1,main,pooled,all,nll,NaN,0
B1,main,pooled,op,peak_mae,15.482271003336656,37
B1,main,pooled,op,peak_hit2,0.21621621621621623,37
B1,main,pooled,op,brier_raw_C50,0.07569444104555875,37
B1,main,pooled,op,auc_C50,0.8709677419354839,37
B1,main,pooled,op,n_events_C50,31.0,37
B1,main,pooled,op,brier_raw_C75,0.4100870745599119,37
B1,main,pooled,op,auc_C75,0.49404761904761907,37
B1,main,pooled,op,n_events_C75,21.0,37
B1,main,pooled,op,brier_raw_C90,0.3076258572925787,37
B1,main,pooled,op,auc_C90,0.5448717948717948,37
B1,main,pooled,op,n_events_C90,13.0,37
B1,main,pooled,op,brier_mean_raw,0.26446912429934977,37
B1,main,pooled,op,nll,NaN,0
B1,main,pooled,nonop,peak_mae,45.17609521657023,14
B1,main,pooled,nonop,peak_hit2,0.07142857142857142,14
B1,main,pooled,nonop,brier_raw_C50,0.007013752469946053,14
B1,main,pooled,nonop,auc_C50,NaN,14
B1,main,pooled,nonop,n_events_C50,0.0,14
B1,main,pooled,nonop,brier_raw_C75,0.02069923625901429,14
B1,main,pooled,nonop,auc_C75,NaN,14
B1,main,pooled,nonop,n_events_C75,0.0,14
B1,main,pooled,nonop,brier_raw_C90,0.0454501818850394,14
B1,main,pooled,nonop,auc_C90,NaN,14
B1,main,pooled,nonop,n_events_C90,0.0,14
B1,main,pooled,nonop,brier_mean_raw,0.024387723537999915,14
B1,main,pooled,nonop,nll,NaN,0
B2,main,f1,all,peak_mae,12.540875593821207,12
B2,main,f1,all,peak_hit2,0.3333333333333333,12
B2,main,f1,all,brier_raw_C50,0.09111112138810151,12
B2,main,f1,all,auc_C50,1.0,12
B2,main,f1,all,n_events_C50,8.0,12
B2,main,f1,all,brier_raw_C75,0.132228774690444,12
B2,main,f1,all,auc_C75,1.0,12
B2,main,f1,all,n_events_C75,8.0,12
B2,main,f1,all,brier_raw_C90,0.16764196416156174,12
B2,main,f1,all,auc_C90,0.8125,12
B2,main,f1,all,n_events_C90,4.0,12
B2,main,f1,all,brier_mean_raw,0.13032728674670244,12
B2,main,f1,all,nll,3.5667539636294046,1152
B2,main,f1,op,peak_mae,13.129422378540038,10
B2,main,f1,op,peak_hit2,0.4,10
B2,main,f1,op,brier_raw_C50,0.10933334566572181,10
B2,main,f1,op,auc_C50,1.0,10
B2,main,f1,op,n_events_C50,8.0,10
B2,main,f1,op,brier_raw_C75,0.15867452962853285,10
B2,main,f1,op,auc_C75,1.0,10
B2,main,f1,op,n_events_C75,8.0,10
B2,main,f1,op,brier_raw_C90,0.2011703569938741,10
B2,main,f1,op,auc_C90,0.75,10
B2,main,f1,op,n_events_C90,4.0,10
B2,main,f1,op,brier_mean_raw,0.15639274409604292,10
B2,main,f1,op,nll,3.8805121421813964,960
B2,main,f1,nonop,peak_mae,9.59814167022705,2
B2,main,f1,nonop,peak_hit2,0.0,2
B2,main,f1,nonop,brier_raw_C50,1.6498286275598817e-29,2
B2,main,f1,nonop,auc_C50,NaN,2
B2,main,f1,nonop,n_events_C50,0.0,2
B2,main,f1,nonop,brier_raw_C75,1.6498286275598817e-29,2
B2,main,f1,nonop,auc_C75,NaN,2
B2,main,f1,nonop,n_events_C75,0.0,2
B2,main,f1,nonop,brier_raw_C90,1.6498286275598817e-29,2
B2,main,f1,nonop,auc_C90,NaN,2
B2,main,f1,nonop,n_events_C90,0.0,2
B2,main,f1,nonop,brier_mean_raw,1.6498286275598817e-29,2
B2,main,f1,nonop,nll,1.9979630708694458,192
B2,main,f2,all,peak_mae,9.900813322800856,13
B2,main,f2,all,peak_hit2,0.15384615384615385,13
B2,main,f2,all,brier_raw_C50,0.016132086995067275,13
B2,main,f2,all,auc_C50,1.0,13
B2,main,f2,all,n_events_C50,7.0,13
B2,main,f2,all,brier_raw_C75,0.07926365311101148,13
B2,main,f2,all,auc_C75,1.0,13
B2,main,f2,all,n_events_C75,7.0,13
B2,main,f2,all,brier_raw_C90,0.11543664829849098,13
B2,main,f2,all,auc_C90,1.0,13
B2,main,f2,all,n_events_C90,7.0,13
B2,main,f2,all,brier_mean_raw,0.07027746280152325,13
B2,main,f2,all,nll,3.2438408778263974,1248
B2,main,f2,op,peak_mae,10.313650608062744,8
B2,main,f2,op,peak_hit2,0.25,8
B2,main,f2,op,brier_raw_C50,0.02621464136698433,8
B2,main,f2,op,auc_C50,1.0,8
B2,main,f2,op,n_events_C50,7.0,8
B2,main,f2,op,brier_raw_C75,0.12880343630539365,8
B2,main,f2,op,auc_C75,1.0,8
B2,main,f2,op,n_events_C75,7.0,8
B2,main,f2,op,brier_raw_C90,0.18758455348504785,8
B2,main,f2,op,auc_C90,1.0,8
B2,main,f2,op,n_events_C90,7.0,8
B2,main,f2,op,brier_mean_raw,0.11420087705247528,8
B2,main,f2,op,nll,3.8520249724388123,768
B2,main,f2,nonop,peak_mae,9.240273666381835,5
B2,main,f2,nonop,peak_hit2,0.0,5
B2,main,f2,nonop,brier_raw_C50,2.6377536518327582e-30,5
B2,main,f2,nonop,auc_C50,NaN,5
B2,main,f2,nonop,n_events_C50,0.0,5
B2,main,f2,nonop,brier_raw_C75,2.6377536518327582e-30,5
B2,main,f2,nonop,auc_C75,NaN,5
B2,main,f2,nonop,n_events_C75,0.0,5
B2,main,f2,nonop,brier_raw_C90,2.6377536518327582e-30,5
B2,main,f2,nonop,auc_C90,NaN,5
B2,main,f2,nonop,n_events_C90,0.0,5
B2,main,f2,nonop,brier_mean_raw,2.6377536518327582e-30,5
B2,main,f2,nonop,nll,2.2707463264465333,480
B2,main,f3,all,peak_mae,10.709487097603935,14
B2,main,f3,all,peak_hit2,0.35714285714285715,14
B2,main,f3,all,brier_raw_C50,0.06379088674835512,14
B2,main,f3,all,auc_C50,0.9583333333333334,14
B2,main,f3,all,n_events_C50,6.0,14
B2,main,f3,all,brier_raw_C75,0.12182007249141516,14
B2,main,f3,all,auc_C75,0.925,14
B2,main,f3,all,n_events_C75,4.0,14
B2,main,f3,all,brier_raw_C90,0.11658719155571892,14
B2,main,f3,all,auc_C90,0.7916666666666666,14
B2,main,f3,all,n_events_C90,2.0,14
B2,main,f3,all,brier_mean_raw,0.10073271693182972,14
B2,main,f3,all,nll,3.230126236166273,1344
B2,main,f3,op,peak_mae,12.260345935821533,8
B2,main,f3,op,peak_hit2,0.5,8
B2,main,f3,op,brier_raw_C50,0.11163405180962144,8
B2,main,f3,op,auc_C50,0.8333333333333334,8
B2,main,f3,op,n_events_C50,6.0,8
B2,main,f3,op,brier_raw_C75,0.21318512685997654,8
B2,main,f3,op,auc_C75,0.8125,8
B2,main,f3,op,n_events_C75,4.0,8
B2,main,f3,op,brier_raw_C90,0.20402758522250808,8
B2,main,f3,op,auc_C90,0.5833333333333334,8
B2,main,f3,op,n_events_C90,2.0,8
B2,main,f3,op,brier_mean_raw,0.17628225463070202,8
B2,main,f3,op,nll,4.221873939037323,768
B2,main,f3,nonop,peak_mae,8.641675313313803,6
B2,main,f3,nonop,peak_hit2,0.16666666666666666,6
B2,main,f3,nonop,brier_raw_C50,0.0,6
B2,main,f3,nonop,auc_C50,NaN,6
B2,main,f3,nonop,n_events_C50,0.0,6
B2,main,f3,nonop,brier_raw_C75,0.0,6
B2,main,f3,nonop,auc_C75,NaN,6
B2,main,f3,nonop,n_events_C75,0.0,6
B2,main,f3,nonop,brier_raw_C90,0.0,6
B2,main,f3,nonop,auc_C90,NaN,6
B2,main,f3,nonop,n_events_C90,0.0,6
B2,main,f3,nonop,brier_mean_raw,0.0,6
B2,main,f3,nonop,nll,1.9077959656715393,576
B2,main,f4,all,peak_mae,15.284968376159668,12
B2,main,f4,all,peak_hit2,0.08333333333333333,12
B2,main,f4,all,brier_raw_C50,0.002427514831054575,12
B2,main,f4,all,auc_C50,1.0,12
B2,main,f4,all,n_events_C50,10.0,12
B2,main,f4,all,brier_raw_C75,0.3716456662381344,12
B2,main,f4,all,auc_C75,0.35,12
B2,main,f4,all,n_events_C75,2.0,12
B2,main,f4,all,brier_raw_C90,0.16962474881719747,12
B2,main,f4,all,auc_C90,NaN,12
B2,main,f4,all,n_events_C90,0.0,12
B2,main,f4,all,brier_mean_raw,0.18123264329546215,12
B2,main,f4,all,nll,3.9030251840375505,1272
B2,main,f4,op,peak_mae,16.23746733231978,11
B2,main,f4,op,peak_hit2,0.09090909090909091,11
B2,main,f4,op,brier_raw_C50,0.002648197997514082,11
B2,main,f4,op,auc_C50,1.0,11
B2,main,f4,op,n_events_C50,10.0,11
B2,main,f4,op,brier_raw_C75,0.40543163589614656,11
B2,main,f4,op,auc_C75,0.2777777777777778,11
B2,main,f4,op,n_events_C75,2.0,11
B2,main,f4,op,brier_raw_C90,0.1850451805278518,11
B2,main,f4,op,auc_C90,NaN,11
B2,main,f4,op,n_events_C90,0.0,11
B2,main,f4,op,brier_mean_raw,0.19770833814050415,11
B2,main,f4,op,nll,4.137825701207081,1126
B2,main,f4,nonop,peak_mae,4.8074798583984375,1
B2,main,f4,nonop,peak_hit2,0.0,1
B2,main,f4,nonop,brier_raw_C50,1.4248800100554526e-29,1
B2,main,f4,nonop,auc_C50,NaN,1
B2,main,f4,nonop,n_events_C50,0.0,1
B2,main,f4,nonop,brier_raw_C75,1.4248800100554526e-29,1
B2,main,f4,nonop,auc_C75,NaN,1
B2,main,f4,nonop,n_events_C75,0.0,1
B2,main,f4,nonop,brier_raw_C90,1.4248800100554526e-29,1
B2,main,f4,nonop,auc_C90,NaN,1
B2,main,f4,nonop,n_events_C90,0.0,1
B2,main,f4,nonop,brier_mean_raw,1.4248800100554526e-29,1
B2,main,f4,nonop,nll,2.092166400935552,146
B2,main,pooled,all,peak_mae,12.010853337306603,51
B2,main,pooled,all,peak_hit2,0.23529411764705882,51
B2,main,pooled,all,brier_raw_C50,0.04363241529495529,51
B2,main,pooled,all,auc_C50,0.9725806451612903,51
B2,main,pooled,all,n_events_C50,31.0,51
B2,main,pooled,all,brier_raw_C75,0.17220395679344905,51
B2,main,pooled,all,auc_C75,0.7015873015873015,51
B2,main,pooled,all,n_events_C75,21.0,51
B2,main,pooled,all,brier_raw_C90,0.1407862287334423,51
B2,main,pooled,all,auc_C90,0.8279352226720648,51
B2,main,pooled,all,n_events_C90,13.0,51
B2,main,pooled,all,brier_mean_raw,0.11887420027394888,51
B2,main,pooled,all,nll,3.481489568806151,5016
B2,main,pooled,op,peak_mae,13.256711805188978,37
B2,main,pooled,op,peak_hit2,0.2972972972972973,37
B2,main,pooled,op,brier_raw_C50,0.06014197783899242,37
B2,main,pooled,op,auc_C50,0.9086021505376344,37
B2,main,pooled,op,n_events_C50,31.0,37
B2,main,pooled,op,brier_raw_C75,0.23736221071529462,37
B2,main,pooled,op,auc_C75,0.44047619047619047,37
B2,main,pooled,op,n_events_C75,21.0,37
B2,main,pooled,op,brier_raw_C90,0.19405669365960965,37
B2,main,pooled,op,auc_C90,0.7275641025641025,37
B2,main,pooled,op,n_events_C90,13.0,37
B2,main,pooled,op,brier_mean_raw,0.16385362740463225,37
B2,main,pooled,op,nll,4.026846427406678,3622
B2,main,pooled,nonop,peak_mae,8.71822738647461,14
B2,main,pooled,nonop,peak_hit2,0.07142857142857142,14
B2,main,pooled,nonop,brier_raw_C50,4.316724350779711e-30,14
B2,main,pooled,nonop,auc_C50,NaN,14
B2,main,pooled,nonop,n_events_C50,0.0,14
B2,main,pooled,nonop,brier_raw_C75,4.316724350779711e-30,14
B2,main,pooled,nonop,auc_C75,NaN,14
B2,main,pooled,nonop,n_events_C75,0.0,14
B2,main,pooled,nonop,brier_raw_C90,4.316724350779711e-30,14
B2,main,pooled,nonop,auc_C90,NaN,14
B2,main,pooled,nonop,n_events_C90,0.0,14
B2,main,pooled,nonop,brier_mean_raw,4.316724350779711e-30,14
B2,main,pooled,nonop,nll,2.0645006578656147,1394
B3,main,f1,all,peak_mae,7.5443243980407715,12
B3,main,f1,all,peak_hit2,0.3333333333333333,12
B3,main,f1,all,brier_raw_C50,0.008363113712602075,12
B3,main,f1,all,auc_C50,1.0,12
B3,main,f1,all,n_events_C50,8.0,12
B3,main,f1,all,brier_raw_C75,0.027957070095878517,12
B3,main,f1,all,auc_C75,1.0,12
B3,main,f1,all,n_events_C75,8.0,12
B3,main,f1,all,brier_raw_C90,0.16573764191949208,12
B3,main,f1,all,auc_C90,0.8125,12
B3,main,f1,all,n_events_C90,4.0,12
B3,main,f1,all,brier_mean_raw,0.0673526085759909,12
B3,main,f1,all,nll,3.5428635577360788,1152
B3,main,f1,op,peak_mae,8.890264511108398,10
B3,main,f1,op,peak_hit2,0.4,10
B3,main,f1,op,brier_raw_C50,0.010035736455122488,10
B3,main,f1,op,auc_C50,1.0,10
B3,main,f1,op,n_events_C50,8.0,10
B3,main,f1,op,brier_raw_C75,0.033548484115054227,10
B3,main,f1,op,auc_C75,1.0,10
B3,main,f1,op,n_events_C75,8.0,10
B3,main,f1,op,brier_raw_C90,0.1988851703033905,10
B3,main,f1,op,auc_C90,0.75,10
B3,main,f1,op,n_events_C90,4.0,10
B3,main,f1,op,brier_mean_raw,0.08082313029118908,10
B3,main,f1,op,nll,3.865221905708313,960
B3,main,f1,nonop,peak_mae,0.8146238327026367,2
B3,main,f1,nonop,peak_hit2,0.0,2
B3,main,f1,nonop,brier_raw_C50,0.0,2
B3,main,f1,nonop,auc_C50,NaN,2
B3,main,f1,nonop,n_events_C50,0.0,2
B3,main,f1,nonop,brier_raw_C75,0.0,2
B3,main,f1,nonop,auc_C75,NaN,2
B3,main,f1,nonop,n_events_C75,0.0,2
B3,main,f1,nonop,brier_raw_C90,0.0,2
B3,main,f1,nonop,auc_C90,NaN,2
B3,main,f1,nonop,n_events_C90,0.0,2
B3,main,f1,nonop,brier_mean_raw,0.0,2
B3,main,f1,nonop,nll,1.9310718178749084,192
B3,main,f2,all,peak_mae,9.058488038870005,13
B3,main,f2,all,peak_hit2,0.15384615384615385,13
B3,main,f2,all,brier_raw_C50,0.0019474515056372818,13
B3,main,f2,all,auc_C50,1.0,13
B3,main,f2,all,n_events_C50,7.0,13
B3,main,f2,all,brier_raw_C75,0.03651164946165803,13
B3,main,f2,all,auc_C75,1.0,13
B3,main,f2,all,n_events_C75,7.0,13
B3,main,f2,all,brier_raw_C90,0.09190318683832295,13
B3,main,f2,all,auc_C90,1.0,13
B3,main,f2,all,n_events_C90,7.0,13
B3,main,f2,all,brier_mean_raw,0.04345409593520608,13
B3,main,f2,all,nll,3.2436148936931906,1248
B3,main,f2,op,peak_mae,10.416811466217041,8
B3,main,f2,op,peak_hit2,0.25,8
B3,main,f2,op,brier_raw_C50,0.003164608696660583,8
B3,main,f2,op,auc_C50,1.0,8
B3,main,f2,op,n_events_C50,7.0,8
B3,main,f2,op,brier_raw_C75,0.05933143037519428,8
B3,main,f2,op,auc_C75,1.0,8
B3,main,f2,op,n_events_C75,7.0,8
B3,main,f2,op,brier_raw_C90,0.1493426786122748,8
B3,main,f2,op,auc_C90,1.0,8
B3,main,f2,op,n_events_C90,7.0,8
B3,main,f2,op,brier_mean_raw,0.0706129058947099,8
B3,main,f2,op,nll,3.850259780883789,768
B3,main,f2,nonop,peak_mae,6.885170555114746,5
B3,main,f2,nonop,peak_hit2,0.0,5
B3,main,f2,nonop,brier_raw_C50,0.0,5
B3,main,f2,nonop,auc_C50,NaN,5
B3,main,f2,nonop,n_events_C50,0.0,5
B3,main,f2,nonop,brier_raw_C75,0.0,5
B3,main,f2,nonop,auc_C75,NaN,5
B3,main,f2,nonop,n_events_C75,0.0,5
B3,main,f2,nonop,brier_raw_C90,0.0,5
B3,main,f2,nonop,auc_C90,NaN,5
B3,main,f2,nonop,n_events_C90,0.0,5
B3,main,f2,nonop,brier_mean_raw,0.0,5
B3,main,f2,nonop,nll,2.2729830741882324,480
B3,main,f3,all,peak_mae,9.080807549612862,14
B3,main,f3,all,peak_hit2,0.2857142857142857,14
B3,main,f3,all,brier_raw_C50,0.08063868035416542,14
B3,main,f3,all,auc_C50,0.9583333333333334,14
B3,main,f3,all,n_events_C50,6.0,14
B3,main,f3,all,brier_raw_C75,0.10503937491662017,14
B3,main,f3,all,auc_C75,0.95,14
B3,main,f3,all,n_events_C75,4.0,14
B3,main,f3,all,brier_raw_C90,0.11051881787307857,14
B3,main,f3,all,auc_C90,0.8333333333333334,14
B3,main,f3,all,n_events_C90,2.0,14
B3,main,f3,all,brier_mean_raw,0.09873229104795471,14
B3,main,f3,all,nll,3.2262563024248396,1344
B3,main,f3,op,peak_mae,11.697106838226318,8
B3,main,f3,op,peak_hit2,0.375,8
B3,main,f3,op,brier_raw_C50,0.1411176906197895,8
B3,main,f3,op,auc_C50,0.8333333333333334,8
B3,main,f3,op,n_events_C50,6.0,8
B3,main,f3,op,brier_raw_C75,0.1838189061040853,8
B3,main,f3,op,auc_C75,0.875,8
B3,main,f3,op,n_events_C75,4.0,8
B3,main,f3,op,brier_raw_C90,0.19340793127788747,8
B3,main,f3,op,auc_C90,0.6666666666666666,8
B3,main,f3,op,n_events_C90,2.0,8
B3,main,f3,op,brier_mean_raw,0.17278150933392072,8
B3,main,f3,op,nll,4.194283992052078,768
B3,main,f3,nonop,peak_mae,5.592408498128255,6
B3,main,f3,nonop,peak_hit2,0.16666666666666666,6
B3,main,f3,nonop,brier_raw_C50,5.135813185032629e-32,6
B3,main,f3,nonop,auc_C50,NaN,6
B3,main,f3,nonop,n_events_C50,0.0,6
B3,main,f3,nonop,brier_raw_C75,5.135813185032629e-32,6
B3,main,f3,nonop,auc_C75,NaN,6
B3,main,f3,nonop,n_events_C75,0.0,6
B3,main,f3,nonop,brier_raw_C90,5.135813185032629e-32,6
B3,main,f3,nonop,auc_C90,NaN,6
B3,main,f3,nonop,n_events_C90,0.0,6
B3,main,f3,nonop,brier_mean_raw,5.135813185032629e-32,6
B3,main,f3,nonop,nll,1.935552716255188,576
B3,main,f4,all,peak_mae,13.247368892033895,12
B3,main,f4,all,peak_hit2,0.16666666666666666,12
B3,main,f4,all,brier_raw_C50,0.001460646561365901,12
B3,main,f4,all,auc_C50,1.0,12
B3,main,f4,all,n_events_C50,10.0,12
B3,main,f4,all,brier_raw_C75,0.35228270313785365,12
B3,main,f4,all,auc_C75,0.4,12
B3,main,f4,all,n_events_C75,2.0,12
B3,main,f4,all,brier_raw_C90,0.09508697992429821,12
B3,main,f4,all,auc_C90,NaN,12
B3,main,f4,all,n_events_C90,0.0,12
B3,main,f4,all,brier_mean_raw,0.14961010987450588,12
B3,main,f4,all,nll,3.9046322523422963,1272
B3,main,f4,op,peak_mae,14.087726246226918,11
B3,main,f4,op,peak_hit2,0.09090909090909091,11
B3,main,f4,op,brier_raw_C50,0.0015934326123991647,11
B3,main,f4,op,auc_C50,1.0,11
B3,main,f4,op,n_events_C50,10.0,11
B3,main,f4,op,brier_raw_C75,0.38430840342311307,11
B3,main,f4,op,auc_C75,0.3333333333333333,11
B3,main,f4,op,n_events_C75,2.0,11
B3,main,f4,op,brier_raw_C90,0.10373125082650714,11
B3,main,f4,op,auc_C90,NaN,11
B3,main,f4,op,n_events_C90,0.0,11
B3,main,f4,op,brier_mean_raw,0.1632110289540064,11
B3,main,f4,op,nll,4.135384231858736,1126
B3,main,f4,nonop,peak_mae,4.0034379959106445,1
B3,main,f4,nonop,peak_hit2,1.0,1
B3,main,f4,nonop,brier_raw_C50,0.0,1
B3,main,f4,nonop,auc_C50,NaN,1
B3,main,f4,nonop,n_events_C50,0.0,1
B3,main,f4,nonop,brier_raw_C75,0.0,1
B3,main,f4,nonop,auc_C75,NaN,1
B3,main,f4,nonop,n_events_C75,0.0,1
B3,main,f4,nonop,brier_raw_C90,0.0,1
B3,main,f4,nonop,auc_C90,NaN,1
B3,main,f4,nonop,n_events_C90,0.0,1
B3,main,f4,nonop,brier_mean_raw,0.0,1
B3,main,f4,nonop,nll,2.1249971226470112,146
B3,main,pooled,all,peak_mae,9.693960189819336,51
B3,main,pooled,all,peak_hit2,0.23529411764705882,51
B3,main,pooled,all,brier_raw_C50,0.024943990545474828,51
B3,main,pooled,all,auc_C50,0.9564516129032258,51
B3,main,pooled,all,n_events_C50,31.0,51
B3,main,pooled,all,brier_raw_C75,0.12760941118900043,51
B3,main,pooled,all,auc_C75,0.9222222222222223,51
B3,main,pooled,all,n_events_C75,21.0,51
B3,main,pooled,all,brier_raw_C90,0.11513530080876042,51
B3,main,pooled,all,auc_C90,0.9392712550607287,51
B3,main,pooled,all,n_events_C90,13.0,51
B3,main,pooled,all,brier_mean_raw,0.0892295675144119,51
B3,main,pooled,all,nll,3.475317165326844,5016
B3,main,pooled,op,peak_mae,11.372404871760187,37
B3,main,pooled,op,peak_hit2,0.2702702702702703,37
B3,main,pooled,op,brier_raw_C50,0.03438225723835719,37
B3,main,pooled,op,auc_C50,0.8548387096774194,37
B3,main,pooled,op,n_events_C50,31.0,37
B3,main,pooled,op,brier_raw_C75,0.17589405326051408,37
B3,main,pooled,op,auc_C75,0.8541666666666666,37
B3,main,pooled,op,n_events_C75,21.0,37
B3,main,pooled,op,brier_raw_C90,0.158700009222886,37
B3,main,pooled,op,auc_C90,0.9038461538461539,37
B3,main,pooled,op,n_events_C90,13.0,37
B3,main,pooled,op,brier_mean_raw,0.1229921065739191,37
B3,main,pooled,op,nll,4.015810406451592,3622
B3,main,pooled,nonop,peak_mae,5.25807067326137,14
B3,main,pooled,nonop,peak_hit2,0.14285714285714285,14
B3,main,pooled,nonop,brier_raw_C50,2.2010627935854125e-32,14
B3,main,pooled,nonop,auc_C50,NaN,14
B3,main,pooled,nonop,n_events_C50,0.0,14
B3,main,pooled,nonop,brier_raw_C75,2.2010627935854125e-32,14
B3,main,pooled,nonop,auc_C75,NaN,14
B3,main,pooled,nonop,n_events_C75,0.0,14
B3,main,pooled,nonop,brier_raw_C90,2.2010627935854125e-32,14
B3,main,pooled,nonop,auc_C90,NaN,14
B3,main,pooled,nonop,n_events_C90,0.0,14
B3,main,pooled,nonop,brier_mean_raw,2.2010627935854125e-32,14
B3,main,pooled,nonop,nll,2.0709652863068766,1394
B4,main,f1,all,peak_mae,11.30498774846395,12
B4,main,f1,all,peak_hit2,0.3333333333333333,12
B4,main,f1,all,brier_raw_C50,0.0346384375,12
B4,main,f1,all,auc_C50,1.0,12
B4,main,f1,all,n_events_C50,8.0,12
B4,main,f1,all,brier_raw_C75,0.13852222916666668,12
B4,main,f1,all,auc_C75,1.0,12
B4,main,f1,all,n_events_C75,8.0,12
B4,main,f1,all,brier_raw_C90,0.18389260416666664,12
B4,main,f1,all,auc_C90,0.90625,12
B4,main,f1,all,n_events_C90,4.0,12
B4,main,f1,all,brier_mean_raw,0.11901775694444443,12
B4,main,f1,all,nll,3.2771105964978537,1152
B4,main,f1,op,peak_mae,12.8876220703125,10
B4,main,f1,op,peak_hit2,0.4,10
B4,main,f1,op,brier_raw_C50,0.041566125,10
B4,main,f1,op,auc_C50,1.0,10
B4,main,f1,op,n_events_C50,8.0,10
B4,main,f1,op,brier_raw_C75,0.16622667500000002,10
B4,main,f1,op,auc_C75,1.0,10
B4,main,f1,op,n_events_C75,8.0,10
B4,main,f1,op,brier_raw_C90,0.22067112499999997,10
B4,main,f1,op,auc_C90,0.875,10
B4,main,f1,op,n_events_C90,4.0,10
B4,main,f1,op,brier_mean_raw,0.1428213083333333,10
B4,main,f1,op,nll,3.569771885871887,960
B4,main,f1,nonop,peak_mae,3.3918161392211914,2
B4,main,f1,nonop,peak_hit2,0.0,2
B4,main,f1,nonop,brier_raw_C50,0.0,2
B4,main,f1,nonop,auc_C50,NaN,2
B4,main,f1,nonop,n_events_C50,0.0,2
B4,main,f1,nonop,brier_raw_C75,0.0,2
B4,main,f1,nonop,auc_C75,NaN,2
B4,main,f1,nonop,n_events_C75,0.0,2
B4,main,f1,nonop,brier_raw_C90,0.0,2
B4,main,f1,nonop,auc_C90,NaN,2
B4,main,f1,nonop,n_events_C90,0.0,2
B4,main,f1,nonop,brier_mean_raw,0.0,2
B4,main,f1,nonop,nll,1.8138041496276855,192
B4,main,f2,all,peak_mae,11.804691608135517,13
B4,main,f2,all,peak_hit2,0.15384615384615385,13
B4,main,f2,all,brier_raw_C50,0.0013382884615384626,13
B4,main,f2,all,auc_C50,1.0,13
B4,main,f2,all,n_events_C50,7.0,13
B4,main,f2,all,brier_raw_C75,0.0549154423076923,13
B4,main,f2,all,auc_C75,1.0,13
B4,main,f2,all,n_events_C75,7.0,13
B4,main,f2,all,brier_raw_C90,0.16615423076923078,13
B4,main,f2,all,auc_C90,1.0,13
B4,main,f2,all,n_events_C90,7.0,13
B4,main,f2,all,brier_mean_raw,0.07413598717948718,13
B4,main,f2,all,nll,2.9031119346618652,1248
B4,main,f2,op,peak_mae,14.25214958190918,8
B4,main,f2,op,peak_hit2,0.25,8
B4,main,f2,op,brier_raw_C50,0.0021747187500000017,8
B4,main,f2,op,auc_C50,1.0,8
B4,main,f2,op,n_events_C50,7.0,8
B4,main,f2,op,brier_raw_C75,0.08923759374999998,8
B4,main,f2,op,auc_C75,1.0,8
B4,main,f2,op,n_events_C75,7.0,8
B4,main,f2,op,brier_raw_C90,0.27000062500000005,8
B4,main,f2,op,auc_C90,1.0,8
B4,main,f2,op,n_events_C90,7.0,8
B4,main,f2,op,brier_mean_raw,0.12047097916666666,8
B4,main,f2,op,nll,3.552924007177353,768
B4,main,f2,nonop,peak_mae,7.888758850097656,5
B4,main,f2,nonop,peak_hit2,0.0,5
B4,main,f2,nonop,brier_raw_C50,0.0,5
B4,main,f2,nonop,auc_C50,NaN,5
B4,main,f2,nonop,n_events_C50,0.0,5
B4,main,f2,nonop,brier_raw_C75,0.0,5
B4,main,f2,nonop,auc_C75,NaN,5
B4,main,f2,nonop,n_events_C75,0.0,5
B4,main,f2,nonop,brier_raw_C90,0.0,5
B4,main,f2,nonop,auc_C90,NaN,5
B4,main,f2,nonop,n_events_C90,0.0,5
B4,main,f2,nonop,brier_mean_raw,0.0,5
B4,main,f2,nonop,nll,1.863412618637085,480
B4,main,f3,all,peak_mae,10.723941189902169,14
B4,main,f3,all,peak_hit2,0.35714285714285715,14
B4,main,f3,all,brier_raw_C50,0.06889844642857143,14
B4,main,f3,all,auc_C50,0.875,14
B4,main,f3,all,n_events_C50,6.0,14
B4,main,f3,all,brier_raw_C75,0.1511018214285714,14
B4,main,f3,all,auc_C75,0.825,14
B4,main,f3,all,n_events_C75,4.0,14
B4,main,f3,all,brier_raw_C90,0.12472308928571427,14
B4,main,f3,all,auc_C90,0.9166666666666666,14
B4,main,f3,all,n_events_C90,2.0,14
B4,main,f3,all,brier_mean_raw,0.11490778571428571,14
B4,main,f3,all,nll,2.757353433540889,1344
B4,main,f3,op,peak_mae,13.902764797210693,8
B4,main,f3,op,peak_hit2,0.5,8
B4,main,f3,op,brier_raw_C50,0.12057228125000001,8
B4,main,f3,op,auc_C50,0.5,8
B4,main,f3,op,n_events_C50,6.0,8
B4,main,f3,op,brier_raw_C75,0.26442818749999997,8
B4,main,f3,op,auc_C75,0.5625,8
B4,main,f3,op,n_events_C75,4.0,8
B4,main,f3,op,brier_raw_C90,0.21826540625,8
B4,main,f3,op,auc_C90,0.8333333333333334,8
B4,main,f3,op,n_events_C90,2.0,8
B4,main,f3,op,brier_mean_raw,0.201088625,8
B4,main,f3,op,nll,3.5041882693767548,768
B4,main,f3,nonop,peak_mae,6.485509713490804,6
B4,main,f3,nonop,peak_hit2,0.16666666666666666,6
B4,main,f3,nonop,brier_raw_C50,0.0,6
B4,main,f3,nonop,auc_C50,NaN,6
B4,main,f3,nonop,n_events_C50,0.0,6
B4,main,f3,nonop,brier_raw_C75,0.0,6
B4,main,f3,nonop,auc_C75,NaN,6
B4,main,f3,nonop,n_events_C75,0.0,6
B4,main,f3,nonop,brier_raw_C90,0.0,6
B4,main,f3,nonop,auc_C90,NaN,6
B4,main,f3,nonop,n_events_C90,0.0,6
B4,main,f3,nonop,brier_mean_raw,0.0,6
B4,main,f3,nonop,nll,1.7615736524264018,576
B4,main,f4,all,peak_mae,13.718579133351644,12
B4,main,f4,all,peak_hit2,0.08333333333333333,12
B4,main,f4,all,brier_raw_C50,0.0003126249999999997,12
B4,main,f4,all,auc_C50,1.0,12
B4,main,f4,all,n_events_C50,10.0,12
B4,main,f4,all,brier_raw_C75,0.396503375,12
B4,main,f4,all,auc_C75,0.3,12
B4,main,f4,all,n_events_C75,2.0,12
B4,main,f4,all,brier_raw_C90,0.12632768749999998,12
B4,main,f4,all,auc_C90,NaN,12
B4,main,f4,all,n_events_C90,0.0,12
B4,main,f4,all,brier_mean_raw,0.17438122916666665,12
B4,main,f4,all,nll,3.463183512477755,1272
B4,main,f4,op,peak_mae,14.625638094815342,11
B4,main,f4,op,peak_hit2,0.09090909090909091,11
B4,main,f4,op,brier_raw_C50,0.00034104545454545417,11
B4,main,f4,op,auc_C50,1.0,11
B4,main,f4,op,n_events_C50,10.0,11
B4,main,f4,op,brier_raw_C75,0.43254913636363634,11
B4,main,f4,op,auc_C75,0.2222222222222222,11
B4,main,f4,op,n_events_C75,2.0,11
B4,main,f4,op,brier_raw_C90,0.13781202272727272,11
B4,main,f4,op,auc_C90,NaN,11
B4,main,f4,op,n_events_C90,0.0,11
B4,main,f4,op,brier_mean_raw,0.19023406818181818,11
B4,main,f4,op,nll,3.673553996992365,1126
B4,main,f4,nonop,peak_mae,3.7409305572509766,1
B4,main,f4,nonop,peak_hit2,0.0,1
B4,main,f4,nonop,brier_raw_C50,0.0,1
B4,main,f4,nonop,auc_C50,NaN,1
B4,main,f4,nonop,n_events_C50,0.0,1
B4,main,f4,nonop,brier_raw_C75,0.0,1
B4,main,f4,nonop,auc_C75,NaN,1
B4,main,f4,nonop,n_events_C75,0.0,1
B4,main,f4,nonop,brier_raw_C90,0.0,1
B4,main,f4,nonop,auc_C90,NaN,1
B4,main,f4,nonop,n_events_C90,0.0,1
B4,main,f4,nonop,brier_mean_raw,0.0,1
B4,main,f4,nonop,nll,1.84073717300206,146
B4,main,pooled,all,peak_mae,11.840764120513319,51
B4,main,pooled,all,peak_hit2,0.23529411764705882,51
B4,main,pooled,all,brier_raw_C50,0.027478210784313728,51
B4,main,pooled,all,auc_C50,0.9588709677419355,51
B4,main,pooled,all,n_events_C50,31.0,51
B4,main,pooled,all,brier_raw_C75,0.18136536274509804,51
B4,main,pooled,all,auc_C75,0.6904761904761905,51
B4,main,pooled,all,n_events_C75,21.0,51
B4,main,pooled,all,brier_raw_C90,0.14958375980392155,51
B4,main,pooled,all,auc_C90,0.8208502024291497,51
B4,main,pooled,all,n_events_C90,13.0,51
B4,main,pooled,all,brier_mean_raw,0.11947577777777778,51
B4,main,pooled,all,nll,3.091979175473324,5016
B4,main,pooled,op,peak_mae,13.91885283186629,37
B4,main,pooled,op,peak_hit2,0.2972972972972973,37
B4,main,pooled,op,brier_raw_C50,0.03787537162162163,37
B4,main,pooled,op,auc_C50,0.8629032258064516,37
B4,main,pooled,op,n_events_C50,31.0,37
B4,main,pooled,op,brier_raw_C75,0.2499900945945946,37
B4,main,pooled,op,auc_C75,0.41964285714285715,37
B4,main,pooled,op,n_events_C75,21.0,37
B4,main,pooled,op,brier_raw_C90,0.20618302027027027,37
B4,main,pooled,op,auc_C90,0.7163461538461539,37
B4,main,pooled,op,n_events_C90,13.0,37
B4,main,pooled,op,brier_mean_raw,0.16468282882882884,37
B4,main,pooled,op,nll,3.5845568855449943,3622
B4,main,pooled,nonop,peak_mae,6.348672526223319,14
B4,main,pooled,nonop,peak_hit2,0.07142857142857142,14
B4,main,pooled,nonop,brier_raw_C50,0.0,14
B4,main,pooled,nonop,auc_C50,NaN,14
B4,main,pooled,nonop,n_events_C50,0.0,14
B4,main,pooled,nonop,brier_raw_C75,0.0,14
B4,main,pooled,nonop,auc_C75,NaN,14
B4,main,pooled,nonop,n_events_C75,0.0,14
B4,main,pooled,nonop,brier_raw_C90,0.0,14
B4,main,pooled,nonop,auc_C90,NaN,14
B4,main,pooled,nonop,n_events_C90,0.0,14
B4,main,pooled,nonop,brier_mean_raw,0.0,14
B4,main,pooled,nonop,nll,1.8121251827333031,1394
B1,copies,f1,all,peak_mae,11.287286029114235,12
B1,copies,f1,all,peak_hit2,0.25,12
B1,copies,f1,all,brier_raw_C50,0.10839765453015686,12
B1,copies,f1,all,auc_C50,0.96875,12
B1,copies,f1,all,n_events_C50,8.0,12
B1,copies,f1,all,brier_raw_C75,0.3823247739061713,12
B1,copies,f1,all,auc_C75,0.96875,12
B1,copies,f1,all,n_events_C75,8.0,12
B1,copies,f1,all,brier_raw_C90,0.3223451982464404,12
B1,copies,f1,all,auc_C90,0.8125,12
B1,copies,f1,all,n_events_C90,4.0,12
B1,copies,f1,all,brier_mean_raw,0.27102254222758954,12
B1,copies,f1,all,nll,NaN,0
B1,copies,f1,op,peak_mae,13.219706950715935,10
B1,copies,f1,op,peak_hit2,0.3,10
B1,copies,f1,op,brier_raw_C50,0.12026992650301449,10
B1,copies,f1,op,auc_C50,1.0,10
B1,copies,f1,op,n_events_C50,8.0,10
B1,copies,f1,op,brier_raw_C75,0.45878960881396047,10
B1,copies,f1,op,auc_C75,0.9375,10
B1,copies,f1,op,n_events_C75,8.0,10
B1,copies,f1,op,brier_raw_C90,0.3868142077714586,10
B1,copies,f1,op,auc_C90,0.75,10
B1,copies,f1,op,n_events_C90,4.0,10
B1,copies,f1,op,brier_mean_raw,0.3219579143628112,10
B1,copies,f1,op,nll,NaN,0
B1,copies,f1,nonop,peak_mae,1.6251814211057365,2
B1,copies,f1,nonop,peak_hit2,0.0,2
B1,copies,f1,nonop,brier_raw_C50,0.049036294665868625,2
B1,copies,f1,nonop,auc_C50,NaN,2
B1,copies,f1,nonop,n_events_C50,0.0,2
B1,copies,f1,nonop,brier_raw_C75,5.993672254799578e-7,2
B1,copies,f1,nonop,auc_C75,NaN,2
B1,copies,f1,nonop,n_events_C75,0.0,2
B1,copies,f1,nonop,brier_raw_C90,1.5062134952512997e-7,2
B1,copies,f1,nonop,auc_C90,NaN,2
B1,copies,f1,nonop,n_events_C90,0.0,2
B1,copies,f1,nonop,brier_mean_raw,0.016345681551481212,2
B1,copies,f1,nonop,nll,NaN,0
B1,copies,f2,all,peak_mae,32.80950095683453,14
B1,copies,f2,all,peak_hit2,0.14285714285714285,14
B1,copies,f2,all,brier_raw_C50,0.06586609459250627,14
B1,copies,f2,all,auc_C50,1.0,14
B1,copies,f2,all,n_events_C50,8.0,14
B1,copies,f2,all,brier_raw_C75,0.17937574592161373,14
B1,copies,f2,all,auc_C75,0.7916666666666666,14
B1,copies,f2,all,n_events_C75,8.0,14
B1,copies,f2,all,brier_raw_C90,0.2161468845881757,14
B1,copies,f2,all,auc_C90,1.0,14
B1,copies,f2,all,n_events_C90,8.0,14
B1,copies,f2,all,brier_mean_raw,0.15379624170076525,14
B1,copies,f2,all,nll,NaN,0
B1,copies,f2,op,peak_mae,17.633598504095378,9
B1,copies,f2,op,peak_hit2,0.1111111111111111,9
B1,copies,f2,op,brier_raw_C50,0.00030193529271364795,9
B1,copies,f2,op,auc_C50,1.0,9
B1,copies,f2,op,n_events_C50,8.0,9
B1,copies,f2,op,brier_raw_C75,0.11302837728867206,9
B1,copies,f2,op,auc_C75,1.0,9
B1,copies,f2,op,n_events_C75,8.0,9
B1,copies,f2,op,brier_raw_C90,0.3361352083496857,9
B1,copies,f2,op,auc_C90,1.0,9
B1,copies,f2,op,n_events_C90,8.0,9
B1,copies,f2,op,brier_mean_raw,0.14982184031035717,9
B1,copies,f2,op,nll,NaN,0
B1,copies,f2,nonop,peak_mae,60.126125371765035,5
B1,copies,f2,nonop,peak_hit2,0.2,5
B1,copies,f2,nonop,brier_raw_C50,0.183881581332133,5
B1,copies,f2,nonop,auc_C50,NaN,5
B1,copies,f2,nonop,n_events_C50,0.0,5
B1,copies,f2,nonop,brier_raw_C75,0.29880100946090876,5
B1,copies,f2,nonop,auc_C75,NaN,5
B1,copies,f2,nonop,n_events_C75,0.0,5
B1,copies,f2,nonop,brier_raw_C90,0.0001679018174577507,5
B1,copies,f2,nonop,auc_C90,NaN,5
B1,copies,f2,nonop,n_events_C90,0.0,5
B1,copies,f2,nonop,brier_mean_raw,0.16095016420349983,5
B1,copies,f2,nonop,nll,NaN,0
B1,copies,f3,all,peak_mae,19.582393052660922,14
B1,copies,f3,all,peak_hit2,0.14285714285714285,14
B1,copies,f3,all,brier_raw_C50,0.10608292792572264,14
B1,copies,f3,all,auc_C50,0.9375,14
B1,copies,f3,all,n_events_C50,6.0,14
B1,copies,f3,all,brier_raw_C75,0.17856133592619441,14
B1,copies,f3,all,auc_C75,0.8,14
B1,copies,f3,all,n_events_C75,5.0,14
B1,copies,f3,all,brier_raw_C90,0.28010194586341514,14
B1,copies,f3,all,auc_C90,0.7272727272727273,14
B1,copies,f3,all,n_events_C90,3.0,14
B1,copies,f3,all,brier_mean_raw,0.18824873657177738,14
B1,copies,f3,all,nll,NaN,0
B1,copies,f3,op,peak_mae,17.691601223416267,8
B1,copies,f3,op,peak_hit2,0.25,8
B1,copies,f3,op,brier_raw_C50,0.10952427892480682,8
B1,copies,f3,op,auc_C50,0.9166666666666666,8
B1,copies,f3,op,n_events_C50,6.0,8
B1,copies,f3,op,brier_raw_C75,0.31243418013429436,8
B1,copies,f3,op,auc_C75,0.4,8
B1,copies,f3,op,n_events_C75,5.0,8
B1,copies,f3,op,brier_raw_C90,0.4901783660143069,8
B1,copies,f3,op,auc_C90,0.4,8
B1,copies,f3,op,n_events_C90,3.0,8
B1,copies,f3,op,brier_mean_raw,0.3040456083578027,8
B1,copies,f3,op,nll,NaN,0
B1,copies,f3,nonop,peak_mae,22.103448824987126,6
B1,copies,f3,nonop,peak_hit2,0.0,6
B1,copies,f3,nonop,brier_raw_C50,0.10149445992694378,6
B1,copies,f3,nonop,auc_C50,NaN,6
B1,copies,f3,nonop,n_events_C50,0.0,6
B1,copies,f3,nonop,brier_raw_C75,0.00006421031539441573,6
B1,copies,f3,nonop,auc_C75,NaN,6
B1,copies,f3,nonop,n_events_C75,0.0,6
B1,copies,f3,nonop,brier_raw_C90,5.232889263378665e-8,6
B1,copies,f3,nonop,auc_C90,NaN,6
B1,copies,f3,nonop,n_events_C90,0.0,6
B1,copies,f3,nonop,brier_mean_raw,0.03385290752374362,6
B1,copies,f3,nonop,nll,NaN,0
B1,copies,f4,all,peak_mae,6.296337868464555,12
B1,copies,f4,all,peak_hit2,0.0,12
B1,copies,f4,all,brier_raw_C50,0.009747040400863207,12
B1,copies,f4,all,auc_C50,1.0,12
B1,copies,f4,all,n_events_C50,10.0,12
B1,copies,f4,all,brier_raw_C75,0.22083614520840034,12
B1,copies,f4,all,auc_C75,1.0,12
B1,copies,f4,all,n_events_C75,3.0,12
B1,copies,f4,all,brier_raw_C90,0.016409786174110517,12
B1,copies,f4,all,auc_C90,NaN,12
B1,copies,f4,all,n_events_C90,0.0,12
B1,copies,f4,all,brier_mean_raw,0.08233099059445803,12
B1,copies,f4,all,nll,NaN,0
B1,copies,f4,op,peak_mae,6.838406410417861,11
B1,copies,f4,op,peak_hit2,0.0,11
B1,copies,f4,op,brier_raw_C50,0.010633114021075914,11
B1,copies,f4,op,auc_C50,1.0,11
B1,copies,f4,op,n_events_C50,10.0,11
B1,copies,f4,op,brier_raw_C75,0.24091197035396625,11
B1,copies,f4,op,auc_C75,1.0,11
B1,copies,f4,op,n_events_C75,3.0,11
B1,copies,f4,op,brier_raw_C90,0.01790158484275051,11
B1,copies,f4,op,auc_C90,NaN,11
B1,copies,f4,op,n_events_C90,0.0,11
B1,copies,f4,op,brier_mean_raw,0.08981555640593088,11
B1,copies,f4,op,nll,NaN,0
B1,copies,f4,nonop,peak_mae,0.3335839069781841,1
B1,copies,f4,nonop,peak_hit2,0.0,1
B1,copies,f4,nonop,brier_raw_C50,2.30578523426879e-7,1
B1,copies,f4,nonop,auc_C50,NaN,1
B1,copies,f4,nonop,n_events_C50,0.0,1
B1,copies,f4,nonop,brier_raw_C75,2.0686071757797576e-6,1
B1,copies,f4,nonop,auc_C75,NaN,1
B1,copies,f4,nonop,n_events_C75,0.0,1
B1,copies,f4,nonop,brier_raw_C90,8.19070570184201e-10,1
B1,copies,f4,nonop,auc_C90,NaN,1
B1,copies,f4,nonop,n_events_C90,0.0,1
B1,copies,f4,nonop,brier_mean_raw,7.666682565922735e-7,1
B1,copies,f4,nonop,nll,NaN,0
B1,copies,pooled,all,peak_mae,18.16326928661311,52
B1,copies,pooled,all,peak_hit2,0.1346153846153846,52
B1,copies,pooled,all,brier_raw_C50,0.07355812796975858,52
B1,copies,pooled,all,auc_C50,0.9703125,52
B1,copies,pooled,all,n_events_C50,32.0,52
B1,copies,pooled,all,brier_raw_C75,0.2355586572162341,52
B1,copies,pooled,all,auc_C75,0.7723214285714286,52
B1,copies,pooled,all,n_events_C75,24.0,52
B1,copies,pooled,all,brier_raw_C90,0.21177968152632468,52
B1,copies,pooled,all,auc_C90,0.7891891891891892,52
B1,copies,pooled,all,n_events_C90,15.0,52
B1,copies,pooled,all,brier_mean_raw,0.17363215557077247,52
B1,copies,pooled,all,nll,NaN,0
B1,copies,pooled,op,peak_mae,13.359335166998536,38
B1,copies,pooled,op,peak_hit2,0.15789473684210525,38
B1,copies,pooled,op,brier_raw_C50,0.057857241270917306,38
B1,copies,pooled,op,auc_C50,0.9739583333333334,38
B1,copies,pooled,op,n_events_C50,32.0,38
B1,copies,pooled,op,brier_raw_C75,0.28301727891330625,38
B1,copies,pooled,op,auc_C75,0.6696428571428571,38
B1,copies,pooled,op,n_events_C75,24.0,38
B1,copies,pooled,op,brier_raw_C90,0.2897816661643808,38
B1,copies,pooled,op,auc_C90,0.6753623188405797,38
B1,copies,pooled,op,n_events_C90,15.0,38
B1,copies,pooled,op,brier_mean_raw,0.21021872878286813,38
B1,copies,pooled,op,nll,NaN,0
B1,copies,pooled,nonop,peak_mae,31.202519039852685,14
B1,copies,pooled,nonop,peak_hit2,0.07142857142857142,14
B1,copies,pooled,nonop,brier_raw_C50,0.11617482043804203,14
B1,copies,pooled,nonop,auc_C50,NaN,14
B1,copies,pooled,nonop,n_events_C50,0.0,14
B1,copies,pooled,nonop,brier_raw_C75,0.10674239832418121,14
B1,copies,pooled,nonop,auc_C75,NaN,14
B1,copies,pooled,nonop,n_events_C75,0.0,14
B1,copies,pooled,nonop,brier_raw_C90,0.00006000893731529832,14
B1,copies,pooled,nonop,auc_C90,NaN,14
B1,copies,pooled,nonop,n_events_C90,0.0,14
B1,copies,pooled,nonop,brier_mean_raw,0.07432574256651284,14
B1,copies,pooled,nonop,nll,NaN,0
B4,copies,f1,all,peak_mae,11.880668799082438,12
B4,copies,f1,all,peak_hit2,0.3333333333333333,12
B4,copies,f1,all,brier_raw_C50,0.019045750000000004,12
B4,copies,f1,all,auc_C50,1.0,12
B4,copies,f1,all,n_events_C50,8.0,12
B4,copies,f1,all,brier_raw_C75,0.06975208333333331,12
B4,copies,f1,all,auc_C75,1.0,12
B4,copies,f1,all,n_events_C75,8.0,12
B4,copies,f1,all,brier_raw_C90,0.16366014583333333,12
B4,copies,f1,all,auc_C90,0.875,12
B4,copies,f1,all,n_events_C90,4.0,12
B4,copies,f1,all,brier_mean_raw,0.0841526597222222,12
B4,copies,f1,all,nll,3.3873217503229776,1152
B4,copies,f1,op,peak_mae,9.66922378540039,10
B4,copies,f1,op,peak_hit2,0.4,10
B4,copies,f1,op,brier_raw_C50,0.022854900000000004,10
B4,copies,f1,op,auc_C50,1.0,10
B4,copies,f1,op,n_events_C50,8.0,10
B4,copies,f1,op,brier_raw_C75,0.08370249999999999,10
B4,copies,f1,op,auc_C75,1.0,10
B4,copies,f1,op,n_events_C75,8.0,10
B4,copies,f1,op,brier_raw_C90,0.196392175,10
B4,copies,f1,op,auc_C90,0.8333333333333334,10
B4,copies,f1,op,n_events_C90,4.0,10
B4,copies,f1,op,brier_mean_raw,0.10098319166666667,10
B4,copies,f1,op,nll,3.600756311416626,960
B4,copies,f1,nonop,peak_mae,22.937893867492676,2
B4,copies,f1,nonop,peak_hit2,0.0,2
B4,copies,f1,nonop,brier_raw_C50,0.0,2
B4,copies,f1,nonop,auc_C50,NaN,2
B4,copies,f1,nonop,n_events_C50,0.0,2
B4,copies,f1,nonop,brier_raw_C75,0.0,2
B4,copies,f1,nonop,auc_C75,NaN,2
B4,copies,f1,nonop,n_events_C75,0.0,2
B4,copies,f1,nonop,brier_raw_C90,0.0,2
B4,copies,f1,nonop,auc_C90,NaN,2
B4,copies,f1,nonop,n_events_C90,0.0,2
B4,copies,f1,nonop,brier_mean_raw,0.0,2
B4,copies,f1,nonop,nll,2.3201489448547363,192
B4,copies,f2,all,peak_mae,17.751669475010463,14
B4,copies,f2,all,peak_hit2,0.14285714285714285,14
B4,copies,f2,all,brier_raw_C50,0.010283732142857141,14
B4,copies,f2,all,auc_C50,1.0,14
B4,copies,f2,all,n_events_C50,8.0,14
B4,copies,f2,all,brier_raw_C75,0.05229441071428571,14
B4,copies,f2,all,auc_C75,1.0,14
B4,copies,f2,all,n_events_C75,8.0,14
B4,copies,f2,all,brier_raw_C90,0.11794696428571427,14
B4,copies,f2,all,auc_C90,1.0,14
B4,copies,f2,all,n_events_C90,8.0,14
B4,copies,f2,all,brier_mean_raw,0.06017503571428572,14
B4,copies,f2,all,nll,3.143356238092695,1344
B4,copies,f2,op,peak_mae,13.396046956380209,9
B4,copies,f2,op,peak_hit2,0.2222222222222222,9
B4,copies,f2,op,brier_raw_C50,0.015996916666666663,9
B4,copies,f2,op,auc_C50,1.0,9
B4,copies,f2,op,n_events_C50,8.0,9
B4,copies,f2,op,brier_raw_C75,0.08134686111111111,9
B4,copies,f2,op,auc_C75,1.0,9
B4,copies,f2,op,n_events_C75,8.0,9
B4,copies,f2,op,brier_raw_C90,0.18347305555555554,9
B4,copies,f2,op,auc_C90,1.0,9
B4,copies,f2,op,n_events_C90,8.0,9
B4,copies,f2,op,brier_mean_raw,0.09360561111111111,9
B4,copies,f2,op,nll,3.54455124007331,864
B4,copies,f2,nonop,peak_mae,25.591790008544923,5
B4,copies,f2,nonop,peak_hit2,0.0,5
B4,copies,f2,nonop,brier_raw_C50,0.0,5
B4,copies,f2,nonop,auc_C50,NaN,5
B4,copies,f2,nonop,n_events_C50,0.0,5
B4,copies,f2,nonop,brier_raw_C75,0.0,5
B4,copies,f2,nonop,auc_C75,NaN,5
B4,copies,f2,nonop,n_events_C75,0.0,5
B4,copies,f2,nonop,brier_raw_C90,0.0,5
B4,copies,f2,nonop,auc_C90,NaN,5
B4,copies,f2,nonop,n_events_C90,0.0,5
B4,copies,f2,nonop,brier_mean_raw,0.0,5
B4,copies,f2,nonop,nll,2.421205234527588,480
B4,copies,f3,all,peak_mae,13.186760357448033,14
B4,copies,f3,all,peak_hit2,0.2857142857142857,14
B4,copies,f3,all,brier_raw_C50,0.06429057142857143,14
B4,copies,f3,all,auc_C50,0.9166666666666666,14
B4,copies,f3,all,n_events_C50,6.0,14
B4,copies,f3,all,brier_raw_C75,0.10785625000000001,14
B4,copies,f3,all,auc_C75,0.8,14
B4,copies,f3,all,n_events_C75,5.0,14
B4,copies,f3,all,brier_raw_C90,0.12950562499999999,14
B4,copies,f3,all,auc_C90,0.8787878787878788,14
B4,copies,f3,all,n_events_C90,3.0,14
B4,copies,f3,all,brier_mean_raw,0.10055081547619049,14
B4,copies,f3,all,nll,2.9245078223092213,1344
B4,copies,f3,op,peak_mae,12.352222919464111,8
B4,copies,f3,op,peak_hit2,0.5,8
B4,copies,f3,op,brier_raw_C50,0.1125085,8
B4,copies,f3,op,auc_C50,0.6666666666666666,8
B4,copies,f3,op,n_events_C50,6.0,8
B4,copies,f3,op,brier_raw_C75,0.18874843750000003,8
B4,copies,f3,op,auc_C75,0.4,8
B4,copies,f3,op,n_events_C75,5.0,8
B4,copies,f3,op,brier_raw_C90,0.22663484374999998,8
B4,copies,f3,op,auc_C90,0.7333333333333333,8
B4,copies,f3,op,n_events_C90,3.0,8
B4,copies,f3,op,brier_mean_raw,0.17596392708333336,8
B4,copies,f3,op,nll,3.5400296449661255,768
B4,copies,f3,nonop,peak_mae,14.299476941426596,6
B4,copies,f3,nonop,peak_hit2,0.0,6
B4,copies,f3,nonop,brier_raw_C50,0.0,6
B4,copies,f3,nonop,auc_C50,NaN,6
B4,copies,f3,nonop,n_events_C50,0.0,6
B4,copies,f3,nonop,brier_raw_C75,0.0,6
B4,copies,f3,nonop,auc_C75,NaN,6
B4,copies,f3,nonop,n_events_C75,0.0,6
B4,copies,f3,nonop,brier_raw_C90,0.0,6
B4,copies,f3,nonop,auc_C90,NaN,6
B4,copies,f3,nonop,n_events_C90,0.0,6
B4,copies,f3,nonop,brier_mean_raw,0.0,6
B4,copies,f3,nonop,nll,2.103812058766683,576
B4,copies,f4,all,peak_mae,16.8593111038208,12
B4,copies,f4,all,peak_hit2,0.08333333333333333,12
B4,copies,f4,all,brier_raw_C50,0.000489916666666666,12
B4,copies,f4,all,auc_C50,1.0,12
B4,copies,f4,all,n_events_C50,10.0,12
B4,copies,f4,all,brier_raw_C75,0.4456189375,12
B4,copies,f4,all,auc_C75,0.3333333333333333,12
B4,copies,f4,all,n_events_C75,3.0,12
B4,copies,f4,all,brier_raw_C90,0.2861380416666667,12
B4,copies,f4,all,auc_C90,NaN,12
B4,copies,f4,all,n_events_C90,0.0,12
B4,copies,f4,all,brier_mean_raw,0.24408229861111116,12
B4,copies,f4,all,nll,3.5529942107650467,1272
B4,copies,f4,op,peak_mae,17.569331776012074,11
B4,copies,f4,op,peak_hit2,0.09090909090909091,11
B4,copies,f4,op,brier_raw_C50,0.0005344545454545447,11
B4,copies,f4,op,auc_C50,1.0,11
B4,copies,f4,op,n_events_C50,10.0,11
B4,copies,f4,op,brier_raw_C75,0.48612974999999997,11
B4,copies,f4,op,auc_C75,0.25,11
B4,copies,f4,op,n_events_C75,3.0,11
B4,copies,f4,op,brier_raw_C90,0.3121505909090909,11
B4,copies,f4,op,auc_C90,NaN,11
B4,copies,f4,op,n_events_C90,0.0,11
B4,copies,f4,op,brier_mean_raw,0.2662715984848485,11
B4,copies,f4,op,nll,3.7334305249141333,1126
B4,copies,f4,nonop,peak_mae,9.049083709716797,1
B4,copies,f4,nonop,peak_hit2,0.0,1
B4,copies,f4,nonop,brier_raw_C50,0.0,1
B4,copies,f4,nonop,auc_C50,NaN,1
B4,copies,f4,nonop,n_events_C50,0.0,1
B4,copies,f4,nonop,brier_raw_C75,0.0,1
B4,copies,f4,nonop,auc_C75,NaN,1
B4,copies,f4,nonop,n_events_C75,0.0,1
B4,copies,f4,nonop,brier_raw_C90,0.0,1
B4,copies,f4,nonop,auc_C90,NaN,1
B4,copies,f4,nonop,n_events_C90,0.0,1
B4,copies,f4,nonop,brier_mean_raw,0.0,1
B4,copies,f4,nonop,nll,2.1614100345193523,146
B4,copies,pooled,all,peak_mae,14.961880317101112,52
B4,copies,pooled,all,peak_hit2,0.21153846153846154,52
B4,copies,pooled,all,brier_raw_C50,0.024585927884615385,52
B4,copies,pooled,all,auc_C50,0.96875,52
B4,copies,pooled,all,n_events_C50,32.0,52
B4,copies,pooled,all,brier_raw_C75,0.1620492596153846,52
B4,copies,pooled,all,auc_C75,0.6934523809523809,52
B4,copies,pooled,all,n_events_C75,24.0,52
B4,copies,pooled,all,brier_raw_C90,0.17042143269230764,52
B4,copies,pooled,all,auc_C90,0.6585585585585586,52
B4,copies,pooled,all,n_events_C90,15.0,52
B4,copies,pooled,all,brier_mean_raw,0.1190188733974359,52
B4,copies,pooled,all,nll,3.2427254674580177,5112
B4,copies,pooled,op,peak_mae,13.403607719822935,38
B4,copies,pooled,op,peak_hit2,0.2894736842105263,38
B4,copies,pooled,op,brier_raw_C50,0.03364390131578948,38
B4,copies,pooled,op,auc_C50,0.8958333333333334,38
B4,copies,pooled,op,n_events_C50,32.0,38
B4,copies,pooled,op,brier_raw_C75,0.22175161842105262,38
B4,copies,pooled,op,auc_C75,0.3869047619047619,38
B4,copies,pooled,op,n_events_C75,24.0,38
B4,copies,pooled,op,brier_raw_C90,0.23320827631578944,38
B4,copies,pooled,op,auc_C90,0.45072463768115945,38
B4,copies,pooled,op,n_events_C90,15.0,38
B4,copies,pooled,op,brier_mean_raw,0.16286793201754385,38
B4,copies,pooled,op,nll,3.6153318635746636,3718
B4,copies,pooled,nonop,peak_mae,19.191477366856166,14
B4,copies,pooled,nonop,peak_hit2,0.0,14
B4,copies,pooled,nonop,brier_raw_C50,0.0,14
B4,copies,pooled,nonop,auc_C50,NaN,14
B4,copies,pooled,nonop,n_events_C50,0.0,14
B4,copies,pooled,nonop,brier_raw_C75,0.0,14
B4,copies,pooled,nonop,auc_C75,NaN,14
B4,copies,pooled,nonop,n_events_C75,0.0,14
B4,copies,pooled,nonop,brier_raw_C90,0.0,14
B4,copies,pooled,nonop,auc_C90,NaN,14
B4,copies,pooled,nonop,n_events_C90,0.0,14
B4,copies,pooled,nonop,brier_mean_raw,0.0,14
B4,copies,pooled,nonop,nll,2.2489302158355713,1394
B1,suspect,f1,all,peak_mae,24.40369790993343,14
B1,suspect,f1,all,peak_hit2,0.2857142857142857,14
B1,suspect,f1,all,brier_raw_C50,0.14973988543388378,14
B1,suspect,f1,all,auc_C50,1.0,14
B1,suspect,f1,all,n_events_C50,10.0,14
B1,suspect,f1,all,brier_raw_C75,0.5782762235597998,14
B1,suspect,f1,all,auc_C75,1.0,14
B1,suspect,f1,all,n_events_C75,10.0,14
B1,suspect,f1,all,brier_raw_C90,0.29676084545262515,14
B1,suspect,f1,all,auc_C90,0.8777777777777778,14
B1,suspect,f1,all,n_events_C90,5.0,14
B1,suspect,f1,all,brier_mean_raw,0.3415923181487695,14
B1,suspect,f1,all,nll,NaN,0
B1,suspect,f1,op,peak_mae,17.380037209353485,12
B1,suspect,f1,op,peak_hit2,0.3333333333333333,12
B1,suspect,f1,op,brier_raw_C50,0.17459335591218225,12
B1,suspect,f1,op,auc_C50,1.0,12
B1,suspect,f1,op,n_events_C50,10.0,12
B1,suspect,f1,op,brier_raw_C75,0.6745639377575604,12
B1,suspect,f1,op,auc_C75,1.0,12
B1,suspect,f1,op,n_events_C75,10.0,12
B1,suspect,f1,op,brier_raw_C90,0.3462152823102327,12
B1,suspect,f1,op,auc_C90,0.8428571428571429,12
B1,suspect,f1,op,n_events_C90,5.0,12
B1,suspect,f1,op,brier_mean_raw,0.3984575253266584,12
B1,suspect,f1,op,nll,NaN,0
B1,suspect,f1,nonop,peak_mae,66.54566211341312,2
B1,suspect,f1,nonop,peak_hit2,0.0,2
B1,suspect,f1,nonop,brier_raw_C50,0.0006190625640928082,2
B1,suspect,f1,nonop,auc_C50,NaN,2
B1,suspect,f1,nonop,n_events_C50,0.0,2
B1,suspect,f1,nonop,brier_raw_C75,0.0005499383732361375,2
B1,suspect,f1,nonop,auc_C75,NaN,2
B1,suspect,f1,nonop,n_events_C75,0.0,2
B1,suspect,f1,nonop,brier_raw_C90,0.00003422430698002262,2
B1,suspect,f1,nonop,auc_C90,NaN,2
B1,suspect,f1,nonop,n_events_C90,0.0,2
B1,suspect,f1,nonop,brier_mean_raw,0.0004010750814363227,2
B1,suspect,f1,nonop,nll,NaN,0
B1,suspect,f2,all,peak_mae,41.594980676683505,13
B1,suspect,f2,all,peak_hit2,0.07692307692307693,13
B1,suspect,f2,all,brier_raw_C50,0.007772119168058867,13
B1,suspect,f2,all,auc_C50,1.0,13
B1,suspect,f2,all,n_events_C50,7.0,13
B1,suspect,f2,all,brier_raw_C75,0.1160871368965018,13
B1,suspect,f2,all,auc_C75,0.9523809523809523,13
B1,suspect,f2,all,n_events_C75,7.0,13
B1,suspect,f2,all,brier_raw_C90,0.49079322915343354,13
B1,suspect,f2,all,auc_C90,0.42857142857142855,13
B1,suspect,f2,all,n_events_C90,7.0,13
B1,suspect,f2,all,brier_mean_raw,0.20488416173933138,13
B1,suspect,f2,all,nll,NaN,0
B1,suspect,f2,op,peak_mae,14.8919047771914,8
B1,suspect,f2,op,peak_hit2,0.125,8
B1,suspect,f2,op,brier_raw_C50,0.005591345236337322,8
B1,suspect,f2,op,auc_C50,1.0,8
B1,suspect,f2,op,n_events_C50,7.0,8
B1,suspect,f2,op,brier_raw_C75,0.13715677576377602,8
B1,suspect,f2,op,auc_C75,1.0,8
B1,suspect,f2,op,n_events_C75,7.0,8
B1,suspect,f2,op,brier_raw_C90,0.7673369822065393,8
B1,suspect,f2,op,auc_C90,0.8571428571428571,8
B1,suspect,f2,op,n_events_C90,7.0,8
B1,suspect,f2,op,brier_mean_raw,0.30336170106888427,8
B1,suspect,f2,op,nll,NaN,0
B1,suspect,f2,nonop,peak_mae,84.31990211587087,5
B1,suspect,f2,nonop,peak_hit2,0.0,5
B1,suspect,f2,nonop,brier_raw_C50,0.011261357458813341,5
B1,suspect,f2,nonop,auc_C50,NaN,5
B1,suspect,f2,nonop,n_events_C50,0.0,5
B1,suspect,f2,nonop,brier_raw_C75,0.08237571470886298,5
B1,suspect,f2,nonop,auc_C75,NaN,5
B1,suspect,f2,nonop,n_events_C75,0.0,5
B1,suspect,f2,nonop,brier_raw_C90,0.0483232242684643,5
B1,suspect,f2,nonop,auc_C90,NaN,5
B1,suspect,f2,nonop,n_events_C90,0.0,5
B1,suspect,f2,nonop,brier_mean_raw,0.04732009881204687,5
B1,suspect,f2,nonop,nll,NaN,0
B1,suspect,f3,all,peak_mae,20.116739600124642,14
B1,suspect,f3,all,peak_hit2,0.21428571428571427,14
B1,suspect,f3,all,brier_raw_C50,0.10820925272344484,14
B1,suspect,f3,all,auc_C50,0.875,14
B1,suspect,f3,all,n_events_C50,6.0,14
B1,suspect,f3,all,brier_raw_C75,0.20048840583528618,14
B1,suspect,f3,all,auc_C75,0.75,14
B1,suspect,f3,all,n_events_C75,4.0,14
B1,suspect,f3,all,brier_raw_C90,0.17439560744917254,14
B1,suspect,f3,all,auc_C90,0.4583333333333333,14
B1,suspect,f3,all,n_events_C90,2.0,14
B1,suspect,f3,all,brier_mean_raw,0.16103108866930116,14
B1,suspect,f3,all,nll,NaN,0
B1,suspect,f3,op,peak_mae,21.274450555735285,8
B1,suspect,f3,op,peak_hit2,0.375,8
B1,suspect,f3,op,brier_raw_C50,0.1855951805438784,8
B1,suspect,f3,op,auc_C50,0.5,8
B1,suspect,f3,op,n_events_C50,6.0,8
B1,suspect,f3,op,brier_raw_C75,0.343882958356012,8
B1,suspect,f3,op,auc_C75,0.625,8
B1,suspect,f3,op,n_events_C75,4.0,8
B1,suspect,f3,op,brier_raw_C90,0.3032532715796903,8
B1,suspect,f3,op,auc_C90,0.25,8
B1,suspect,f3,op,n_events_C90,2.0,8
B1,suspect,f3,op,brier_mean_raw,0.2775771368265269,8
B1,suspect,f3,op,nll,NaN,0
B1,suspect,f3,nonop,peak_mae,18.573124992643784,6
B1,suspect,f3,nonop,peak_hit2,0.0,6
B1,suspect,f3,nonop,brier_raw_C50,0.005028015629533393,6
B1,suspect,f3,nonop,auc_C50,NaN,6
B1,suspect,f3,nonop,n_events_C50,0.0,6
B1,suspect,f3,nonop,brier_raw_C75,0.009295669140985004,6
B1,suspect,f3,nonop,auc_C75,NaN,6
B1,suspect,f3,nonop,n_events_C75,0.0,6
B1,suspect,f3,nonop,brier_raw_C90,0.002585388608482255,6
B1,suspect,f3,nonop,auc_C90,NaN,6
B1,suspect,f3,nonop,n_events_C90,0.0,6
B1,suspect,f3,nonop,brier_mean_raw,0.005636357793000218,6
B1,suspect,f3,nonop,nll,NaN,0
B1,suspect,f4,all,peak_mae,8.022699992421442,12
B1,suspect,f4,all,peak_hit2,0.08333333333333333,12
B1,suspect,f4,all,brier_raw_C50,0.08089567032746643,12
B1,suspect,f4,all,auc_C50,0.7407407407407407,12
B1,suspect,f4,all,n_events_C50,9.0,12
B1,suspect,f4,all,brier_raw_C75,0.3662388990659025,12
B1,suspect,f4,all,auc_C75,0.45,12
B1,suspect,f4,all,n_events_C75,2.0,12
B1,suspect,f4,all,brier_raw_C90,0.08336339655909386,12
B1,suspect,f4,all,auc_C90,NaN,12
B1,suspect,f4,all,n_events_C90,0.0,12
B1,suspect,f4,all,brier_mean_raw,0.1768326553174876,12
B1,suspect,f4,all,nll,NaN,0
B1,suspect,f4,op,peak_mae,8.661423954660814,11
B1,suspect,f4,op,peak_hit2,0.09090909090909091,11
B1,suspect,f4,op,brier_raw_C50,0.0882435956243331,11
B1,suspect,f4,op,auc_C50,0.6111111111111112,11
B1,suspect,f4,op,n_events_C50,9.0,11
B1,suspect,f4,op,brier_raw_C75,0.3995332947043291,11
B1,suspect,f4,op,auc_C75,0.3888888888888889,11
B1,suspect,f4,op,n_events_C75,2.0,11
B1,suspect,f4,op,brier_raw_C90,0.09094178176985525,11
B1,suspect,f4,op,auc_C90,NaN,11
B1,suspect,f4,op,n_events_C90,0.0,11
B1,suspect,f4,op,brier_mean_raw,0.19290622403283916,11
B1,suspect,f4,op,nll,NaN,0
B1,suspect,f4,nonop,peak_mae,0.9967364077883509,1
B1,suspect,f4,nonop,peak_hit2,0.0,1
B1,suspect,f4,nonop,brier_raw_C50,0.00006849206193321852,1
B1,suspect,f4,nonop,auc_C50,NaN,1
B1,suspect,f4,nonop,n_events_C50,0.0,1
B1,suspect,f4,nonop,brier_raw_C75,5.470432109830029e-7,1
B1,suspect,f4,nonop,auc_C75,NaN,1
B1,suspect,f4,nonop,n_events_C75,0.0,1
B1,suspect,f4,nonop,brier_raw_C90,1.1592407184877704e-6,1
B1,suspect,f4,nonop,auc_C90,NaN,1
B1,suspect,f4,nonop,n_events_C90,0.0,1
B1,suspect,f4,nonop,brier_mean_raw,0.000023399448620896427,1
B1,suspect,f4,nonop,nll,NaN,0
B1,suspect,pooled,all,peak_mae,23.779118374467096,53
B1,suspect,pooled,all,peak_hit2,0.16981132075471697,53
B1,suspect,pooled,all,brier_raw_C50,0.08835987787390495,53
B1,suspect,pooled,all,auc_C50,0.9255952380952381,53
B1,suspect,pooled,all,n_events_C50,32.0,53
B1,suspect,pooled,all,brier_raw_C75,0.3171076298108784,53
B1,suspect,pooled,all,auc_C75,0.6434782608695652,53
B1,suspect,pooled,all,n_events_C75,23.0,53
B1,suspect,pooled,all,brier_raw_C90,0.2637143977043194,53
B1,suspect,pooled,all,auc_C90,0.5448717948717948,53
B1,suspect,pooled,all,n_events_C90,14.0,53
B1,suspect,pooled,all,brier_mean_raw,0.2230606351297009,53
B1,suspect,pooled,all,nll,NaN,0
B1,suspect,pooled,op,peak_mae,15.209409042998058,39
B1,suspect,pooled,op,peak_hit2,0.23076923076923078,39
B1,suspect,pooled,op,brier_raw_C50,0.11782800074501477,39
B1,suspect,pooled,op,auc_C50,0.7767857142857143,39
B1,suspect,pooled,op,n_events_C50,32.0,39
B1,suspect,pooled,op,brier_raw_C75,0.4189218299435038,39
B1,suspect,pooled,op,auc_C75,0.5135869565217391,39
B1,suspect,pooled,op,n_events_C75,23.0,39
B1,suspect,pooled,op,brier_raw_C90,0.35178628249951377,39
B1,suspect,pooled,op,auc_C90,0.4785714285714286,39
B1,suspect,pooled,op,n_events_C90,14.0,39
B1,suspect,pooled,op,brier_mean_raw,0.29617870439601074,39
B1,suspect,pooled,op,nll,NaN,0
B1,suspect,pooled,nonop,peak_mae,47.65188008355941,14
B1,suspect,pooled,nonop,peak_hit2,0.0,14
B1,suspect,pooled,nonop,brier_raw_C50,0.006270107018670418,14
B1,suspect,pooled,nonop,auc_C50,NaN,14
B1,suspect,pooled,nonop,n_events_C50,0.0,14
B1,suspect,pooled,nonop,brier_raw_C75,0.033482358012850585,14
B1,suspect,pooled,nonop,auc_C75,NaN,14
B1,suspect,pooled,nonop,n_events_C75,0.0,14
B1,suspect,pooled,nonop,brier_raw_C90,0.018371290060563827,14
B1,suspect,pooled,nonop,auc_C90,NaN,14
B1,suspect,pooled,nonop,n_events_C90,0.0,14
B1,suspect,pooled,nonop,brier_mean_raw,0.019374585030694946,14
B1,suspect,pooled,nonop,nll,NaN,0
B4,suspect,f1,all,peak_mae,10.255170140947614,14
B4,suspect,f1,all,peak_hit2,0.2857142857142857,14
B4,suspect,f1,all,brier_raw_C50,0.034880821428571435,14
B4,suspect,f1,all,auc_C50,1.0,14
B4,suspect,f1,all,n_events_C50,10.0,14
B4,suspect,f1,all,brier_raw_C75,0.14332039285714288,14
B4,suspect,f1,all,auc_C75,1.0,14
B4,suspect,f1,all,n_events_C75,10.0,14
B4,suspect,f1,all,brier_raw_C90,0.2059379285714286,14
B4,suspect,f1,all,auc_C90,0.6555555555555556,14
B4,suspect,f1,all,n_events_C90,5.0,14
B4,suspect,f1,all,brier_mean_raw,0.12804638095238094,14
B4,suspect,f1,all,nll,3.494576930999756,1344
B4,suspect,f1,op,peak_mae,11.399062474568685,12
B4,suspect,f1,op,peak_hit2,0.3333333333333333,12
B4,suspect,f1,op,brier_raw_C50,0.04069429166666667,12
B4,suspect,f1,op,auc_C50,1.0,12
B4,suspect,f1,op,n_events_C50,10.0,12
B4,suspect,f1,op,brier_raw_C75,0.167207125,12
B4,suspect,f1,op,auc_C75,1.0,12
B4,suspect,f1,op,n_events_C75,10.0,12
B4,suspect,f1,op,brier_raw_C90,0.24026091666666669,12
B4,suspect,f1,op,auc_C90,0.5571428571428572,12
B4,suspect,f1,op,n_events_C90,5.0,12
B4,suspect,f1,op,brier_mean_raw,0.14938744444444443,12
B4,suspect,f1,op,nll,3.774705727895101,1152
B4,suspect,f1,nonop,peak_mae,3.3918161392211914,2
B4,suspect,f1,nonop,peak_hit2,0.0,2
B4,suspect,f1,nonop,brier_raw_C50,0.0,2
B4,suspect,f1,nonop,auc_C50,NaN,2
B4,suspect,f1,nonop,n_events_C50,0.0,2
B4,suspect,f1,nonop,brier_raw_C75,0.0,2
B4,suspect,f1,nonop,auc_C75,NaN,2
B4,suspect,f1,nonop,n_events_C75,0.0,2
B4,suspect,f1,nonop,brier_raw_C90,0.0,2
B4,suspect,f1,nonop,auc_C90,NaN,2
B4,suspect,f1,nonop,n_events_C90,0.0,2
B4,suspect,f1,nonop,brier_mean_raw,0.0,2
B4,suspect,f1,nonop,nll,1.8138041496276855,192
B4,suspect,f2,all,peak_mae,11.314417985769419,13
B4,suspect,f2,all,peak_hit2,0.3076923076923077,13
B4,suspect,f2,all,brier_raw_C50,0.005037519230769231,13
B4,suspect,f2,all,auc_C50,1.0,13
B4,suspect,f2,all,n_events_C50,7.0,13
B4,suspect,f2,all,brier_raw_C75,0.06017486538461539,13
B4,suspect,f2,all,auc_C75,1.0,13
B4,suspect,f2,all,n_events_C75,7.0,13
B4,suspect,f2,all,brier_raw_C90,0.17243792307692304,13
B4,suspect,f2,all,auc_C90,1.0,13
B4,suspect,f2,all,n_events_C90,7.0,13
B4,suspect,f2,all,brier_mean_raw,0.07921676923076924,13
B4,suspect,f2,all,nll,2.924562252484835,1248
B4,suspect,f2,op,peak_mae,13.607539653778076,8
B4,suspect,f2,op,peak_hit2,0.375,8
B4,suspect,f2,op,brier_raw_C50,0.008185968749999998,8
B4,suspect,f2,op,auc_C50,1.0,8
B4,suspect,f2,op,n_events_C50,7.0,8
B4,suspect,f2,op,brier_raw_C75,0.09778415625,8
B4,suspect,f2,op,auc_C75,1.0,8
B4,suspect,f2,op,n_events_C75,7.0,8
B4,suspect,f2,op,brier_raw_C90,0.28021162499999996,8
B4,suspect,f2,op,auc_C90,1.0,8
B4,suspect,f2,op,n_events_C90,7.0,8
B4,suspect,f2,op,brier_mean_raw,0.12872725000000002,8
B4,suspect,f2,op,nll,3.5916745364665985,768
B4,suspect,f2,nonop,peak_mae,7.645423316955567,5
B4,suspect,f2,nonop,peak_hit2,0.2,5
B4,suspect,f2,nonop,brier_raw_C50,0.0,5
B4,suspect,f2,nonop,auc_C50,NaN,5
B4,suspect,f2,nonop,n_events_C50,0.0,5
B4,suspect,f2,nonop,brier_raw_C75,0.0,5
B4,suspect,f2,nonop,auc_C75,NaN,5
B4,suspect,f2,nonop,n_events_C75,0.0,5
B4,suspect,f2,nonop,brier_raw_C90,0.0,5
B4,suspect,f2,nonop,auc_C90,NaN,5
B4,suspect,f2,nonop,n_events_C90,0.0,5
B4,suspect,f2,nonop,brier_mean_raw,0.0,5
B4,suspect,f2,nonop,nll,1.8571825981140138,480
B4,suspect,f3,all,peak_mae,10.326432636805944,14
B4,suspect,f3,all,peak_hit2,0.21428571428571427,14
B4,suspect,f3,all,brier_raw_C50,0.06682048214285714,14
B4,suspect,f3,all,auc_C50,0.8958333333333334,14
B4,suspect,f3,all,n_events_C50,6.0,14
B4,suspect,f3,all,brier_raw_C75,0.14215576785714285,14
B4,suspect,f3,all,auc_C75,0.8,14
B4,suspect,f3,all,n_events_C75,4.0,14
B4,suspect,f3,all,brier_raw_C90,0.11986592857142857,14
B4,suspect,f3,all,auc_C90,0.9166666666666666,14
B4,suspect,f3,all,n_events_C90,2.0,14
B4,suspect,f3,all,brier_mean_raw,0.10961405952380952,14
B4,suspect,f3,all,nll,2.773263624736241,1344
B4,suspect,f3,op,peak_mae,13.087235450744629,8
B4,suspect,f3,op,peak_hit2,0.25,8
B4,suspect,f3,op,brier_raw_C50,0.11693584374999999,8
B4,suspect,f3,op,auc_C50,0.5833333333333334,8
B4,suspect,f3,op,n_events_C50,6.0,8
B4,suspect,f3,op,brier_raw_C75,0.24877259375,8
B4,suspect,f3,op,auc_C75,0.5,8
B4,suspect,f3,op,n_events_C75,4.0,8
B4,suspect,f3,op,brier_raw_C90,0.209765375,8
B4,suspect,f3,op,auc_C90,0.8333333333333334,8
B4,suspect,f3,op,n_events_C90,2.0,8
B4,suspect,f3,op,brier_mean_raw,0.1918246041666667,8
B4,suspect,f3,op,nll,3.536164313554764,768
B4,suspect,f3,nonop,peak_mae,6.645362218221028,6
B4,suspect,f3,nonop,peak_hit2,0.16666666666666666,6
B4,suspect,f3,nonop,brier_raw_C50,0.0,6
B4,suspect,f3,nonop,auc_C50,NaN,6
B4,suspect,f3,nonop,n_events_C50,0.0,6
B4,suspect,f3,nonop,brier_raw_C75,0.0,6
B4,suspect,f3,nonop,auc_C75,NaN,6
B4,suspect,f3,nonop,n_events_C75,0.0,6
B4,suspect,f3,nonop,brier_raw_C90,0.0,6
B4,suspect,f3,nonop,auc_C90,NaN,6
B4,suspect,f3,nonop,n_events_C90,0.0,6
B4,suspect,f3,nonop,brier_mean_raw,0.0,6
B4,suspect,f3,nonop,nll,1.7560627063115437,576
B4,suspect,f4,all,peak_mae,14.07812205950419,12
B4,suspect,f4,all,peak_hit2,0.08333333333333333,12
B4,suspect,f4,all,brier_raw_C50,0.0786203125,12
B4,suspect,f4,all,auc_C50,0.7777777777777778,12
B4,suspect,f4,all,n_events_C50,9.0,12
B4,suspect,f4,all,brier_raw_C75,0.35908704166666666,12
B4,suspect,f4,all,auc_C75,0.35,12
B4,suspect,f4,all,n_events_C75,2.0,12
B4,suspect,f4,all,brier_raw_C90,0.14041249999999997,12
B4,suspect,f4,all,auc_C90,NaN,12
B4,suspect,f4,all,n_events_C90,0.0,12
B4,suspect,f4,all,brier_mean_raw,0.19270661805555556,12
B4,suspect,f4,all,nll,3.4660972551729694,1272
B4,suspect,f4,op,peak_mae,14.985992084849965,11
B4,suspect,f4,op,peak_hit2,0.09090909090909091,11
B4,suspect,f4,op,brier_raw_C50,0.08576761363636363,11
B4,suspect,f4,op,auc_C50,0.6666666666666666,11
B4,suspect,f4,op,n_events_C50,9.0,11
B4,suspect,f4,op,brier_raw_C75,0.3917313181818182,11
B4,suspect,f4,op,auc_C75,0.2777777777777778,11
B4,suspect,f4,op,n_events_C75,2.0,11
B4,suspect,f4,op,brier_raw_C90,0.15317727272727272,11
B4,suspect,f4,op,auc_C90,NaN,11
B4,suspect,f4,op,n_events_C90,0.0,11
B4,suspect,f4,op,brier_mean_raw,0.2102254015151515,11
B4,suspect,f4,op,nll,3.6780714942125825,1126
B4,suspect,f4,nonop,peak_mae,4.091551780700684,1
B4,suspect,f4,nonop,peak_hit2,0.0,1
B4,suspect,f4,nonop,brier_raw_C50,0.0,1
B4,suspect,f4,nonop,auc_C50,NaN,1
B4,suspect,f4,nonop,n_events_C50,0.0,1
B4,suspect,f4,nonop,brier_raw_C75,0.0,1
B4,suspect,f4,nonop,auc_C75,NaN,1
B4,suspect,f4,nonop,n_events_C75,0.0,1
B4,suspect,f4,nonop,brier_raw_C90,0.0,1
B4,suspect,f4,nonop,auc_C90,NaN,1
B4,suspect,f4,nonop,n_events_C90,0.0,1
B4,suspect,f4,nonop,brier_mean_raw,0.0,1
B4,suspect,f4,nonop,nll,1.831282233538693,146
B4,suspect,pooled,all,peak_mae,11.399383724860424,53
B4,suspect,pooled,all,peak_hit2,0.22641509433962265,53
B4,suspect,pooled,all,brier_raw_C50,0.04590093867924529,53
B4,suspect,pooled,all,auc_C50,0.9226190476190477,53
B4,suspect,pooled,all,n_events_C50,32.0,53
B4,suspect,pooled,all,brier_raw_C75,0.17147139622641508,53
B4,suspect,pooled,all,auc_C75,0.6681159420289855,53
B4,suspect,pooled,all,n_events_C75,23.0,53
B4,suspect,pooled,all,brier_raw_C90,0.16014900000000004,53
B4,suspect,pooled,all,auc_C90,0.7902930402930403,53
B4,suspect,pooled,all,n_events_C90,14.0,53
B4,suspect,pooled,all,brier_mean_raw,0.12584044496855346,53
B4,suspect,pooled,all,nll,3.1648823169336158,5208
B4,suspect,pooled,op,peak_mae,13.21007342216296,39
B4,suspect,pooled,op,peak_hit2,0.2564102564102564,39
B4,suspect,pooled,op,brier_raw_C50,0.062378198717948724,39
B4,suspect,pooled,op,auc_C50,0.7678571428571429,39
B4,suspect,pooled,op,n_events_C50,32.0,39
B4,suspect,pooled,op,brier_raw_C75,0.23302523076923073,39
B4,suspect,pooled,op,auc_C75,0.37771739130434784,39
B4,suspect,pooled,op,n_events_C75,23.0,39
B4,suspect,pooled,op,brier_raw_C90,0.21763838461538462,39
B4,suspect,pooled,op,auc_C90,0.6728571428571428,39
B4,suspect,pooled,op,n_events_C90,14.0,39
B4,suspect,pooled,op,brier_mean_raw,0.17101393803418802,39
B4,suspect,pooled,op,nll,3.6612872936116756,3814
B4,suspect,pooled,nonop,peak_mae,6.355319568089077,14
B4,suspect,pooled,nonop,peak_hit2,0.14285714285714285,14
B4,suspect,pooled,nonop,brier_raw_C50,0.0,14
B4,suspect,pooled,nonop,auc_C50,NaN,14
B4,suspect,pooled,nonop,n_events_C50,0.0,14
B4,suspect,pooled,nonop,brier_raw_C75,0.0,14
B4,suspect,pooled,nonop,auc_C75,NaN,14
B4,suspect,pooled,nonop,n_events_C75,0.0,14
B4,suspect,pooled,nonop,brier_raw_C90,0.0,14
B4,suspect,pooled,nonop,auc_C90,NaN,14
B4,suspect,pooled,nonop,n_events_C90,0.0,14
B4,suspect,pooled,nonop,brier_mean_raw,0.0,14
B4,suspect,pooled,nonop,nll,1.8067126031243477,1394
B1,protoA,f1,all,peak_mae,27.418652215653452,12
B1,protoA,f1,all,peak_hit2,0.16666666666666666,12
B1,protoA,f1,all,brier_raw_C50,0.14291942626742643,12
B1,protoA,f1,all,auc_C50,1.0,12
B1,protoA,f1,all,n_events_C50,8.0,12
B1,protoA,f1,all,brier_raw_C75,0.5399826219426519,12
B1,protoA,f1,all,auc_C75,1.0,12
B1,protoA,f1,all,n_events_C75,8.0,12
B1,protoA,f1,all,brier_raw_C90,0.3077453665281555,12
B1,protoA,f1,all,auc_C90,0.8125,12
B1,protoA,f1,all,n_events_C90,4.0,12
B1,protoA,f1,all,brier_mean_raw,0.33021580491274455,12
B1,protoA,f1,all,nll,NaN,0
B1,protoA,f1,op,peak_mae,17.64708087464655,10
B1,protoA,f1,op,peak_hit2,0.2,10
B1,protoA,f1,op,brier_raw_C50,0.17117020070264435,10
B1,protoA,f1,op,auc_C50,1.0,10
B1,protoA,f1,op,n_events_C50,8.0,10
B1,protoA,f1,op,brier_raw_C75,0.6479432122039612,10
B1,protoA,f1,op,auc_C75,1.0,10
B1,protoA,f1,op,n_events_C75,8.0,10
B1,protoA,f1,op,brier_raw_C90,0.36929394156202855,10
B1,protoA,f1,op,auc_C90,0.75,10
B1,protoA,f1,op,n_events_C90,4.0,10
B1,protoA,f1,op,brier_mean_raw,0.39613578482287803,10
B1,protoA,f1,op,nll,NaN,0
B1,protoA,f1,nonop,peak_mae,76.27650892068799,2
B1,protoA,f1,nonop,peak_hit2,0.0,2
B1,protoA,f1,nonop,brier_raw_C50,0.0016655540913368774,2
B1,protoA,f1,nonop,auc_C50,NaN,2
B1,protoA,f1,nonop,n_events_C50,0.0,2
B1,protoA,f1,nonop,brier_raw_C75,0.00017967063610518629,2
B1,protoA,f1,nonop,auc_C75,NaN,2
B1,protoA,f1,nonop,n_events_C75,0.0,2
B1,protoA,f1,nonop,brier_raw_C90,2.4913587898517957e-6,2
B1,protoA,f1,nonop,auc_C90,NaN,2
B1,protoA,f1,nonop,n_events_C90,0.0,2
B1,protoA,f1,nonop,brier_mean_raw,0.0006159053620773051,2
B1,protoA,f1,nonop,nll,NaN,0
B1,protoA,f2,all,peak_mae,45.25070709832478,13
B1,protoA,f2,all,peak_hit2,0.3076923076923077,13
B1,protoA,f2,all,brier_raw_C50,0.07052847737879478,13
B1,protoA,f2,all,auc_C50,1.0,13
B1,protoA,f2,all,n_events_C50,7.0,13
B1,protoA,f2,all,brier_raw_C75,0.16089123289585194,13
B1,protoA,f2,all,auc_C75,0.7976190476190477,13
B1,protoA,f2,all,n_events_C75,7.0,13
B1,protoA,f2,all,brier_raw_C90,0.1492558917379198,13
B1,protoA,f2,all,auc_C90,0.9523809523809523,13
B1,protoA,f2,all,n_events_C90,7.0,13
B1,protoA,f2,all,brier_mean_raw,0.12689186733752217,13
B1,protoA,f2,all,nll,NaN,0
B1,protoA,f2,op,peak_mae,14.520887266739999,8
B1,protoA,f2,op,peak_hit2,0.5,8
B1,protoA,f2,op,brier_raw_C50,0.011495425301202025,8
B1,protoA,f2,op,auc_C50,1.0,8
B1,protoA,f2,op,n_events_C50,7.0,8
B1,protoA,f2,op,brier_raw_C75,0.13007501475956282,8
B1,protoA,f2,op,auc_C75,1.0,8
B1,protoA,f2,op,n_events_C75,7.0,8
B1,protoA,f2,op,brier_raw_C90,0.2200125751386807,8
B1,protoA,f2,op,auc_C90,1.0,8
B1,protoA,f2,op,n_events_C90,7.0,8
B1,protoA,f2,op,brier_mean_raw,0.12052767173314852,8
B1,protoA,f2,op,nll,NaN,0
B1,protoA,f2,nonop,peak_mae,94.41841882886044,5
B1,protoA,f2,nonop,peak_hit2,0.0,5
B1,protoA,f2,nonop,brier_raw_C50,0.16498136070294317,5
B1,protoA,f2,nonop,auc_C50,NaN,5
B1,protoA,f2,nonop,n_events_C50,0.0,5
B1,protoA,f2,nonop,brier_raw_C75,0.21019718191391457,5
B1,protoA,f2,nonop,auc_C75,NaN,5
B1,protoA,f2,nonop,n_events_C75,0.0,5
B1,protoA,f2,nonop,brier_raw_C90,0.036045198296702344,5
B1,protoA,f2,nonop,auc_C90,NaN,5
B1,protoA,f2,nonop,n_events_C90,0.0,5
B1,protoA,f2,nonop,brier_mean_raw,0.13707458030452005,5
B1,protoA,f2,nonop,nll,NaN,0
B1,protoA,f3,all,peak_mae,46.32546575270383,14
B1,protoA,f3,all,peak_hit2,0.14285714285714285,14
B1,protoA,f3,all,brier_raw_C50,0.2297854818561622,14
B1,protoA,f3,all,auc_C50,0.7916666666666666,14
B1,protoA,f3,all,n_events_C50,6.0,14
B1,protoA,f3,all,brier_raw_C75,0.2477877557746004,14
B1,protoA,f3,all,auc_C75,0.6,14
B1,protoA,f3,all,n_events_C75,4.0,14
B1,protoA,f3,all,brier_raw_C90,0.14510136623655545,14
B1,protoA,f3,all,auc_C90,0.3333333333333333,14
B1,protoA,f3,all,n_events_C90,2.0,14
B1,protoA,f3,all,brier_mean_raw,0.20755820128910601,14
B1,protoA,f3,all,nll,NaN,0
B1,protoA,f3,op,peak_mae,25.185547253423504,8
B1,protoA,f3,op,peak_hit2,0.25,8
B1,protoA,f3,op,brier_raw_C50,0.38532024946681676,8
B1,protoA,f3,op,auc_C50,0.4166666666666667,8
B1,protoA,f3,op,n_events_C50,6.0,8
B1,protoA,f3,op,brier_raw_C75,0.41076618680639976,8
B1,protoA,f3,op,auc_C75,0.375,8
B1,protoA,f3,op,n_events_C75,4.0,8
B1,protoA,f3,op,brier_raw_C90,0.2501361561654899,8
B1,protoA,f3,op,auc_C90,0.08333333333333333,8
B1,protoA,f3,op,n_events_C90,2.0,8
B1,protoA,f3,op,brier_mean_raw,0.3487408641462354,8
B1,protoA,f3,op,nll,NaN,0
B1,protoA,f3,nonop,peak_mae,74.51202375174424,6
B1,protoA,f3,nonop,peak_hit2,0.0,6
B1,protoA,f3,nonop,brier_raw_C50,0.022405791708622846,6
B1,protoA,f3,nonop,auc_C50,NaN,6
B1,protoA,f3,nonop,n_events_C50,0.0,6
B1,protoA,f3,nonop,brier_raw_C75,0.030483181065534604,6
B1,protoA,f3,nonop,auc_C75,NaN,6
B1,protoA,f3,nonop,n_events_C75,0.0,6
B1,protoA,f3,nonop,brier_raw_C90,0.005054979664642812,6
B1,protoA,f3,nonop,auc_C90,NaN,6
B1,protoA,f3,nonop,n_events_C90,0.0,6
B1,protoA,f3,nonop,brier_mean_raw,0.019314650812933414,6
B1,protoA,f3,nonop,nll,NaN,0
B1,protoA,f4,all,peak_mae,10.06448781942793,12
B1,protoA,f4,all,peak_hit2,0.16666666666666666,12
B1,protoA,f4,all,brier_raw_C50,0.12816816579073873,12
B1,protoA,f4,all,auc_C50,1.0,12
B1,protoA,f4,all,n_events_C50,10.0,12
B1,protoA,f4,all,brier_raw_C75,0.21885068502926583,12
B1,protoA,f4,all,auc_C75,0.55,12
B1,protoA,f4,all,n_events_C75,2.0,12
B1,protoA,f4,all,brier_raw_C90,0.0020572477131184704,12
B1,protoA,f4,all,auc_C90,NaN,12
B1,protoA,f4,all,n_events_C90,0.0,12
B1,protoA,f4,all,brier_mean_raw,0.11635869951104104,12
B1,protoA,f4,all,nll,NaN,0
B1,protoA,f4,op,peak_mae,10.885730856783374,11
B1,protoA,f4,op,peak_hit2,0.18181818181818182,11
B1,protoA,f4,op,brier_raw_C50,0.1398055201711837,11
B1,protoA,f4,op,auc_C50,1.0,11
B1,protoA,f4,op,n_events_C50,10.0,11
B1,protoA,f4,op,brier_raw_C75,0.23874099885670333,11
B1,protoA,f4,op,auc_C75,0.5,11
B1,protoA,f4,op,n_events_C75,2.0,11
B1,protoA,f4,op,brier_raw_C90,0.0022442235009379765,11
B1,protoA,f4,op,auc_C90,NaN,11
B1,protoA,f4,op,n_events_C90,0.0,11
B1,protoA,f4,op,brier_mean_raw,0.12693024750960832,11
B1,protoA,f4,op,nll,NaN,0
B1,protoA,f4,nonop,peak_mae,1.0308144085180402,1
B1,protoA,f4,nonop,peak_hit2,0.0,1
B1,protoA,f4,nonop,brier_raw_C50,0.00015726760584413026,1
B1,protoA,f4,nonop,auc_C50,NaN,1
B1,protoA,f4,nonop,n_events_C50,0.0,1
B1,protoA,f4,nonop,brier_raw_C75,0.000057232927453725266,1
B1,protoA,f4,nonop,auc_C75,NaN,1
B1,protoA,f4,nonop,n_events_C75,0.0,1
B1,protoA,f4,nonop,brier_raw_C90,5.140471039010286e-7,1
B1,protoA,f4,nonop,auc_C90,NaN,1
B1,protoA,f4,nonop,n_events_C90,0.0,1
B1,protoA,f4,nonop,brier_mean_raw,0.00007167152680058552,1
B1,protoA,f4,nonop,nll,NaN,0
B1,protoA,pooled,all,peak_mae,33.07085084778534,51
B1,protoA,pooled,all,peak_hit2,0.19607843137254902,51
B1,protoA,pooled,all,brier_raw_C50,0.14484153052173696,51
B1,protoA,pooled,all,auc_C50,0.9096774193548387,51
B1,protoA,pooled,all,n_events_C50,31.0,51
B1,protoA,pooled,all,brier_raw_C75,0.28758067239516655,51
B1,protoA,pooled,all,auc_C75,0.6880952380952381,51
B1,protoA,pooled,all,n_events_C75,21.0,51
B1,protoA,pooled,all,brier_raw_C90,0.15077209981960824,51
B1,protoA,pooled,all,auc_C90,0.7489878542510121,51
B1,protoA,pooled,all,n_events_C90,13.0,51
B1,protoA,pooled,all,brier_mean_raw,0.19439810091217058,51
B1,protoA,pooled,all,nll,NaN,0
B1,protoA,pooled,op,peak_mae,16.59095471168623,37
B1,protoA,pooled,op,peak_hit2,0.2702702702702703,37
B1,protoA,pooled,op,brier_raw_C50,0.17362400343388143,37
B1,protoA,pooled,op,auc_C50,0.8548387096774194,37
B1,protoA,pooled,op,n_events_C50,31.0,37
B1,protoA,pooled,op,brier_raw_C75,0.3630354789727311,37
B1,protoA,pooled,op,auc_C75,0.6071428571428571,37
B1,protoA,pooled,op,n_events_C75,21.0,37
B1,protoA,pooled,op,brier_raw_C90,0.20213015471794507,37
B1,protoA,pooled,op,auc_C90,0.7243589743589743,37
B1,protoA,pooled,op,n_events_C90,13.0,37
B1,protoA,pooled,op,brier_mean_raw,0.24626321237485257,37
B1,protoA,pooled,op,nll,NaN,0
B1,protoA,pooled,nonop,peak_mae,76.62486206461871,14
B1,protoA,pooled,nonop,peak_hit2,0.0,14
B1,protoA,pooled,nonop,brier_raw_C50,0.06877356639678364,14
B1,protoA,pooled,nonop,auc_C50,NaN,14
B1,protoA,pooled,nonop,n_events_C50,0.0,14
B1,protoA,pooled,nonop,brier_raw_C75,0.088164397868746,14
B1,protoA,pooled,nonop,auc_C75,NaN,14
B1,protoA,pooled,nonop,n_events_C75,0.0,14
B1,protoA,pooled,nonop,brier_raw_C90,0.015040097588289444,14
B1,protoA,pooled,nonop,auc_C90,NaN,14
B1,protoA,pooled,nonop,n_events_C90,0.0,14
B1,protoA,pooled,nonop,brier_mean_raw,0.05732602061793969,14
B1,protoA,pooled,nonop,nll,NaN,0
B4,protoA,f1,all,peak_mae,17.15931288401286,12
B4,protoA,f1,all,peak_hit2,0.3333333333333333,12
B4,protoA,f1,all,brier_raw_C50,0.06008564583333334,12
B4,protoA,f1,all,auc_C50,1.0,12
B4,protoA,f1,all,n_events_C50,8.0,12
B4,protoA,f1,all,brier_raw_C75,0.15935616666666666,12
B4,protoA,f1,all,auc_C75,1.0,12
B4,protoA,f1,all,n_events_C75,8.0,12
B4,protoA,f1,all,brier_raw_C90,0.17707889583333333,12
B4,protoA,f1,all,auc_C90,0.84375,12
B4,protoA,f1,all,n_events_C90,4.0,12
B4,protoA,f1,all,brier_mean_raw,0.13217356944444444,12
B4,protoA,f1,all,nll,3.4639018972714744,1152
B4,protoA,f1,op,peak_mae,13.039802551269531,10
B4,protoA,f1,op,peak_hit2,0.4,10
B4,protoA,f1,op,brier_raw_C50,0.07210277500000001,10
B4,protoA,f1,op,auc_C50,1.0,10
B4,protoA,f1,op,n_events_C50,8.0,10
B4,protoA,f1,op,brier_raw_C75,0.1912274,10
B4,protoA,f1,op,auc_C75,1.0,10
B4,protoA,f1,op,n_events_C75,8.0,10
B4,protoA,f1,op,brier_raw_C90,0.212494675,10
B4,protoA,f1,op,auc_C90,0.7916666666666666,10
B4,protoA,f1,op,n_events_C90,4.0,10
B4,protoA,f1,op,brier_mean_raw,0.15860828333333332,10
B4,protoA,f1,op,nll,3.572827410697937,960
B4,protoA,f1,nonop,peak_mae,37.75686454772949,2
B4,protoA,f1,nonop,peak_hit2,0.0,2
B4,protoA,f1,nonop,brier_raw_C50,0.0,2
B4,protoA,f1,nonop,auc_C50,NaN,2
B4,protoA,f1,nonop,n_events_C50,0.0,2
B4,protoA,f1,nonop,brier_raw_C75,0.0,2
B4,protoA,f1,nonop,auc_C75,NaN,2
B4,protoA,f1,nonop,n_events_C75,0.0,2
B4,protoA,f1,nonop,brier_raw_C90,0.0,2
B4,protoA,f1,nonop,auc_C90,NaN,2
B4,protoA,f1,nonop,n_events_C90,0.0,2
B4,protoA,f1,nonop,brier_mean_raw,0.0,2
B4,protoA,f1,nonop,nll,2.91927433013916,192
B4,protoA,f2,all,peak_mae,47.190218265240006,13
B4,protoA,f2,all,peak_hit2,0.15384615384615385,13
B4,protoA,f2,all,brier_raw_C50,0.13233407692307694,13
B4,protoA,f2,all,auc_C50,1.0,13
B4,protoA,f2,all,n_events_C50,7.0,13
B4,protoA,f2,all,brier_raw_C75,0.11662046153846156,13
B4,protoA,f2,all,auc_C75,1.0,13
B4,protoA,f2,all,n_events_C75,7.0,13
B4,protoA,f2,all,brier_raw_C90,0.17121609615384617,13
B4,protoA,f2,all,auc_C90,1.0,13
B4,protoA,f2,all,n_events_C90,7.0,13
B4,protoA,f2,all,brier_mean_raw,0.14005687820512822,13
B4,protoA,f2,all,nll,3.5094203582176795,1248
B4,protoA,f2,op,peak_mae,12.806828022003174,8
B4,protoA,f2,op,peak_hit2,0.25,8
B4,protoA,f2,op,brier_raw_C50,0.0034570624999999983,8
B4,protoA,f2,op,auc_C50,1.0,8
B4,protoA,f2,op,n_events_C50,7.0,8
B4,protoA,f2,op,brier_raw_C75,0.07965731250000002,8
B4,protoA,f2,op,auc_C75,1.0,8
B4,protoA,f2,op,n_events_C75,7.0,8
B4,protoA,f2,op,brier_raw_C90,0.22379446875,8
B4,protoA,f2,op,auc_C90,1.0,8
B4,protoA,f2,op,n_events_C90,7.0,8
B4,protoA,f2,op,brier_mean_raw,0.10230294791666666,8
B4,protoA,f2,op,nll,3.5621327459812164,768
B4,protoA,f2,nonop,peak_mae,102.20364265441894,5
B4,protoA,f2,nonop,peak_hit2,0.0,5
B4,protoA,f2,nonop,brier_raw_C50,0.33853730000000004,5
B4,protoA,f2,nonop,auc_C50,NaN,5
B4,protoA,f2,nonop,n_events_C50,0.0,5
B4,protoA,f2,nonop,brier_raw_C75,0.1757615,5
B4,protoA,f2,nonop,auc_C75,NaN,5
B4,protoA,f2,nonop,n_events_C75,0.0,5
B4,protoA,f2,nonop,brier_raw_C90,0.08709070000000001,5
B4,protoA,f2,nonop,auc_C90,NaN,5
B4,protoA,f2,nonop,n_events_C90,0.0,5
B4,protoA,f2,nonop,brier_mean_raw,0.20046316666666666,5
B4,protoA,f2,nonop,nll,3.4250805377960205,480
B4,protoA,f3,all,peak_mae,53.181281089782715,14
B4,protoA,f3,all,peak_hit2,0.2857142857142857,14
B4,protoA,f3,all,brier_raw_C50,0.22948687499999995,14
B4,protoA,f3,all,auc_C50,0.875,14
B4,protoA,f3,all,n_events_C50,6.0,14
B4,protoA,f3,all,brier_raw_C75,0.18929692857142857,14
B4,protoA,f3,all,auc_C75,0.975,14
B4,protoA,f3,all,n_events_C75,4.0,14
B4,protoA,f3,all,brier_raw_C90,0.11774944642857144,14
B4,protoA,f3,all,auc_C90,0.9583333333333334,14
B4,protoA,f3,all,n_events_C90,2.0,14
B4,protoA,f3,all,brier_mean_raw,0.1788444166666667,14
B4,protoA,f3,all,nll,3.498100059373038,1344
B4,protoA,f3,op,peak_mae,10.894821166992188,8
B4,protoA,f3,op,peak_hit2,0.5,8
B4,protoA,f3,op,brier_raw_C50,0.1120729375,8
B4,protoA,f3,op,auc_C50,0.5,8
B4,protoA,f3,op,n_events_C50,6.0,8
B4,protoA,f3,op,brier_raw_C75,0.2090006875,8
B4,protoA,f3,op,auc_C75,0.9375,8
B4,protoA,f3,op,n_events_C75,4.0,8
B4,protoA,f3,op,brier_raw_C90,0.17479825,8
B4,protoA,f3,op,auc_C90,0.9166666666666666,8
B4,protoA,f3,op,n_events_C90,2.0,8
B4,protoA,f3,op,brier_mean_raw,0.165290625,8
B4,protoA,f3,op,nll,3.5089916586875916,768
B4,protoA,f3,nonop,peak_mae,109.56322765350342,6
B4,protoA,f3,nonop,peak_hit2,0.0,6
B4,protoA,f3,nonop,brier_raw_C50,0.3860387916666666,6
B4,protoA,f3,nonop,auc_C50,NaN,6
B4,protoA,f3,nonop,n_events_C50,0.0,6
B4,protoA,f3,nonop,brier_raw_C75,0.16302524999999998,6
B4,protoA,f3,nonop,auc_C75,NaN,6
B4,protoA,f3,nonop,n_events_C75,0.0,6
B4,protoA,f3,nonop,brier_raw_C90,0.041684375,6
B4,protoA,f3,nonop,auc_C90,NaN,6
B4,protoA,f3,nonop,n_events_C90,0.0,6
B4,protoA,f3,nonop,brier_mean_raw,0.19691613888888893,6
B4,protoA,f3,nonop,nll,3.4835779269536338,576
B4,protoA,f4,all,peak_mae,8.6875851949056,12
B4,protoA,f4,all,peak_hit2,0.08333333333333333,12
B4,protoA,f4,all,brier_raw_C50,0.072499625,12
B4,protoA,f4,all,auc_C50,1.0,12
B4,protoA,f4,all,n_events_C50,10.0,12
B4,protoA,f4,all,brier_raw_C75,0.18006641666666667,12
B4,protoA,f4,all,auc_C75,0.45,12
B4,protoA,f4,all,n_events_C75,2.0,12
B4,protoA,f4,all,brier_raw_C90,0.0302916875,12
B4,protoA,f4,all,auc_C90,NaN,12
B4,protoA,f4,all,n_events_C90,0.0,12
B4,protoA,f4,all,brier_mean_raw,0.09428590972222221,12
B4,protoA,f4,all,nll,3.605816548725344,1272
B4,protoA,f4,op,peak_mae,5.742954600941051,11
B4,protoA,f4,op,peak_hit2,0.09090909090909091,11
B4,protoA,f4,op,brier_raw_C50,0.07909050000000001,11
B4,protoA,f4,op,auc_C50,1.0,11
B4,protoA,f4,op,n_events_C50,10.0,11
B4,protoA,f4,op,brier_raw_C75,0.19643609090909092,11
B4,protoA,f4,op,auc_C75,0.3888888888888889,11
B4,protoA,f4,op,n_events_C75,2.0,11
B4,protoA,f4,op,brier_raw_C90,0.033045477272727275,11
B4,protoA,f4,op,auc_C90,NaN,11
B4,protoA,f4,op,n_events_C90,0.0,11
B4,protoA,f4,op,brier_mean_raw,0.10285735606060609,11
B4,protoA,f4,op,nll,3.694700645511146,1126
B4,protoA,f4,nonop,peak_mae,41.078521728515625,1
B4,protoA,f4,nonop,peak_hit2,0.0,1
B4,protoA,f4,nonop,brier_raw_C50,0.0,1
B4,protoA,f4,nonop,auc_C50,NaN,1
B4,protoA,f4,nonop,n_events_C50,0.0,1
B4,protoA,f4,nonop,brier_raw_C75,0.0,1
B4,protoA,f4,nonop,auc_C75,NaN,1
B4,protoA,f4,nonop,n_events_C75,0.0,1
B4,protoA,f4,nonop,brier_raw_C90,0.0,1
B4,protoA,f4,nonop,auc_C90,NaN,1
B4,protoA,f4,nonop,n_events_C90,0.0,1
B4,protoA,f4,nonop,brier_mean_raw,0.0,1
B4,protoA,f4,nonop,nll,2.9203131721444326,146
B4,protoA,pooled,all,peak_mae,32.70928528729607,51
B4,protoA,pooled,all,peak_hit2,0.21568627450980393,51
B4,protoA,pooled,all,brier_raw_C50,0.12792514705882352,51
B4,protoA,pooled,all,auc_C50,0.8048387096774193,51
B4,protoA,pooled,all,n_events_C50,31.0,51
B4,protoA,pooled,all,brier_raw_C75,0.16155478431372547,51
B4,protoA,pooled,all,auc_C75,0.8412698412698413,51
B4,protoA,pooled,all,n_events_C75,21.0,51
B4,protoA,pooled,all,brier_raw_C90,0.12475977450980391,51
B4,protoA,pooled,all,auc_C90,0.9534412955465587,51
B4,protoA,pooled,all,n_events_C90,13.0,51
B4,protoA,pooled,all,brier_mean_raw,0.13807990196078432,51
B4,protoA,pooled,all,nll,3.5203781344673852,5016
B4,protoA,pooled,op,peak_mae,10.356316746892157,37
B4,protoA,pooled,op,peak_hit2,0.2972972972972973,37
B4,protoA,pooled,op,brier_raw_C50,0.06798008783783785,37
B4,protoA,pooled,op,auc_C50,0.8709677419354839,37
B4,protoA,pooled,op,n_events_C50,31.0,37
B4,protoA,pooled,op,brier_raw_C75,0.17249554054054056,37
B4,protoA,pooled,op,auc_C75,0.875,37
B4,protoA,pooled,op,n_events_C75,21.0,37
B4,protoA,pooled,op,brier_raw_C90,0.15343753378378377,37
B4,protoA,pooled,op,auc_C90,0.9647435897435898,37
B4,protoA,pooled,op,n_events_C90,13.0,37
B4,protoA,pooled,op,brier_mean_raw,0.13130438738738742,37
B4,protoA,pooled,op,nll,3.5949118674492584,3622
B4,protoA,pooled,nonop,peak_mae,91.78498785836356,14
B4,protoA,pooled,nonop,peak_hit2,0.0,14
B4,protoA,pooled,nonop,brier_raw_C50,0.286351375,14
B4,protoA,pooled,nonop,auc_C50,NaN,14
B4,protoA,pooled,nonop,n_events_C50,0.0,14
B4,protoA,pooled,nonop,brier_raw_C75,0.13263992857142856,14
B4,protoA,pooled,nonop,auc_C75,NaN,14
B4,protoA,pooled,nonop,n_events_C75,0.0,14
B4,protoA,pooled,nonop,brier_raw_C90,0.048968553571428576,14
B4,protoA,pooled,nonop,auc_C90,NaN,14
B4,protoA,pooled,nonop,n_events_C90,0.0,14
B4,protoA,pooled,nonop,brier_mean_raw,0.15598661904761904,14
B4,protoA,pooled,nonop,nll,3.326718750779906,1394
B4,K2,f1,all,peak_mae,11.109851996103922,12
B4,K2,f1,all,peak_hit2,0.3333333333333333,12
B4,K2,f1,all,brier_raw_C50,0.03416439583333334,12
B4,K2,f1,all,auc_C50,1.0,12
B4,K2,f1,all,n_events_C50,8.0,12
B4,K2,f1,all,brier_raw_C75,0.12125177083333333,12
B4,K2,f1,all,auc_C75,1.0,12
B4,K2,f1,all,n_events_C75,8.0,12
B4,K2,f1,all,brier_raw_C90,0.1757094375,12
B4,K2,f1,all,auc_C90,0.875,12
B4,K2,f1,all,n_events_C90,4.0,12
B4,K2,f1,all,brier_mean_raw,0.1103752013888889,12
B4,K2,f1,all,nll,3.3363170425097146,1152
B4,K2,f1,op,peak_mae,12.304476165771485,10
B4,K2,f1,op,peak_hit2,0.4,10
B4,K2,f1,op,brier_raw_C50,0.04099727500000001,10
B4,K2,f1,op,auc_C50,1.0,10
B4,K2,f1,op,n_events_C50,8.0,10
B4,K2,f1,op,brier_raw_C75,0.14550212499999998,10
B4,K2,f1,op,auc_C75,1.0,10
B4,K2,f1,op,n_events_C75,8.0,10
B4,K2,f1,op,brier_raw_C90,0.210851325,10
B4,K2,f1,op,auc_C90,0.8333333333333334,10
B4,K2,f1,op,n_events_C90,4.0,10
B4,K2,f1,op,brier_mean_raw,0.1324502416666667,10
B4,K2,f1,op,nll,3.596344304084778,960
B4,K2,f1,nonop,peak_mae,5.136731147766113,2
B4,K2,f1,nonop,peak_hit2,0.0,2
B4,K2,f1,nonop,brier_raw_C50,0.0,2
B4,K2,f1,nonop,auc_C50,NaN,2
B4,K2,f1,nonop,n_events_C50,0.0,2
B4,K2,f1,nonop,brier_raw_C75,0.0,2
B4,K2,f1,nonop,auc_C75,NaN,2
B4,K2,f1,nonop,n_events_C75,0.0,2
B4,K2,f1,nonop,brier_raw_C90,0.0,2
B4,K2,f1,nonop,auc_C90,NaN,2
B4,K2,f1,nonop,n_events_C90,0.0,2
B4,K2,f1,nonop,brier_mean_raw,0.0,2
B4,K2,f1,nonop,nll,2.0361807346343994,192
B4,K2,f2,all,peak_mae,9.343546647291918,13
B4,K2,f2,all,peak_hit2,0.15384615384615385,13
B4,K2,f2,all,brier_raw_C50,0.002558038461538462,13
B4,K2,f2,all,auc_C50,1.0,13
B4,K2,f2,all,n_events_C50,7.0,13
B4,K2,f2,all,brier_raw_C75,0.024382711538461537,13
B4,K2,f2,all,auc_C75,1.0,13
B4,K2,f2,all,n_events_C75,7.0,13
B4,K2,f2,all,brier_raw_C90,0.0743253653846154,13
B4,K2,f2,all,auc_C90,1.0,13
B4,K2,f2,all,n_events_C90,7.0,13
B4,K2,f2,all,brier_mean_raw,0.03375537179487179,13
B4,K2,f2,all,nll,2.929413153575017,1248
B4,K2,f2,op,peak_mae,9.435918807983398,8
B4,K2,f2,op,peak_hit2,0.25,8
B4,K2,f2,op,brier_raw_C50,0.004156812500000001,8
B4,K2,f2,op,auc_C50,1.0,8
B4,K2,f2,op,n_events_C50,7.0,8
B4,K2,f2,op,brier_raw_C75,0.03962190625,8
B4,K2,f2,op,auc_C75,1.0,8
B4,K2,f2,op,n_events_C75,7.0,8
B4,K2,f2,op,brier_raw_C90,0.12077871875000001,8
B4,K2,f2,op,auc_C90,1.0,8
B4,K2,f2,op,n_events_C90,7.0,8
B4,K2,f2,op,brier_mean_raw,0.05485247916666667,8
B4,K2,f2,op,nll,3.543759673833847,768
B4,K2,f2,nonop,peak_mae,9.195751190185547,5
B4,K2,f2,nonop,peak_hit2,0.0,5
B4,K2,f2,nonop,brier_raw_C50,0.0,5
B4,K2,f2,nonop,auc_C50,NaN,5
B4,K2,f2,nonop,n_events_C50,0.0,5
B4,K2,f2,nonop,brier_raw_C75,0.0,5
B4,K2,f2,nonop,auc_C75,NaN,5
B4,K2,f2,nonop,n_events_C75,0.0,5
B4,K2,f2,nonop,brier_raw_C90,0.0,5
B4,K2,f2,nonop,auc_C90,NaN,5
B4,K2,f2,nonop,n_events_C90,0.0,5
B4,K2,f2,nonop,brier_mean_raw,0.0,5
B4,K2,f2,nonop,nll,1.9464587211608886,480
B4,K2,f3,all,peak_mae,11.963022777012416,14
B4,K2,f3,all,peak_hit2,0.2857142857142857,14
B4,K2,f3,all,brier_raw_C50,0.06810851785714286,14
B4,K2,f3,all,auc_C50,0.8854166666666666,14
B4,K2,f3,all,n_events_C50,6.0,14
B4,K2,f3,all,brier_raw_C75,0.14175096428571426,14
B4,K2,f3,all,auc_C75,0.9,14
B4,K2,f3,all,n_events_C75,4.0,14
B4,K2,f3,all,brier_raw_C90,0.12915764285714287,14
B4,K2,f3,all,auc_C90,0.7916666666666666,14
B4,K2,f3,all,n_events_C90,2.0,14
B4,K2,f3,all,brier_mean_raw,0.11300570833333334,14
B4,K2,f3,all,nll,2.783801019191742,1344
B4,K2,f3,op,peak_mae,14.648516178131104,8
B4,K2,f3,op,peak_hit2,0.5,8
B4,K2,f3,op,brier_raw_C50,0.11918990625,8
B4,K2,f3,op,auc_C50,0.5416666666666666,8
B4,K2,f3,op,n_events_C50,6.0,8
B4,K2,f3,op,brier_raw_C75,0.24806418749999998,8
B4,K2,f3,op,auc_C75,0.75,8
B4,K2,f3,op,n_events_C75,4.0,8
B4,K2,f3,op,brier_raw_C90,0.22602587500000004,8
B4,K2,f3,op,auc_C90,0.5833333333333334,8
B4,K2,f3,op,n_events_C90,2.0,8
B4,K2,f3,op,brier_mean_raw,0.19775998958333335,8
B4,K2,f3,op,nll,3.5412724912166595,768
B4,K2,f3,nonop,peak_mae,8.382364908854166,6
B4,K2,f3,nonop,peak_hit2,0.0,6
B4,K2,f3,nonop,brier_raw_C50,0.0,6
B4,K2,f3,nonop,auc_C50,NaN,6
B4,K2,f3,nonop,n_events_C50,0.0,6
B4,K2,f3,nonop,brier_raw_C75,0.0,6
B4,K2,f3,nonop,auc_C75,NaN,6
B4,K2,f3,nonop,n_events_C75,0.0,6
B4,K2,f3,nonop,brier_raw_C90,0.0,6
B4,K2,f3,nonop,auc_C90,NaN,6
B4,K2,f3,nonop,n_events_C90,0.0,6
B4,K2,f3,nonop,brier_mean_raw,0.0,6
B4,K2,f3,nonop,nll,1.7738390564918518,576
B4,K2,f4,all,peak_mae,27.166463295618694,12
B4,K2,f4,all,peak_hit2,0.08333333333333333,12
B4,K2,f4,all,brier_raw_C50,0.00025874999999999987,12
B4,K2,f4,all,auc_C50,1.0,12
B4,K2,f4,all,n_events_C50,10.0,12
B4,K2,f4,all,brier_raw_C75,0.5588146041666666,12
B4,K2,f4,all,auc_C75,0.325,12
B4,K2,f4,all,n_events_C75,2.0,12
B4,K2,f4,all,brier_raw_C90,0.4494593125,12
B4,K2,f4,all,auc_C90,NaN,12
B4,K2,f4,all,n_events_C90,0.0,12
B4,K2,f4,all,brier_mean_raw,0.33617755555555556,12
B4,K2,f4,all,nll,3.5502802770842545,1272
B4,K2,f4,op,peak_mae,29.280500932173297,11
B4,K2,f4,op,peak_hit2,0.09090909090909091,11
B4,K2,f4,op,brier_raw_C50,0.0002822727272727271,11
B4,K2,f4,op,auc_C50,1.0,11
B4,K2,f4,op,n_events_C50,10.0,11
B4,K2,f4,op,brier_raw_C75,0.6096159318181817,11
B4,K2,f4,op,auc_C75,0.25,11
B4,K2,f4,op,n_events_C75,2.0,11
B4,K2,f4,op,brier_raw_C90,0.49031925,11
B4,K2,f4,op,auc_C90,NaN,11
B4,K2,f4,op,n_events_C90,0.0,11
B4,K2,f4,op,brier_mean_raw,0.3667391515151515,11
B4,K2,f4,op,nll,3.7714325301812344,1126
B4,K2,f4,nonop,peak_mae,3.9120492935180664,1
B4,K2,f4,nonop,peak_hit2,0.0,1
B4,K2,f4,nonop,brier_raw_C50,0.0,1
B4,K2,f4,nonop,auc_C50,NaN,1
B4,K2,f4,nonop,n_events_C50,0.0,1
B4,K2,f4,nonop,brier_raw_C75,0.0,1
B4,K2,f4,nonop,auc_C75,NaN,1
B4,K2,f4,nonop,n_events_C75,0.0,1
B4,K2,f4,nonop,brier_raw_C90,0.0,1
B4,K2,f4,nonop,auc_C90,NaN,1
B4,K2,f4,nonop,n_events_C90,0.0,1
B4,K2,f4,nonop,brier_mean_raw,0.0,1
B4,K2,f4,nonop,nll,1.844681393610288,146
B4,K2,pooled,all,peak_mae,14.671847231247845,51
B4,K2,pooled,all,peak_hit2,0.21568627450980393,51
B4,K2,pooled,all,brier_raw_C50,0.027448068627450983,51
B4,K2,pooled,all,auc_C50,0.9669354838709677,51
B4,K2,pooled,all,n_events_C50,31.0,51
B4,K2,pooled,all,brier_raw_C75,0.2051428480392157,51
B4,K2,pooled,all,auc_C75,0.6761904761904762,51
B4,K2,pooled,all,n_events_C75,21.0,51
B4,K2,pooled,all,brier_raw_C90,0.20149925,51
B4,K2,pooled,all,auc_C90,0.6781376518218624,51
B4,K2,pooled,all,n_events_C90,13.0,51
B4,K2,pooled,all,brier_mean_raw,0.14469672222222224,51
B4,K2,pooled,all,nll,3.141293845868757,5016
B4,K2,pooled,op,peak_mae,17.23799329190641,37
B4,K2,pooled,op,peak_hit2,0.2972972972972973,37
B4,K2,pooled,op,brier_raw_C50,0.037833824324324326,37
B4,K2,pooled,op,auc_C50,0.8897849462365591,37
B4,K2,pooled,op,n_events_C50,31.0,37
B4,K2,pooled,op,brier_raw_C75,0.2827644662162162,37
B4,K2,pooled,op,auc_C75,0.39285714285714285,37
B4,K2,pooled,op,n_events_C75,21.0,37
B4,K2,pooled,op,brier_raw_C90,0.27774220945945943,37
B4,K2,pooled,op,auc_C90,0.49038461538461536,37
B4,K2,pooled,op,n_events_C90,13.0,37
B4,K2,pooled,op,brier_mean_raw,0.19944683333333335,37
B4,K2,pooled,op,nll,3.6279481677703607,3622
B4,K2,pooled,nonop,peak_mae,7.889889785221645,14
B4,K2,pooled,nonop,peak_hit2,0.0,14
B4,K2,pooled,nonop,brier_raw_C50,0.0,14
B4,K2,pooled,nonop,auc_C50,NaN,14
B4,K2,pooled,nonop,n_events_C50,0.0,14
B4,K2,pooled,nonop,brier_raw_C75,0.0,14
B4,K2,pooled,nonop,auc_C75,NaN,14
B4,K2,pooled,nonop,n_events_C75,0.0,14
B4,K2,pooled,nonop,brier_raw_C90,0.0,14
B4,K2,pooled,nonop,auc_C90,NaN,14
B4,K2,pooled,nonop,n_events_C90,0.0,14
B4,K2,pooled,nonop,brier_mean_raw,0.0,14
B4,K2,pooled,nonop,nll,1.8768304642851075,1394
B4,re,f1,all,peak_mae,16.56401737531026,12
B4,re,f1,all,peak_hit2,0.4166666666666667,12
B4,re,f1,all,brier_raw_C50,0.17630962500000003,12
B4,re,f1,all,auc_C50,1.0,12
B4,re,f1,all,n_events_C50,8.0,12
B4,re,f1,all,brier_raw_C75,0.2675151875,12
B4,re,f1,all,auc_C75,1.0,12
B4,re,f1,all,n_events_C75,8.0,12
B4,re,f1,all,brier_raw_C90,0.2037967291666667,12
B4,re,f1,all,auc_C90,0.75,12
B4,re,f1,all,n_events_C90,4.0,12
B4,re,f1,all,brier_mean_raw,0.21587384722222225,12
B4,re,f1,all,nll,3.2771105964978537,1152
B4,re,f1,op,peak_mae,19.411316299438475,10
B4,re,f1,op,peak_hit2,0.4,10
B4,re,f1,op,brier_raw_C50,0.21157155000000002,10
B4,re,f1,op,auc_C50,1.0,10
B4,re,f1,op,n_events_C50,8.0,10
B4,re,f1,op,brier_raw_C75,0.321018225,10
B4,re,f1,op,auc_C75,1.0,10
B4,re,f1,op,n_events_C75,8.0,10
B4,re,f1,op,brier_raw_C90,0.24455607500000004,10
B4,re,f1,op,auc_C90,0.6666666666666666,10
B4,re,f1,op,n_events_C90,4.0,10
B4,re,f1,op,brier_mean_raw,0.2590486166666667,10
B4,re,f1,op,nll,3.569771885871887,960
B4,re,f1,nonop,peak_mae,2.3275227546691895,2
B4,re,f1,nonop,peak_hit2,0.5,2
B4,re,f1,nonop,brier_raw_C50,0.0,2
B4,re,f1,nonop,auc_C50,NaN,2
B4,re,f1,nonop,n_events_C50,0.0,2
B4,re,f1,nonop,brier_raw_C75,0.0,2
B4,re,f1,nonop,auc_C75,NaN,2
B4,re,f1,nonop,n_events_C75,0.0,2
B4,re,f1,nonop,brier_raw_C90,0.0,2
B4,re,f1,nonop,auc_C90,NaN,2
B4,re,f1,nonop,n_events_C90,0.0,2
B4,re,f1,nonop,brier_mean_raw,0.0,2
B4,re,f1,nonop,nll,1.8138041496276855,192
B4,re,f2,all,peak_mae,14.632227017329289,13
B4,re,f2,all,peak_hit2,0.15384615384615385,13
B4,re,f2,all,brier_raw_C50,0.08268438461538462,13
B4,re,f2,all,auc_C50,1.0,13
B4,re,f2,all,n_events_C50,7.0,13
B4,re,f2,all,brier_raw_C75,0.16338223076923075,13
B4,re,f2,all,auc_C75,1.0,13
B4,re,f2,all,n_events_C75,7.0,13
B4,re,f2,all,brier_raw_C90,0.229593,13
B4,re,f2,all,auc_C90,1.0,13
B4,re,f2,all,n_events_C90,7.0,13
B4,re,f2,all,brier_mean_raw,0.15855320512820514,13
B4,re,f2,all,nll,2.9031119346618652,1248
B4,re,f2,op,peak_mae,20.67918062210083,8
B4,re,f2,op,peak_hit2,0.25,8
B4,re,f2,op,brier_raw_C50,0.134362125,8
B4,re,f2,op,auc_C50,1.0,8
B4,re,f2,op,n_events_C50,7.0,8
B4,re,f2,op,brier_raw_C75,0.26549612499999997,8
B4,re,f2,op,auc_C75,1.0,8
B4,re,f2,op,n_events_C75,7.0,8
B4,re,f2,op,brier_raw_C90,0.373088625,8
B4,re,f2,op,auc_C90,1.0,8
B4,re,f2,op,n_events_C90,7.0,8
B4,re,f2,op,brier_mean_raw,0.25764895833333334,8
B4,re,f2,op,nll,3.552924007177353,768
B4,re,f2,nonop,peak_mae,4.957101249694825,5
B4,re,f2,nonop,peak_hit2,0.0,5
B4,re,f2,nonop,brier_raw_C50,0.0,5
B4,re,f2,nonop,auc_C50,NaN,5
B4,re,f2,nonop,n_events_C50,0.0,5
B4,re,f2,nonop,brier_raw_C75,0.0,5
B4,re,f2,nonop,auc_C75,NaN,5
B4,re,f2,nonop,n_events_C75,0.0,5
B4,re,f2,nonop,brier_raw_C90,0.0,5
B4,re,f2,nonop,auc_C90,NaN,5
B4,re,f2,nonop,n_events_C90,0.0,5
B4,re,f2,nonop,brier_mean_raw,0.0,5
B4,re,f2,nonop,nll,1.863412618637085,480
B4,re,f3,all,peak_mae,8.770233086177281,14
B4,re,f3,all,peak_hit2,0.2857142857142857,14
B4,re,f3,all,brier_raw_C50,0.06928876785714286,14
B4,re,f3,all,auc_C50,0.9791666666666666,14
B4,re,f3,all,n_events_C50,6.0,14
B4,re,f3,all,brier_raw_C75,0.1319798035714286,14
B4,re,f3,all,auc_C75,0.825,14
B4,re,f3,all,n_events_C75,4.0,14
B4,re,f3,all,brier_raw_C90,0.10859828571428572,14
B4,re,f3,all,auc_C90,0.8333333333333334,14
B4,re,f3,all,n_events_C90,2.0,14
B4,re,f3,all,brier_mean_raw,0.10328895238095237,14
B4,re,f3,all,nll,2.757353433540889,1344
B4,re,f3,op,peak_mae,12.000093460083008,8
B4,re,f3,op,peak_hit2,0.5,8
B4,re,f3,op,brier_raw_C50,0.12125534375000001,8
B4,re,f3,op,auc_C50,0.9166666666666666,8
B4,re,f3,op,n_events_C50,6.0,8
B4,re,f3,op,brier_raw_C75,0.23096465625,8
B4,re,f3,op,auc_C75,0.5625,8
B4,re,f3,op,n_events_C75,4.0,8
B4,re,f3,op,brier_raw_C90,0.190047,8
B4,re,f3,op,auc_C90,0.6666666666666666,8
B4,re,f3,op,n_events_C90,2.0,8
B4,re,f3,op,brier_mean_raw,0.18075566666666668,8
B4,re,f3,op,nll,3.5041882693767548,768
B4,re,f3,nonop,peak_mae,4.4637525876363116,6
B4,re,f3,nonop,peak_hit2,0.0,6
B4,re,f3,nonop,brier_raw_C50,0.0,6
B4,re,f3,nonop,auc_C50,NaN,6
B4,re,f3,nonop,n_events_C50,0.0,6
B4,re,f3,nonop,brier_raw_C75,0.0,6
B4,re,f3,nonop,auc_C75,NaN,6
B4,re,f3,nonop,n_events_C75,0.0,6
B4,re,f3,nonop,brier_raw_C90,0.0,6
B4,re,f3,nonop,auc_C90,NaN,6
B4,re,f3,nonop,n_events_C90,0.0,6
B4,re,f3,nonop,brier_mean_raw,0.0,6
B4,re,f3,nonop,nll,1.7615736524264018,576
B4,re,f4,all,peak_mae,7.76119589805603,12
B4,re,f4,all,peak_hit2,0.16666666666666666,12
B4,re,f4,all,brier_raw_C50,0.07009408333333332,12
B4,re,f4,all,auc_C50,1.0,12
B4,re,f4,all,n_events_C50,10.0,12
B4,re,f4,all,brier_raw_C75,0.22470145833333333,12
B4,re,f4,all,auc_C75,0.525,12
B4,re,f4,all,n_events_C75,2.0,12
B4,re,f4,all,brier_raw_C90,0.09335900000000003,12
B4,re,f4,all,auc_C90,NaN,12
B4,re,f4,all,n_events_C90,0.0,12
B4,re,f4,all,brier_mean_raw,0.12938484722222224,12
B4,re,f4,all,nll,3.463183512477755,1272
B4,re,f4,op,peak_mae,8.27996756813743,11
B4,re,f4,op,peak_hit2,0.09090909090909091,11
B4,re,f4,op,brier_raw_C50,0.0764662727272727,11
B4,re,f4,op,auc_C50,1.0,11
B4,re,f4,op,n_events_C50,10.0,11
B4,re,f4,op,brier_raw_C75,0.24512886363636358,11
B4,re,f4,op,auc_C75,0.4722222222222222,11
B4,re,f4,op,n_events_C75,2.0,11
B4,re,f4,op,brier_raw_C90,0.10184618181818182,11
B4,re,f4,op,auc_C90,NaN,11
B4,re,f4,op,n_events_C90,0.0,11
B4,re,f4,op,brier_mean_raw,0.14114710606060604,11
B4,re,f4,op,nll,3.673553996992365,1126
B4,re,f4,nonop,peak_mae,2.0547075271606445,1
B4,re,f4,nonop,peak_hit2,1.0,1
B4,re,f4,nonop,brier_raw_C50,0.0,1
B4,re,f4,nonop,auc_C50,NaN,1
B4,re,f4,nonop,n_events_C50,0.0,1
B4,re,f4,nonop,brier_raw_C75,0.0,1
B4,re,f4,nonop,auc_C75,NaN,1
B4,re,f4,nonop,n_events_C75,0.0,1
B4,re,f4,nonop,brier_raw_C90,0.0,1
B4,re,f4,nonop,auc_C90,NaN,1
B4,re,f4,nonop,n_events_C90,0.0,1
B4,re,f4,nonop,brier_mean_raw,0.0,1
B4,re,f4,nonop,nll,1.84073717300206,146
B4,re,pooled,all,peak_mae,11.86087791592467,51
B4,re,pooled,all,peak_hit2,0.2549019607843137,51
B4,re,pooled,all,brier_raw_C50,0.09807420098039216,51
B4,re,pooled,all,auc_C50,0.9725806451612903,51
B4,re,pooled,all,n_events_C50,31.0,51
B4,re,pooled,all,brier_raw_C75,0.19369188235294119,51
B4,re,pooled,all,auc_C75,0.6611111111111111,51
B4,re,pooled,all,n_events_C75,21.0,51
B4,re,pooled,all,brier_raw_C90,0.1582539950980392,51
B4,re,pooled,all,auc_C90,0.7904858299595142,51
B4,re,pooled,all,n_events_C90,13.0,51
B4,re,pooled,all,brier_mean_raw,0.1500066928104575,51
B4,re,pooled,all,nll,3.091979175473324,5016
B4,re,pooled,op,peak_mae,14.773702673009923,37
B4,re,pooled,op,peak_hit2,0.2972972972972973,37
B4,re,pooled,op,brier_raw_C50,0.13518335810810808,37
B4,re,pooled,op,auc_C50,0.9086021505376344,37
B4,re,pooled,op,n_events_C50,31.0,37
B4,re,pooled,op,brier_raw_C75,0.2669807027027027,37
B4,re,pooled,op,auc_C75,0.3645833333333333,37
B4,re,pooled,op,n_events_C75,21.0,37
B4,re,pooled,op,brier_raw_C90,0.21813388513513512,37
B4,re,pooled,op,auc_C90,0.6682692307692307,37
B4,re,pooled,op,n_events_C90,13.0,37
B4,re,pooled,op,brier_mean_raw,0.20676598198198196,37
B4,re,pooled,op,nll,3.5845568855449943,3622
B4,re,pooled,nonop,peak_mae,4.1626982007707864,14
B4,re,pooled,nonop,peak_hit2,0.14285714285714285,14
B4,re,pooled,nonop,brier_raw_C50,0.0,14
B4,re,pooled,nonop,auc_C50,NaN,14
B4,re,pooled,nonop,n_events_C50,0.0,14
B4,re,pooled,nonop,brier_raw_C75,0.0,14
B4,re,pooled,nonop,auc_C75,NaN,14
B4,re,pooled,nonop,n_events_C75,0.0,14
B4,re,pooled,nonop,brier_raw_C90,0.0,14
B4,re,pooled,nonop,auc_C90,NaN,14
B4,re,pooled,nonop,n_events_C90,0.0,14
B4,re,pooled,nonop,brier_mean_raw,0.0,14
B4,re,pooled,nonop,nll,1.8121251827333031,1394
B1,AWstar,f1,all,peak_mae,31.03253605634842,12
B1,AWstar,f1,all,peak_hit2,0.4166666666666667,12
B1,AWstar,f1,all,brier_raw_C50,0.06384583608993548,12
B1,AWstar,f1,all,auc_C50,1.0,12
B1,AWstar,f1,all,n_events_C50,8.0,12
B1,AWstar,f1,all,brier_raw_C75,0.5643451954066095,12
B1,AWstar,f1,all,auc_C75,0.75,12
B1,AWstar,f1,all,n_events_C75,8.0,12
B1,AWstar,f1,all,brier_raw_C90,0.24944738128964117,12
B1,AWstar,f1,all,auc_C90,0.890625,12
B1,AWstar,f1,all,n_events_C90,4.0,12
B1,AWstar,f1,all,brier_mean_raw,0.29254613759539544,12
B1,AWstar,f1,all,nll,NaN,0
B1,AWstar,f1,op,peak_mae,22.814886321893717,10
B1,AWstar,f1,op,peak_hit2,0.4,10
B1,AWstar,f1,op,brier_raw_C50,0.07634358416439092,10
B1,AWstar,f1,op,auc_C50,1.0,10
B1,AWstar,f1,op,n_events_C50,8.0,10
B1,AWstar,f1,op,brier_raw_C75,0.6770566409194662,10
B1,AWstar,f1,op,auc_C75,0.625,10
B1,AWstar,f1,op,n_events_C75,8.0,10
B1,AWstar,f1,op,brier_raw_C90,0.29931234069541324,10
B1,AWstar,f1,op,auc_C90,0.8541666666666666,10
B1,AWstar,f1,op,n_events_C90,4.0,10
B1,AWstar,f1,op,brier_mean_raw,0.3509041885930901,10
B1,AWstar,f1,op,nll,NaN,0
B1,AWstar,f1,nonop,peak_mae,72.12078472862193,2
B1,AWstar,f1,nonop,peak_hit2,0.5,2
B1,AWstar,f1,nonop,brier_raw_C50,0.001357095717658163,2
B1,AWstar,f1,nonop,auc_C50,NaN,2
B1,AWstar,f1,nonop,n_events_C50,0.0,2
B1,AWstar,f1,nonop,brier_raw_C75,0.0007879678423269057,2
B1,AWstar,f1,nonop,auc_C75,NaN,2
B1,AWstar,f1,nonop,n_events_C75,0.0,2
B1,AWstar,f1,nonop,brier_raw_C90,0.00012258426078090728,2
B1,AWstar,f1,nonop,auc_C90,NaN,2
B1,AWstar,f1,nonop,n_events_C90,0.0,2
B1,AWstar,f1,nonop,brier_mean_raw,0.000755882606921992,2
B1,AWstar,f1,nonop,nll,NaN,0
B1,AWstar,f2,all,peak_mae,41.97906335440243,13
B1,AWstar,f2,all,peak_hit2,0.07692307692307693,13
B1,AWstar,f2,all,brier_raw_C50,0.007644630462737027,13
B1,AWstar,f2,all,auc_C50,1.0,13
B1,AWstar,f2,all,n_events_C50,7.0,13
B1,AWstar,f2,all,brier_raw_C75,0.04720061619894937,13
B1,AWstar,f2,all,auc_C75,1.0,13
B1,AWstar,f2,all,n_events_C75,7.0,13
B1,AWstar,f2,all,brier_raw_C90,0.2237826413265269,13
B1,AWstar,f2,all,auc_C90,0.7857142857142857,13
B1,AWstar,f2,all,n_events_C90,7.0,13
B1,AWstar,f2,all,brier_mean_raw,0.09287596266273776,13
B1,AWstar,f2,all,nll,NaN,0
B1,AWstar,f2,op,peak_mae,14.187600103267897,8
B1,AWstar,f2,op,peak_hit2,0.125,8
B1,AWstar,f2,op,brier_raw_C50,0.010794026608064309,8
B1,AWstar,f2,op,auc_C50,1.0,8
B1,AWstar,f2,op,n_events_C50,7.0,8
B1,AWstar,f2,op,brier_raw_C75,0.05690721256039016,8
B1,AWstar,f2,op,auc_C75,1.0,8
B1,AWstar,f2,op,n_events_C75,7.0,8
B1,AWstar,f2,op,brier_raw_C90,0.3027094090252376,8
B1,AWstar,f2,op,auc_C90,1.0,8
B1,AWstar,f2,op,n_events_C90,7.0,8
B1,AWstar,f2,op,brier_mean_raw,0.12347021606456403,8
B1,AWstar,f2,op,nll,NaN,0
B1,AWstar,f2,nonop,peak_mae,86.44540455621768,5
B1,AWstar,f2,nonop,peak_hit2,0.0,5
B1,AWstar,f2,nonop,brier_raw_C50,0.0026055966302133706,5
B1,AWstar,f2,nonop,auc_C50,NaN,5
B1,AWstar,f2,nonop,n_events_C50,0.0,5
B1,AWstar,f2,nonop,brier_raw_C75,0.03167006202064411,5
B1,AWstar,f2,nonop,auc_C75,NaN,5
B1,AWstar,f2,nonop,n_events_C75,0.0,5
B1,AWstar,f2,nonop,brier_raw_C90,0.09749981300858972,5
B1,AWstar,f2,nonop,auc_C90,NaN,5
B1,AWstar,f2,nonop,n_events_C90,0.0,5
B1,AWstar,f2,nonop,brier_mean_raw,0.043925157219815734,5
B1,AWstar,f2,nonop,nll,NaN,0
B1,AWstar,f3,all,peak_mae,17.578924906642136,14
B1,AWstar,f3,all,peak_hit2,0.2857142857142857,14
B1,AWstar,f3,all,brier_raw_C50,0.096699732307263,14
B1,AWstar,f3,all,auc_C50,0.9166666666666666,14
B1,AWstar,f3,all,n_events_C50,6.0,14
B1,AWstar,f3,all,brier_raw_C75,0.1750561436699258,14
B1,AWstar,f3,all,auc_C75,0.75,14
B1,AWstar,f3,all,n_events_C75,4.0,14
B1,AWstar,f3,all,brier_raw_C90,0.15588112819064598,14
B1,AWstar,f3,all,auc_C90,0.3333333333333333,14
B1,AWstar,f3,all,n_events_C90,2.0,14
B1,AWstar,f3,all,brier_mean_raw,0.14254566805594496,14
B1,AWstar,f3,all,nll,NaN,0
B1,AWstar,f3,op,peak_mae,17.084726793305258,8
B1,AWstar,f3,op,peak_hit2,0.375,8
B1,AWstar,f3,op,brier_raw_C50,0.16708336508286353,8
B1,AWstar,f3,op,auc_C50,0.6666666666666666,8
B1,AWstar,f3,op,n_events_C50,6.0,8
B1,AWstar,f3,op,brier_raw_C75,0.29188077338249774,8
B1,AWstar,f3,op,auc_C75,0.625,8
B1,AWstar,f3,op,n_events_C75,4.0,8
B1,AWstar,f3,op,brier_raw_C90,0.2716079320267718,8
B1,AWstar,f3,op,auc_C90,0.16666666666666666,8
B1,AWstar,f3,op,n_events_C90,2.0,8
B1,AWstar,f3,op,brier_mean_raw,0.24352402349737767,8
B1,AWstar,f3,op,nll,NaN,0
B1,AWstar,f3,nonop,peak_mae,18.237855724424637,6
B1,AWstar,f3,nonop,peak_hit2,0.16666666666666666,6
B1,AWstar,f3,nonop,brier_raw_C50,0.0028548886064622765,6
B1,AWstar,f3,nonop,auc_C50,NaN,6
B1,AWstar,f3,nonop,n_events_C50,0.0,6
B1,AWstar,f3,nonop,brier_raw_C75,0.01928997071982994,6
B1,AWstar,f3,nonop,auc_C75,NaN,6
B1,AWstar,f3,nonop,n_events_C75,0.0,6
B1,AWstar,f3,nonop,brier_raw_C90,0.0015787230758114981,6
B1,AWstar,f3,nonop,auc_C90,NaN,6
B1,AWstar,f3,nonop,n_events_C90,0.0,6
B1,AWstar,f3,nonop,brier_mean_raw,0.007907860800701239,6
B1,AWstar,f3,nonop,nll,NaN,0
B1,AWstar,f4,all,peak_mae,8.833048219802587,12
B1,AWstar,f4,all,peak_hit2,0.0,12
B1,AWstar,f4,all,brier_raw_C50,0.008037583148251613,12
B1,AWstar,f4,all,auc_C50,1.0,12
B1,AWstar,f4,all,n_events_C50,10.0,12
B1,AWstar,f4,all,brier_raw_C75,0.34288473602196773,12
B1,AWstar,f4,all,auc_C75,0.6,12
B1,AWstar,f4,all,n_events_C75,2.0,12
B1,AWstar,f4,all,brier_raw_C90,0.0680970189315027,12
B1,AWstar,f4,all,auc_C90,NaN,12
B1,AWstar,f4,all,n_events_C90,0.0,12
B1,AWstar,f4,all,brier_mean_raw,0.139673112700574,12
B1,AWstar,f4,all,nll,NaN,0
B1,AWstar,f4,op,peak_mae,9.535148172263838,11
B1,AWstar,f4,op,peak_hit2,0.0,11
B1,AWstar,f4,op,brier_raw_C50,0.008768135250146513,11
B1,AWstar,f4,op,auc_C50,1.0,11
B1,AWstar,f4,op,n_events_C50,10.0,11
B1,AWstar,f4,op,brier_raw_C75,0.37405602579241143,11
B1,AWstar,f4,op,auc_C75,0.5555555555555556,11
B1,AWstar,f4,op,n_events_C75,2.0,11
B1,AWstar,f4,op,brier_raw_C90,0.07422978087288162,11
B1,AWstar,f4,op,auc_C90,NaN,11
B1,AWstar,f4,op,n_events_C90,0.0,11
B1,AWstar,f4,op,brier_mean_raw,0.15235131397181315,11
B1,AWstar,f4,op,nll,NaN,0
B1,AWstar,f4,nonop,peak_mae,1.1099487427288075,1
B1,AWstar,f4,nonop,peak_hit2,0.0,1
B1,AWstar,f4,nonop,brier_raw_C50,1.5100274077139174e-6,1
B1,AWstar,f4,nonop,auc_C50,NaN,1
B1,AWstar,f4,nonop,n_events_C50,0.0,1
B1,AWstar,f4,nonop,brier_raw_C75,5.485470877198357e-7,1
B1,AWstar,f4,nonop,auc_C75,NaN,1
B1,AWstar,f4,nonop,n_events_C75,0.0,1
B1,AWstar,f4,nonop,brier_raw_C90,0.0006366375763344275,1
B1,AWstar,f4,nonop,auc_C90,NaN,1
B1,AWstar,f4,nonop,n_events_C90,0.0,1
B1,AWstar,f4,nonop,brier_mean_raw,0.00021289871694328707,1
B1,AWstar,f4,nonop,nll,NaN,0
B1,AWstar,pooled,all,peak_mae,24.906270266941835,51
B1,AWstar,pooled,all,peak_hit2,0.19607843137254902,51
B1,AWstar,pooled,all,brier_raw_C50,0.045407401552460945,51
B1,AWstar,pooled,all,auc_C50,0.9693548387096774,51
B1,AWstar,pooled,all,n_events_C50,31.0,51
B1,AWstar,pooled,all,brier_raw_C75,0.2735520235119261,51
B1,AWstar,pooled,all,auc_C75,0.680952380952381,51
B1,AWstar,pooled,all,n_events_C75,21.0,51
B1,AWstar,pooled,all,brier_raw_C90,0.17454986146211018,51
B1,AWstar,pooled,all,auc_C90,0.7236842105263158,51
B1,AWstar,pooled,all,n_events_C90,13.0,51
B1,AWstar,pooled,all,brier_mean_raw,0.1645030955088324,51
B1,AWstar,pooled,all,nll,NaN,0
B1,AWstar,pooled,op,peak_mae,15.762543467200663,37
B1,AWstar,pooled,op,peak_hit2,0.21621621621621623,37
B1,AWstar,pooled,op,brier_raw_C50,0.06170012061953902,37
B1,AWstar,pooled,op,auc_C50,0.8978494623655914,37
B1,AWstar,pooled,op,n_events_C50,31.0,37
B1,AWstar,pooled,op,brier_raw_C75,0.3696077454176835,37
B1,AWstar,pooled,op,auc_C75,0.5565476190476191,37
B1,AWstar,pooled,op,n_events_C75,21.0,37
B1,AWstar,pooled,op,brier_raw_C90,0.22714026283707853,37
B1,AWstar,pooled,op,auc_C90,0.7035256410256411,37
B1,AWstar,pooled,op,n_events_C90,13.0,37
B1,AWstar,pooled,op,brier_mean_raw,0.219482709624767,37
B1,AWstar,pooled,op,nll,NaN,0
B1,AWstar,pooled,nonop,peak_mae,49.07183395197207,14
B1,AWstar,pooled,nonop,peak_hit2,0.14285714285714285,14
B1,AWstar,pooled,nonop,brier_raw_C50,0.002348072589468897,14
B1,AWstar,pooled,nonop,auc_C50,NaN,14
B1,AWstar,pooled,nonop,n_events_C50,0.0,14
B1,AWstar,pooled,nonop,brier_raw_C75,0.019690472760995836,14
B1,AWstar,pooled,nonop,auc_C75,NaN,14
B1,AWstar,pooled,nonop,n_events_C75,0.0,14
B1,AWstar,pooled,nonop,brier_raw_C90,0.03556094354255098,14
B1,AWstar,pooled,nonop,auc_C90,NaN,14
B1,AWstar,pooled,nonop,n_events_C90,0.0,14
B1,AWstar,pooled,nonop,brier_mean_raw,0.019199829631005243,14
B1,AWstar,pooled,nonop,nll,NaN,0
B4,B,f2,all,peak_mae,13.113245010375977,13
B4,B,f2,all,peak_hit2,0.23076923076923078,13
B4,B,f2,all,brier_raw_C50,0.0012116346153846155,13
B4,B,f2,all,auc_C50,1.0,13
B4,B,f2,all,n_events_C50,7.0,13
B4,B,f2,all,brier_raw_C75,0.010253461538461536,13
B4,B,f2,all,auc_C75,1.0,13
B4,B,f2,all,n_events_C75,7.0,13
B4,B,f2,all,brier_raw_C90,0.17087613461538462,13
B4,B,f2,all,auc_C90,1.0,13
B4,B,f2,all,n_events_C90,7.0,13
B4,B,f2,all,brier_mean_raw,0.06078041025641026,13
B4,B,f2,all,nll,3.0537395110497108,1248
B4,B,f2,op,peak_mae,18.649370193481445,8
B4,B,f2,op,peak_hit2,0.25,8
B4,B,f2,op,brier_raw_C50,0.00196890625,8
B4,B,f2,op,auc_C50,1.0,8
B4,B,f2,op,n_events_C50,7.0,8
B4,B,f2,op,brier_raw_C75,0.016661874999999996,8
B4,B,f2,op,auc_C75,1.0,8
B4,B,f2,op,n_events_C75,7.0,8
B4,B,f2,op,brier_raw_C90,0.27767371875,8
B4,B,f2,op,auc_C90,1.0,8
B4,B,f2,op,n_events_C90,7.0,8
B4,B,f2,op,brier_mean_raw,0.09876816666666667,8
B4,B,f2,op,nll,3.6591219902038574,768
B4,B,f2,nonop,peak_mae,4.255444717407227,5
B4,B,f2,nonop,peak_hit2,0.2,5
B4,B,f2,nonop,brier_raw_C50,0.0,5
B4,B,f2,nonop,auc_C50,NaN,5
B4,B,f2,nonop,n_events_C50,0.0,5
B4,B,f2,nonop,brier_raw_C75,0.0,5
B4,B,f2,nonop,auc_C75,NaN,5
B4,B,f2,nonop,n_events_C75,0.0,5
B4,B,f2,nonop,brier_raw_C90,0.0,5
B4,B,f2,nonop,auc_C90,NaN,5
B4,B,f2,nonop,n_events_C90,0.0,5
B4,B,f2,nonop,brier_mean_raw,0.0,5
B4,B,f2,nonop,nll,2.0851275444030763,480
B4,B,f3,all,peak_mae,12.361353056771415,14
B4,B,f3,all,peak_hit2,0.2857142857142857,14
B4,B,f3,all,brier_raw_C50,0.07901848214285714,14
B4,B,f3,all,auc_C50,0.9479166666666666,14
B4,B,f3,all,n_events_C50,6.0,14
B4,B,f3,all,brier_raw_C75,0.16071510714285714,14
B4,B,f3,all,auc_C75,0.8,14
B4,B,f3,all,n_events_C75,4.0,14
B4,B,f3,all,brier_raw_C90,0.10439523214285713,14
B4,B,f3,all,auc_C90,0.7083333333333334,14
B4,B,f3,all,n_events_C90,2.0,14
B4,B,f3,all,brier_mean_raw,0.11470960714285715,14
B4,B,f3,all,nll,2.878587109701974,1344
B4,B,f3,op,peak_mae,19.36223030090332,8
B4,B,f3,op,peak_hit2,0.5,8
B4,B,f3,op,brier_raw_C50,0.13828234375,8
B4,B,f3,op,auc_C50,0.7916666666666666,8
B4,B,f3,op,n_events_C50,6.0,8
B4,B,f3,op,brier_raw_C75,0.2812514375,8
B4,B,f3,op,auc_C75,0.5,8
B4,B,f3,op,n_events_C75,4.0,8
B4,B,f3,op,brier_raw_C90,0.18269165625,8
B4,B,f3,op,auc_C90,0.4166666666666667,8
B4,B,f3,op,n_events_C90,2.0,8
B4,B,f3,op,brier_mean_raw,0.2007418125,8
B4,B,f3,op,nll,3.6868002116680145,768
B4,B,f3,nonop,peak_mae,3.0268500645955405,6
B4,B,f3,nonop,peak_hit2,0.0,6
B4,B,f3,nonop,brier_raw_C50,0.0,6
B4,B,f3,nonop,auc_C50,NaN,6
B4,B,f3,nonop,n_events_C50,0.0,6
B4,B,f3,nonop,brier_raw_C75,0.0,6
B4,B,f3,nonop,auc_C75,NaN,6
B4,B,f3,nonop,n_events_C75,0.0,6
B4,B,f3,nonop,brier_raw_C90,0.0,6
B4,B,f3,nonop,auc_C90,NaN,6
B4,B,f3,nonop,n_events_C90,0.0,6
B4,B,f3,nonop,brier_mean_raw,0.0,6
B4,B,f3,nonop,nll,1.8009696404139202,576
B4,B,f4,all,peak_mae,17.2545108795166,12
B4,B,f4,all,peak_hit2,0.16666666666666666,12
B4,B,f4,all,brier_raw_C50,0.0,12
B4,B,f4,all,auc_C50,1.0,12
B4,B,f4,all,n_events_C50,10.0,12
B4,B,f4,all,brier_raw_C75,0.6255956041666667,12
B4,B,f4,all,auc_C75,0.6,12
B4,B,f4,all,n_events_C75,2.0,12
B4,B,f4,all,brier_raw_C90,0.21074583333333333,12
B4,B,f4,all,auc_C90,NaN,12
B4,B,f4,all,n_events_C90,0.0,12
B4,B,f4,all,brier_mean_raw,0.27878047916666665,12
B4,B,f4,all,nll,3.4619893712817498,1272
B4,B,f4,op,peak_mae,18.73583290793679,11
B4,B,f4,op,peak_hit2,0.09090909090909091,11
B4,B,f4,op,brier_raw_C50,0.0,11
B4,B,f4,op,auc_C50,1.0,11
B4,B,f4,op,n_events_C50,10.0,11
B4,B,f4,op,brier_raw_C75,0.6824679318181818,11
B4,B,f4,op,auc_C75,0.5555555555555556,11
B4,B,f4,op,n_events_C75,2.0,11
B4,B,f4,op,brier_raw_C90,0.22990454545454544,11
B4,B,f4,op,auc_C90,NaN,11
B4,B,f4,op,n_events_C90,0.0,11
B4,B,f4,op,brier_mean_raw,0.30412415909090906,11
B4,B,f4,op,nll,3.655101414472129,1126
B4,B,f4,nonop,peak_mae,0.9599685668945312,1
B4,B,f4,nonop,peak_hit2,1.0,1
B4,B,f4,nonop,brier_raw_C50,0.0,1
B4,B,f4,nonop,auc_C50,NaN,1
B4,B,f4,nonop,n_events_C50,0.0,1
B4,B,f4,nonop,brier_raw_C75,0.0,1
B4,B,f4,nonop,auc_C75,NaN,1
B4,B,f4,nonop,n_events_C75,0.0,1
B4,B,f4,nonop,brier_raw_C90,0.0,1
B4,B,f4,nonop,auc_C90,NaN,1
B4,B,f4,nonop,n_events_C90,0.0,1
B4,B,f4,nonop,brier_mean_raw,0.0,1
B4,B,f4,nonop,nll,1.9726458053066307,146
B4,B,pooled,all,peak_mae,14.11757073035607,39
B4,B,pooled,all,peak_hit2,0.23076923076923078,39
B4,B,pooled,all,brier_raw_C50,0.02876948717948719,39
B4,B,pooled,all,auc_C50,0.9877717391304348,39
B4,B,pooled,all,n_events_C50,23.0,39
B4,B,pooled,all,brier_raw_C75,0.2536013782051282,39
B4,B,pooled,all,auc_C75,0.6923076923076923,39
B4,B,pooled,all,n_events_C75,13.0,39
B4,B,pooled,all,brier_raw_C90,0.15927879487179483,39
B4,B,pooled,all,auc_C90,0.6407407407407407,39
B4,B,pooled,all,n_events_C90,9.0,39
B4,B,pooled,all,brier_mean_raw,0.14721655341880338,39
B4,B,pooled,all,nll,3.1272097478001752,3864
B4,B,pooled,op,peak_mae,18.895813553421586,27
B4,B,pooled,op,peak_hit2,0.25925925925925924,27
B4,B,pooled,op,brier_raw_C50,0.041555925925925934,27
B4,B,pooled,op,auc_C50,0.9510869565217391,27
B4,B,pooled,op,n_events_C50,23.0,27
B4,B,pooled,op,brier_raw_C75,0.3663131018518519,27
B4,B,pooled,op,auc_C75,0.42857142857142855,27
B4,B,pooled,op,n_events_C75,13.0,27
B4,B,pooled,op,brier_raw_C90,0.23006937037037034,27
B4,B,pooled,op,auc_C90,0.4012345679012346,27
B4,B,pooled,op,n_events_C90,9.0,27
B4,B,pooled,op,brier_mean_raw,0.21264613271604935,27
B4,B,pooled,op,nll,3.665406627998954,2662
B4,B,pooled,nonop,peak_mae,3.3665243784586587,12
B4,B,pooled,nonop,peak_hit2,0.16666666666666666,12
B4,B,pooled,nonop,brier_raw_C50,0.0,12
B4,B,pooled,nonop,auc_C50,NaN,12
B4,B,pooled,nonop,n_events_C50,0.0,12
B4,B,pooled,nonop,brier_raw_C75,0.0,12
B4,B,pooled,nonop,auc_C75,NaN,12
B4,B,pooled,nonop,n_events_C75,0.0,12
B4,B,pooled,nonop,brier_raw_C90,0.0,12
B4,B,pooled,nonop,auc_C90,NaN,12
B4,B,pooled,nonop,n_events_C90,0.0,12
B4,B,pooled,nonop,brier_mean_raw,0.0,12
B4,B,pooled,nonop,nll,1.9352961911536295,1202
B4,H,f1,all,peak_mae,8.813114166259766,12
B4,H,f1,all,peak_hit2,0.25,12
B4,H,f1,all,brier_raw_C50,0.01838347916666667,12
B4,H,f1,all,auc_C50,1.0,12
B4,H,f1,all,n_events_C50,8.0,12
B4,H,f1,all,brier_raw_C75,0.04958352083333332,12
B4,H,f1,all,auc_C75,1.0,12
B4,H,f1,all,n_events_C75,8.0,12
B4,H,f1,all,brier_raw_C90,0.17484664583333331,12
B4,H,f1,all,auc_C90,0.8125,12
B4,H,f1,all,n_events_C90,4.0,12
B4,H,f1,all,brier_mean_raw,0.08093788194444444,12
B4,H,f1,all,nll,3.3158138593037925,1152
B4,H,f1,op,peak_mae,9.555519104003906,10
B4,H,f1,op,peak_hit2,0.3,10
B4,H,f1,op,brier_raw_C50,0.022060175000000008,10
B4,H,f1,op,auc_C50,1.0,10
B4,H,f1,op,n_events_C50,8.0,10
B4,H,f1,op,brier_raw_C75,0.05950022499999998,10
B4,H,f1,op,auc_C75,1.0,10
B4,H,f1,op,n_events_C75,8.0,10
B4,H,f1,op,brier_raw_C90,0.209815975,10
B4,H,f1,op,auc_C90,0.75,10
B4,H,f1,op,n_events_C90,4.0,10
B4,H,f1,op,brier_mean_raw,0.09712545833333333,10
B4,H,f1,op,nll,3.61387619972229,960
B4,H,f1,nonop,peak_mae,5.1010894775390625,2
B4,H,f1,nonop,peak_hit2,0.0,2
B4,H,f1,nonop,brier_raw_C50,0.0,2
B4,H,f1,nonop,auc_C50,NaN,2
B4,H,f1,nonop,n_events_C50,0.0,2
B4,H,f1,nonop,brier_raw_C75,0.0,2
B4,H,f1,nonop,auc_C75,NaN,2
B4,H,f1,nonop,n_events_C75,0.0,2
B4,H,f1,nonop,brier_raw_C90,0.0,2
B4,H,f1,nonop,auc_C90,NaN,2
B4,H,f1,nonop,n_events_C90,0.0,2
B4,H,f1,nonop,brier_mean_raw,0.0,2
B4,H,f1,nonop,nll,1.8255021572113037,192
B4,H,f2,all,peak_mae,17.718946016751804,13
B4,H,f2,all,peak_hit2,0.15384615384615385,13
B4,H,f2,all,brier_raw_C50,4.307692307692234e-6,13
B4,H,f2,all,auc_C50,1.0,13
B4,H,f2,all,n_events_C50,7.0,13
B4,H,f2,all,brier_raw_C75,0.0004032884615384618,13
B4,H,f2,all,auc_C75,1.0,13
B4,H,f2,all,n_events_C75,7.0,13
B4,H,f2,all,brier_raw_C90,0.0034114423076923067,13
B4,H,f2,all,auc_C90,1.0,13
B4,H,f2,all,n_events_C90,7.0,13
B4,H,f2,all,brier_mean_raw,0.0012730128205128202,13
B4,H,f2,all,nll,2.9400377090160665,1248
B4,H,f2,op,peak_mae,19.749085426330566,8
B4,H,f2,op,peak_hit2,0.25,8
B4,H,f2,op,brier_raw_C50,6.9999999999998805e-6,8
B4,H,f2,op,auc_C50,1.0,8
B4,H,f2,op,n_events_C50,7.0,8
B4,H,f2,op,brier_raw_C75,0.0006553437500000004,8
B4,H,f2,op,auc_C75,1.0,8
B4,H,f2,op,n_events_C75,7.0,8
B4,H,f2,op,brier_raw_C90,0.005543593749999998,8
B4,H,f2,op,auc_C90,1.0,8
B4,H,f2,op,n_events_C90,7.0,8
B4,H,f2,op,brier_mean_raw,0.002068645833333333,8
B4,H,f2,op,nll,3.49201238155365,768
B4,H,f2,nonop,peak_mae,14.470722961425782,5
B4,H,f2,nonop,peak_hit2,0.0,5
B4,H,f2,nonop,brier_raw_C50,0.0,5
B4,H,f2,nonop,auc_C50,NaN,5
B4,H,f2,nonop,n_events_C50,0.0,5
B4,H,f2,nonop,brier_raw_C75,0.0,5
B4,H,f2,nonop,auc_C75,NaN,5
B4,H,f2,nonop,n_events_C75,0.0,5
B4,H,f2,nonop,brier_raw_C90,0.0,5
B4,H,f2,nonop,auc_C90,NaN,5
B4,H,f2,nonop,n_events_C90,0.0,5
B4,H,f2,nonop,brier_mean_raw,0.0,5
B4,H,f2,nonop,nll,2.0568782329559325,480
B4,H,f3,all,peak_mae,28.51990066255842,14
B4,H,f3,all,peak_hit2,0.2857142857142857,14
B4,H,f3,all,brier_raw_C50,0.23251441071428575,14
B4,H,f3,all,auc_C50,0.875,14
B4,H,f3,all,n_events_C50,6.0,14
B4,H,f3,all,brier_raw_C75,0.2065904642857143,14
B4,H,f3,all,auc_C75,0.825,14
B4,H,f3,all,n_events_C75,4.0,14
B4,H,f3,all,brier_raw_C90,0.20891532142857142,14
B4,H,f3,all,auc_C90,0.6666666666666666,14
B4,H,f3,all,n_events_C90,2.0,14
B4,H,f3,all,brier_mean_raw,0.21600673214285715,14
B4,H,f3,all,nll,3.029363112790244,1344
B4,H,f3,op,peak_mae,37.60921335220337,8
B4,H,f3,op,peak_hit2,0.5,8
B4,H,f3,op,brier_raw_C50,0.40690021875000004,8
B4,H,f3,op,auc_C50,0.5,8
B4,H,f3,op,n_events_C50,6.0,8
B4,H,f3,op,brier_raw_C75,0.3615333125,8
B4,H,f3,op,auc_C75,0.5625,8
B4,H,f3,op,n_events_C75,4.0,8
B4,H,f3,op,brier_raw_C90,0.36560181249999996,8
B4,H,f3,op,auc_C90,0.3333333333333333,8
B4,H,f3,op,n_events_C90,2.0,8
B4,H,f3,op,brier_mean_raw,0.37801178125,8
B4,H,f3,op,nll,3.7560103237628937,768
B4,H,f3,nonop,peak_mae,16.400817076365154,6
B4,H,f3,nonop,peak_hit2,0.0,6
B4,H,f3,nonop,brier_raw_C50,0.0,6
B4,H,f3,nonop,auc_C50,NaN,6
B4,H,f3,nonop,n_events_C50,0.0,6
B4,H,f3,nonop,brier_raw_C75,0.0,6
B4,H,f3,nonop,auc_C75,NaN,6
B4,H,f3,nonop,n_events_C75,0.0,6
B4,H,f3,nonop,brier_raw_C90,0.0,6
B4,H,f3,nonop,auc_C90,NaN,6
B4,H,f3,nonop,n_events_C90,0.0,6
B4,H,f3,nonop,brier_mean_raw,0.0,6
B4,H,f3,nonop,nll,2.060500164826711,576
B4,H,f4,all,peak_mae,36.372262159983315,12
B4,H,f4,all,peak_hit2,0.08333333333333333,12
B4,H,f4,all,brier_raw_C50,0.00014906249999999956,12
B4,H,f4,all,auc_C50,1.0,12
B4,H,f4,all,n_events_C50,10.0,12
B4,H,f4,all,brier_raw_C75,0.5991217083333332,12
B4,H,f4,all,auc_C75,0.65,12
B4,H,f4,all,n_events_C75,2.0,12
B4,H,f4,all,brier_raw_C90,0.6055808125,12
B4,H,f4,all,auc_C90,NaN,12
B4,H,f4,all,n_events_C90,0.0,12
B4,H,f4,all,brier_mean_raw,0.40161719444444444,12
B4,H,f4,all,nll,3.340278728952948,1272
B4,H,f4,op,peak_mae,39.3699011369185,11
B4,H,f4,op,peak_hit2,0.09090909090909091,11
B4,H,f4,op,brier_raw_C50,0.0001626136363636359,11
B4,H,f4,op,auc_C50,1.0,11
B4,H,f4,op,n_events_C50,10.0,11
B4,H,f4,op,brier_raw_C75,0.6535873181818181,11
B4,H,f4,op,auc_C75,0.6111111111111112,11
B4,H,f4,op,n_events_C75,2.0,11
B4,H,f4,op,brier_raw_C90,0.6606336136363637,11
B4,H,f4,op,auc_C90,NaN,11
B4,H,f4,op,n_events_C90,0.0,11
B4,H,f4,op,brier_mean_raw,0.4381278484848485,11
B4,H,f4,op,nll,3.518475109052912,1126
B4,H,f4,nonop,peak_mae,3.398233413696289,1
B4,H,f4,nonop,peak_hit2,0.0,1
B4,H,f4,nonop,brier_raw_C50,0.0,1
B4,H,f4,nonop,auc_C50,NaN,1
B4,H,f4,nonop,n_events_C50,0.0,1
B4,H,f4,nonop,brier_raw_C75,0.0,1
B4,H,f4,nonop,auc_C75,NaN,1
B4,H,f4,nonop,n_events_C75,0.0,1
B4,H,f4,nonop,brier_raw_C90,0.0,1
B4,H,f4,nonop,auc_C90,NaN,1
B4,H,f4,nonop,n_events_C90,0.0,1
B4,H,f4,nonop,brier_mean_raw,0.0,1
B4,H,f4,nonop,nll,1.9659696605107555,146
B4,H,pooled,all,peak_mae,22.977439674676635,51
B4,H,pooled,all,peak_hit2,0.19607843137254902,51
B4,H,pooled,all,brier_raw_C50,0.06818918137254902,51
B4,H,pooled,all,auc_C50,0.9564516129032258,51
B4,H,pooled,all,n_events_C50,31.0,51
B4,H,pooled,all,brier_raw_C75,0.20945043137254898,51
B4,H,pooled,all,auc_C75,0.8063492063492064,51
B4,H,pooled,all,n_events_C75,21.0,51
B4,H,pooled,all,brier_raw_C90,0.24184887745098038,51
B4,H,pooled,all,auc_C90,0.8259109311740891,51
B4,H,pooled,all,n_events_C90,13.0,51
B4,H,pooled,all,brier_mean_raw,0.17316283006535949,51
B4,H,pooled,all,nll,3.1517709716085043,5016
B4,H,pooled,op,peak_mae,26.688932264173353,37
B4,H,pooled,op,peak_hit2,0.2702702702702703,37
B4,H,pooled,op,brier_raw_C50,0.09399049324324324,37
B4,H,pooled,op,auc_C50,0.8548387096774194,37
B4,H,pooled,op,n_events_C50,31.0,37
B4,H,pooled,op,brier_raw_C75,0.2887019459459459,37
B4,H,pooled,op,auc_C75,0.6369047619047619,37
B4,H,pooled,op,n_events_C75,21.0,37
B4,H,pooled,op,brier_raw_C90,0.3333592635135135,37
B4,H,pooled,op,auc_C90,0.7243589743589743,37
B4,H,pooled,op,n_events_C90,13.0,37
B4,H,pooled,op,brier_mean_raw,0.2386839009009009,37
B4,H,pooled,op,nll,3.5885161684732423,3622
B4,H,pooled,nonop,peak_mae,13.168494973863874,14
B4,H,pooled,nonop,peak_hit2,0.0,14
B4,H,pooled,nonop,brier_raw_C50,0.0,14
B4,H,pooled,nonop,auc_C50,NaN,14
B4,H,pooled,nonop,n_events_C50,0.0,14
B4,H,pooled,nonop,brier_raw_C75,0.0,14
B4,H,pooled,nonop,auc_C75,NaN,14
B4,H,pooled,nonop,n_events_C75,0.0,14
B4,H,pooled,nonop,brier_raw_C90,0.0,14
B4,H,pooled,nonop,auc_C90,NaN,14
B4,H,pooled,nonop,n_events_C90,0.0,14
B4,H,pooled,nonop,brier_mean_raw,0.0,14
B4,H,pooled,nonop,nll,2.016985388363109,1394
B4,IO,f1,all,peak_mae,9.887308359146118,12
B4,IO,f1,all,peak_hit2,0.3333333333333333,12
B4,IO,f1,all,brier_raw_C50,0.0432755625,12
B4,IO,f1,all,auc_C50,1.0,12
B4,IO,f1,all,n_events_C50,8.0,12
B4,IO,f1,all,brier_raw_C75,0.1666645208333333,12
B4,IO,f1,all,auc_C75,1.0,12
B4,IO,f1,all,n_events_C75,8.0,12
B4,IO,f1,all,brier_raw_C90,0.21914066666666668,12
B4,IO,f1,all,auc_C90,0.5625,12
B4,IO,f1,all,n_events_C90,4.0,12
B4,IO,f1,all,brier_mean_raw,0.14302691666666667,12
B4,IO,f1,all,nll,3.2065879702568054,1152
B4,IO,f1,op,peak_mae,11.657518768310547,10
B4,IO,f1,op,peak_hit2,0.4,10
B4,IO,f1,op,brier_raw_C50,0.051930675,10
B4,IO,f1,op,auc_C50,1.0,10
B4,IO,f1,op,n_events_C50,8.0,10
B4,IO,f1,op,brier_raw_C75,0.199997425,10
B4,IO,f1,op,auc_C75,1.0,10
B4,IO,f1,op,n_events_C75,8.0,10
B4,IO,f1,op,brier_raw_C90,0.2629688,10
B4,IO,f1,op,auc_C90,0.4166666666666667,10
B4,IO,f1,op,n_events_C90,4.0,10
B4,IO,f1,op,brier_mean_raw,0.17163230000000002,10
B4,IO,f1,op,nll,3.4867196321487426,960
B4,IO,f1,nonop,peak_mae,1.0362563133239746,2
B4,IO,f1,nonop,peak_hit2,0.0,2
B4,IO,f1,nonop,brier_raw_C50,0.0,2
B4,IO,f1,nonop,auc_C50,NaN,2
B4,IO,f1,nonop,n_events_C50,0.0,2
B4,IO,f1,nonop,brier_raw_C75,0.0,2
B4,IO,f1,nonop,auc_C75,NaN,2
B4,IO,f1,nonop,n_events_C75,0.0,2
B4,IO,f1,nonop,brier_raw_C90,0.0,2
B4,IO,f1,nonop,auc_C90,NaN,2
B4,IO,f1,nonop,n_events_C90,0.0,2
B4,IO,f1,nonop,brier_mean_raw,0.0,2
B4,IO,f1,nonop,nll,1.8059296607971191,192
B4,IO,f2,all,peak_mae,10.859776716965895,13
B4,IO,f2,all,peak_hit2,0.15384615384615385,13
B4,IO,f2,all,brier_raw_C50,0.0038675192307692295,13
B4,IO,f2,all,auc_C50,1.0,13
B4,IO,f2,all,n_events_C50,7.0,13
B4,IO,f2,all,brier_raw_C75,0.07148932692307693,13
B4,IO,f2,all,auc_C75,1.0,13
B4,IO,f2,all,n_events_C75,7.0,13
B4,IO,f2,all,brier_raw_C90,0.20033130769230773,13
B4,IO,f2,all,auc_C90,1.0,13
B4,IO,f2,all,n_events_C90,7.0,13
B4,IO,f2,all,brier_mean_raw,0.0918960512820513,13
B4,IO,f2,all,nll,2.84745494218973,1248
B4,IO,f2,op,peak_mae,14.890239238739014,8
B4,IO,f2,op,peak_hit2,0.25,8
B4,IO,f2,op,brier_raw_C50,0.006284718749999997,8
B4,IO,f2,op,auc_C50,1.0,8
B4,IO,f2,op,n_events_C50,7.0,8
B4,IO,f2,op,brier_raw_C75,0.11617015625,8
B4,IO,f2,op,auc_C75,1.0,8
B4,IO,f2,op,n_events_C75,7.0,8
B4,IO,f2,op,brier_raw_C90,0.32553837500000005,8
B4,IO,f2,op,auc_C90,1.0,8
B4,IO,f2,op,n_events_C90,7.0,8
B4,IO,f2,op,brier_mean_raw,0.14933108333333334,8
B4,IO,f2,op,nll,3.4959022402763367,768
B4,IO,f2,nonop,peak_mae,4.411036682128906,5
B4,IO,f2,nonop,peak_hit2,0.0,5
B4,IO,f2,nonop,brier_raw_C50,0.0,5
B4,IO,f2,nonop,auc_C50,NaN,5
B4,IO,f2,nonop,n_events_C50,0.0,5
B4,IO,f2,nonop,brier_raw_C75,0.0,5
B4,IO,f2,nonop,auc_C75,NaN,5
B4,IO,f2,nonop,n_events_C75,0.0,5
B4,IO,f2,nonop,brier_raw_C90,0.0,5
B4,IO,f2,nonop,auc_C90,NaN,5
B4,IO,f2,nonop,n_events_C90,0.0,5
B4,IO,f2,nonop,brier_mean_raw,0.0,5
B4,IO,f2,nonop,nll,1.8099392652511597,480
B4,IO,f3,all,peak_mae,8.273454461778913,14
B4,IO,f3,all,peak_hit2,0.2857142857142857,14
B4,IO,f3,all,brier_raw_C50,0.06842853571428571,14
B4,IO,f3,all,auc_C50,0.8958333333333334,14
B4,IO,f3,all,n_events_C50,6.0,14
B4,IO,f3,all,brier_raw_C75,0.13057092857142857,14
B4,IO,f3,all,auc_C75,0.85,14
B4,IO,f3,all,n_events_C75,4.0,14
B4,IO,f3,all,brier_raw_C90,0.10389305357142856,14
B4,IO,f3,all,auc_C90,0.9166666666666666,14
B4,IO,f3,all,n_events_C90,2.0,14
B4,IO,f3,all,brier_mean_raw,0.10096417261904762,14
B4,IO,f3,all,nll,2.781281794820513,1344
B4,IO,f3,op,peak_mae,11.264247417449951,8
B4,IO,f3,op,peak_hit2,0.5,8
B4,IO,f3,op,brier_raw_C50,0.11974993749999999,8
B4,IO,f3,op,auc_C50,0.5833333333333334,8
B4,IO,f3,op,n_events_C50,6.0,8
B4,IO,f3,op,brier_raw_C75,0.228499125,8
B4,IO,f3,op,auc_C75,0.625,8
B4,IO,f3,op,n_events_C75,4.0,8
B4,IO,f3,op,brier_raw_C90,0.18181284375,8
B4,IO,f3,op,auc_C90,0.8333333333333334,8
B4,IO,f3,op,n_events_C90,2.0,8
B4,IO,f3,op,brier_mean_raw,0.1766873020833333,8
B4,IO,f3,op,nll,3.522632420063019,768
B4,IO,f3,nonop,peak_mae,4.285730520884196,6
B4,IO,f3,nonop,peak_hit2,0.0,6
B4,IO,f3,nonop,brier_raw_C50,0.0,6
B4,IO,f3,nonop,auc_C50,NaN,6
B4,IO,f3,nonop,n_events_C50,0.0,6
B4,IO,f3,nonop,brier_raw_C75,0.0,6
B4,IO,f3,nonop,auc_C75,NaN,6
B4,IO,f3,nonop,n_events_C75,0.0,6
B4,IO,f3,nonop,brier_raw_C90,0.0,6
B4,IO,f3,nonop,auc_C90,NaN,6
B4,IO,f3,nonop,n_events_C90,0.0,6
B4,IO,f3,nonop,brier_mean_raw,0.0,6
B4,IO,f3,nonop,nll,1.7928142944971721,576
B4,IO,f4,all,peak_mae,16.154426733652752,12
B4,IO,f4,all,peak_hit2,0.08333333333333333,12
B4,IO,f4,all,brier_raw_C50,0.00029791666666666654,12
B4,IO,f4,all,auc_C50,1.0,12
B4,IO,f4,all,n_events_C50,10.0,12
B4,IO,f4,all,brier_raw_C75,0.4618503958333333,12
B4,IO,f4,all,auc_C75,0.3,12
B4,IO,f4,all,n_events_C75,2.0,12
B4,IO,f4,all,brier_raw_C90,0.15796310416666667,12
B4,IO,f4,all,auc_C90,NaN,12
B4,IO,f4,all,n_events_C90,0.0,12
B4,IO,f4,all,brier_mean_raw,0.20670380555555556,12
B4,IO,f4,all,nll,3.445075012977768,1272
B4,IO,f4,op,peak_mae,17.49271115389737,11
B4,IO,f4,op,peak_hit2,0.09090909090909091,11
B4,IO,f4,op,brier_raw_C50,0.0003249999999999999,11
B4,IO,f4,op,auc_C50,1.0,11
B4,IO,f4,op,n_events_C50,10.0,11
B4,IO,f4,op,brier_raw_C75,0.5038367954545454,11
B4,IO,f4,op,auc_C75,0.2222222222222222,11
B4,IO,f4,op,n_events_C75,2.0,11
B4,IO,f4,op,brier_raw_C90,0.1723233863636364,11
B4,IO,f4,op,auc_C90,NaN,11
B4,IO,f4,op,n_events_C90,0.0,11
B4,IO,f4,op,brier_mean_raw,0.22549506060606062,11
B4,IO,f4,op,nll,3.666072137402387,1126
B4,IO,f4,nonop,peak_mae,1.433298110961914,1
B4,IO,f4,nonop,peak_hit2,0.0,1
B4,IO,f4,nonop,brier_raw_C50,0.0,1
B4,IO,f4,nonop,auc_C50,NaN,1
B4,IO,f4,nonop,n_events_C50,0.0,1
B4,IO,f4,nonop,brier_raw_C75,0.0,1
B4,IO,f4,nonop,auc_C75,NaN,1
B4,IO,f4,nonop,n_events_C75,0.0,1
B4,IO,f4,nonop,brier_raw_C90,0.0,1
B4,IO,f4,nonop,auc_C90,NaN,1
B4,IO,f4,nonop,n_events_C90,0.0,1
B4,IO,f4,nonop,brier_mean_raw,0.0,1
B4,IO,f4,nonop,nll,1.7406725328262538,146
B4,IO,pooled,all,peak_mae,11.166789821549958,51
B4,IO,pooled,all,peak_hit2,0.21568627450980393,51
B4,IO,pooled,all,brier_raw_C50,0.03002272549019608,51
B4,IO,pooled,all,auc_C50,0.967741935483871,51
B4,IO,pooled,all,n_events_C50,31.0,51
B4,IO,pooled,all,brier_raw_C75,0.2019516323529412,51
B4,IO,pooled,all,auc_C75,0.6603174603174603,51
B4,IO,pooled,all,n_events_C75,21.0,51
B4,IO,pooled,all,brier_raw_C90,0.16831480392156864,51
B4,IO,pooled,all,auc_C90,0.659919028340081,51
B4,IO,pooled,all,n_events_C90,13.0,51
B4,IO,pooled,all,brier_mean_raw,0.13342972058823532,51
B4,IO,pooled,all,nll,3.0637542381050866,5016
B4,IO,pooled,op,peak_mae,14.00624063852671,37
B4,IO,pooled,op,peak_hit2,0.2972972972972973,37
B4,IO,pooled,op,brier_raw_C50,0.041382675675675676,37
B4,IO,pooled,op,auc_C50,0.8924731182795699,37
B4,IO,pooled,op,n_events_C50,31.0,37
B4,IO,pooled,op,brier_raw_C75,0.27836576351351355,37
B4,IO,pooled,op,auc_C75,0.3630952380952381,37
B4,IO,pooled,op,n_events_C75,21.0,37
B4,IO,pooled,op,brier_raw_C90,0.23200148648648652,37
B4,IO,pooled,op,auc_C90,0.46153846153846156,37
B4,IO,pooled,op,n_events_C90,13.0,37
B4,IO,pooled,op,brier_mean_raw,0.18391664189189189,37
B4,IO,pooled,op,nll,3.5520382917500015,3622
B4,IO,pooled,nonop,peak_mae,3.662526948111398,14
B4,IO,pooled,nonop,peak_hit2,0.0,14
B4,IO,pooled,nonop,brier_raw_C50,0.0,14
B4,IO,pooled,nonop,auc_C50,NaN,14
B4,IO,pooled,nonop,n_events_C50,0.0,14
B4,IO,pooled,nonop,brier_raw_C75,0.0,14
B4,IO,pooled,nonop,auc_C75,NaN,14
B4,IO,pooled,nonop,n_events_C75,0.0,14
B4,IO,pooled,nonop,brier_raw_C90,0.0,14
B4,IO,pooled,nonop,auc_C90,NaN,14
B4,IO,pooled,nonop,n_events_C90,0.0,14
B4,IO,pooled,nonop,brier_mean_raw,0.0,14
B4,IO,pooled,nonop,nll,1.7950563598397473,1394
B4,KAN,f1,all,peak_mae,11.997329076131185,12
B4,KAN,f1,all,peak_hit2,0.3333333333333333,12
B4,KAN,f1,all,brier_raw_C50,0.04860133333333334,12
B4,KAN,f1,all,auc_C50,1.0,12
B4,KAN,f1,all,n_events_C50,8.0,12
B4,KAN,f1,all,brier_raw_C75,0.17886891666666668,12
B4,KAN,f1,all,auc_C75,1.0,12
B4,KAN,f1,all,n_events_C75,8.0,12
B4,KAN,f1,all,brier_raw_C90,0.21221354166666664,12
B4,KAN,f1,all,auc_C90,0.609375,12
B4,KAN,f1,all,n_events_C90,4.0,12
B4,KAN,f1,all,brier_mean_raw,0.14656126388888888,12
B4,KAN,f1,all,nll,3.2833959062894187,1152
B4,KAN,f1,op,peak_mae,13.909066772460937,10
B4,KAN,f1,op,peak_hit2,0.4,10
B4,KAN,f1,op,brier_raw_C50,0.05832160000000001,10
B4,KAN,f1,op,auc_C50,1.0,10
B4,KAN,f1,op,n_events_C50,8.0,10
B4,KAN,f1,op,brier_raw_C75,0.21464270000000002,10
B4,KAN,f1,op,auc_C75,1.0,10
B4,KAN,f1,op,n_events_C75,8.0,10
B4,KAN,f1,op,brier_raw_C90,0.25465625,10
B4,KAN,f1,op,auc_C90,0.4791666666666667,10
B4,KAN,f1,op,n_events_C90,4.0,10
B4,KAN,f1,op,brier_mean_raw,0.17587351666666665,10
B4,KAN,f1,op,nll,3.576755499839783,960
B4,KAN,f1,nonop,peak_mae,2.438640594482422,2
B4,KAN,f1,nonop,peak_hit2,0.0,2
B4,KAN,f1,nonop,brier_raw_C50,0.0,2
B4,KAN,f1,nonop,auc_C50,NaN,2
B4,KAN,f1,nonop,n_events_C50,0.0,2
B4,KAN,f1,nonop,brier_raw_C75,0.0,2
B4,KAN,f1,nonop,auc_C75,NaN,2
B4,KAN,f1,nonop,n_events_C75,0.0,2
B4,KAN,f1,nonop,brier_raw_C90,0.0,2
B4,KAN,f1,nonop,auc_C90,NaN,2
B4,KAN,f1,nonop,n_events_C90,0.0,2
B4,KAN,f1,nonop,brier_mean_raw,0.0,2
B4,KAN,f1,nonop,nll,1.8165979385375977,192
B4,KAN,f2,all,peak_mae,8.553147829495943,13
B4,KAN,f2,all,peak_hit2,0.15384615384615385,13
B4,KAN,f2,all,brier_raw_C50,0.0024196538461538452,13
B4,KAN,f2,all,auc_C50,1.0,13
B4,KAN,f2,all,n_events_C50,7.0,13
B4,KAN,f2,all,brier_raw_C75,0.03680257692307691,13
B4,KAN,f2,all,auc_C75,1.0,13
B4,KAN,f2,all,n_events_C75,7.0,13
B4,KAN,f2,all,brier_raw_C90,0.10661009615384615,13
B4,KAN,f2,all,auc_C90,1.0,13
B4,KAN,f2,all,n_events_C90,7.0,13
B4,KAN,f2,all,brier_mean_raw,0.04861077564102563,13
B4,KAN,f2,all,nll,2.8804163474303026,1248
B4,KAN,f2,op,peak_mae,10.90320348739624,8
B4,KAN,f2,op,peak_hit2,0.25,8
B4,KAN,f2,op,brier_raw_C50,0.003931937499999999,8
B4,KAN,f2,op,auc_C50,1.0,8
B4,KAN,f2,op,n_events_C50,7.0,8
B4,KAN,f2,op,brier_raw_C75,0.05980418749999998,8
B4,KAN,f2,op,auc_C75,1.0,8
B4,KAN,f2,op,n_events_C75,7.0,8
B4,KAN,f2,op,brier_raw_C90,0.17324140625,8
B4,KAN,f2,op,auc_C90,1.0,8
B4,KAN,f2,op,n_events_C90,7.0,8
B4,KAN,f2,op,brier_mean_raw,0.07899251041666666,8
B4,KAN,f2,op,nll,3.546009600162506,768
B4,KAN,f2,nonop,peak_mae,4.793058776855469,5
B4,KAN,f2,nonop,peak_hit2,0.0,5
B4,KAN,f2,nonop,brier_raw_C50,0.0,5
B4,KAN,f2,nonop,auc_C50,NaN,5
B4,KAN,f2,nonop,n_events_C50,0.0,5
B4,KAN,f2,nonop,brier_raw_C75,0.0,5
B4,KAN,f2,nonop,auc_C75,NaN,5
B4,KAN,f2,nonop,n_events_C75,0.0,5
B4,KAN,f2,nonop,brier_raw_C90,0.0,5
B4,KAN,f2,nonop,auc_C90,NaN,5
B4,KAN,f2,nonop,n_events_C90,0.0,5
B4,KAN,f2,nonop,brier_mean_raw,0.0,5
B4,KAN,f2,nonop,nll,1.8154671430587768,480
B4,KAN,f3,all,peak_mae,10.781431879316058,14
B4,KAN,f3,all,peak_hit2,0.2857142857142857,14
B4,KAN,f3,all,brier_raw_C50,0.06867607142857143,14
B4,KAN,f3,all,auc_C50,0.9583333333333334,14
B4,KAN,f3,all,n_events_C50,6.0,14
B4,KAN,f3,all,brier_raw_C75,0.15659762500000002,14
B4,KAN,f3,all,auc_C75,0.85,14
B4,KAN,f3,all,n_events_C75,4.0,14
B4,KAN,f3,all,brier_raw_C90,0.13654810714285714,14
B4,KAN,f3,all,auc_C90,0.875,14
B4,KAN,f3,all,n_events_C90,2.0,14
B4,KAN,f3,all,brier_mean_raw,0.12060726785714286,14
B4,KAN,f3,all,nll,2.7168283803122386,1344
B4,KAN,f3,op,peak_mae,14.86966609954834,8
B4,KAN,f3,op,peak_hit2,0.5,8
B4,KAN,f3,op,brier_raw_C50,0.12018312499999999,8
B4,KAN,f3,op,auc_C50,0.8333333333333334,8
B4,KAN,f3,op,n_events_C50,6.0,8
B4,KAN,f3,op,brier_raw_C75,0.27404584374999996,8
B4,KAN,f3,op,auc_C75,0.625,8
B4,KAN,f3,op,n_events_C75,4.0,8
B4,KAN,f3,op,brier_raw_C90,0.2389591875,8
B4,KAN,f3,op,auc_C90,0.75,8
B4,KAN,f3,op,n_events_C90,2.0,8
B4,KAN,f3,op,brier_mean_raw,0.21106271875,8
B4,KAN,f3,op,nll,3.506759077310562,768
B4,KAN,f3,nonop,peak_mae,5.330452919006348,6
B4,KAN,f3,nonop,peak_hit2,0.0,6
B4,KAN,f3,nonop,brier_raw_C50,0.0,6
B4,KAN,f3,nonop,auc_C50,NaN,6
B4,KAN,f3,nonop,n_events_C50,0.0,6
B4,KAN,f3,nonop,brier_raw_C75,0.0,6
B4,KAN,f3,nonop,auc_C75,NaN,6
B4,KAN,f3,nonop,n_events_C75,0.0,6
B4,KAN,f3,nonop,brier_raw_C90,0.0,6
B4,KAN,f3,nonop,auc_C90,NaN,6
B4,KAN,f3,nonop,n_events_C90,0.0,6
B4,KAN,f3,nonop,brier_mean_raw,0.0,6
B4,KAN,f3,nonop,nll,1.6635874509811401,576
B4,KAN,f4,all,peak_mae,14.306979179382324,12
B4,KAN,f4,all,peak_hit2,0.08333333333333333,12
B4,KAN,f4,all,brier_raw_C50,0.00011062499999999967,12
B4,KAN,f4,all,auc_C50,1.0,12
B4,KAN,f4,all,n_events_C50,10.0,12
B4,KAN,f4,all,brier_raw_C75,0.4266486666666667,12
B4,KAN,f4,all,auc_C75,0.2,12
B4,KAN,f4,all,n_events_C75,2.0,12
B4,KAN,f4,all,brier_raw_C90,0.14097420833333335,12
B4,KAN,f4,all,auc_C90,NaN,12
B4,KAN,f4,all,n_events_C90,0.0,12
B4,KAN,f4,all,brier_mean_raw,0.1892445,12
B4,KAN,f4,all,nll,3.46248356238851,1272
B4,KAN,f4,op,peak_mae,15.308319438587535,11
B4,KAN,f4,op,peak_hit2,0.09090909090909091,11
B4,KAN,f4,op,brier_raw_C50,0.00012068181818181782,11
B4,KAN,f4,op,auc_C50,1.0,11
B4,KAN,f4,op,n_events_C50,10.0,11
B4,KAN,f4,op,brier_raw_C75,0.4654349090909091,11
B4,KAN,f4,op,auc_C75,0.1111111111111111,11
B4,KAN,f4,op,n_events_C75,2.0,11
B4,KAN,f4,op,brier_raw_C90,0.15379004545454547,11
B4,KAN,f4,op,auc_C90,NaN,11
B4,KAN,f4,op,n_events_C90,0.0,11
B4,KAN,f4,op,brier_mean_raw,0.20644854545454547,11
B4,KAN,f4,op,nll,3.6747937736036933,1126
B4,KAN,f4,nonop,peak_mae,3.292236328125,1
B4,KAN,f4,nonop,peak_hit2,0.0,1
B4,KAN,f4,nonop,brier_raw_C50,0.0,1
B4,KAN,f4,nonop,auc_C50,NaN,1
B4,KAN,f4,nonop,n_events_C50,0.0,1
B4,KAN,f4,nonop,brier_raw_C75,0.0,1
B4,KAN,f4,nonop,auc_C75,NaN,1
B4,KAN,f4,nonop,n_events_C75,0.0,1
B4,KAN,f4,nonop,brier_raw_C90,0.0,1
B4,KAN,f4,nonop,auc_C90,NaN,1
B4,KAN,f4,nonop,n_events_C90,0.0,1
B4,KAN,f4,nonop,brier_mean_raw,0.0,1
B4,KAN,f4,nonop,nll,1.8250774128796303,146
B4,KAN,pooled,all,peak_mae,11.32907190509871,51
B4,KAN,pooled,all,peak_hit2,0.21568627450980393,51
B4,KAN,pooled,all,brier_raw_C50,0.030930666666666665,51
B4,KAN,pooled,all,auc_C50,0.9725806451612903,51
B4,KAN,pooled,all,n_events_C50,31.0,51
B4,KAN,pooled,all,brier_raw_C75,0.19484335784313725,51
B4,KAN,pooled,all,auc_C75,0.692063492063492,51
B4,KAN,pooled,all,n_events_C75,21.0,51
B4,KAN,pooled,all,brier_raw_C90,0.14776191666666666,51
B4,KAN,pooled,all,auc_C90,0.832995951417004,51
B4,KAN,pooled,all,n_events_C90,13.0,51
B4,KAN,pooled,all,brier_mean_raw,0.12451198039215687,51
B4,KAN,pooled,all,nll,3.076740055848537,5016
B4,KAN,pooled,op,peak_mae,13.88284157417916,37
B4,KAN,pooled,op,peak_hit2,0.2972972972972973,37
B4,KAN,pooled,op,brier_raw_C50,0.04263416216216216,37
B4,KAN,pooled,op,auc_C50,0.9086021505376344,37
B4,KAN,pooled,op,n_events_C50,31.0,37
B4,KAN,pooled,op,brier_raw_C75,0.2685678716216216,37
B4,KAN,pooled,op,auc_C75,0.4226190476190476,37
B4,KAN,pooled,op,n_events_C75,21.0,37
B4,KAN,pooled,op,brier_raw_C90,0.20367183108108108,37
B4,KAN,pooled,op,auc_C90,0.7355769230769231,37
B4,KAN,pooled,op,n_events_C90,13.0,37
B4,KAN,pooled,op,brier_mean_raw,0.17162462162162162,37
B4,KAN,pooled,op,nll,3.5858722841588255,3622
B4,KAN,pooled,nonop,peak_mae,4.5798234939575195,14
B4,KAN,pooled,nonop,peak_hit2,0.0,14
B4,KAN,pooled,nonop,brier_raw_C50,0.0,14
B4,KAN,pooled,nonop,auc_C50,NaN,14
B4,KAN,pooled,nonop,n_events_C50,0.0,14
B4,KAN,pooled,nonop,brier_raw_C75,0.0,14
B4,KAN,pooled,nonop,auc_C75,NaN,14
B4,KAN,pooled,nonop,n_events_C75,0.0,14
B4,KAN,pooled,nonop,brier_raw_C90,0.0,14
B4,KAN,pooled,nonop,auc_C90,NaN,14
B4,KAN,pooled,nonop,n_events_C90,0.0,14
B4,KAN,pooled,nonop,brier_mean_raw,0.0,14
B4,KAN,pooled,nonop,nll,1.7538728170107565,1394
B0,main,f1,all,brier_mean_platt,0.35461087316885603,12
B0,main,f1,all,brier_platt_C50,0.09489785836282744,12
B0,main,f1,all,brier_platt_C75,0.6229731975626298,12
B0,main,f1,all,brier_platt_C90,0.345961563581111,12
B0,main,f1,all,bss_cond_C50,0.41203009734403195,12
B0,main,f1,all,brier_clim_C50,0.3017751479289941,12
B0,main,f1,all,brier_climcond_C50,0.16139917695473252,12
B0,main,f1,all,precision_C50_p05,1.0,12
B0,main,f1,all,recall_C50_p05,1.0,12
B0,main,f1,all,f1_C50_p05,1.0,12
B0,main,f1,all,fn_C50_p05,0.0,12
B0,main,f1,all,fp_C50_p05,0.0,12
B0,main,f1,all,precision_C50_pstar,1.0,12
B0,main,f1,all,recall_C50_pstar,1.0,12
B0,main,f1,all,f1_C50_pstar,1.0,12
B0,main,f1,all,fn_C50_pstar,0.0,12
B0,main,f1,all,fp_C50_pstar,0.0,12
B0,main,f1,all,bss_cond_C75,-0.7277161265432437,12
B0,main,f1,all,brier_clim_C75,0.42587771203155816,12
B0,main,f1,all,brier_climcond_C75,0.3605761316872429,12
B0,main,f1,all,precision_C75_p05,NaN,12
B0,main,f1,all,recall_C75_p05,0.0,12
B0,main,f1,all,f1_C75_p05,0.0,12
B0,main,f1,all,fn_C75_p05,8.0,12
B0,main,f1,all,fp_C75_p05,0.0,12
B0,main,f1,all,precision_C75_pstar,0.3333333333333333,12
B0,main,f1,all,recall_C75_pstar,0.25,12
B0,main,f1,all,f1_C75_pstar,0.2857142857142857,12
B0,main,f1,all,fn_C75_pstar,6.0,12
B0,main,f1,all,fp_C75_pstar,4.0,12
B0,main,f1,all,bss_cond_C90,-0.2933639992339996,12
B0,main,f1,all,brier_clim_C90,0.28796844181459574,12
B0,main,f1,all,brier_climcond_C90,0.2674897119341564,12
B0,main,f1,all,precision_C90_p05,NaN,12
B0,main,f1,all,recall_C90_p05,0.0,12
B0,main,f1,all,f1_C90_p05,0.0,12
B0,main,f1,all,fn_C90_p05,4.0,12
B0,main,f1,all,fp_C90_p05,0.0,12
B0,main,f1,all,precision_C90_pstar,0.0,12
B0,main,f1,all,recall_C90_pstar,0.0,12
B0,main,f1,all,f1_C90_pstar,0.0,12
B0,main,f1,all,fn_C90_pstar,4.0,12
B0,main,f1,all,fp_C90_pstar,6.0,12
B0,main,f1,op,brier_mean_platt,0.41764738495419707,10
B0,main,f1,op,brier_platt_C50,0.10137473472095401,10
B0,main,f1,op,brier_platt_C75,0.74199069045973,10
B0,main,f1,op,brier_platt_C90,0.4095767296819073,10
B0,main,f1,op,bss_cond_C50,0.4765837893678433,10
B0,main,f1,op,brier_clim_C50,0.3325443786982249,10
B0,main,f1,op,brier_climcond_C50,0.19367901234567902,10
B0,main,f1,op,precision_C50_p05,1.0,10
B0,main,f1,op,recall_C50_p05,1.0,10
B0,main,f1,op,f1_C50_p05,1.0,10
B0,main,f1,op,fn_C50_p05,0.0,10
B0,main,f1,op,fp_C50_p05,0.0,10
B0,main,f1,op,precision_C50_pstar,1.0,10
B0,main,f1,op,recall_C50_pstar,1.0,10
B0,main,f1,op,f1_C50_pstar,1.0,10
B0,main,f1,op,fn_C50_pstar,0.0,10
B0,main,f1,op,fp_C50_pstar,0.0,10
B0,main,f1,op,bss_cond_C75,-0.7148266927424707,10
B0,main,f1,op,brier_clim_C75,0.5017751479289941,10
B0,main,f1,op,brier_climcond_C75,0.4326913580246915,10
B0,main,f1,op,precision_C75_p05,NaN,10
B0,main,f1,op,recall_C75_p05,0.0,10
B0,main,f1,op,f1_C75_p05,0.0,10
B0,main,f1,op,fn_C75_p05,8.0,10
B0,main,f1,op,fp_C75_p05,0.0,10
B0,main,f1,op,precision_C75_pstar,0.5,10
B0,main,f1,op,recall_C75_pstar,0.25,10
B0,main,f1,op,f1_C75_pstar,0.3333333333333333,10
B0,main,f1,op,fn_C75_pstar,6.0,10
B0,main,f1,op,fp_C75_pstar,2.0,10
B0,main,f1,op,bss_cond_C90,-0.27598904247055733,10
B0,main,f1,op,brier_clim_C90,0.3443786982248521,10
B0,main,f1,op,brier_climcond_C90,0.32098765432098764,10
B0,main,f1,op,precision_C90_p05,NaN,10
B0,main,f1,op,recall_C90_p05,0.0,10
B0,main,f1,op,f1_C90_p05,0.0,10
B0,main,f1,op,fn_C90_p05,4.0,10
B0,main,f1,op,fp_C90_p05,0.0,10
B0,main,f1,op,precision_C90_pstar,0.0,10
B0,main,f1,op,recall_C90_pstar,0.0,10
B0,main,f1,op,f1_C90_pstar,0.0,10
B0,main,f1,op,fn_C90_pstar,4.0,10
B0,main,f1,op,fp_C90_pstar,4.0,10
B0,main,f1,nonop,brier_mean_platt,0.03942831424215117,2
B0,main,f1,nonop,brier_platt_C50,0.06251347657219457,2
B0,main,f1,nonop,brier_platt_C75,0.027885733077129483,2
B0,main,f1,nonop,brier_platt_C90,0.027885733077129483,2
B0,main,f1,nonop,bss_cond_C50,NaN,2
B0,main,f1,nonop,brier_clim_C50,0.14792899408284024,2
B0,main,f1,nonop,brier_climcond_C50,0.0,2
B0,main,f1,nonop,precision_C50_p05,NaN,2
B0,main,f1,nonop,recall_C50_p05,NaN,2
B0,main,f1,nonop,f1_C50_p05,NaN,2
B0,main,f1,nonop,fn_C50_p05,0.0,2
B0,main,f1,nonop,fp_C50_p05,0.0,2
B0,main,f1,nonop,precision_C50_pstar,NaN,2
B0,main,f1,nonop,recall_C50_pstar,NaN,2
B0,main,f1,nonop,f1_C50_pstar,NaN,2
B0,main,f1,nonop,fn_C50_pstar,0.0,2
B0,main,f1,nonop,fp_C50_pstar,0.0,2
B0,main,f1,nonop,bss_cond_C75,NaN,2
B0,main,f1,nonop,brier_clim_C75,0.0463905325443787,2
B0,main,f1,nonop,brier_climcond_C75,0.0,2
B0,main,f1,nonop,precision_C75_p05,NaN,2
B0,main,f1,nonop,recall_C75_p05,NaN,2
B0,main,f1,nonop,f1_C75_p05,NaN,2
B0,main,f1,nonop,fn_C75_p05,0.0,2
B0,main,f1,nonop,fp_C75_p05,0.0,2
B0,main,f1,nonop,precision_C75_pstar,0.0,2
B0,main,f1,nonop,recall_C75_pstar,NaN,2
B0,main,f1,nonop,f1_C75_pstar,NaN,2
B0,main,f1,nonop,fn_C75_pstar,0.0,2
B0,main,f1,nonop,fp_C75_pstar,2.0,2
B0,main,f1,nonop,bss_cond_C90,NaN,2
B0,main,f1,nonop,brier_clim_C90,0.00591715976331361,2
B0,main,f1,nonop,brier_climcond_C90,0.0,2
B0,main,f1,nonop,precision_C90_p05,NaN,2
B0,main,f1,nonop,recall_C90_p05,NaN,2
B0,main,f1,nonop,f1_C90_p05,NaN,2
B0,main,f1,nonop,fn_C90_p05,0.0,2
B0,main,f1,nonop,fp_C90_p05,0.0,2
B0,main,f1,nonop,precision_C90_pstar,0.0,2
B0,main,f1,nonop,recall_C90_pstar,NaN,2
B0,main,f1,nonop,f1_C90_pstar,NaN,2
B0,main,f1,nonop,fn_C90_pstar,0.0,2
B0,main,f1,nonop,fp_C90_pstar,2.0,2
B0,main,f2,all,brier_mean_platt,0.26575950135623166,13
B0,main,f2,all,brier_platt_C50,0.15383942343239362,13
B0,main,f2,all,brier_platt_C75,0.15358607296274765,13
B0,main,f2,all,brier_platt_C90,0.48985300767355366,13
B0,main,f2,all,bss_cond_C50,-0.3853160429753073,13
B0,main,f2,all,brier_clim_C50,0.26697977347328,13
B0,main,f2,all,brier_climcond_C50,0.11105005548191413,13
B0,main,f2,all,precision_C50_p05,0.7777777777777778,13
B0,main,f2,all,recall_C50_p05,1.0,13
B0,main,f2,all,f1_C50_p05,0.875,13
B0,main,f2,all,fn_C50_p05,0.0,13
B0,main,f2,all,fp_C50_p05,2.0,13
B0,main,f2,all,precision_C50_pstar,0.7777777777777778,13
B0,main,f2,all,recall_C50_pstar,1.0,13
B0,main,f2,all,f1_C50_pstar,0.875,13
B0,main,f2,all,fn_C50_pstar,0.0,13
B0,main,f2,all,fp_C50_pstar,2.0,13
B0,main,f2,all,bss_cond_C75,0.47323164963082043,13
B0,main,f2,all,brier_clim_C75,0.3666203925944187,13
B0,main,f2,all,brier_climcond_C75,0.29156283374866504,13
B0,main,f2,all,precision_C75_p05,0.7777777777777778,13
B0,main,f2,all,recall_C75_p05,1.0,13
B0,main,f2,all,f1_C75_p05,0.875,13
B0,main,f2,all,fn_C75_p05,0.0,13
B0,main,f2,all,fp_C75_p05,2.0,13
B0,main,f2,all,precision_C75_pstar,0.7777777777777778,13
B0,main,f2,all,recall_C75_pstar,1.0,13
B0,main,f2,all,f1_C75_pstar,0.875,13
B0,main,f2,all,fn_C75_pstar,0.0,13
B0,main,f2,all,fp_C75_pstar,2.0,13
B0,main,f2,all,bss_cond_C90,-0.20766691069505505,13
B0,main,f2,all,brier_clim_C90,0.44882390336935774,13
B0,main,f2,all,brier_climcond_C90,0.4056193005997208,13
B0,main,f2,all,precision_C90_p05,NaN,13
B0,main,f2,all,recall_C90_p05,0.0,13
B0,main,f2,all,f1_C90_p05,0.0,13
B0,main,f2,all,fn_C90_p05,7.0,13
B0,main,f2,all,fp_C90_p05,0.0,13
B0,main,f2,all,precision_C90_pstar,1.0,13
B0,main,f2,all,recall_C90_pstar,0.2857142857142857,13
B0,main,f2,all,f1_C90_pstar,0.4444444444444444,13
B0,main,f2,all,fn_C90_pstar,5.0,13
B0,main,f2,all,fp_C90_pstar,0.0,13
B0,main,f2,op,brier_mean_platt,0.2653369301123414,8
B0,main,f2,op,brier_platt_C50,4.833338404262011e-10,8
B0,main,f2,op,brier_platt_C75,6.276153204757221e-7,8
B0,main,f2,op,brier_platt_C90,0.7960101622383697,8
B0,main,f2,op,bss_cond_C50,0.9999999973216024,8
B0,main,f2,op,brier_clim_C50,0.3325392140327205,8
B0,main,f2,op,brier_climcond_C50,0.18045634015811046,8
B0,main,f2,op,precision_C50_p05,1.0,8
B0,main,f2,op,recall_C50_p05,1.0,8
B0,main,f2,op,f1_C50_p05,1.0,8
B0,main,f2,op,fn_C50_p05,0.0,8
B0,main,f2,op,fp_C50_p05,0.0,8
B0,main,f2,op,precision_C50_pstar,1.0,8
B0,main,f2,op,recall_C50_pstar,1.0,8
B0,main,f2,op,f1_C50_pstar,1.0,8
B0,main,f2,op,fn_C50_pstar,0.0,8
B0,main,f2,op,fp_C50_pstar,0.0,8
B0,main,f2,op,bss_cond_C75,0.9999986753290615,8
B0,main,f2,op,brier_clim_C75,0.572039973013999,8
B0,main,f2,op,brier_climcond_C75,0.4737896048415807,8
B0,main,f2,op,precision_C75_p05,1.0,8
B0,main,f2,op,recall_C75_p05,1.0,8
B0,main,f2,op,f1_C75_p05,1.0,8
B0,main,f2,op,fn_C75_p05,0.0,8
B0,main,f2,op,fp_C75_p05,0.0,8
B0,main,f2,op,precision_C75_pstar,1.0,8
B0,main,f2,op,recall_C75_pstar,1.0,8
B0,main,f2,op,f1_C75_pstar,1.0,8
B0,main,f2,op,fn_C75_pstar,0.0,8
B0,main,f2,op,fp_C75_pstar,0.0,8
B0,main,f2,op,bss_cond_C90,-0.20766543112480718,8
B0,main,f2,op,brier_clim_C90,0.7241735537190082,8
B0,main,f2,op,brier_climcond_C90,0.6591313634745462,8
B0,main,f2,op,precision_C90_p05,NaN,8
B0,main,f2,op,recall_C90_p05,0.0,8
B0,main,f2,op,f1_C90_p05,0.0,8
B0,main,f2,op,fn_C90_p05,7.0,8
B0,main,f2,op,fp_C90_p05,0.0,8
B0,main,f2,op,precision_C90_pstar,1.0,8
B0,main,f2,op,recall_C90_pstar,0.2857142857142857,8
B0,main,f2,op,f1_C90_pstar,0.4444444444444444,8
B0,main,f2,op,fn_C90_pstar,5.0,8
B0,main,f2,op,fp_C90_pstar,0.0,8
B0,main,f2,nonop,brier_mean_platt,0.26643561534645616,5
B0,main,f2,nonop,brier_platt_C50,0.3999825001508893,5
B0,main,f2,nonop,brier_platt_C75,0.3993227855186311,5
B0,main,f2,nonop,brier_platt_C90,1.5603698480644167e-6,5
B0,main,f2,nonop,bss_cond_C50,NaN,5
B0,main,f2,nonop,brier_clim_C50,0.16208466857817508,5
B0,main,f2,nonop,brier_climcond_C50,0.0,5
B0,main,f2,nonop,precision_C50_p05,0.0,5
B0,main,f2,nonop,recall_C50_p05,NaN,5
B0,main,f2,nonop,f1_C50_p05,NaN,5
B0,main,f2,nonop,fn_C50_p05,0.0,5
B0,main,f2,nonop,fp_C50_p05,2.0,5
B0,main,f2,nonop,precision_C50_pstar,0.0,5
B0,main,f2,nonop,recall_C50_pstar,NaN,5
B0,main,f2,nonop,f1_C50_pstar,NaN,5
B0,main,f2,nonop,fn_C50_pstar,0.0,5
B0,main,f2,nonop,fp_C50_pstar,2.0,5
B0,main,f2,nonop,bss_cond_C75,NaN,5
B0,main,f2,nonop,brier_clim_C75,0.0379490639230899,5
B0,main,f2,nonop,brier_climcond_C75,0.0,5
B0,main,f2,nonop,precision_C75_p05,0.0,5
B0,main,f2,nonop,recall_C75_p05,NaN,5
B0,main,f2,nonop,f1_C75_p05,NaN,5
B0,main,f2,nonop,fn_C75_p05,0.0,5
B0,main,f2,nonop,fp_C75_p05,2.0,5
B0,main,f2,nonop,precision_C75_pstar,0.0,5
B0,main,f2,nonop,recall_C75_pstar,NaN,5
B0,main,f2,nonop,f1_C75_pstar,NaN,5
B0,main,f2,nonop,fn_C75_pstar,0.0,5
B0,main,f2,nonop,fp_C75_pstar,2.0,5
B0,main,f2,nonop,bss_cond_C90,NaN,5
B0,main,f2,nonop,brier_clim_C90,0.008264462809917356,5
B0,main,f2,nonop,brier_climcond_C90,0.0,5
B0,main,f2,nonop,precision_C90_p05,NaN,5
B0,main,f2,nonop,recall_C90_p05,NaN,5
B0,main,f2,nonop,f1_C90_p05,NaN,5
B0,main,f2,nonop,fn_C90_p05,0.0,5
B0,main,f2,nonop,fp_C90_p05,0.0,5
B0,main,f2,nonop,precision_C90_pstar,NaN,5
B0,main,f2,nonop,recall_C90_pstar,NaN,5
B0,main,f2,nonop,f1_C90_pstar,NaN,5
B0,main,f2,nonop,fn_C90_pstar,0.0,5
B0,main,f2,nonop,fp_C90_pstar,0.0,5
B0,main,f3,all,brier_mean_platt,0.3941351500997679,14
B0,main,f3,all,brier_platt_C50,0.49670223413790826,14
B0,main,f3,all,brier_platt_C75,0.4225307798944213,14
B0,main,f3,all,brier_platt_C90,0.26317243626697395,14
B0,main,f3,all,bss_cond_C50,-3.6572984267880617,14
B0,main,f3,all,brier_clim_C50,0.24571428571428575,14
B0,main,f3,all,brier_climcond_C50,0.1066502913536641,14
B0,main,f3,all,precision_C50_p05,0.25,14
B0,main,f3,all,recall_C50_p05,0.16666666666666666,14
B0,main,f3,all,f1_C50_p05,0.2,14
B0,main,f3,all,fn_C50_p05,5.0,14
B0,main,f3,all,fp_C50_p05,3.0,14
B0,main,f3,all,precision_C50_pstar,0.25,14
B0,main,f3,all,recall_C50_pstar,0.16666666666666666,14
B0,main,f3,all,f1_C50_pstar,0.2,14
B0,main,f3,all,fn_C50_pstar,5.0,14
B0,main,f3,all,fp_C50_pstar,3.0,14
B0,main,f3,all,bss_cond_C75,-1.7044254144022588,14
B0,main,f3,all,brier_clim_C75,0.20964726631393302,14
B0,main,f3,all,brier_climcond_C75,0.15623680270280646,14
B0,main,f3,all,precision_C75_p05,0.0,14
B0,main,f3,all,recall_C75_p05,0.0,14
B0,main,f3,all,f1_C75_p05,0.0,14
B0,main,f3,all,fn_C75_p05,4.0,14
B0,main,f3,all,fp_C75_p05,3.0,14
B0,main,f3,all,precision_C75_pstar,0.0,14
B0,main,f3,all,recall_C75_pstar,0.0,14
B0,main,f3,all,f1_C75_pstar,0.0,14
B0,main,f3,all,fn_C75_pstar,4.0,14
B0,main,f3,all,fp_C75_pstar,3.0,14
B0,main,f3,all,bss_cond_C90,-1.3088085036867194,14
B0,main,f3,all,brier_clim_C90,0.12536155202821872,14
B0,main,f3,all,brier_climcond_C90,0.11398625561485008,14
B0,main,f3,all,precision_C90_p05,0.0,14
B0,main,f3,all,recall_C90_p05,0.0,14
B0,main,f3,all,f1_C90_p05,0.0,14
B0,main,f3,all,fn_C90_p05,2.0,14
B0,main,f3,all,fp_C90_p05,3.0,14
B0,main,f3,all,precision_C90_pstar,0.0,14
B0,main,f3,all,recall_C90_pstar,0.0,14
B0,main,f3,all,f1_C90_pstar,0.0,14
B0,main,f3,all,fn_C90_pstar,2.0,14
B0,main,f3,all,fp_C90_pstar,3.0,14
B0,main,f3,op,brier_mean_platt,0.5361220386117604,8
B0,main,f3,op,brier_platt_C50,0.7091147831853002,8
B0,main,f3,op,brier_platt_C75,0.579314738259198,8
B0,main,f3,op,brier_platt_C90,0.3199365943907831,8
B0,main,f3,op,bss_cond_C50,-2.799412475965409,8
B0,main,f3,op,brier_clim_C50,0.31,8
B0,main,f3,op,brier_climcond_C50,0.1866380098689122,8
B0,main,f3,op,precision_C50_p05,0.5,8
B0,main,f3,op,recall_C50_p05,0.16666666666666666,8
B0,main,f3,op,f1_C50_p05,0.25,8
B0,main,f3,op,fn_C50_p05,5.0,8
B0,main,f3,op,fp_C50_p05,1.0,8
B0,main,f3,op,precision_C50_pstar,0.5,8
B0,main,f3,op,recall_C50_pstar,0.16666666666666666,8
B0,main,f3,op,f1_C50_pstar,0.25,8
B0,main,f3,op,fn_C50_pstar,5.0,8
B0,main,f3,op,fp_C50_pstar,1.0,8
B0,main,f3,op,bss_cond_C75,-1.118815717962871,8
B0,main,f3,op,brier_clim_C75,0.33345679012345675,8
B0,main,f3,op,brier_climcond_C75,0.2734144047299113,8
B0,main,f3,op,precision_C75_p05,0.0,8
B0,main,f3,op,recall_C75_p05,0.0,8
B0,main,f3,op,f1_C75_p05,0.0,8
B0,main,f3,op,fn_C75_p05,4.0,8
B0,main,f3,op,fp_C75_p05,1.0,8
B0,main,f3,op,precision_C75_pstar,0.0,8
B0,main,f3,op,recall_C75_pstar,0.0,8
B0,main,f3,op,f1_C75_pstar,0.0,8
B0,main,f3,op,fn_C75_pstar,4.0,8
B0,main,f3,op,fp_C75_pstar,1.0,8
B0,main,f3,op,bss_cond_C90,-0.6038855745747442,8
B0,main,f3,op,brier_clim_C90,0.2134567901234568,8
B0,main,f3,op,brier_climcond_C90,0.19947594732598764,8
B0,main,f3,op,precision_C90_p05,0.0,8
B0,main,f3,op,recall_C90_p05,0.0,8
B0,main,f3,op,f1_C90_p05,0.0,8
B0,main,f3,op,fn_C90_p05,2.0,8
B0,main,f3,op,fp_C90_p05,1.0,8
B0,main,f3,op,precision_C90_pstar,0.0,8
B0,main,f3,op,recall_C90_pstar,0.0,8
B0,main,f3,op,f1_C90_pstar,0.0,8
B0,main,f3,op,fn_C90_pstar,2.0,8
B0,main,f3,op,fp_C90_pstar,1.0,8
B0,main,f3,nonop,brier_mean_platt,0.2048192987504445,6
B0,main,f3,nonop,brier_platt_C50,0.21348550207471936,6
B0,main,f3,nonop,brier_platt_C75,0.21348550207471936,6
B0,main,f3,nonop,brier_platt_C90,0.18748689210189487,6
B0,main,f3,nonop,bss_cond_C50,NaN,6
B0,main,f3,nonop,brier_clim_C50,0.16000000000000003,6
B0,main,f3,nonop,brier_climcond_C50,0.0,6
B0,main,f3,nonop,precision_C50_p05,0.0,6
B0,main,f3,nonop,recall_C50_p05,NaN,6
B0,main,f3,nonop,f1_C50_p05,NaN,6
B0,main,f3,nonop,fn_C50_p05,0.0,6
B0,main,f3,nonop,fp_C50_p05,2.0,6
B0,main,f3,nonop,precision_C50_pstar,0.0,6
B0,main,f3,nonop,recall_C50_pstar,NaN,6
B0,main,f3,nonop,f1_C50_pstar,NaN,6
B0,main,f3,nonop,fn_C50_pstar,0.0,6
B0,main,f3,nonop,fp_C50_pstar,2.0,6
B0,main,f3,nonop,bss_cond_C75,NaN,6
B0,main,f3,nonop,brier_clim_C75,0.04456790123456789,6
B0,main,f3,nonop,brier_climcond_C75,0.0,6
B0,main,f3,nonop,precision_C75_p05,0.0,6
B0,main,f3,nonop,recall_C75_p05,NaN,6
B0,main,f3,nonop,f1_C75_p05,NaN,6
B0,main,f3,nonop,fn_C75_p05,0.0,6
B0,main,f3,nonop,fp_C75_p05,2.0,6
B0,main,f3,nonop,precision_C75_pstar,0.0,6
B0,main,f3,nonop,recall_C75_pstar,NaN,6
B0,main,f3,nonop,f1_C75_pstar,NaN,6
B0,main,f3,nonop,fn_C75_pstar,0.0,6
B0,main,f3,nonop,fp_C75_pstar,2.0,6
B0,main,f3,nonop,bss_cond_C90,NaN,6
B0,main,f3,nonop,brier_clim_C90,0.007901234567901235,6
B0,main,f3,nonop,brier_climcond_C90,0.0,6
B0,main,f3,nonop,precision_C90_p05,0.0,6
B0,main,f3,nonop,recall_C90_p05,NaN,6
B0,main,f3,nonop,f1_C90_p05,NaN,6
B0,main,f3,nonop,fn_C90_p05,0.0,6
B0,main,f3,nonop,fp_C90_p05,2.0,6
B0,main,f3,nonop,precision_C90_pstar,0.0,6
B0,main,f3,nonop,recall_C90_pstar,NaN,6
B0,main,f3,nonop,f1_C90_pstar,NaN,6
B0,main,f3,nonop,fn_C90_pstar,0.0,6
B0,main,f3,nonop,fp_C90_pstar,2.0,6
B0,main,f4,all,brier_mean_platt,0.08954477531050921,12
B0,main,f4,all,brier_platt_C50,0.08328751728297577,12
B0,main,f4,all,brier_platt_C75,0.16675543669243276,12
B0,main,f4,all,brier_platt_C90,0.01859137195611905,12
B0,main,f4,all,bss_cond_C50,0.46820376454633705,12
B0,main,f4,all,brier_clim_C50,0.3402366863905326,12
B0,main,f4,all,brier_climcond_C50,0.1566154698555268,12
B0,main,f4,all,precision_C50_p05,0.8333333333333334,12
B0,main,f4,all,recall_C50_p05,1.0,12
B0,main,f4,all,f1_C50_p05,0.9090909090909091,12
B0,main,f4,all,fn_C50_p05,0.0,12
B0,main,f4,all,fp_C50_p05,2.0,12
B0,main,f4,all,precision_C50_pstar,0.8333333333333334,12
B0,main,f4,all,recall_C50_pstar,1.0,12
B0,main,f4,all,f1_C50_pstar,0.9090909090909091,12
B0,main,f4,all,fn_C50_pstar,0.0,12
B0,main,f4,all,fp_C50_pstar,2.0,12
B0,main,f4,all,bss_cond_C75,-0.17915225305171556,12
B0,main,f4,all,brier_clim_C75,0.13954635108481264,12
B0,main,f4,all,brier_climcond_C75,0.1414197668374545,12
B0,main,f4,all,precision_C75_p05,0.25,12
B0,main,f4,all,recall_C75_p05,1.0,12
B0,main,f4,all,f1_C75_p05,0.4,12
B0,main,f4,all,fn_C75_p05,0.0,12
B0,main,f4,all,fp_C75_p05,6.0,12
B0,main,f4,all,precision_C75_pstar,0.25,12
B0,main,f4,all,recall_C75_pstar,1.0,12
B0,main,f4,all,f1_C75_pstar,0.4,12
B0,main,f4,all,fn_C75_pstar,0.0,12
B0,main,f4,all,fp_C75_pstar,6.0,12
B0,main,f4,all,bss_cond_C90,-0.5648125383315954,12
B0,main,f4,all,brier_clim_C90,0.005917159763313611,12
B0,main,f4,all,brier_climcond_C90,0.011880894037276305,12
B0,main,f4,all,precision_C90_p05,NaN,12
B0,main,f4,all,recall_C90_p05,NaN,12
B0,main,f4,all,f1_C90_p05,NaN,12
B0,main,f4,all,fn_C90_p05,0.0,12
B0,main,f4,all,fp_C90_p05,0.0,12
B0,main,f4,all,precision_C90_pstar,0.0,12
B0,main,f4,all,recall_C90_pstar,NaN,12
B0,main,f4,all,f1_C90_pstar,NaN,12
B0,main,f4,all,fn_C90_pstar,0.0,12
B0,main,f4,all,fp_C90_pstar,8.0,12
B0,main,f4,op,brier_mean_platt,0.07580011171509761,11
B0,main,f4,op,brier_platt_C50,0.05049011880112366,11
B0,main,f4,op,brier_platt_C75,0.15916378630814196,11
B0,main,f4,op,brier_platt_C90,0.01774643003602719,11
B0,main,f4,op,bss_cond_C50,0.7044825205088336,11
B0,main,f4,op,brier_clim_C50,0.3577192038730501,11
B0,main,f4,op,brier_climcond_C50,0.17085323984239287,11
B0,main,f4,op,precision_C50_p05,0.9090909090909091,11
B0,main,f4,op,recall_C50_p05,1.0,11
B0,main,f4,op,f1_C50_p05,0.9523809523809523,11
B0,main,f4,op,fn_C50_p05,0.0,11
B0,main,f4,op,fp_C50_p05,1.0,11
B0,main,f4,op,precision_C50_pstar,0.9090909090909091,11
B0,main,f4,op,recall_C50_pstar,1.0,11
B0,main,f4,op,f1_C50_pstar,0.9523809523809523,11
B0,main,f4,op,fn_C50_pstar,0.0,11
B0,main,f4,op,fp_C50_pstar,1.0,11
B0,main,f4,op,bss_cond_C75,-0.03168136047646919,11
B0,main,f4,op,brier_clim_C75,0.14887036040882198,11
B0,main,f4,op,brier_climcond_C75,0.1542761092772231,11
B0,main,f4,op,precision_C75_p05,0.2857142857142857,11
B0,main,f4,op,recall_C75_p05,1.0,11
B0,main,f4,op,f1_C75_p05,0.4444444444444444,11
B0,main,f4,op,fn_C75_p05,0.0,11
B0,main,f4,op,fp_C75_p05,5.0,11
B0,main,f4,op,precision_C75_pstar,0.2857142857142857,11
B0,main,f4,op,recall_C75_pstar,1.0,11
B0,main,f4,op,f1_C75_pstar,0.4444444444444444,11
B0,main,f4,op,fn_C75_pstar,0.0,11
B0,main,f4,op,fp_C75_pstar,5.0,11
B0,main,f4,op,bss_cond_C90,-0.3692202636702915,11
B0,main,f4,op,brier_clim_C90,0.005917159763313611,11
B0,main,f4,op,brier_climcond_C90,0.012960975313392332,11
B0,main,f4,op,precision_C90_p05,NaN,11
B0,main,f4,op,recall_C90_p05,NaN,11
B0,main,f4,op,f1_C90_p05,NaN,11
B0,main,f4,op,fn_C90_p05,0.0,11
B0,main,f4,op,fp_C90_p05,0.0,11
B0,main,f4,op,precision_C90_pstar,0.0,11
B0,main,f4,op,recall_C90_pstar,NaN,11
B0,main,f4,op,f1_C90_pstar,NaN,11
B0,main,f4,op,fn_C90_pstar,0.0,11
B0,main,f4,op,fp_C90_pstar,7.0,11
B0,main,f4,nonop,brier_mean_platt,0.2407360748600368,1
B0,main,f4,nonop,brier_platt_C50,0.444058900583349,1
B0,main,f4,nonop,brier_platt_C75,0.2502635909196319,1
B0,main,f4,nonop,brier_platt_C90,0.02788573307712952,1
B0,main,f4,nonop,bss_cond_C50,NaN,1
B0,main,f4,nonop,brier_clim_C50,0.14792899408284024,1
B0,main,f4,nonop,brier_climcond_C50,0.0,1
B0,main,f4,nonop,precision_C50_p05,0.0,1
B0,main,f4,nonop,recall_C50_p05,NaN,1
B0,main,f4,nonop,f1_C50_p05,NaN,1
B0,main,f4,nonop,fn_C50_p05,0.0,1
B0,main,f4,nonop,fp_C50_p05,1.0,1
B0,main,f4,nonop,precision_C50_pstar,0.0,1
B0,main,f4,nonop,recall_C50_pstar,NaN,1
B0,main,f4,nonop,f1_C50_pstar,NaN,1
B0,main,f4,nonop,fn_C50_pstar,0.0,1
B0,main,f4,nonop,fp_C50_pstar,1.0,1
B0,main,f4,nonop,bss_cond_C75,NaN,1
B0,main,f4,nonop,brier_clim_C75,0.03698224852071006,1
B0,main,f4,nonop,brier_climcond_C75,0.0,1
B0,main,f4,nonop,precision_C75_p05,0.0,1
B0,main,f4,nonop,recall_C75_p05,NaN,1
B0,main,f4,nonop,f1_C75_p05,NaN,1
B0,main,f4,nonop,fn_C75_p05,0.0,1
B0,main,f4,nonop,fp_C75_p05,1.0,1
B0,main,f4,nonop,precision_C75_pstar,0.0,1
B0,main,f4,nonop,recall_C75_pstar,NaN,1
B0,main,f4,nonop,f1_C75_pstar,NaN,1
B0,main,f4,nonop,fn_C75_pstar,0.0,1
B0,main,f4,nonop,fp_C75_pstar,1.0,1
B0,main,f4,nonop,bss_cond_C90,NaN,1
B0,main,f4,nonop,brier_clim_C90,0.00591715976331361,1
B0,main,f4,nonop,brier_climcond_C90,0.0,1
B0,main,f4,nonop,precision_C90_p05,NaN,1
B0,main,f4,nonop,recall_C90_p05,NaN,1
B0,main,f4,nonop,f1_C90_p05,NaN,1
B0,main,f4,nonop,fn_C90_p05,0.0,1
B0,main,f4,nonop,fp_C90_p05,0.0,1
B0,main,f4,nonop,precision_C90_pstar,0.0,1
B0,main,f4,nonop,recall_C90_pstar,NaN,1
B0,main,f4,nonop,f1_C90_pstar,NaN,1
B0,main,f4,nonop,fn_C90_pstar,0.0,1
B0,main,f4,nonop,fp_C90_pstar,1.0,1
B0,main,pooled,all,brier_mean_platt,0.2804437921721597,51
B0,main,pooled,all,brier_platt_C50,0.21748957431963672,51
B0,main,pooled,all,brier_platt_C75,0.3409567348646739,51
B0,main,pooled,all,brier_platt_C90,0.2828850673321685,51
B0,main,pooled,all,bss_cond_C50,-0.6425414401293803,51
B0,main,pooled,all,brier_clim_C50,0.2865662562154306,51
B0,main,pooled,all,brier_climcond_C50,0.13241040317528027,51
B0,main,pooled,all,precision_C50_p05,0.7878787878787878,51
B0,main,pooled,all,recall_C50_p05,0.8387096774193549,51
B0,main,pooled,all,f1_C50_p05,0.8125,51
B0,main,pooled,all,fn_C50_p05,5.0,51
B0,main,pooled,all,fp_C50_p05,7.0,51
B0,main,pooled,all,precision_C50_pstar,0.7878787878787878,51
B0,main,pooled,all,recall_C50_pstar,0.8387096774193549,51
B0,main,pooled,all,f1_C50_pstar,0.8125,51
B0,main,pooled,all,fn_C50_pstar,5.0,51
B0,main,pooled,all,fp_C50_pstar,7.0,51
B0,main,pooled,all,bss_cond_C75,-0.4488750094533822,51
B0,main,pooled,all,brier_clim_C75,0.28404344293174416,51
B0,main,pooled,all,brier_climcond_C75,0.235325154095457,51
B0,main,pooled,all,precision_C75_p05,0.45,51
B0,main,pooled,all,recall_C75_p05,0.42857142857142855,51
B0,main,pooled,all,f1_C75_p05,0.43902439024390244,51
B0,main,pooled,all,fn_C75_p05,12.0,51
B0,main,pooled,all,fp_C75_p05,11.0,51
B0,main,pooled,all,precision_C75_pstar,0.4230769230769231,51
B0,main,pooled,all,recall_C75_pstar,0.5238095238095238,51
B0,main,pooled,all,f1_C75_pstar,0.46808510638297873,51
B0,main,pooled,all,fn_C75_pstar,10.0,51
B0,main,pooled,all,fp_C75_pstar,15.0,51
B0,main,pooled,all,bss_cond_C90,-0.4114770436802584,51
B0,main,pooled,all,brier_clim_C90,0.21796862139473777,51
B0,main,pooled,all,brier_climcond_C90,0.20041775996198943,51
B0,main,pooled,all,precision_C90_p05,0.0,51
B0,main,pooled,all,recall_C90_p05,0.0,51
B0,main,pooled,all,f1_C90_p05,0.0,51
B0,main,pooled,all,fn_C90_p05,13.0,51
B0,main,pooled,all,fp_C90_p05,3.0,51
B0,main,pooled,all,precision_C90_pstar,0.10526315789473684,51
B0,main,pooled,all,recall_C90_pstar,0.15384615384615385,51
B0,main,pooled,all,f1_C90_pstar,0.125,51
B0,main,pooled,all,fn_C90_pstar,11.0,51
B0,main,pooled,all,fp_C90_pstar,17.0,51
B0,main,pooled,op,brier_mean_platt,0.30870126562705025,37
B0,main,pooled,op,brier_platt_C50,0.1957312681992155,37
B0,main,pooled,op,brier_platt_C75,0.373114364350892,37
B0,main,pooled,op,brier_platt_C90,0.357258164331043,37
B0,main,pooled,op,bss_cond_C50,-0.07243171789570613,37
B0,main,pooled,op,brier_clim_C50,0.3351532092391234,37
B0,main,pooled,op,brier_climcond_C50,0.1825116368091701,37
B0,main,pooled,op,precision_C50_p05,0.9285714285714286,37
B0,main,pooled,op,recall_C50_p05,0.8387096774193549,37
B0,main,pooled,op,f1_C50_p05,0.8813559322033898,37
B0,main,pooled,op,fn_C50_p05,5.0,37
B0,main,pooled,op,fp_C50_p05,2.0,37
B0,main,pooled,op,precision_C50_pstar,0.9285714285714286,37
B0,main,pooled,op,recall_C50_pstar,0.8387096774193549,37
B0,main,pooled,op,f1_C50_pstar,0.8813559322033898,37
B0,main,pooled,op,fn_C50_pstar,5.0,37
B0,main,pooled,op,fp_C50_pstar,2.0,37
B0,main,pooled,op,bss_cond_C75,-0.15028422861588875,37
B0,main,pooled,op,brier_clim_C75,0.37565674456450343,37
B0,main,pooled,op,brier_climcond_C75,0.32436710429373805,37
B0,main,pooled,op,precision_C75_p05,0.6,37
B0,main,pooled,op,recall_C75_p05,0.42857142857142855,37
B0,main,pooled,op,f1_C75_p05,0.5,37
B0,main,pooled,op,fn_C75_p05,12.0,37
B0,main,pooled,op,fp_C75_p05,6.0,37
B0,main,pooled,op,precision_C75_pstar,0.5789473684210527,37
B0,main,pooled,op,recall_C75_pstar,0.5238095238095238,37
B0,main,pooled,op,f1_C75_pstar,0.55,37
B0,main,pooled,op,fn_C75_pstar,10.0,37
B0,main,pooled,op,fp_C75_pstar,8.0,37
B0,main,pooled,op,bss_cond_C90,-0.2932351690803521,37
B0,main,pooled,op,brier_clim_C90,0.29756536460499167,37
B0,main,pooled,op,brier_climcond_C90,0.27625150697463413,37
B0,main,pooled,op,precision_C90_p05,0.0,37
B0,main,pooled,op,recall_C90_p05,0.0,37
B0,main,pooled,op,f1_C90_p05,0.0,37
B0,main,pooled,op,fn_C90_p05,13.0,37
B0,main,pooled,op,fp_C90_p05,1.0,37
B0,main,pooled,op,precision_C90_pstar,0.14285714285714285,37
B0,main,pooled,op,recall_C90_pstar,0.15384615384615385,37
B0,main,pooled,op,f1_C90_pstar,0.14814814814814814,37
B0,main,pooled,op,fn_C90_pstar,11.0,37
B0,main,pooled,op,fp_C90_pstar,12.0,37
B0,main,pooled,nonop,brier_mean_platt,0.2057633266128063,14
B0,main,pooled,nonop,brier_platt_C50,0.2749936690664644,14
B0,main,pooled,nonop,brier_platt_C75,0.2559687140796688,14
B0,main,pooled,nonop,brier_platt_C90,0.0863275966922856,14
B0,main,pooled,nonop,bss_cond_C50,NaN,14
B0,main,pooled,nonop,brier_clim_C50,0.15815788036709977,14
B0,main,pooled,nonop,brier_climcond_C50,0.0,14
B0,main,pooled,nonop,precision_C50_p05,0.0,14
B0,main,pooled,nonop,recall_C50_p05,NaN,14
B0,main,pooled,nonop,f1_C50_p05,NaN,14
B0,main,pooled,nonop,fn_C50_p05,0.0,14
B0,main,pooled,nonop,fp_C50_p05,5.0,14
B0,main,pooled,nonop,precision_C50_pstar,0.0,14
B0,main,pooled,nonop,recall_C50_pstar,NaN,14
B0,main,pooled,nonop,f1_C50_pstar,NaN,14
B0,main,pooled,nonop,fn_C50_pstar,0.0,14
B0,main,pooled,nonop,fp_C50_pstar,5.0,14
B0,main,pooled,nonop,bss_cond_C75,NaN,14
B0,main,pooled,nonop,brier_clim_C75,0.04192257433088031,14
B0,main,pooled,nonop,brier_climcond_C75,0.0,14
B0,main,pooled,nonop,precision_C75_p05,0.0,14
B0,main,pooled,nonop,recall_C75_p05,NaN,14
B0,main,pooled,nonop,f1_C75_p05,NaN,14
B0,main,pooled,nonop,fn_C75_p05,0.0,14
B0,main,pooled,nonop,fp_C75_p05,5.0,14
B0,main,pooled,nonop,precision_C75_pstar,0.0,14
B0,main,pooled,nonop,recall_C75_pstar,NaN,14
B0,main,pooled,nonop,f1_C75_pstar,NaN,14
B0,main,pooled,nonop,fn_C75_pstar,0.0,14
B0,main,pooled,nonop,fp_C75_pstar,7.0,14
B0,main,pooled,nonop,bss_cond_C90,NaN,14
B0,main,pooled,nonop,brier_clim_C90,0.007605800053352501,14
B0,main,pooled,nonop,brier_climcond_C90,0.0,14
B0,main,pooled,nonop,precision_C90_p05,0.0,14
B0,main,pooled,nonop,recall_C90_p05,NaN,14
B0,main,pooled,nonop,f1_C90_p05,NaN,14
B0,main,pooled,nonop,fn_C90_p05,0.0,14
B0,main,pooled,nonop,fp_C90_p05,2.0,14
B0,main,pooled,nonop,precision_C90_pstar,0.0,14
B0,main,pooled,nonop,recall_C90_pstar,NaN,14
B0,main,pooled,nonop,f1_C90_pstar,NaN,14
B0,main,pooled,nonop,fn_C90_pstar,0.0,14
B0,main,pooled,nonop,fp_C90_pstar,5.0,14
B0p,main,f1,all,brier_mean_platt,0.3698479293945603,12
B0p,main,f1,all,brier_platt_C50,0.09489785836282744,12
B0p,main,f1,all,brier_platt_C75,0.6733313383943925,12
B0p,main,f1,all,brier_platt_C90,0.34131459142646103,12
B0p,main,f1,all,bss_cond_C50,0.41203009734403195,12
B0p,main,f1,all,brier_clim_C50,0.3017751479289941,12
B0p,main,f1,all,brier_climcond_C50,0.16139917695473252,12
B0p,main,f1,all,precision_C50_p05,1.0,12
B0p,main,f1,all,recall_C50_p05,1.0,12
B0p,main,f1,all,f1_C50_p05,1.0,12
B0p,main,f1,all,fn_C50_p05,0.0,12
B0p,main,f1,all,fp_C50_p05,0.0,12
B0p,main,f1,all,precision_C50_pstar,1.0,12
B0p,main,f1,all,recall_C50_pstar,1.0,12
B0p,main,f1,all,f1_C50_pstar,1.0,12
B0p,main,f1,all,fn_C50_pstar,0.0,12
B0p,main,f1,all,fp_C50_pstar,0.0,12
B0p,main,f1,all,bss_cond_C75,-0.8673763436411475,12
B0p,main,f1,all,brier_clim_C75,0.42587771203155816,12
B0p,main,f1,all,brier_climcond_C75,0.3605761316872429,12
B0p,main,f1,all,precision_C75_p05,NaN,12
B0p,main,f1,all,recall_C75_p05,0.0,12
B0p,main,f1,all,f1_C75_p05,0.0,12
B0p,main,f1,all,fn_C75_p05,8.0,12
B0p,main,f1,all,fp_C75_p05,0.0,12
B0p,main,f1,all,precision_C75_pstar,0.0,12
B0p,main,f1,all,recall_C75_pstar,0.0,12
B0p,main,f1,all,f1_C75_pstar,0.0,12
B0p,main,f1,all,fn_C75_pstar,8.0,12
B0p,main,f1,all,fp_C75_pstar,4.0,12
B0p,main,f1,all,bss_cond_C90,-0.27599147256353884,12
B0p,main,f1,all,brier_clim_C90,0.28796844181459574,12
B0p,main,f1,all,brier_climcond_C90,0.2674897119341564,12
B0p,main,f1,all,precision_C90_p05,NaN,12
B0p,main,f1,all,recall_C90_p05,0.0,12
B0p,main,f1,all,f1_C90_p05,0.0,12
B0p,main,f1,all,fn_C90_p05,4.0,12
B0p,main,f1,all,fp_C90_p05,0.0,12
B0p,main,f1,all,precision_C90_pstar,0.0,12
B0p,main,f1,all,recall_C90_pstar,0.0,12
B0p,main,f1,all,f1_C90_pstar,0.0,12
B0p,main,f1,all,fn_C90_pstar,4.0,12
B0p,main,f1,all,fp_C90_pstar,4.0,12
B0p,main,f1,op,brier_mean_platt,0.43593185242504207,10
B0p,main,f1,op,brier_platt_C50,0.10137473472095401,10
B0p,main,f1,op,brier_platt_C75,0.8024204594578451,10
B0p,main,f1,op,brier_platt_C90,0.4040003630963273,10
B0p,main,f1,op,bss_cond_C50,0.4765837893678433,10
B0p,main,f1,op,brier_clim_C50,0.3325443786982249,10
B0p,main,f1,op,brier_climcond_C50,0.19367901234567902,10
B0p,main,f1,op,precision_C50_p05,1.0,10
B0p,main,f1,op,recall_C50_p05,1.0,10
B0p,main,f1,op,f1_C50_p05,1.0,10
B0p,main,f1,op,fn_C50_p05,0.0,10
B0p,main,f1,op,fp_C50_p05,0.0,10
B0p,main,f1,op,precision_C50_pstar,1.0,10
B0p,main,f1,op,recall_C50_pstar,1.0,10
B0p,main,f1,op,f1_C50_pstar,1.0,10
B0p,main,f1,op,fn_C50_pstar,0.0,10
B0p,main,f1,op,fp_C50_pstar,0.0,10
B0p,main,f1,op,bss_cond_C75,-0.8544869098403742,10
B0p,main,f1,op,brier_clim_C75,0.5017751479289941,10
B0p,main,f1,op,brier_climcond_C75,0.4326913580246915,10
B0p,main,f1,op,precision_C75_p05,NaN,10
B0p,main,f1,op,recall_C75_p05,0.0,10
B0p,main,f1,op,f1_C75_p05,0.0,10
B0p,main,f1,op,fn_C75_p05,8.0,10
B0p,main,f1,op,fp_C75_p05,0.0,10
B0p,main,f1,op,precision_C75_pstar,0.0,10
B0p,main,f1,op,recall_C75_pstar,0.0,10
B0p,main,f1,op,f1_C75_pstar,0.0,10
B0p,main,f1,op,fn_C75_pstar,8.0,10
B0p,main,f1,op,fp_C75_pstar,2.0,10
B0p,main,f1,op,bss_cond_C90,-0.2586165158000966,10
B0p,main,f1,op,brier_clim_C90,0.3443786982248521,10
B0p,main,f1,op,brier_climcond_C90,0.32098765432098764,10
B0p,main,f1,op,precision_C90_p05,NaN,10
B0p,main,f1,op,recall_C90_p05,0.0,10
B0p,main,f1,op,f1_C90_p05,0.0,10
B0p,main,f1,op,fn_C90_p05,4.0,10
B0p,main,f1,op,fp_C90_p05,0.0,10
B0p,main,f1,op,precision_C90_pstar,0.0,10
B0p,main,f1,op,recall_C90_pstar,0.0,10
B0p,main,f1,op,f1_C90_pstar,0.0,10
B0p,main,f1,op,fn_C90_pstar,4.0,10
B0p,main,f1,op,fp_C90_pstar,2.0,10
B0p,main,f1,nonop,brier_mean_platt,0.03942831424215117,2
B0p,main,f1,nonop,brier_platt_C50,0.06251347657219457,2
B0p,main,f1,nonop,brier_platt_C75,0.027885733077129483,2
B0p,main,f1,nonop,brier_platt_C90,0.027885733077129483,2
B0p,main,f1,nonop,bss_cond_C50,NaN,2
B0p,main,f1,nonop,brier_clim_C50,0.14792899408284024,2
B0p,main,f1,nonop,brier_climcond_C50,0.0,2
B0p,main,f1,nonop,precision_C50_p05,NaN,2
B0p,main,f1,nonop,recall_C50_p05,NaN,2
B0p,main,f1,nonop,f1_C50_p05,NaN,2
B0p,main,f1,nonop,fn_C50_p05,0.0,2
B0p,main,f1,nonop,fp_C50_p05,0.0,2
B0p,main,f1,nonop,precision_C50_pstar,NaN,2
B0p,main,f1,nonop,recall_C50_pstar,NaN,2
B0p,main,f1,nonop,f1_C50_pstar,NaN,2
B0p,main,f1,nonop,fn_C50_pstar,0.0,2
B0p,main,f1,nonop,fp_C50_pstar,0.0,2
B0p,main,f1,nonop,bss_cond_C75,NaN,2
B0p,main,f1,nonop,brier_clim_C75,0.0463905325443787,2
B0p,main,f1,nonop,brier_climcond_C75,0.0,2
B0p,main,f1,nonop,precision_C75_p05,NaN,2
B0p,main,f1,nonop,recall_C75_p05,NaN,2
B0p,main,f1,nonop,f1_C75_p05,NaN,2
B0p,main,f1,nonop,fn_C75_p05,0.0,2
B0p,main,f1,nonop,fp_C75_p05,0.0,2
B0p,main,f1,nonop,precision_C75_pstar,0.0,2
B0p,main,f1,nonop,recall_C75_pstar,NaN,2
B0p,main,f1,nonop,f1_C75_pstar,NaN,2
B0p,main,f1,nonop,fn_C75_pstar,0.0,2
B0p,main,f1,nonop,fp_C75_pstar,2.0,2
B0p,main,f1,nonop,bss_cond_C90,NaN,2
B0p,main,f1,nonop,brier_clim_C90,0.00591715976331361,2
B0p,main,f1,nonop,brier_climcond_C90,0.0,2
B0p,main,f1,nonop,precision_C90_p05,NaN,2
B0p,main,f1,nonop,recall_C90_p05,NaN,2
B0p,main,f1,nonop,f1_C90_p05,NaN,2
B0p,main,f1,nonop,fn_C90_p05,0.0,2
B0p,main,f1,nonop,fp_C90_p05,0.0,2
B0p,main,f1,nonop,precision_C90_pstar,0.0,2
B0p,main,f1,nonop,recall_C90_pstar,NaN,2
B0p,main,f1,nonop,f1_C90_pstar,NaN,2
B0p,main,f1,nonop,fn_C90_pstar,0.0,2
B0p,main,f1,nonop,fp_C90_pstar,2.0,2
B0p,main,f2,all,brier_mean_platt,0.003999010387017158,13
B0p,main,f2,all,brier_platt_C50,4.962543256644413e-10,13
B0p,main,f2,all,brier_platt_C75,1.6012050706719297e-7,13
B0p,main,f2,all,brier_platt_C90,0.011996870544290082,13
B0p,main,f2,all,bss_cond_C50,0.9999999955312555,13
B0p,main,f2,all,brier_clim_C50,0.26697977347328,13
B0p,main,f2,all,brier_climcond_C50,0.11105005548191413,13
B0p,main,f2,all,precision_C50_p05,1.0,13
B0p,main,f2,all,recall_C50_p05,1.0,13
B0p,main,f2,all,f1_C50_p05,1.0,13
B0p,main,f2,all,fn_C50_p05,0.0,13
B0p,main,f2,all,fp_C50_p05,0.0,13
B0p,main,f2,all,precision_C50_pstar,1.0,13
B0p,main,f2,all,recall_C50_pstar,1.0,13
B0p,main,f2,all,f1_C50_pstar,1.0,13
B0p,main,f2,all,fn_C50_pstar,0.0,13
B0p,main,f2,all,fp_C50_pstar,0.0,13
B0p,main,f2,all,bss_cond_C75,0.999999450819897,13
B0p,main,f2,all,brier_clim_C75,0.3666203925944187,13
B0p,main,f2,all,brier_climcond_C75,0.29156283374866504,13
B0p,main,f2,all,precision_C75_p05,1.0,13
B0p,main,f2,all,recall_C75_p05,1.0,13
B0p,main,f2,all,f1_C75_p05,1.0,13
B0p,main,f2,all,fn_C75_p05,0.0,13
B0p,main,f2,all,fp_C75_p05,0.0,13
B0p,main,f2,all,precision_C75_pstar,1.0,13
B0p,main,f2,all,recall_C75_pstar,1.0,13
B0p,main,f2,all,f1_C75_pstar,1.0,13
B0p,main,f2,all,fn_C75_pstar,0.0,13
B0p,main,f2,all,fp_C75_pstar,0.0,13
B0p,main,f2,all,bss_cond_C90,0.9704233242191573,13
B0p,main,f2,all,brier_clim_C90,0.44882390336935774,13
B0p,main,f2,all,brier_climcond_C90,0.4056193005997208,13
B0p,main,f2,all,precision_C90_p05,1.0,13
B0p,main,f2,all,recall_C90_p05,1.0,13
B0p,main,f2,all,f1_C90_p05,1.0,13
B0p,main,f2,all,fn_C90_p05,0.0,13
B0p,main,f2,all,fp_C90_p05,0.0,13
B0p,main,f2,all,precision_C90_pstar,1.0,13
B0p,main,f2,all,recall_C90_pstar,1.0,13
B0p,main,f2,all,f1_C90_pstar,1.0,13
B0p,main,f2,all,fn_C90_pstar,0.0,13
B0p,main,f2,all,fp_C90_pstar,0.0,13
B0p,main,f2,op,brier_mean_platt,0.006498391555823442,8
B0p,main,f2,op,brier_platt_C50,4.833338404262011e-10,8
B0p,main,f2,op,brier_platt_C75,2.5987274454541e-7,8
B0p,main,f2,op,brier_platt_C90,0.019494914311391942,8
B0p,main,f2,op,bss_cond_C50,0.9999999973216024,8
B0p,main,f2,op,brier_clim_C50,0.3325392140327205,8
B0p,main,f2,op,brier_climcond_C50,0.18045634015811046,8
B0p,main,f2,op,precision_C50_p05,1.0,8
B0p,main,f2,op,recall_C50_p05,1.0,8
B0p,main,f2,op,f1_C50_p05,1.0,8
B0p,main,f2,op,fn_C50_p05,0.0,8
B0p,main,f2,op,fp_C50_p05,0.0,8
B0p,main,f2,op,precision_C50_pstar,1.0,8
B0p,main,f2,op,recall_C50_pstar,1.0,8
B0p,main,f2,op,f1_C50_pstar,1.0,8
B0p,main,f2,op,fn_C50_pstar,0.0,8
B0p,main,f2,op,fp_C50_pstar,0.0,8
B0p,main,f2,op,bss_cond_C75,0.9999994515018019,8
B0p,main,f2,op,brier_clim_C75,0.572039973013999,8
B0p,main,f2,op,brier_climcond_C75,0.4737896048415807,8
B0p,main,f2,op,precision_C75_p05,1.0,8
B0p,main,f2,op,recall_C75_p05,1.0,8
B0p,main,f2,op,f1_C75_p05,1.0,8
B0p,main,f2,op,fn_C75_p05,0.0,8
B0p,main,f2,op,fp_C75_p05,0.0,8
B0p,main,f2,op,precision_C75_pstar,1.0,8
B0p,main,f2,op,recall_C75_pstar,1.0,8
B0p,main,f2,op,f1_C75_pstar,1.0,8
B0p,main,f2,op,fn_C75_pstar,0.0,8
B0p,main,f2,op,fp_C75_pstar,0.0,8
B0p,main,f2,op,bss_cond_C90,0.9704233247093168,8
B0p,main,f2,op,brier_clim_C90,0.7241735537190082,8
B0p,main,f2,op,brier_climcond_C90,0.6591313634745462,8
B0p,main,f2,op,precision_C90_p05,1.0,8
B0p,main,f2,op,recall_C90_p05,1.0,8
B0p,main,f2,op,f1_C90_p05,1.0,8
B0p,main,f2,op,fn_C90_p05,0.0,8
B0p,main,f2,op,fp_C90_p05,0.0,8
B0p,main,f2,op,precision_C90_pstar,1.0,8
B0p,main,f2,op,recall_C90_pstar,1.0,8
B0p,main,f2,op,f1_C90_pstar,1.0,8
B0p,main,f2,op,fn_C90_pstar,0.0,8
B0p,main,f2,op,fp_C90_pstar,0.0,8
B0p,main,f2,nonop,brier_mean_platt,5.169271020456259e-10,5
B0p,main,f2,nonop,brier_platt_C50,5.169271020456259e-10,5
B0p,main,f2,nonop,brier_platt_C75,5.169271020456259e-10,5
B0p,main,f2,nonop,brier_platt_C90,5.169271020456259e-10,5
B0p,main,f2,nonop,bss_cond_C50,NaN,5
B0p,main,f2,nonop,brier_clim_C50,0.16208466857817508,5
B0p,main,f2,nonop,brier_climcond_C50,0.0,5
B0p,main,f2,nonop,precision_C50_p05,NaN,5
B0p,main,f2,nonop,recall_C50_p05,NaN,5
B0p,main,f2,nonop,f1_C50_p05,NaN,5
B0p,main,f2,nonop,fn_C50_p05,0.0,5
B0p,main,f2,nonop,fp_C50_p05,0.0,5
B0p,main,f2,nonop,precision_C50_pstar,NaN,5
B0p,main,f2,nonop,recall_C50_pstar,NaN,5
B0p,main,f2,nonop,f1_C50_pstar,NaN,5
B0p,main,f2,nonop,fn_C50_pstar,0.0,5
B0p,main,f2,nonop,fp_C50_pstar,0.0,5
B0p,main,f2,nonop,bss_cond_C75,NaN,5
B0p,main,f2,nonop,brier_clim_C75,0.0379490639230899,5
B0p,main,f2,nonop,brier_climcond_C75,0.0,5
B0p,main,f2,nonop,precision_C75_p05,NaN,5
B0p,main,f2,nonop,recall_C75_p05,NaN,5
B0p,main,f2,nonop,f1_C75_p05,NaN,5
B0p,main,f2,nonop,fn_C75_p05,0.0,5
B0p,main,f2,nonop,fp_C75_p05,0.0,5
B0p,main,f2,nonop,precision_C75_pstar,NaN,5
B0p,main,f2,nonop,recall_C75_pstar,NaN,5
B0p,main,f2,nonop,f1_C75_pstar,NaN,5
B0p,main,f2,nonop,fn_C75_pstar,0.0,5
B0p,main,f2,nonop,fp_C75_pstar,0.0,5
B0p,main,f2,nonop,bss_cond_C90,NaN,5
B0p,main,f2,nonop,brier_clim_C90,0.008264462809917356,5
B0p,main,f2,nonop,brier_climcond_C90,0.0,5
B0p,main,f2,nonop,precision_C90_p05,NaN,5
B0p,main,f2,nonop,recall_C90_p05,NaN,5
B0p,main,f2,nonop,f1_C90_p05,NaN,5
B0p,main,f2,nonop,fn_C90_p05,0.0,5
B0p,main,f2,nonop,fp_C90_p05,0.0,5
B0p,main,f2,nonop,precision_C90_pstar,NaN,5
B0p,main,f2,nonop,recall_C90_pstar,NaN,5
B0p,main,f2,nonop,f1_C90_pstar,NaN,5
B0p,main,f2,nonop,fn_C90_pstar,0.0,5
B0p,main,f2,nonop,fp_C90_pstar,0.0,5
B0p,main,f3,all,brier_mean_platt,0.16957634211759548,14
B0p,main,f3,all,brier_platt_C50,0.0714254468636808,14
B0p,main,f3,all,brier_platt_C75,0.21427621665926935,14
B0p,main,f3,all,brier_platt_C90,0.22302736282983626,14
B0p,main,f3,all,bss_cond_C50,0.33028362175939907,14
B0p,main,f3,all,brier_clim_C50,0.24571428571428575,14
B0p,main,f3,all,brier_climcond_C50,0.1066502913536641,14
B0p,main,f3,all,precision_C50_p05,0.8571428571428571,14
B0p,main,f3,all,recall_C50_p05,1.0,14
B0p,main,f3,all,f1_C50_p05,0.9230769230769231,14
B0p,main,f3,all,fn_C50_p05,0.0,14
B0p,main,f3,all,fp_C50_p05,1.0,14
B0p,main,f3,all,precision_C50_pstar,0.8571428571428571,14
B0p,main,f3,all,recall_C50_pstar,1.0,14
B0p,main,f3,all,f1_C50_pstar,0.9230769230769231,14
B0p,main,f3,all,fn_C50_pstar,0.0,14
B0p,main,f3,all,fp_C50_pstar,1.0,14
B0p,main,f3,all,bss_cond_C75,-0.37148362583216343,14
B0p,main,f3,all,brier_clim_C75,0.20964726631393302,14
B0p,main,f3,all,brier_climcond_C75,0.15623680270280646,14
B0p,main,f3,all,precision_C75_p05,0.6,14
B0p,main,f3,all,recall_C75_p05,0.75,14
B0p,main,f3,all,f1_C75_p05,0.6666666666666666,14
B0p,main,f3,all,fn_C75_p05,1.0,14
B0p,main,f3,all,fp_C75_p05,2.0,14
B0p,main,f3,all,precision_C75_pstar,0.6,14
B0p,main,f3,all,recall_C75_pstar,0.75,14
B0p,main,f3,all,f1_C75_pstar,0.6666666666666666,14
B0p,main,f3,all,fn_C75_pstar,1.0,14
B0p,main,f3,all,fp_C75_pstar,2.0,14
B0p,main,f3,all,bss_cond_C90,-0.9566162747149696,14
B0p,main,f3,all,brier_clim_C90,0.12536155202821872,14
B0p,main,f3,all,brier_climcond_C90,0.11398625561485008,14
B0p,main,f3,all,precision_C90_p05,0.3333333333333333,14
B0p,main,f3,all,recall_C90_p05,0.5,14
B0p,main,f3,all,f1_C90_p05,0.4,14
B0p,main,f3,all,fn_C90_p05,1.0,14
B0p,main,f3,all,fp_C90_p05,2.0,14
B0p,main,f3,all,precision_C90_pstar,0.2,14
B0p,main,f3,all,recall_C90_pstar,0.5,14
B0p,main,f3,all,f1_C90_pstar,0.2857142857142857,14
B0p,main,f3,all,fn_C90_pstar,1.0,14
B0p,main,f3,all,fp_C90_pstar,4.0,14
B0p,main,f3,op,brier_mean_platt,0.29675859831809676,8
B0p,main,f3,op,brier_platt_C50,0.12499453162374606,8
B0p,main,f3,op,brier_platt_C75,0.37498337876602605,8
B0p,main,f3,op,brier_platt_C90,0.39029788456451814,8
B0p,main,f3,op,bss_cond_C50,0.33028362383665744,8
B0p,main,f3,op,brier_clim_C50,0.31,8
B0p,main,f3,op,brier_climcond_C50,0.1866380098689122,8
B0p,main,f3,op,precision_C50_p05,0.8571428571428571,8
B0p,main,f3,op,recall_C50_p05,1.0,8
B0p,main,f3,op,f1_C50_p05,0.9230769230769231,8
B0p,main,f3,op,fn_C50_p05,0.0,8
B0p,main,f3,op,fp_C50_p05,1.0,8
B0p,main,f3,op,precision_C50_pstar,0.8571428571428571,8
B0p,main,f3,op,recall_C50_pstar,1.0,8
B0p,main,f3,op,f1_C50_pstar,0.9230769230769231,8
B0p,main,f3,op,fn_C50_pstar,0.0,8
B0p,main,f3,op,fp_C50_pstar,1.0,8
B0p,main,f3,op,bss_cond_C75,-0.3714836244141866,8
B0p,main,f3,op,brier_clim_C75,0.33345679012345675,8
B0p,main,f3,op,brier_climcond_C75,0.2734144047299113,8
B0p,main,f3,op,precision_C75_p05,0.6,8
B0p,main,f3,op,recall_C75_p05,0.75,8
B0p,main,f3,op,f1_C75_p05,0.6666666666666666,8
B0p,main,f3,op,fn_C75_p05,1.0,8
B0p,main,f3,op,fp_C75_p05,2.0,8
B0p,main,f3,op,precision_C75_pstar,0.6,8
B0p,main,f3,op,recall_C75_pstar,0.75,8
B0p,main,f3,op,f1_C75_pstar,0.6666666666666666,8
B0p,main,f3,op,fn_C75_pstar,1.0,8
B0p,main,f3,op,fp_C75_pstar,2.0,8
B0p,main,f3,op,bss_cond_C90,-0.9566162727714005,8
B0p,main,f3,op,brier_clim_C90,0.2134567901234568,8
B0p,main,f3,op,brier_climcond_C90,0.19947594732598764,8
B0p,main,f3,op,precision_C90_p05,0.3333333333333333,8
B0p,main,f3,op,recall_C90_p05,0.5,8
B0p,main,f3,op,f1_C90_p05,0.4,8
B0p,main,f3,op,fn_C90_p05,1.0,8
B0p,main,f3,op,fp_C90_p05,2.0,8
B0p,main,f3,op,precision_C90_pstar,0.2,8
B0p,main,f3,op,recall_C90_pstar,0.5,8
B0p,main,f3,op,f1_C90_pstar,0.2857142857142857,8
B0p,main,f3,op,fn_C90_pstar,1.0,8
B0p,main,f3,op,fp_C90_pstar,4.0,8
B0p,main,f3,nonop,brier_mean_platt,5.169271020456259e-10,6
B0p,main,f3,nonop,brier_platt_C50,5.169271020456259e-10,6
B0p,main,f3,nonop,brier_platt_C75,5.169271020456259e-10,6
B0p,main,f3,nonop,brier_platt_C90,5.169271020456259e-10,6
B0p,main,f3,nonop,bss_cond_C50,NaN,6
B0p,main,f3,nonop,brier_clim_C50,0.16000000000000003,6
B0p,main,f3,nonop,brier_climcond_C50,0.0,6
B0p,main,f3,nonop,precision_C50_p05,NaN,6
B0p,main,f3,nonop,recall_C50_p05,NaN,6
B0p,main,f3,nonop,f1_C50_p05,NaN,6
B0p,main,f3,nonop,fn_C50_p05,0.0,6
B0p,main,f3,nonop,fp_C50_p05,0.0,6
B0p,main,f3,nonop,precision_C50_pstar,NaN,6
B0p,main,f3,nonop,recall_C50_pstar,NaN,6
B0p,main,f3,nonop,f1_C50_pstar,NaN,6
B0p,main,f3,nonop,fn_C50_pstar,0.0,6
B0p,main,f3,nonop,fp_C50_pstar,0.0,6
B0p,main,f3,nonop,bss_cond_C75,NaN,6
B0p,main,f3,nonop,brier_clim_C75,0.04456790123456789,6
B0p,main,f3,nonop,brier_climcond_C75,0.0,6
B0p,main,f3,nonop,precision_C75_p05,NaN,6
B0p,main,f3,nonop,recall_C75_p05,NaN,6
B0p,main,f3,nonop,f1_C75_p05,NaN,6
B0p,main,f3,nonop,fn_C75_p05,0.0,6
B0p,main,f3,nonop,fp_C75_p05,0.0,6
B0p,main,f3,nonop,precision_C75_pstar,NaN,6
B0p,main,f3,nonop,recall_C75_pstar,NaN,6
B0p,main,f3,nonop,f1_C75_pstar,NaN,6
B0p,main,f3,nonop,fn_C75_pstar,0.0,6
B0p,main,f3,nonop,fp_C75_pstar,0.0,6
B0p,main,f3,nonop,bss_cond_C90,NaN,6
B0p,main,f3,nonop,brier_clim_C90,0.007901234567901235,6
B0p,main,f3,nonop,brier_climcond_C90,0.0,6
B0p,main,f3,nonop,precision_C90_p05,NaN,6
B0p,main,f3,nonop,recall_C90_p05,NaN,6
B0p,main,f3,nonop,f1_C90_p05,NaN,6
B0p,main,f3,nonop,fn_C90_p05,0.0,6
B0p,main,f3,nonop,fp_C90_p05,0.0,6
B0p,main,f3,nonop,precision_C90_pstar,NaN,6
B0p,main,f3,nonop,recall_C90_pstar,NaN,6
B0p,main,f3,nonop,f1_C90_pstar,NaN,6
B0p,main,f3,nonop,fn_C90_pstar,0.0,6
B0p,main,f3,nonop,fp_C90_pstar,0.0,6
B0p,main,f4,all,brier_mean_platt,0.09183313283014745,12
B0p,main,f4,all,brier_platt_C50,0.08332931384557239,12
B0p,main,f4,all,brier_platt_C75,0.16204740394508135,12
B0p,main,f4,all,brier_platt_C90,0.03012268069978856,12
B0p,main,f4,all,bss_cond_C50,0.4679368907653806,12
B0p,main,f4,all,brier_clim_C50,0.3402366863905326,12
B0p,main,f4,all,brier_climcond_C50,0.1566154698555268,12
B0p,main,f4,all,precision_C50_p05,1.0,12
B0p,main,f4,all,recall_C50_p05,0.9,12
B0p,main,f4,all,f1_C50_p05,0.9473684210526315,12
B0p,main,f4,all,fn_C50_p05,1.0,12
B0p,main,f4,all,fp_C50_p05,0.0,12
B0p,main,f4,all,precision_C50_pstar,1.0,12
B0p,main,f4,all,recall_C50_pstar,0.9,12
B0p,main,f4,all,f1_C50_pstar,0.9473684210526315,12
B0p,main,f4,all,fn_C50_pstar,1.0,12
B0p,main,f4,all,fp_C50_pstar,0.0,12
B0p,main,f4,all,bss_cond_C75,-0.14586106008317712,12
B0p,main,f4,all,brier_clim_C75,0.13954635108481264,12
B0p,main,f4,all,brier_climcond_C75,0.1414197668374545,12
B0p,main,f4,all,precision_C75_p05,0.0,12
B0p,main,f4,all,recall_C75_p05,0.0,12
B0p,main,f4,all,f1_C75_p05,0.0,12
B0p,main,f4,all,fn_C75_p05,2.0,12
B0p,main,f4,all,fp_C75_p05,2.0,12
B0p,main,f4,all,precision_C75_pstar,0.2222222222222222,12
B0p,main,f4,all,recall_C75_pstar,1.0,12
B0p,main,f4,all,f1_C75_pstar,0.36363636363636365,12
B0p,main,f4,all,fn_C75_pstar,0.0,12
B0p,main,f4,all,fp_C75_pstar,7.0,12
B0p,main,f4,all,bss_cond_C90,-1.5353883811503284,12
B0p,main,f4,all,brier_clim_C90,0.005917159763313611,12
B0p,main,f4,all,brier_climcond_C90,0.011880894037276305,12
B0p,main,f4,all,precision_C90_p05,NaN,12
B0p,main,f4,all,recall_C90_p05,NaN,12
B0p,main,f4,all,f1_C90_p05,NaN,12
B0p,main,f4,all,fn_C90_p05,0.0,12
B0p,main,f4,all,fp_C90_p05,0.0,12
B0p,main,f4,all,precision_C90_pstar,0.0,12
B0p,main,f4,all,recall_C90_pstar,NaN,12
B0p,main,f4,all,f1_C90_pstar,NaN,12
B0p,main,f4,all,fn_C90_pstar,0.0,12
B0p,main,f4,all,fp_C90_pstar,9.0,12
B0p,main,f4,op,brier_mean_platt,0.10018159939818193,11
B0p,main,f4,op,brier_platt_C50,0.09090470596046371,11
B0p,main,f4,op,brier_platt_C75,0.1767789860690189,11
B0p,main,f4,op,brier_platt_C90,0.03286110616506316,11
B0p,main,f4,op,bss_cond_C50,0.46793689107493275,11
B0p,main,f4,op,brier_clim_C50,0.3577192038730501,11
B0p,main,f4,op,brier_climcond_C50,0.17085323984239287,11
B0p,main,f4,op,precision_C50_p05,1.0,11
B0p,main,f4,op,recall_C50_p05,0.9,11
B0p,main,f4,op,f1_C50_p05,0.9473684210526315,11
B0p,main,f4,op,fn_C50_p05,1.0,11
B0p,main,f4,op,fp_C50_p05,0.0,11
B0p,main,f4,op,precision_C50_pstar,1.0,11
B0p,main,f4,op,recall_C50_pstar,0.9,11
B0p,main,f4,op,f1_C50_pstar,0.9473684210526315,11
B0p,main,f4,op,fn_C50_pstar,1.0,11
B0p,main,f4,op,fp_C50_pstar,0.0,11
B0p,main,f4,op,bss_cond_C75,-0.1458610597403629,11
B0p,main,f4,op,brier_clim_C75,0.14887036040882198,11
B0p,main,f4,op,brier_climcond_C75,0.1542761092772231,11
B0p,main,f4,op,precision_C75_p05,0.0,11
B0p,main,f4,op,recall_C75_p05,0.0,11
B0p,main,f4,op,f1_C75_p05,0.0,11
B0p,main,f4,op,fn_C75_p05,2.0,11
B0p,main,f4,op,fp_C75_p05,2.0,11
B0p,main,f4,op,precision_C75_pstar,0.2222222222222222,11
B0p,main,f4,op,recall_C75_pstar,1.0,11
B0p,main,f4,op,f1_C75_pstar,0.36363636363636365,11
B0p,main,f4,op,fn_C75_pstar,0.0,11
B0p,main,f4,op,fp_C75_pstar,7.0,11
B0p,main,f4,op,bss_cond_C90,-1.5353883770697716,11
B0p,main,f4,op,brier_clim_C90,0.005917159763313611,11
B0p,main,f4,op,brier_climcond_C90,0.012960975313392332,11
B0p,main,f4,op,precision_C90_p05,NaN,11
B0p,main,f4,op,recall_C90_p05,NaN,11
B0p,main,f4,op,f1_C90_p05,NaN,11
B0p,main,f4,op,fn_C90_p05,0.0,11
B0p,main,f4,op,fp_C90_p05,0.0,11
B0p,main,f4,op,precision_C90_pstar,0.0,11
B0p,main,f4,op,recall_C90_pstar,NaN,11
B0p,main,f4,op,f1_C90_pstar,NaN,11
B0p,main,f4,op,fn_C90_pstar,0.0,11
B0p,main,f4,op,fp_C90_pstar,9.0,11
B0p,main,f4,nonop,brier_mean_platt,5.81767997159366e-10,1
B0p,main,f4,nonop,brier_platt_C50,5.81767997159366e-10,1
B0p,main,f4,nonop,brier_platt_C75,5.81767997159366e-10,1
B0p,main,f4,nonop,brier_platt_C90,5.81767997159366e-10,1
B0p,main,f4,nonop,bss_cond_C50,NaN,1
B0p,main,f4,nonop,brier_clim_C50,0.14792899408284024,1
B0p,main,f4,nonop,brier_climcond_C50,0.0,1
B0p,main,f4,nonop,precision_C50_p05,NaN,1
B0p,main,f4,nonop,recall_C50_p05,NaN,1
B0p,main,f4,nonop,f1_C50_p05,NaN,1
B0p,main,f4,nonop,fn_C50_p05,0.0,1
B0p,main,f4,nonop,fp_C50_p05,0.0,1
B0p,main,f4,nonop,precision_C50_pstar,NaN,1
B0p,main,f4,nonop,recall_C50_pstar,NaN,1
B0p,main,f4,nonop,f1_C50_pstar,NaN,1
B0p,main,f4,nonop,fn_C50_pstar,0.0,1
B0p,main,f4,nonop,fp_C50_pstar,0.0,1
B0p,main,f4,nonop,bss_cond_C75,NaN,1
B0p,main,f4,nonop,brier_clim_C75,0.03698224852071006,1
B0p,main,f4,nonop,brier_climcond_C75,0.0,1
B0p,main,f4,nonop,precision_C75_p05,NaN,1
B0p,main,f4,nonop,recall_C75_p05,NaN,1
B0p,main,f4,nonop,f1_C75_p05,NaN,1
B0p,main,f4,nonop,fn_C75_p05,0.0,1
B0p,main,f4,nonop,fp_C75_p05,0.0,1
B0p,main,f4,nonop,precision_C75_pstar,NaN,1
B0p,main,f4,nonop,recall_C75_pstar,NaN,1
B0p,main,f4,nonop,f1_C75_pstar,NaN,1
B0p,main,f4,nonop,fn_C75_pstar,0.0,1
B0p,main,f4,nonop,fp_C75_pstar,0.0,1
B0p,main,f4,nonop,bss_cond_C90,NaN,1
B0p,main,f4,nonop,brier_clim_C90,0.00591715976331361,1
B0p,main,f4,nonop,brier_climcond_C90,0.0,1
B0p,main,f4,nonop,precision_C90_p05,NaN,1
B0p,main,f4,nonop,recall_C90_p05,NaN,1
B0p,main,f4,nonop,f1_C90_p05,NaN,1
B0p,main,f4,nonop,fn_C90_p05,0.0,1
B0p,main,f4,nonop,fp_C90_p05,0.0,1
B0p,main,f4,nonop,precision_C90_pstar,NaN,1
B0p,main,f4,nonop,recall_C90_pstar,NaN,1
B0p,main,f4,nonop,f1_C90_pstar,NaN,1
B0p,main,f4,nonop,fn_C90_pstar,0.0,1
B0p,main,f4,nonop,fp_C90_pstar,0.0,1
B0p,main,pooled,all,brier_mean_platt,0.15620056218380496,51
B0p,main,pooled,all,brier_platt_C50,0.0615427907655615,51
B0p,main,pooled,all,brier_platt_C75,0.255380667115099,51
B0p,main,pooled,all,brier_platt_C90,0.1516782286707544,51
B0p,main,pooled,all,bss_cond_C50,0.5352118165209927,51
B0p,main,pooled,all,brier_clim_C50,0.2865662562154306,51
B0p,main,pooled,all,brier_climcond_C50,0.13241040317528027,51
B0p,main,pooled,all,precision_C50_p05,0.967741935483871,51
B0p,main,pooled,all,recall_C50_p05,0.967741935483871,51
B0p,main,pooled,all,f1_C50_p05,0.967741935483871,51
B0p,main,pooled,all,fn_C50_p05,1.0,51
B0p,main,pooled,all,fp_C50_p05,1.0,51
B0p,main,pooled,all,precision_C50_pstar,0.967741935483871,51
B0p,main,pooled,all,recall_C50_pstar,0.967741935483871,51
B0p,main,pooled,all,f1_C50_pstar,0.967741935483871,51
B0p,main,pooled,all,fn_C50_pstar,1.0,51
B0p,main,pooled,all,fp_C50_pstar,1.0,51
B0p,main,pooled,all,bss_cond_C75,-0.08522468877894229,51
B0p,main,pooled,all,brier_clim_C75,0.28404344293174416,51
B0p,main,pooled,all,brier_climcond_C75,0.235325154095457,51
B0p,main,pooled,all,precision_C75_p05,0.7142857142857143,51
B0p,main,pooled,all,recall_C75_p05,0.47619047619047616,51
B0p,main,pooled,all,f1_C75_p05,0.5714285714285714,51
B0p,main,pooled,all,fn_C75_p05,11.0,51
B0p,main,pooled,all,fp_C75_p05,4.0,51
B0p,main,pooled,all,precision_C75_pstar,0.48,51
B0p,main,pooled,all,recall_C75_pstar,0.5714285714285714,51
B0p,main,pooled,all,f1_C75_pstar,0.5217391304347826,51
B0p,main,pooled,all,fn_C75_pstar,9.0,51
B0p,main,pooled,all,fp_C75_pstar,13.0,51
B0p,main,pooled,all,bss_cond_C90,0.24318968189485213,51
B0p,main,pooled,all,brier_clim_C90,0.21796862139473777,51
B0p,main,pooled,all,brier_climcond_C90,0.20041775996198943,51
B0p,main,pooled,all,precision_C90_p05,0.8,51
B0p,main,pooled,all,recall_C90_p05,0.6153846153846154,51
B0p,main,pooled,all,f1_C90_p05,0.6956521739130435,51
B0p,main,pooled,all,fn_C90_p05,5.0,51
B0p,main,pooled,all,fp_C90_p05,2.0,51
B0p,main,pooled,all,precision_C90_pstar,0.32,51
B0p,main,pooled,all,recall_C90_pstar,0.6153846153846154,51
B0p,main,pooled,all,f1_C90_pstar,0.42105263157894735,51
B0p,main,pooled,all,fn_C90_pstar,5.0,51
B0p,main,pooled,all,fp_C90_pstar,17.0,51
B0p,main,pooled,op,brier_mean_platt,0.21317221720599422,37
B0p,main,pooled,op,brier_platt_C50,0.08145014512516977,37
B0p,main,pooled,op,brier_platt_C75,0.3505038527148061,37
B0p,main,pooled,op,brier_platt_C90,0.20756265377800673,37
B0p,main,pooled,op,bss_cond_C50,0.5537262908318984,37
B0p,main,pooled,op,brier_clim_C50,0.3351532092391234,37
B0p,main,pooled,op,brier_climcond_C50,0.1825116368091701,37
B0p,main,pooled,op,precision_C50_p05,0.967741935483871,37
B0p,main,pooled,op,recall_C50_p05,0.967741935483871,37
B0p,main,pooled,op,f1_C50_p05,0.967741935483871,37
B0p,main,pooled,op,fn_C50_p05,1.0,37
B0p,main,pooled,op,fp_C50_p05,1.0,37
B0p,main,pooled,op,precision_C50_pstar,0.967741935483871,37
B0p,main,pooled,op,recall_C50_pstar,0.967741935483871,37
B0p,main,pooled,op,f1_C50_pstar,0.967741935483871,37
B0p,main,pooled,op,fn_C50_pstar,1.0,37
B0p,main,pooled,op,fp_C50_pstar,1.0,37
B0p,main,pooled,op,bss_cond_C75,-0.08057767904047175,37
B0p,main,pooled,op,brier_clim_C75,0.37565674456450343,37
B0p,main,pooled,op,brier_climcond_C75,0.32436710429373805,37
B0p,main,pooled,op,precision_C75_p05,0.7142857142857143,37
B0p,main,pooled,op,recall_C75_p05,0.47619047619047616,37
B0p,main,pooled,op,f1_C75_p05,0.5714285714285714,37
B0p,main,pooled,op,fn_C75_p05,11.0,37
B0p,main,pooled,op,fp_C75_p05,4.0,37
B0p,main,pooled,op,precision_C75_pstar,0.5217391304347826,37
B0p,main,pooled,op,recall_C75_pstar,0.5714285714285714,37
B0p,main,pooled,op,f1_C75_pstar,0.5454545454545454,37
B0p,main,pooled,op,fn_C75_pstar,9.0,37
B0p,main,pooled,op,fp_C75_pstar,11.0,37
B0p,main,pooled,op,bss_cond_C90,0.24864607599383892,37
B0p,main,pooled,op,brier_clim_C90,0.29756536460499167,37
B0p,main,pooled,op,brier_climcond_C90,0.27625150697463413,37
B0p,main,pooled,op,precision_C90_p05,0.8,37
B0p,main,pooled,op,recall_C90_p05,0.6153846153846154,37
B0p,main,pooled,op,f1_C90_p05,0.6956521739130435,37
B0p,main,pooled,op,fn_C90_p05,5.0,37
B0p,main,pooled,op,fp_C90_p05,2.0,37
B0p,main,pooled,op,precision_C90_pstar,0.34782608695652173,37
B0p,main,pooled,op,recall_C90_pstar,0.6153846153846154,37
B0p,main,pooled,op,f1_C90_pstar,0.4444444444444444,37
B0p,main,pooled,op,fn_C90_pstar,5.0,37
B0p,main,pooled,op,fp_C90_pstar,15.0,37
B0p,main,pooled,nonop,brier_mean_platt,0.005632616768019175,14
B0p,main,pooled,nonop,brier_platt_C50,0.008930497100882522,14
B0p,main,pooled,nonop,brier_platt_C75,0.003983676601587507,14
B0p,main,pooled,nonop,brier_platt_C90,0.003983676601587507,14
B0p,main,pooled,nonop,bss_cond_C50,NaN,14
B0p,main,pooled,nonop,brier_clim_C50,0.15815788036709977,14
B0p,main,pooled,nonop,brier_climcond_C50,0.0,14
B0p,main,pooled,nonop,precision_C50_p05,NaN,14
B0p,main,pooled,nonop,recall_C50_p05,NaN,14
B0p,main,pooled,nonop,f1_C50_p05,NaN,14
B0p,main,pooled,nonop,fn_C50_p05,0.0,14
B0p,main,pooled,nonop,fp_C50_p05,0.0,14
B0p,main,pooled,nonop,precision_C50_pstar,NaN,14
B0p,main,pooled,nonop,recall_C50_pstar,NaN,14
B0p,main,pooled,nonop,f1_C50_pstar,NaN,14
B0p,main,pooled,nonop,fn_C50_pstar,0.0,14
B0p,main,pooled,nonop,fp_C50_pstar,0.0,14
B0p,main,pooled,nonop,bss_cond_C75,NaN,14
B0p,main,pooled,nonop,brier_clim_C75,0.04192257433088031,14
B0p,main,pooled,nonop,brier_climcond_C75,0.0,14
B0p,main,pooled,nonop,precision_C75_p05,NaN,14
B0p,main,pooled,nonop,recall_C75_p05,NaN,14
B0p,main,pooled,nonop,f1_C75_p05,NaN,14
B0p,main,pooled,nonop,fn_C75_p05,0.0,14
B0p,main,pooled,nonop,fp_C75_p05,0.0,14
B0p,main,pooled,nonop,precision_C75_pstar,0.0,14
B0p,main,pooled,nonop,recall_C75_pstar,NaN,14
B0p,main,pooled,nonop,f1_C75_pstar,NaN,14
B0p,main,pooled,nonop,fn_C75_pstar,0.0,14
B0p,main,pooled,nonop,fp_C75_pstar,2.0,14
B0p,main,pooled,nonop,bss_cond_C90,NaN,14
B0p,main,pooled,nonop,brier_clim_C90,0.007605800053352501,14
B0p,main,pooled,nonop,brier_climcond_C90,0.0,14
B0p,main,pooled,nonop,precision_C90_p05,NaN,14
B0p,main,pooled,nonop,recall_C90_p05,NaN,14
B0p,main,pooled,nonop,f1_C90_p05,NaN,14
B0p,main,pooled,nonop,fn_C90_p05,0.0,14
B0p,main,pooled,nonop,fp_C90_p05,0.0,14
B0p,main,pooled,nonop,precision_C90_pstar,0.0,14
B0p,main,pooled,nonop,recall_C90_pstar,NaN,14
B0p,main,pooled,nonop,f1_C90_pstar,NaN,14
B0p,main,pooled,nonop,fn_C90_pstar,0.0,14
B0p,main,pooled,nonop,fp_C90_pstar,2.0,14
BB,main,f1,all,brier_mean_platt,0.344669361669306,12
BB,main,f1,all,brier_platt_C50,0.27891128420124156,12
BB,main,f1,all,brier_platt_C75,0.4965947967757602,12
BB,main,f1,all,brier_platt_C90,0.2585020040309163,12
BB,main,f1,all,bss_cond_C50,-0.728083683347825,12
BB,main,f1,all,brier_clim_C50,0.3017751479289941,12
BB,main,f1,all,brier_climcond_C50,0.16139917695473252,12
BB,main,f1,all,precision_C50_p05,NaN,12
BB,main,f1,all,recall_C50_p05,0.0,12
BB,main,f1,all,f1_C50_p05,0.0,12
BB,main,f1,all,fn_C50_p05,8.0,12
BB,main,f1,all,fp_C50_p05,0.0,12
BB,main,f1,all,precision_C50_pstar,0.6666666666666666,12
BB,main,f1,all,recall_C50_pstar,1.0,12
BB,main,f1,all,f1_C50_pstar,0.8,12
BB,main,f1,all,fn_C50_pstar,0.0,12
BB,main,f1,all,fp_C50_pstar,4.0,12
BB,main,f1,all,bss_cond_C75,-0.3772259257761892,12
BB,main,f1,all,brier_clim_C75,0.42587771203155816,12
BB,main,f1,all,brier_climcond_C75,0.3605761316872429,12
BB,main,f1,all,precision_C75_p05,NaN,12
BB,main,f1,all,recall_C75_p05,0.0,12
BB,main,f1,all,f1_C75_p05,0.0,12
BB,main,f1,all,fn_C75_p05,8.0,12
BB,main,f1,all,fp_C75_p05,0.0,12
BB,main,f1,all,precision_C75_pstar,0.6666666666666666,12
BB,main,f1,all,recall_C75_pstar,1.0,12
BB,main,f1,all,f1_C75_pstar,0.8,12
BB,main,f1,all,fn_C75_pstar,0.0,12
BB,main,f1,all,fp_C75_pstar,4.0,12
BB,main,f1,all,bss_cond_C90,0.033600200315189954,12
BB,main,f1,all,brier_clim_C90,0.28796844181459574,12
BB,main,f1,all,brier_climcond_C90,0.2674897119341564,12
BB,main,f1,all,precision_C90_p05,NaN,12
BB,main,f1,all,recall_C90_p05,0.0,12
BB,main,f1,all,f1_C90_p05,0.0,12
BB,main,f1,all,fn_C90_p05,4.0,12
BB,main,f1,all,fp_C90_p05,0.0,12
BB,main,f1,all,precision_C90_pstar,0.3333333333333333,12
BB,main,f1,all,recall_C90_pstar,1.0,12
BB,main,f1,all,f1_C90_pstar,0.5,12
BB,main,f1,all,fn_C90_pstar,0.0,12
BB,main,f1,all,fp_C90_pstar,8.0,12
BB,main,f1,op,brier_mean_platt,0.3986370742214895,10
BB,main,f1,op,brier_platt_C50,0.2979587462108855,10
BB,main,f1,op,brier_platt_C75,0.5918319138736978,10
BB,main,f1,op,brier_platt_C90,0.306120562579885,10
BB,main,f1,op,bss_cond_C50,-0.5384152500689521,10
BB,main,f1,op,brier_clim_C50,0.3325443786982249,10
BB,main,f1,op,brier_climcond_C50,0.19367901234567902,10
BB,main,f1,op,precision_C50_p05,NaN,10
BB,main,f1,op,recall_C50_p05,0.0,10
BB,main,f1,op,f1_C50_p05,0.0,10
BB,main,f1,op,fn_C50_p05,8.0,10
BB,main,f1,op,fp_C50_p05,0.0,10
BB,main,f1,op,precision_C50_pstar,0.8,10
BB,main,f1,op,recall_C50_pstar,1.0,10
BB,main,f1,op,f1_C50_pstar,0.8888888888888888,10
BB,main,f1,op,fn_C50_pstar,0.0,10
BB,main,f1,op,fp_C50_pstar,2.0,10
BB,main,f1,op,bss_cond_C75,-0.3677923140769661,10
BB,main,f1,op,brier_clim_C75,0.5017751479289941,10
BB,main,f1,op,brier_climcond_C75,0.4326913580246915,10
BB,main,f1,op,precision_C75_p05,NaN,10
BB,main,f1,op,recall_C75_p05,0.0,10
BB,main,f1,op,f1_C75_p05,0.0,10
BB,main,f1,op,fn_C75_p05,8.0,10
BB,main,f1,op,fp_C75_p05,0.0,10
BB,main,f1,op,precision_C75_pstar,0.8,10
BB,main,f1,op,recall_C75_pstar,1.0,10
BB,main,f1,op,f1_C75_pstar,0.8888888888888888,10
BB,main,f1,op,fn_C75_pstar,0.0,10
BB,main,f1,op,fp_C75_pstar,2.0,10
BB,main,f1,op,bss_cond_C90,0.0463167088857428,10
BB,main,f1,op,brier_clim_C90,0.3443786982248521,10
BB,main,f1,op,brier_climcond_C90,0.32098765432098764,10
BB,main,f1,op,precision_C90_p05,NaN,10
BB,main,f1,op,recall_C90_p05,0.0,10
BB,main,f1,op,f1_C90_p05,0.0,10
BB,main,f1,op,fn_C90_p05,4.0,10
BB,main,f1,op,fp_C90_p05,0.0,10
BB,main,f1,op,precision_C90_pstar,0.4,10
BB,main,f1,op,recall_C90_pstar,1.0,10
BB,main,f1,op,f1_C90_pstar,0.5714285714285714,10
BB,main,f1,op,fn_C90_pstar,0.0,10
BB,main,f1,op,fp_C90_pstar,6.0,10
BB,main,f1,nonop,brier_mean_platt,0.07483079890838885,2
BB,main,f1,nonop,brier_platt_C50,0.18367397415302197,2
BB,main,f1,nonop,brier_platt_C75,0.020409211286072298,2
BB,main,f1,nonop,brier_platt_C90,0.020409211286072298,2
BB,main,f1,nonop,bss_cond_C50,NaN,2
BB,main,f1,nonop,brier_clim_C50,0.14792899408284024,2
BB,main,f1,nonop,brier_climcond_C50,0.0,2
BB,main,f1,nonop,precision_C50_p05,NaN,2
BB,main,f1,nonop,recall_C50_p05,NaN,2
BB,main,f1,nonop,f1_C50_p05,NaN,2
BB,main,f1,nonop,fn_C50_p05,0.0,2
BB,main,f1,nonop,fp_C50_p05,0.0,2
BB,main,f1,nonop,precision_C50_pstar,0.0,2
BB,main,f1,nonop,recall_C50_pstar,NaN,2
BB,main,f1,nonop,f1_C50_pstar,NaN,2
BB,main,f1,nonop,fn_C50_pstar,0.0,2
BB,main,f1,nonop,fp_C50_pstar,2.0,2
BB,main,f1,nonop,bss_cond_C75,NaN,2
BB,main,f1,nonop,brier_clim_C75,0.0463905325443787,2
BB,main,f1,nonop,brier_climcond_C75,0.0,2
BB,main,f1,nonop,precision_C75_p05,NaN,2
BB,main,f1,nonop,recall_C75_p05,NaN,2
BB,main,f1,nonop,f1_C75_p05,NaN,2
BB,main,f1,nonop,fn_C75_p05,0.0,2
BB,main,f1,nonop,fp_C75_p05,0.0,2
BB,main,f1,nonop,precision_C75_pstar,0.0,2
BB,main,f1,nonop,recall_C75_pstar,NaN,2
BB,main,f1,nonop,f1_C75_pstar,NaN,2
BB,main,f1,nonop,fn_C75_pstar,0.0,2
BB,main,f1,nonop,fp_C75_pstar,2.0,2
BB,main,f1,nonop,bss_cond_C90,NaN,2
BB,main,f1,nonop,brier_clim_C90,0.00591715976331361,2
BB,main,f1,nonop,brier_climcond_C90,0.0,2
BB,main,f1,nonop,precision_C90_p05,NaN,2
BB,main,f1,nonop,recall_C90_p05,NaN,2
BB,main,f1,nonop,f1_C90_p05,NaN,2
BB,main,f1,nonop,fn_C90_p05,0.0,2
BB,main,f1,nonop,fp_C90_p05,0.0,2
BB,main,f1,nonop,precision_C90_pstar,0.0,2
BB,main,f1,nonop,recall_C90_pstar,NaN,2
BB,main,f1,nonop,f1_C90_pstar,NaN,2
BB,main,f1,nonop,fn_C90_pstar,0.0,2
BB,main,f1,nonop,fp_C90_pstar,2.0,2
BB,main,f2,all,brier_mean_platt,0.3014118795694181,13
BB,main,f2,all,brier_platt_C50,0.24960749649410177,13
BB,main,f2,all,brier_platt_C75,0.24960749649410177,13
BB,main,f2,all,brier_platt_C90,0.4050206457200509,13
BB,main,f2,all,bss_cond_C50,-1.247702582505719,13
BB,main,f2,all,brier_clim_C50,0.26697977347328,13
BB,main,f2,all,brier_climcond_C50,0.11105005548191413,13
BB,main,f2,all,precision_C50_p05,0.5384615384615384,13
BB,main,f2,all,recall_C50_p05,1.0,13
BB,main,f2,all,f1_C50_p05,0.7,13
BB,main,f2,all,fn_C50_p05,0.0,13
BB,main,f2,all,fp_C50_p05,6.0,13
BB,main,f2,all,precision_C50_pstar,0.5384615384615384,13
BB,main,f2,all,recall_C50_pstar,1.0,13
BB,main,f2,all,f1_C50_pstar,0.7,13
BB,main,f2,all,fn_C50_pstar,0.0,13
BB,main,f2,all,fp_C50_pstar,6.0,13
BB,main,f2,all,bss_cond_C75,0.14389809810508936,13
BB,main,f2,all,brier_clim_C75,0.3666203925944187,13
BB,main,f2,all,brier_climcond_C75,0.29156283374866504,13
BB,main,f2,all,precision_C75_p05,0.5384615384615384,13
BB,main,f2,all,recall_C75_p05,1.0,13
BB,main,f2,all,f1_C75_p05,0.7,13
BB,main,f2,all,fn_C75_p05,0.0,13
BB,main,f2,all,fp_C75_p05,6.0,13
BB,main,f2,all,precision_C75_pstar,0.5384615384615384,13
BB,main,f2,all,recall_C75_pstar,1.0,13
BB,main,f2,all,f1_C75_pstar,0.7,13
BB,main,f2,all,fn_C75_pstar,0.0,13
BB,main,f2,all,fp_C75_pstar,6.0,13
BB,main,f2,all,bss_cond_C90,0.001475903337895268,13
BB,main,f2,all,brier_clim_C90,0.44882390336935774,13
BB,main,f2,all,brier_climcond_C90,0.4056193005997208,13
BB,main,f2,all,precision_C90_p05,NaN,13
BB,main,f2,all,recall_C90_p05,0.0,13
BB,main,f2,all,f1_C90_p05,0.0,13
BB,main,f2,all,fn_C90_p05,7.0,13
BB,main,f2,all,fp_C90_p05,0.0,13
BB,main,f2,all,precision_C90_pstar,0.5384615384615384,13
BB,main,f2,all,recall_C90_pstar,1.0,13
BB,main,f2,all,f1_C90_pstar,0.7,13
BB,main,f2,all,fn_C90_pstar,0.0,13
BB,main,f2,all,fp_C90_pstar,6.0,13
BB,main,f2,op,brier_mean_platt,0.3494882439384428,8
BB,main,f2,op,brier_platt_C50,0.2015309697870204,8
BB,main,f2,op,brier_platt_C75,0.2015309697870204,8
BB,main,f2,op,brier_platt_C90,0.6454027922412877,8
BB,main,f2,op,bss_cond_C50,-0.11678519918139196,8
BB,main,f2,op,brier_clim_C50,0.3325392140327205,8
BB,main,f2,op,brier_climcond_C50,0.18045634015811046,8
BB,main,f2,op,precision_C50_p05,0.875,8
BB,main,f2,op,recall_C50_p05,1.0,8
BB,main,f2,op,f1_C50_p05,0.9333333333333333,8
BB,main,f2,op,fn_C50_p05,0.0,8
BB,main,f2,op,fp_C50_p05,1.0,8
BB,main,f2,op,precision_C50_pstar,0.875,8
BB,main,f2,op,recall_C50_pstar,1.0,8
BB,main,f2,op,f1_C50_pstar,0.9333333333333333,8
BB,main,f2,op,fn_C50_pstar,0.0,8
BB,main,f2,op,fp_C50_pstar,1.0,8
BB,main,f2,op,bss_cond_C75,0.5746403725881543,8
BB,main,f2,op,brier_clim_C75,0.572039973013999,8
BB,main,f2,op,brier_climcond_C75,0.4737896048415807,8
BB,main,f2,op,precision_C75_p05,0.875,8
BB,main,f2,op,recall_C75_p05,1.0,8
BB,main,f2,op,f1_C75_p05,0.9333333333333333,8
BB,main,f2,op,fn_C75_p05,0.0,8
BB,main,f2,op,fp_C75_p05,1.0,8
BB,main,f2,op,precision_C75_pstar,0.875,8
BB,main,f2,op,recall_C75_pstar,1.0,8
BB,main,f2,op,f1_C75_pstar,0.9333333333333333,8
BB,main,f2,op,fn_C75_pstar,0.0,8
BB,main,f2,op,fp_C75_pstar,1.0,8
BB,main,f2,op,bss_cond_C90,0.0208282779336878,8
BB,main,f2,op,brier_clim_C90,0.7241735537190082,8
BB,main,f2,op,brier_climcond_C90,0.6591313634745462,8
BB,main,f2,op,precision_C90_p05,NaN,8
BB,main,f2,op,recall_C90_p05,0.0,8
BB,main,f2,op,f1_C90_p05,0.0,8
BB,main,f2,op,fn_C90_p05,7.0,8
BB,main,f2,op,fp_C90_p05,0.0,8
BB,main,f2,op,precision_C90_pstar,0.875,8
BB,main,f2,op,recall_C90_pstar,1.0,8
BB,main,f2,op,f1_C90_pstar,0.9333333333333333,8
BB,main,f2,op,fn_C90_pstar,0.0,8
BB,main,f2,op,fp_C90_pstar,1.0,8
BB,main,f2,nonop,brier_mean_platt,0.2244896965789786,5
BB,main,f2,nonop,brier_platt_C50,0.3265299392254318,5
BB,main,f2,nonop,brier_platt_C75,0.3265299392254318,5
BB,main,f2,nonop,brier_platt_C90,0.020409211286072298,5
BB,main,f2,nonop,bss_cond_C50,NaN,5
BB,main,f2,nonop,brier_clim_C50,0.16208466857817508,5
BB,main,f2,nonop,brier_climcond_C50,0.0,5
BB,main,f2,nonop,precision_C50_p05,0.0,5
BB,main,f2,nonop,recall_C50_p05,NaN,5
BB,main,f2,nonop,f1_C50_p05,NaN,5
BB,main,f2,nonop,fn_C50_p05,0.0,5
BB,main,f2,nonop,fp_C50_p05,5.0,5
BB,main,f2,nonop,precision_C50_pstar,0.0,5
BB,main,f2,nonop,recall_C50_pstar,NaN,5
BB,main,f2,nonop,f1_C50_pstar,NaN,5
BB,main,f2,nonop,fn_C50_pstar,0.0,5
BB,main,f2,nonop,fp_C50_pstar,5.0,5
BB,main,f2,nonop,bss_cond_C75,NaN,5
BB,main,f2,nonop,brier_clim_C75,0.0379490639230899,5
BB,main,f2,nonop,brier_climcond_C75,0.0,5
BB,main,f2,nonop,precision_C75_p05,0.0,5
BB,main,f2,nonop,recall_C75_p05,NaN,5
BB,main,f2,nonop,f1_C75_p05,NaN,5
BB,main,f2,nonop,fn_C75_p05,0.0,5
BB,main,f2,nonop,fp_C75_p05,5.0,5
BB,main,f2,nonop,precision_C75_pstar,0.0,5
BB,main,f2,nonop,recall_C75_pstar,NaN,5
BB,main,f2,nonop,f1_C75_pstar,NaN,5
BB,main,f2,nonop,fn_C75_pstar,0.0,5
BB,main,f2,nonop,fp_C75_pstar,5.0,5
BB,main,f2,nonop,bss_cond_C90,NaN,5
BB,main,f2,nonop,brier_clim_C90,0.008264462809917356,5
BB,main,f2,nonop,brier_climcond_C90,0.0,5
BB,main,f2,nonop,precision_C90_p05,NaN,5
BB,main,f2,nonop,recall_C90_p05,NaN,5
BB,main,f2,nonop,f1_C90_p05,NaN,5
BB,main,f2,nonop,fn_C90_p05,0.0,5
BB,main,f2,nonop,fp_C90_p05,0.0,5
BB,main,f2,nonop,precision_C90_pstar,0.0,5
BB,main,f2,nonop,recall_C90_pstar,NaN,5
BB,main,f2,nonop,f1_C90_pstar,NaN,5
BB,main,f2,nonop,fn_C90_pstar,0.0,5
BB,main,f2,nonop,fp_C90_pstar,5.0,5
BB,main,f3,all,brier_mean_platt,0.2956313830979903,14
BB,main,f3,all,brier_platt_C50,0.3154621671419918,14
BB,main,f3,all,brier_platt_C75,0.2956313830979903,14
BB,main,f3,all,brier_platt_C90,0.2758005990539887,14
BB,main,f3,all,bss_cond_C50,-1.9579119113316303,14
BB,main,f3,all,brier_clim_C50,0.24571428571428575,14
BB,main,f3,all,brier_climcond_C50,0.1066502913536641,14
BB,main,f3,all,precision_C50_p05,0.0,14
BB,main,f3,all,recall_C50_p05,0.0,14
BB,main,f3,all,f1_C50_p05,0.0,14
BB,main,f3,all,fn_C50_p05,6.0,14
BB,main,f3,all,fp_C50_p05,7.0,14
BB,main,f3,all,precision_C50_pstar,0.0,14
BB,main,f3,all,recall_C50_pstar,0.0,14
BB,main,f3,all,f1_C50_pstar,0.0,14
BB,main,f3,all,fn_C50_pstar,6.0,14
BB,main,f3,all,fp_C50_pstar,7.0,14
BB,main,f3,all,bss_cond_C75,-0.8922006722087121,14
BB,main,f3,all,brier_clim_C75,0.20964726631393302,14
BB,main,f3,all,brier_climcond_C75,0.15623680270280646,14
BB,main,f3,all,precision_C75_p05,0.0,14
BB,main,f3,all,recall_C75_p05,0.0,14
BB,main,f3,all,f1_C75_p05,0.0,14
BB,main,f3,all,fn_C75_p05,4.0,14
BB,main,f3,all,fp_C75_p05,7.0,14
BB,main,f3,all,precision_C75_pstar,0.0,14
BB,main,f3,all,recall_C75_pstar,0.0,14
BB,main,f3,all,f1_C75_pstar,0.0,14
BB,main,f3,all,fn_C75_pstar,4.0,14
BB,main,f3,all,fp_C75_pstar,7.0,14
BB,main,f3,all,bss_cond_C90,-1.4195952184436655,14
BB,main,f3,all,brier_clim_C90,0.12536155202821872,14
BB,main,f3,all,brier_climcond_C90,0.11398625561485008,14
BB,main,f3,all,precision_C90_p05,0.0,14
BB,main,f3,all,recall_C90_p05,0.0,14
BB,main,f3,all,f1_C90_p05,0.0,14
BB,main,f3,all,fn_C90_p05,2.0,14
BB,main,f3,all,fp_C90_p05,7.0,14
BB,main,f3,all,precision_C90_pstar,0.0,14
BB,main,f3,all,recall_C90_pstar,0.0,14
BB,main,f3,all,f1_C90_pstar,0.0,14
BB,main,f3,all,fn_C90_pstar,2.0,14
BB,main,f3,all,fp_C90_pstar,7.0,14
BB,main,f3,op,brier_mean_platt,0.27245746600240905,8
BB,main,f3,op,brier_platt_C50,0.3071613380794118,8
BB,main,f3,op,brier_platt_C75,0.27245746600240905,8
BB,main,f3,op,brier_platt_C90,0.23775359392540635,8
BB,main,f3,op,bss_cond_C50,-0.6457598229597006,8
BB,main,f3,op,brier_clim_C50,0.31,8
BB,main,f3,op,brier_climcond_C50,0.1866380098689122,8
BB,main,f3,op,precision_C50_p05,0.0,8
BB,main,f3,op,recall_C50_p05,0.0,8
BB,main,f3,op,f1_C50_p05,0.0,8
BB,main,f3,op,fn_C50_p05,6.0,8
BB,main,f3,op,fp_C50_p05,1.0,8
BB,main,f3,op,precision_C50_pstar,0.0,8
BB,main,f3,op,recall_C50_pstar,0.0,8
BB,main,f3,op,f1_C50_pstar,0.0,8
BB,main,f3,op,fn_C50_pstar,6.0,8
BB,main,f3,op,fp_C50_pstar,1.0,8
BB,main,f3,op,bss_cond_C75,0.003499957247854346,8
BB,main,f3,op,brier_clim_C75,0.33345679012345675,8
BB,main,f3,op,brier_climcond_C75,0.2734144047299113,8
BB,main,f3,op,precision_C75_p05,0.0,8
BB,main,f3,op,recall_C75_p05,0.0,8
BB,main,f3,op,f1_C75_p05,0.0,8
BB,main,f3,op,fn_C75_p05,4.0,8
BB,main,f3,op,fp_C75_p05,1.0,8
BB,main,f3,op,precision_C75_pstar,0.0,8
BB,main,f3,op,recall_C75_pstar,0.0,8
BB,main,f3,op,f1_C75_pstar,0.0,8
BB,main,f3,op,fn_C75_pstar,4.0,8
BB,main,f3,op,fp_C75_pstar,1.0,8
BB,main,f3,op,bss_cond_C90,-0.19189103805515262,8
BB,main,f3,op,brier_clim_C90,0.2134567901234568,8
BB,main,f3,op,brier_climcond_C90,0.19947594732598764,8
BB,main,f3,op,precision_C90_p05,0.0,8
BB,main,f3,op,recall_C90_p05,0.0,8
BB,main,f3,op,f1_C90_p05,0.0,8
BB,main,f3,op,fn_C90_p05,2.0,8
BB,main,f3,op,fp_C90_p05,1.0,8
BB,main,f3,op,precision_C90_pstar,0.0,8
BB,main,f3,op,recall_C90_pstar,0.0,8
BB,main,f3,op,f1_C90_pstar,0.0,8
BB,main,f3,op,fn_C90_pstar,2.0,8
BB,main,f3,op,fp_C90_pstar,1.0,8
BB,main,f3,nonop,brier_mean_platt,0.3265299392254318,6
BB,main,f3,nonop,brier_platt_C50,0.3265299392254318,6
BB,main,f3,nonop,brier_platt_C75,0.3265299392254318,6
BB,main,f3,nonop,brier_platt_C90,0.3265299392254318,6
BB,main,f3,nonop,bss_cond_C50,NaN,6
BB,main,f3,nonop,brier_clim_C50,0.16000000000000003,6
BB,main,f3,nonop,brier_climcond_C50,0.0,6
BB,main,f3,nonop,precision_C50_p05,0.0,6
BB,main,f3,nonop,recall_C50_p05,NaN,6
BB,main,f3,nonop,f1_C50_p05,NaN,6
BB,main,f3,nonop,fn_C50_p05,0.0,6
BB,main,f3,nonop,fp_C50_p05,6.0,6
BB,main,f3,nonop,precision_C50_pstar,0.0,6
BB,main,f3,nonop,recall_C50_pstar,NaN,6
BB,main,f3,nonop,f1_C50_pstar,NaN,6
BB,main,f3,nonop,fn_C50_pstar,0.0,6
BB,main,f3,nonop,fp_C50_pstar,6.0,6
BB,main,f3,nonop,bss_cond_C75,NaN,6
BB,main,f3,nonop,brier_clim_C75,0.04456790123456789,6
BB,main,f3,nonop,brier_climcond_C75,0.0,6
BB,main,f3,nonop,precision_C75_p05,0.0,6
BB,main,f3,nonop,recall_C75_p05,NaN,6
BB,main,f3,nonop,f1_C75_p05,NaN,6
BB,main,f3,nonop,fn_C75_p05,0.0,6
BB,main,f3,nonop,fp_C75_p05,6.0,6
BB,main,f3,nonop,precision_C75_pstar,0.0,6
BB,main,f3,nonop,recall_C75_pstar,NaN,6
BB,main,f3,nonop,f1_C75_pstar,NaN,6
BB,main,f3,nonop,fn_C75_pstar,0.0,6
BB,main,f3,nonop,fp_C75_pstar,6.0,6
BB,main,f3,nonop,bss_cond_C90,NaN,6
BB,main,f3,nonop,brier_clim_C90,0.007901234567901235,6
BB,main,f3,nonop,brier_climcond_C90,0.0,6
BB,main,f3,nonop,precision_C90_p05,0.0,6
BB,main,f3,nonop,recall_C90_p05,NaN,6
BB,main,f3,nonop,f1_C90_p05,NaN,6
BB,main,f3,nonop,fn_C90_p05,0.0,6
BB,main,f3,nonop,fp_C90_p05,6.0,6
BB,main,f3,nonop,precision_C90_pstar,0.0,6
BB,main,f3,nonop,recall_C90_pstar,NaN,6
BB,main,f3,nonop,f1_C90_pstar,NaN,6
BB,main,f3,nonop,fn_C90_pstar,0.0,6
BB,main,f3,nonop,fp_C90_pstar,6.0,6
BB,main,f4,all,brier_mean_platt,0.06462621646171003,12
BB,main,f4,all,brier_platt_C50,4.799341552020161e-10,12
BB,main,f4,all,brier_platt_C75,0.17687097273650773,12
BB,main,f4,all,brier_platt_C90,0.017007676168688247,12
BB,main,f4,all,bss_cond_C50,0.999999996935589,12
BB,main,f4,all,brier_clim_C50,0.3402366863905326,12
BB,main,f4,all,brier_climcond_C50,0.1566154698555268,12
BB,main,f4,all,precision_C50_p05,1.0,12
BB,main,f4,all,recall_C50_p05,1.0,12
BB,main,f4,all,f1_C50_p05,1.0,12
BB,main,f4,all,fn_C50_p05,0.0,12
BB,main,f4,all,fp_C50_p05,0.0,12
BB,main,f4,all,precision_C50_pstar,1.0,12
BB,main,f4,all,recall_C50_pstar,1.0,12
BB,main,f4,all,f1_C50_pstar,1.0,12
BB,main,f4,all,fn_C50_pstar,0.0,12
BB,main,f4,all,fp_C50_pstar,0.0,12
BB,main,f4,all,bss_cond_C75,-0.25068069826335004,12
BB,main,f4,all,brier_clim_C75,0.13954635108481264,12
BB,main,f4,all,brier_climcond_C75,0.1414197668374545,12
BB,main,f4,all,precision_C75_p05,NaN,12
BB,main,f4,all,recall_C75_p05,0.0,12
BB,main,f4,all,f1_C75_p05,0.0,12
BB,main,f4,all,fn_C75_p05,2.0,12
BB,main,f4,all,fp_C75_p05,0.0,12
BB,main,f4,all,precision_C75_pstar,0.2,12
BB,main,f4,all,recall_C75_pstar,1.0,12
BB,main,f4,all,f1_C75_pstar,0.3333333333333333,12
BB,main,f4,all,fn_C75_pstar,0.0,12
BB,main,f4,all,fp_C75_pstar,8.0,12
BB,main,f4,all,bss_cond_C90,-0.43151484352327896,12
BB,main,f4,all,brier_clim_C90,0.005917159763313611,12
BB,main,f4,all,brier_climcond_C90,0.011880894037276305,12
BB,main,f4,all,precision_C90_p05,NaN,12
BB,main,f4,all,recall_C90_p05,NaN,12
BB,main,f4,all,f1_C90_p05,NaN,12
BB,main,f4,all,fn_C90_p05,0.0,12
BB,main,f4,all,fp_C90_p05,0.0,12
BB,main,f4,all,precision_C90_pstar,0.0,12
BB,main,f4,all,recall_C90_pstar,NaN,12
BB,main,f4,all,f1_C90_pstar,NaN,12
BB,main,f4,all,fn_C90_pstar,0.0,12
BB,main,f4,all,fp_C90_pstar,10.0,12
BB,main,f4,op,brier_mean_platt,0.07050132699625022,11
BB,main,f4,op,brier_platt_C50,4.706765332058934e-10,11
BB,main,f4,op,brier_platt_C75,0.19295015202330223,11
BB,main,f4,op,brier_platt_C90,0.018553828494771905,11
BB,main,f4,op,bss_cond_C50,0.9999999972451413,11
BB,main,f4,op,brier_clim_C50,0.3577192038730501,11
BB,main,f4,op,brier_climcond_C50,0.17085323984239287,11
BB,main,f4,op,precision_C50_p05,1.0,11
BB,main,f4,op,recall_C50_p05,1.0,11
BB,main,f4,op,f1_C50_p05,1.0,11
BB,main,f4,op,fn_C50_p05,0.0,11
BB,main,f4,op,fp_C50_p05,0.0,11
BB,main,f4,op,precision_C50_pstar,1.0,11
BB,main,f4,op,recall_C50_pstar,1.0,11
BB,main,f4,op,f1_C50_pstar,1.0,11
BB,main,f4,op,fn_C50_pstar,0.0,11
BB,main,f4,op,fp_C50_pstar,0.0,11
BB,main,f4,op,bss_cond_C75,-0.2506806979205358,11
BB,main,f4,op,brier_clim_C75,0.14887036040882198,11
BB,main,f4,op,brier_climcond_C75,0.1542761092772231,11
BB,main,f4,op,precision_C75_p05,NaN,11
BB,main,f4,op,recall_C75_p05,0.0,11
BB,main,f4,op,f1_C75_p05,0.0,11
BB,main,f4,op,fn_C75_p05,2.0,11
BB,main,f4,op,fp_C75_p05,0.0,11
BB,main,f4,op,precision_C75_pstar,0.2,11
BB,main,f4,op,recall_C75_pstar,1.0,11
BB,main,f4,op,f1_C75_pstar,0.3333333333333333,11
BB,main,f4,op,fn_C75_pstar,0.0,11
BB,main,f4,op,fp_C75_pstar,8.0,11
BB,main,f4,op,bss_cond_C90,-0.43151483944272173,11
BB,main,f4,op,brier_clim_C90,0.005917159763313611,11
BB,main,f4,op,brier_climcond_C90,0.012960975313392332,11
BB,main,f4,op,precision_C90_p05,NaN,11
BB,main,f4,op,recall_C90_p05,NaN,11
BB,main,f4,op,f1_C90_p05,NaN,11
BB,main,f4,op,fn_C90_p05,0.0,11
BB,main,f4,op,fp_C90_p05,0.0,11
BB,main,f4,op,precision_C90_pstar,0.0,11
BB,main,f4,op,recall_C90_pstar,NaN,11
BB,main,f4,op,f1_C90_pstar,NaN,11
BB,main,f4,op,fn_C90_pstar,0.0,11
BB,main,f4,op,fp_C90_pstar,10.0,11
BB,main,f4,nonop,brier_mean_platt,5.81767997159366e-10,1
BB,main,f4,nonop,brier_platt_C50,5.81767997159366e-10,1
BB,main,f4,nonop,brier_platt_C75,5.81767997159366e-10,1
BB,main,f4,nonop,brier_platt_C90,5.81767997159366e-10,1
BB,main,f4,nonop,bss_cond_C50,NaN,1
BB,main,f4,nonop,brier_clim_C50,0.14792899408284024,1
BB,main,f4,nonop,brier_climcond_C50,0.0,1
BB,main,f4,nonop,precision_C50_p05,NaN,1
BB,main,f4,nonop,recall_C50_p05,NaN,1
BB,main,f4,nonop,f1_C50_p05,NaN,1
BB,main,f4,nonop,fn_C50_p05,0.0,1
BB,main,f4,nonop,fp_C50_p05,0.0,1
BB,main,f4,nonop,precision_C50_pstar,NaN,1
BB,main,f4,nonop,recall_C50_pstar,NaN,1
BB,main,f4,nonop,f1_C50_pstar,NaN,1
BB,main,f4,nonop,fn_C50_pstar,0.0,1
BB,main,f4,nonop,fp_C50_pstar,0.0,1
BB,main,f4,nonop,bss_cond_C75,NaN,1
BB,main,f4,nonop,brier_clim_C75,0.03698224852071006,1
BB,main,f4,nonop,brier_climcond_C75,0.0,1
BB,main,f4,nonop,precision_C75_p05,NaN,1
BB,main,f4,nonop,recall_C75_p05,NaN,1
BB,main,f4,nonop,f1_C75_p05,NaN,1
BB,main,f4,nonop,fn_C75_p05,0.0,1
BB,main,f4,nonop,fp_C75_p05,0.0,1
BB,main,f4,nonop,precision_C75_pstar,NaN,1
BB,main,f4,nonop,recall_C75_pstar,NaN,1
BB,main,f4,nonop,f1_C75_pstar,NaN,1
BB,main,f4,nonop,fn_C75_pstar,0.0,1
BB,main,f4,nonop,fp_C75_pstar,0.0,1
BB,main,f4,nonop,bss_cond_C90,NaN,1
BB,main,f4,nonop,brier_clim_C90,0.00591715976331361,1
BB,main,f4,nonop,brier_climcond_C90,0.0,1
BB,main,f4,nonop,precision_C90_p05,NaN,1
BB,main,f4,nonop,recall_C90_p05,NaN,1
BB,main,f4,nonop,f1_C90_p05,NaN,1
BB,main,f4,nonop,fn_C90_p05,0.0,1
BB,main,f4,nonop,fp_C90_p05,0.0,1
BB,main,f4,nonop,precision_C90_pstar,NaN,1
BB,main,f4,nonop,recall_C90_pstar,NaN,1
BB,main,f4,nonop,f1_C90_pstar,NaN,1
BB,main,f4,nonop,fn_C90_pstar,0.0,1
BB,main,f4,nonop,fp_C90_pstar,0.0,1
BB,main,pooled,all,brier_mean_platt,0.25428903402640174,51
BB,main,pooled,all,brier_platt_C50,0.2158490825604963,51
BB,main,pooled,all,brier_platt_C75,0.3032416872929882,51
BB,main,pooled,all,brier_platt_C90,0.24377633222572073,51
BB,main,pooled,all,bss_cond_C50,-0.6301519924742078,51
BB,main,pooled,all,brier_clim_C50,0.2865662562154306,51
BB,main,pooled,all,brier_climcond_C50,0.13241040317528027,51
BB,main,pooled,all,precision_C50_p05,0.5666666666666667,51
BB,main,pooled,all,recall_C50_p05,0.5483870967741935,51
BB,main,pooled,all,f1_C50_p05,0.5573770491803278,51
BB,main,pooled,all,fn_C50_p05,14.0,51
BB,main,pooled,all,fp_C50_p05,13.0,51
BB,main,pooled,all,precision_C50_pstar,0.5952380952380952,51
BB,main,pooled,all,recall_C50_pstar,0.8064516129032258,51
BB,main,pooled,all,f1_C50_pstar,0.684931506849315,51
BB,main,pooled,all,fn_C50_pstar,6.0,51
BB,main,pooled,all,fp_C50_pstar,17.0,51
BB,main,pooled,all,bss_cond_C75,-0.2886071973843545,51
BB,main,pooled,all,brier_clim_C75,0.28404344293174416,51
BB,main,pooled,all,brier_climcond_C75,0.235325154095457,51
BB,main,pooled,all,precision_C75_p05,0.35,51
BB,main,pooled,all,recall_C75_p05,0.3333333333333333,51
BB,main,pooled,all,f1_C75_p05,0.34146341463414637,51
BB,main,pooled,all,fn_C75_p05,14.0,51
BB,main,pooled,all,fp_C75_p05,13.0,51
BB,main,pooled,all,precision_C75_pstar,0.40476190476190477,51
BB,main,pooled,all,recall_C75_pstar,0.8095238095238095,51
BB,main,pooled,all,f1_C75_pstar,0.5396825396825397,51
BB,main,pooled,all,fn_C75_pstar,4.0,51
BB,main,pooled,all,fp_C75_pstar,25.0,51
BB,main,pooled,all,bss_cond_C90,-0.21634096834509342,51
BB,main,pooled,all,brier_clim_C90,0.21796862139473777,51
BB,main,pooled,all,brier_climcond_C90,0.20041775996198943,51
BB,main,pooled,all,precision_C90_p05,0.0,51
BB,main,pooled,all,recall_C90_p05,0.0,51
BB,main,pooled,all,f1_C90_p05,0.0,51
BB,main,pooled,all,fn_C90_p05,13.0,51
BB,main,pooled,all,fp_C90_p05,7.0,51
BB,main,pooled,all,precision_C90_pstar,0.2619047619047619,51
BB,main,pooled,all,recall_C90_pstar,0.8461538461538461,51
BB,main,pooled,all,f1_C90_pstar,0.4,51
BB,main,pooled,all,fn_C90_pstar,2.0,51
BB,main,pooled,all,fp_C90_pstar,31.0,51
BB,main,pooled,op,brier_mean_platt,0.2631743518567692,37
BB,main,pooled,op,brier_platt_C50,0.1905169170329123,37
BB,main,pooled,op,brier_platt_C75,0.31980211614347936,37
BB,main,pooled,op,brier_platt_C90,0.27920402239391606,37
BB,main,pooled,op,bss_cond_C50,-0.04386175239945023,37
BB,main,pooled,op,brier_clim_C50,0.3351532092391234,37
BB,main,pooled,op,brier_climcond_C50,0.1825116368091701,37
BB,main,pooled,op,precision_C50_p05,0.8947368421052632,37
BB,main,pooled,op,recall_C50_p05,0.5483870967741935,37
BB,main,pooled,op,f1_C50_p05,0.68,37
BB,main,pooled,op,fn_C50_p05,14.0,37
BB,main,pooled,op,fp_C50_p05,2.0,37
BB,main,pooled,op,precision_C50_pstar,0.8620689655172413,37
BB,main,pooled,op,recall_C50_pstar,0.8064516129032258,37
BB,main,pooled,op,f1_C50_pstar,0.8333333333333334,37
BB,main,pooled,op,fn_C50_pstar,6.0,37
BB,main,pooled,op,fp_C50_pstar,4.0,37
BB,main,pooled,op,bss_cond_C75,0.014073523763139528,37
BB,main,pooled,op,brier_clim_C75,0.37565674456450343,37
BB,main,pooled,op,brier_climcond_C75,0.32436710429373805,37
BB,main,pooled,op,precision_C75_p05,0.7777777777777778,37
BB,main,pooled,op,recall_C75_p05,0.3333333333333333,37
BB,main,pooled,op,f1_C75_p05,0.4666666666666667,37
BB,main,pooled,op,fn_C75_p05,14.0,37
BB,main,pooled,op,fp_C75_p05,2.0,37
BB,main,pooled,op,precision_C75_pstar,0.5862068965517241,37
BB,main,pooled,op,recall_C75_pstar,0.8095238095238095,37
BB,main,pooled,op,f1_C75_pstar,0.68,37
BB,main,pooled,op,fn_C75_pstar,4.0,37
BB,main,pooled,op,fp_C75_pstar,12.0,37
BB,main,pooled,op,bss_cond_C90,-0.010687780318798579,37
BB,main,pooled,op,brier_clim_C90,0.29756536460499167,37
BB,main,pooled,op,brier_climcond_C90,0.27625150697463413,37
BB,main,pooled,op,precision_C90_p05,0.0,37
BB,main,pooled,op,recall_C90_p05,0.0,37
BB,main,pooled,op,f1_C90_p05,0.0,37
BB,main,pooled,op,fn_C90_p05,13.0,37
BB,main,pooled,op,fp_C90_p05,1.0,37
BB,main,pooled,op,precision_C90_pstar,0.3793103448275862,37
BB,main,pooled,op,recall_C90_pstar,0.8461538461538461,37
BB,main,pooled,op,f1_C90_pstar,0.5238095238095238,37
BB,main,pooled,op,fn_C90_pstar,2.0,37
BB,main,pooled,op,fp_C90_pstar,18.0,37
BB,main,pooled,nonop,brier_mean_platt,0.23080640833185928,14
BB,main,pooled,nonop,brier_platt_C50,0.2827983771691116,14
BB,main,pooled,nonop,brier_platt_C75,0.2594748396166902,14
BB,main,pooled,nonop,brier_platt_C90,0.15014600820977606,14
BB,main,pooled,nonop,bss_cond_C50,NaN,14
BB,main,pooled,nonop,brier_clim_C50,0.15815788036709977,14
BB,main,pooled,nonop,brier_climcond_C50,0.0,14
BB,main,pooled,nonop,precision_C50_p05,0.0,14
BB,main,pooled,nonop,recall_C50_p05,NaN,14
BB,main,pooled,nonop,f1_C50_p05,NaN,14
BB,main,pooled,nonop,fn_C50_p05,0.0,14
BB,main,pooled,nonop,fp_C50_p05,11.0,14
BB,main,pooled,nonop,precision_C50_pstar,0.0,14
BB,main,pooled,nonop,recall_C50_pstar,NaN,14
BB,main,pooled,nonop,f1_C50_pstar,NaN,14
BB,main,pooled,nonop,fn_C50_pstar,0.0,14
BB,main,pooled,nonop,fp_C50_pstar,13.0,14
BB,main,pooled,nonop,bss_cond_C75,NaN,14
BB,main,pooled,nonop,brier_clim_C75,0.04192257433088031,14
BB,main,pooled,nonop,brier_climcond_C75,0.0,14
BB,main,pooled,nonop,precision_C75_p05,0.0,14
BB,main,pooled,nonop,recall_C75_p05,NaN,14
BB,main,pooled,nonop,f1_C75_p05,NaN,14
BB,main,pooled,nonop,fn_C75_p05,0.0,14
BB,main,pooled,nonop,fp_C75_p05,11.0,14
BB,main,pooled,nonop,precision_C75_pstar,0.0,14
BB,main,pooled,nonop,recall_C75_pstar,NaN,14
BB,main,pooled,nonop,f1_C75_pstar,NaN,14
BB,main,pooled,nonop,fn_C75_pstar,0.0,14
BB,main,pooled,nonop,fp_C75_pstar,13.0,14
BB,main,pooled,nonop,bss_cond_C90,NaN,14
BB,main,pooled,nonop,brier_clim_C90,0.007605800053352501,14
BB,main,pooled,nonop,brier_climcond_C90,0.0,14
BB,main,pooled,nonop,precision_C90_p05,0.0,14
BB,main,pooled,nonop,recall_C90_p05,NaN,14
BB,main,pooled,nonop,f1_C90_p05,NaN,14
BB,main,pooled,nonop,fn_C90_p05,0.0,14
BB,main,pooled,nonop,fp_C90_p05,6.0,14
BB,main,pooled,nonop,precision_C90_pstar,0.0,14
BB,main,pooled,nonop,recall_C90_pstar,NaN,14
BB,main,pooled,nonop,f1_C90_pstar,NaN,14
BB,main,pooled,nonop,fn_C90_pstar,0.0,14
BB,main,pooled,nonop,fp_C90_pstar,13.0,14
B1,main,f1,all,brier_mean_platt,0.24125627753703652,12
B1,main,f1,all,brier_platt_C50,1.68364396845104e-10,12
B1,main,f1,all,brier_platt_C75,0.3993088252437413,12
B1,main,f1,all,brier_platt_C90,0.324460007199004,12
B1,main,f1,all,bss_cond_C50,0.9999999989568448,12
B1,main,f1,all,brier_clim_C50,0.3017751479289941,12
B1,main,f1,all,brier_climcond_C50,0.16139917695473252,12
B1,main,f1,all,precision_C50_p05,1.0,12
B1,main,f1,all,recall_C50_p05,1.0,12
B1,main,f1,all,f1_C50_p05,1.0,12
B1,main,f1,all,fn_C50_p05,0.0,12
B1,main,f1,all,fp_C50_p05,0.0,12
B1,main,f1,all,precision_C50_pstar,1.0,12
B1,main,f1,all,recall_C50_pstar,1.0,12
B1,main,f1,all,f1_C50_pstar,1.0,12
B1,main,f1,all,fn_C50_pstar,0.0,12
B1,main,f1,all,fp_C50_pstar,0.0,12
B1,main,f1,all,bss_cond_C75,-0.10741890589168124,12
B1,main,f1,all,brier_clim_C75,0.42587771203155816,12
B1,main,f1,all,brier_climcond_C75,0.3605761316872429,12
B1,main,f1,all,precision_C75_p05,NaN,12
B1,main,f1,all,recall_C75_p05,0.0,12
B1,main,f1,all,f1_C75_p05,0.0,12
B1,main,f1,all,fn_C75_p05,8.0,12
B1,main,f1,all,fp_C75_p05,0.0,12
B1,main,f1,all,precision_C75_pstar,1.0,12
B1,main,f1,all,recall_C75_pstar,0.5,12
B1,main,f1,all,f1_C75_pstar,0.6666666666666666,12
B1,main,f1,all,fn_C75_pstar,4.0,12
B1,main,f1,all,fp_C75_pstar,0.0,12
B1,main,f1,all,bss_cond_C90,-0.21298125768243015,12
B1,main,f1,all,brier_clim_C90,0.28796844181459574,12
B1,main,f1,all,brier_climcond_C90,0.2674897119341564,12
B1,main,f1,all,precision_C90_p05,NaN,12
B1,main,f1,all,recall_C90_p05,0.0,12
B1,main,f1,all,f1_C90_p05,0.0,12
B1,main,f1,all,fn_C90_p05,4.0,12
B1,main,f1,all,fp_C90_p05,0.0,12
B1,main,f1,all,precision_C90_pstar,NaN,12
B1,main,f1,all,recall_C90_pstar,0.0,12
B1,main,f1,all,f1_C90_pstar,0.0,12
B1,main,f1,all,fn_C90_pstar,4.0,12
B1,main,f1,all,fp_C90_pstar,0.0,12
B1,main,f1,op,brier_mean_platt,0.2895075330444438,10
B1,main,f1,op,brier_platt_C50,2.0203727598528636e-10,10
B1,main,f1,op,brier_platt_C75,0.47917059029248954,10
B1,main,f1,op,brier_platt_C90,0.3893520086388048,10
B1,main,f1,op,bss_cond_C50,0.9999999989568448,10
B1,main,f1,op,brier_clim_C50,0.3325443786982249,10
B1,main,f1,op,brier_climcond_C50,0.19367901234567902,10
B1,main,f1,op,precision_C50_p05,1.0,10
B1,main,f1,op,recall_C50_p05,1.0,10
B1,main,f1,op,f1_C50_p05,1.0,10
B1,main,f1,op,fn_C50_p05,0.0,10
B1,main,f1,op,fp_C50_p05,0.0,10
B1,main,f1,op,precision_C50_pstar,1.0,10
B1,main,f1,op,recall_C50_pstar,1.0,10
B1,main,f1,op,f1_C50_pstar,1.0,10
B1,main,f1,op,fn_C50_pstar,0.0,10
B1,main,f1,op,fp_C50_pstar,0.0,10
B1,main,f1,op,bss_cond_C75,-0.10741890589168124,10
B1,main,f1,op,brier_clim_C75,0.5017751479289941,10
B1,main,f1,op,brier_climcond_C75,0.4326913580246915,10
B1,main,f1,op,precision_C75_p05,NaN,10
B1,main,f1,op,recall_C75_p05,0.0,10
B1,main,f1,op,f1_C75_p05,0.0,10
B1,main,f1,op,fn_C75_p05,8.0,10
B1,main,f1,op,fp_C75_p05,0.0,10
B1,main,f1,op,precision_C75_pstar,1.0,10
B1,main,f1,op,recall_C75_pstar,0.5,10
B1,main,f1,op,f1_C75_pstar,0.6666666666666666,10
B1,main,f1,op,fn_C75_pstar,4.0,10
B1,main,f1,op,fp_C75_pstar,0.0,10
B1,main,f1,op,bss_cond_C90,-0.21298125768243037,10
B1,main,f1,op,brier_clim_C90,0.3443786982248521,10
B1,main,f1,op,brier_climcond_C90,0.32098765432098764,10
B1,main,f1,op,precision_C90_p05,NaN,10
B1,main,f1,op,recall_C90_p05,0.0,10
B1,main,f1,op,f1_C90_p05,0.0,10
B1,main,f1,op,fn_C90_p05,4.0,10
B1,main,f1,op,fp_C90_p05,0.0,10
B1,main,f1,op,precision_C90_pstar,NaN,10
B1,main,f1,op,recall_C90_pstar,0.0,10
B1,main,f1,op,f1_C90_pstar,0.0,10
B1,main,f1,op,fn_C90_pstar,4.0,10
B1,main,f1,op,fp_C90_pstar,0.0,10
B1,main,f1,nonop,brier_mean_platt,1.144192320005201e-18,2
B1,main,f1,nonop,brier_platt_C50,1.144192320005201e-18,2
B1,main,f1,nonop,brier_platt_C75,1.144192320005201e-18,2
B1,main,f1,nonop,brier_platt_C90,1.144192320005201e-18,2
B1,main,f1,nonop,bss_cond_C50,NaN,2
B1,main,f1,nonop,brier_clim_C50,0.14792899408284024,2
B1,main,f1,nonop,brier_climcond_C50,0.0,2
B1,main,f1,nonop,precision_C50_p05,NaN,2
B1,main,f1,nonop,recall_C50_p05,NaN,2
B1,main,f1,nonop,f1_C50_p05,NaN,2
B1,main,f1,nonop,fn_C50_p05,0.0,2
B1,main,f1,nonop,fp_C50_p05,0.0,2
B1,main,f1,nonop,precision_C50_pstar,NaN,2
B1,main,f1,nonop,recall_C50_pstar,NaN,2
B1,main,f1,nonop,f1_C50_pstar,NaN,2
B1,main,f1,nonop,fn_C50_pstar,0.0,2
B1,main,f1,nonop,fp_C50_pstar,0.0,2
B1,main,f1,nonop,bss_cond_C75,NaN,2
B1,main,f1,nonop,brier_clim_C75,0.0463905325443787,2
B1,main,f1,nonop,brier_climcond_C75,0.0,2
B1,main,f1,nonop,precision_C75_p05,NaN,2
B1,main,f1,nonop,recall_C75_p05,NaN,2
B1,main,f1,nonop,f1_C75_p05,NaN,2
B1,main,f1,nonop,fn_C75_p05,0.0,2
B1,main,f1,nonop,fp_C75_p05,0.0,2
B1,main,f1,nonop,precision_C75_pstar,NaN,2
B1,main,f1,nonop,recall_C75_pstar,NaN,2
B1,main,f1,nonop,f1_C75_pstar,NaN,2
B1,main,f1,nonop,fn_C75_pstar,0.0,2
B1,main,f1,nonop,fp_C75_pstar,0.0,2
B1,main,f1,nonop,bss_cond_C90,NaN,2
B1,main,f1,nonop,brier_clim_C90,0.00591715976331361,2
B1,main,f1,nonop,brier_climcond_C90,0.0,2
B1,main,f1,nonop,precision_C90_p05,NaN,2
B1,main,f1,nonop,recall_C90_p05,NaN,2
B1,main,f1,nonop,f1_C90_p05,NaN,2
B1,main,f1,nonop,fn_C90_p05,0.0,2
B1,main,f1,nonop,fp_C90_p05,0.0,2
B1,main,f1,nonop,precision_C90_pstar,NaN,2
B1,main,f1,nonop,recall_C90_pstar,NaN,2
B1,main,f1,nonop,f1_C90_pstar,NaN,2
B1,main,f1,nonop,fn_C90_pstar,0.0,2
B1,main,f1,nonop,fp_C90_pstar,0.0,2
B1,main,f2,all,brier_mean_platt,0.05378062593233249,13
B1,main,f2,all,brier_platt_C50,0.05456015839993326,13
B1,main,f2,all,brier_platt_C75,0.05456015839993326,13
B1,main,f2,all,brier_platt_C90,0.05222156099713097,13
B1,main,f2,all,bss_cond_C50,0.5086885984598265,13
B1,main,f2,all,brier_clim_C50,0.26697977347328,13
B1,main,f2,all,brier_climcond_C50,0.11105005548191413,13
B1,main,f2,all,precision_C50_p05,0.7777777777777778,13
B1,main,f2,all,recall_C50_p05,1.0,13
B1,main,f2,all,f1_C50_p05,0.875,13
B1,main,f2,all,fn_C50_p05,0.0,13
B1,main,f2,all,fp_C50_p05,2.0,13
B1,main,f2,all,precision_C50_pstar,1.0,13
B1,main,f2,all,recall_C50_pstar,1.0,13
B1,main,f2,all,f1_C50_pstar,1.0,13
B1,main,f2,all,fn_C50_pstar,0.0,13
B1,main,f2,all,fp_C50_pstar,0.0,13
B1,main,f2,all,bss_cond_C75,0.812869981751633,13
B1,main,f2,all,brier_clim_C75,0.3666203925944187,13
B1,main,f2,all,brier_climcond_C75,0.29156283374866504,13
B1,main,f2,all,precision_C75_p05,0.7777777777777778,13
B1,main,f2,all,recall_C75_p05,1.0,13
B1,main,f2,all,f1_C75_p05,0.875,13
B1,main,f2,all,fn_C75_p05,0.0,13
B1,main,f2,all,fp_C75_p05,2.0,13
B1,main,f2,all,precision_C75_pstar,1.0,13
B1,main,f2,all,recall_C75_pstar,1.0,13
B1,main,f2,all,f1_C75_pstar,1.0,13
B1,main,f2,all,fn_C75_pstar,0.0,13
B1,main,f2,all,fp_C75_pstar,0.0,13
B1,main,f2,all,bss_cond_C90,0.8712547432532926,13
B1,main,f2,all,brier_clim_C90,0.44882390336935774,13
B1,main,f2,all,brier_climcond_C90,0.4056193005997208,13
B1,main,f2,all,precision_C90_p05,0.7777777777777778,13
B1,main,f2,all,recall_C90_p05,1.0,13
B1,main,f2,all,f1_C90_p05,0.875,13
B1,main,f2,all,fn_C90_p05,0.0,13
B1,main,f2,all,fp_C90_p05,2.0,13
B1,main,f2,all,precision_C90_pstar,0.7777777777777778,13
B1,main,f2,all,recall_C90_pstar,1.0,13
B1,main,f2,all,f1_C90_pstar,0.875,13
B1,main,f2,all,fn_C90_pstar,0.0,13
B1,main,f2,all,fp_C90_pstar,2.0,13
B1,main,f2,op,brier_mean_platt,0.009349049734398256,8
B1,main,f2,op,brier_platt_C50,0.009940692419650494,8
B1,main,f2,op,brier_platt_C75,0.009940692419650494,8
B1,main,f2,op,brier_platt_C90,0.008165764363893779,8
B1,main,f2,op,bss_cond_C50,0.9449135873478274,8
B1,main,f2,op,brier_clim_C50,0.3325392140327205,8
B1,main,f2,op,brier_climcond_C50,0.18045634015811046,8
B1,main,f2,op,precision_C50_p05,1.0,8
B1,main,f2,op,recall_C50_p05,1.0,8
B1,main,f2,op,f1_C50_p05,1.0,8
B1,main,f2,op,fn_C50_p05,0.0,8
B1,main,f2,op,fp_C50_p05,0.0,8
B1,main,f2,op,precision_C50_pstar,1.0,8
B1,main,f2,op,recall_C50_pstar,1.0,8
B1,main,f2,op,f1_C50_pstar,1.0,8
B1,main,f2,op,fn_C50_pstar,0.0,8
B1,main,f2,op,fp_C50_pstar,0.0,8
B1,main,f2,op,bss_cond_C75,0.9790187620875002,8
B1,main,f2,op,brier_clim_C75,0.572039973013999,8
B1,main,f2,op,brier_climcond_C75,0.4737896048415807,8
B1,main,f2,op,precision_C75_p05,1.0,8
B1,main,f2,op,recall_C75_p05,1.0,8
B1,main,f2,op,f1_C75_p05,1.0,8
B1,main,f2,op,fn_C75_p05,0.0,8
B1,main,f2,op,fp_C75_p05,0.0,8
B1,main,f2,op,precision_C75_pstar,1.0,8
B1,main,f2,op,recall_C75_pstar,1.0,8
B1,main,f2,op,f1_C75_pstar,1.0,8
B1,main,f2,op,fn_C75_pstar,0.0,8
B1,main,f2,op,fp_C75_pstar,0.0,8
B1,main,f2,op,bss_cond_C90,0.9876113248186996,8
B1,main,f2,op,brier_clim_C90,0.7241735537190082,8
B1,main,f2,op,brier_climcond_C90,0.6591313634745462,8
B1,main,f2,op,precision_C90_p05,1.0,8
B1,main,f2,op,recall_C90_p05,1.0,8
B1,main,f2,op,f1_C90_p05,1.0,8
B1,main,f2,op,fn_C90_p05,0.0,8
B1,main,f2,op,fp_C90_p05,0.0,8
B1,main,f2,op,precision_C90_pstar,1.0,8
B1,main,f2,op,recall_C90_pstar,1.0,8
B1,main,f2,op,f1_C90_pstar,1.0,8
B1,main,f2,op,fn_C90_pstar,0.0,8
B1,main,f2,op,fp_C90_pstar,0.0,8
B1,main,f2,nonop,brier_mean_platt,0.12487114784902727,5
B1,main,f2,nonop,brier_platt_C50,0.12595130396838566,5
B1,main,f2,nonop,brier_platt_C75,0.12595130396838566,5
B1,main,f2,nonop,brier_platt_C90,0.12271083561031046,5
B1,main,f2,nonop,bss_cond_C50,NaN,5
B1,main,f2,nonop,brier_clim_C50,0.16208466857817508,5
B1,main,f2,nonop,brier_climcond_C50,0.0,5
B1,main,f2,nonop,precision_C50_p05,0.0,5
B1,main,f2,nonop,recall_C50_p05,NaN,5
B1,main,f2,nonop,f1_C50_p05,NaN,5
B1,main,f2,nonop,fn_C50_p05,0.0,5
B1,main,f2,nonop,fp_C50_p05,2.0,5
B1,main,f2,nonop,precision_C50_pstar,NaN,5
B1,main,f2,nonop,recall_C50_pstar,NaN,5
B1,main,f2,nonop,f1_C50_pstar,NaN,5
B1,main,f2,nonop,fn_C50_pstar,0.0,5
B1,main,f2,nonop,fp_C50_pstar,0.0,5
B1,main,f2,nonop,bss_cond_C75,NaN,5
B1,main,f2,nonop,brier_clim_C75,0.0379490639230899,5
B1,main,f2,nonop,brier_climcond_C75,0.0,5
B1,main,f2,nonop,precision_C75_p05,0.0,5
B1,main,f2,nonop,recall_C75_p05,NaN,5
B1,main,f2,nonop,f1_C75_p05,NaN,5
B1,main,f2,nonop,fn_C75_p05,0.0,5
B1,main,f2,nonop,fp_C75_p05,2.0,5
B1,main,f2,nonop,precision_C75_pstar,NaN,5
B1,main,f2,nonop,recall_C75_pstar,NaN,5
B1,main,f2,nonop,f1_C75_pstar,NaN,5
B1,main,f2,nonop,fn_C75_pstar,0.0,5
B1,main,f2,nonop,fp_C75_pstar,0.0,5
B1,main,f2,nonop,bss_cond_C90,NaN,5
B1,main,f2,nonop,brier_clim_C90,0.008264462809917356,5
B1,main,f2,nonop,brier_climcond_C90,0.0,5
B1,main,f2,nonop,precision_C90_p05,0.0,5
B1,main,f2,nonop,recall_C90_p05,NaN,5
B1,main,f2,nonop,f1_C90_p05,NaN,5
B1,main,f2,nonop,fn_C90_p05,0.0,5
B1,main,f2,nonop,fp_C90_p05,2.0,5
B1,main,f2,nonop,precision_C90_pstar,0.0,5
B1,main,f2,nonop,recall_C90_pstar,NaN,5
B1,main,f2,nonop,f1_C90_pstar,NaN,5
B1,main,f2,nonop,fn_C90_pstar,0.0,5
B1,main,f2,nonop,fp_C90_pstar,2.0,5
B1,main,f3,all,brier_mean_platt,0.21298097651070555,14
B1,main,f3,all,brier_platt_C50,0.13799771190325252,14
B1,main,f3,all,brier_platt_C75,0.2860182514129611,14
B1,main,f3,all,brier_platt_C90,0.214926966215903,14
B1,main,f3,all,bss_cond_C50,-0.2939271909313115,14
B1,main,f3,all,brier_clim_C50,0.24571428571428575,14
B1,main,f3,all,brier_climcond_C50,0.1066502913536641,14
B1,main,f3,all,precision_C50_p05,0.8333333333333334,14
B1,main,f3,all,recall_C50_p05,0.8333333333333334,14
B1,main,f3,all,f1_C50_p05,0.8333333333333334,14
B1,main,f3,all,fn_C50_p05,1.0,14
B1,main,f3,all,fp_C50_p05,1.0,14
B1,main,f3,all,precision_C50_pstar,0.75,14
B1,main,f3,all,recall_C50_pstar,0.5,14
B1,main,f3,all,f1_C50_pstar,0.6,14
B1,main,f3,all,fn_C50_pstar,3.0,14
B1,main,f3,all,fp_C50_pstar,1.0,14
B1,main,f3,all,bss_cond_C75,-0.830671432498685,14
B1,main,f3,all,brier_clim_C75,0.20964726631393302,14
B1,main,f3,all,brier_climcond_C75,0.15623680270280646,14
B1,main,f3,all,precision_C75_p05,0.5,14
B1,main,f3,all,recall_C75_p05,0.5,14
B1,main,f3,all,f1_C75_p05,0.5,14
B1,main,f3,all,fn_C75_p05,2.0,14
B1,main,f3,all,fp_C75_p05,2.0,14
B1,main,f3,all,precision_C75_pstar,0.5,14
B1,main,f3,all,recall_C75_pstar,0.5,14
B1,main,f3,all,f1_C75_pstar,0.5,14
B1,main,f3,all,fn_C75_pstar,2.0,14
B1,main,f3,all,fp_C75_pstar,2.0,14
B1,main,f3,all,bss_cond_C90,-0.8855515961689542,14
B1,main,f3,all,brier_clim_C90,0.12536155202821872,14
B1,main,f3,all,brier_climcond_C90,0.11398625561485008,14
B1,main,f3,all,precision_C90_p05,0.0,14
B1,main,f3,all,recall_C90_p05,0.0,14
B1,main,f3,all,f1_C90_p05,0.0,14
B1,main,f3,all,fn_C90_p05,2.0,14
B1,main,f3,all,fp_C90_p05,1.0,14
B1,main,f3,all,precision_C90_pstar,0.0,14
B1,main,f3,all,recall_C90_pstar,0.0,14
B1,main,f3,all,f1_C90_pstar,0.0,14
B1,main,f3,all,fn_C90_pstar,2.0,14
B1,main,f3,all,fp_C90_pstar,1.0,14
B1,main,f3,op,brier_mean_platt,0.37271670467407864,8
B1,main,f3,op,brier_platt_C50,0.24149598317180895,8
B1,main,f3,op,brier_platt_C75,0.5005319399725968,8
B1,main,f3,op,brier_platt_C90,0.3761221908778303,8
B1,main,f3,op,bss_cond_C50,-0.2939271231054543,8
B1,main,f3,op,brier_clim_C50,0.31,8
B1,main,f3,op,brier_climcond_C50,0.1866380098689122,8
B1,main,f3,op,precision_C50_p05,0.8333333333333334,8
B1,main,f3,op,recall_C50_p05,0.8333333333333334,8
B1,main,f3,op,f1_C50_p05,0.8333333333333334,8
B1,main,f3,op,fn_C50_p05,1.0,8
B1,main,f3,op,fp_C50_p05,1.0,8
B1,main,f3,op,precision_C50_pstar,0.75,8
B1,main,f3,op,recall_C50_pstar,0.5,8
B1,main,f3,op,f1_C50_pstar,0.6,8
B1,main,f3,op,fn_C50_pstar,3.0,8
B1,main,f3,op,fp_C50_pstar,1.0,8
B1,main,f3,op,bss_cond_C75,-0.8306714324983737,8
B1,main,f3,op,brier_clim_C75,0.33345679012345675,8
B1,main,f3,op,brier_climcond_C75,0.2734144047299113,8
B1,main,f3,op,precision_C75_p05,0.5,8
B1,main,f3,op,recall_C75_p05,0.5,8
B1,main,f3,op,f1_C75_p05,0.5,8
B1,main,f3,op,fn_C75_p05,2.0,8
B1,main,f3,op,fp_C75_p05,2.0,8
B1,main,f3,op,precision_C75_pstar,0.5,8
B1,main,f3,op,recall_C75_pstar,0.5,8
B1,main,f3,op,f1_C75_pstar,0.5,8
B1,main,f3,op,fn_C75_pstar,2.0,8
B1,main,f3,op,fp_C75_pstar,2.0,8
B1,main,f3,op,bss_cond_C90,-0.8855515961689544,8
B1,main,f3,op,brier_clim_C90,0.2134567901234568,8
B1,main,f3,op,brier_climcond_C90,0.19947594732598764,8
B1,main,f3,op,precision_C90_p05,0.0,8
B1,main,f3,op,recall_C90_p05,0.0,8
B1,main,f3,op,f1_C90_p05,0.0,8
B1,main,f3,op,fn_C90_p05,2.0,8
B1,main,f3,op,fp_C90_p05,1.0,8
B1,main,f3,op,precision_C90_pstar,0.0,8
B1,main,f3,op,recall_C90_pstar,0.0,8
B1,main,f3,op,f1_C90_pstar,0.0,8
B1,main,f3,op,fn_C90_pstar,2.0,8
B1,main,f3,op,fp_C90_pstar,1.0,8
B1,main,f3,nonop,brier_mean_platt,5.626208075507918e-9,6
B1,main,f3,nonop,brier_platt_C50,1.6878510639857398e-8,6
B1,main,f3,nonop,brier_platt_C75,1.135853655283185e-13,6
B1,main,f3,nonop,brier_platt_C90,1.300831371733995e-18,6
B1,main,f3,nonop,bss_cond_C50,NaN,6
B1,main,f3,nonop,brier_clim_C50,0.16000000000000003,6
B1,main,f3,nonop,brier_climcond_C50,0.0,6
B1,main,f3,nonop,precision_C50_p05,NaN,6
B1,main,f3,nonop,recall_C50_p05,NaN,6
B1,main,f3,nonop,f1_C50_p05,NaN,6
B1,main,f3,nonop,fn_C50_p05,0.0,6
B1,main,f3,nonop,fp_C50_p05,0.0,6
B1,main,f3,nonop,precision_C50_pstar,NaN,6
B1,main,f3,nonop,recall_C50_pstar,NaN,6
B1,main,f3,nonop,f1_C50_pstar,NaN,6
B1,main,f3,nonop,fn_C50_pstar,0.0,6
B1,main,f3,nonop,fp_C50_pstar,0.0,6
B1,main,f3,nonop,bss_cond_C75,NaN,6
B1,main,f3,nonop,brier_clim_C75,0.04456790123456789,6
B1,main,f3,nonop,brier_climcond_C75,0.0,6
B1,main,f3,nonop,precision_C75_p05,NaN,6
B1,main,f3,nonop,recall_C75_p05,NaN,6
B1,main,f3,nonop,f1_C75_p05,NaN,6
B1,main,f3,nonop,fn_C75_p05,0.0,6
B1,main,f3,nonop,fp_C75_p05,0.0,6
B1,main,f3,nonop,precision_C75_pstar,NaN,6
B1,main,f3,nonop,recall_C75_pstar,NaN,6
B1,main,f3,nonop,f1_C75_pstar,NaN,6
B1,main,f3,nonop,fn_C75_pstar,0.0,6
B1,main,f3,nonop,fp_C75_pstar,0.0,6
B1,main,f3,nonop,bss_cond_C90,NaN,6
B1,main,f3,nonop,brier_clim_C90,0.007901234567901235,6
B1,main,f3,nonop,brier_climcond_C90,0.0,6
B1,main,f3,nonop,precision_C90_p05,NaN,6
B1,main,f3,nonop,recall_C90_p05,NaN,6
B1,main,f3,nonop,f1_C90_p05,NaN,6
B1,main,f3,nonop,fn_C90_p05,0.0,6
B1,main,f3,nonop,fp_C90_p05,0.0,6
B1,main,f3,nonop,precision_C90_pstar,NaN,6
B1,main,f3,nonop,recall_C90_pstar,NaN,6
B1,main,f3,nonop,f1_C90_pstar,NaN,6
B1,main,f3,nonop,fn_C90_pstar,0.0,6
B1,main,f3,nonop,fp_C90_pstar,0.0,6
B1,main,f4,all,brier_mean_platt,0.076135350116445,12
B1,main,f4,all,brier_platt_C50,0.0009754005647513546,12
B1,main,f4,all,brier_platt_C75,0.21157677070907868,12
B1,main,f4,all,brier_platt_C90,0.015853879075504944,12
B1,main,f4,all,bss_cond_C50,0.993772003712972,12
B1,main,f4,all,brier_clim_C50,0.3402366863905326,12
B1,main,f4,all,brier_climcond_C50,0.1566154698555268,12
B1,main,f4,all,precision_C50_p05,1.0,12
B1,main,f4,all,recall_C50_p05,1.0,12
B1,main,f4,all,f1_C50_p05,1.0,12
B1,main,f4,all,fn_C50_p05,0.0,12
B1,main,f4,all,fp_C50_p05,0.0,12
B1,main,f4,all,precision_C50_pstar,1.0,12
B1,main,f4,all,recall_C50_pstar,0.8,12
B1,main,f4,all,f1_C50_pstar,0.8888888888888888,12
B1,main,f4,all,fn_C50_pstar,2.0,12
B1,main,f4,all,fp_C50_pstar,0.0,12
B1,main,f4,all,bss_cond_C75,-0.49609050729281345,12
B1,main,f4,all,brier_clim_C75,0.13954635108481264,12
B1,main,f4,all,brier_climcond_C75,0.1414197668374545,12
B1,main,f4,all,precision_C75_p05,0.2,12
B1,main,f4,all,recall_C75_p05,0.5,12
B1,main,f4,all,f1_C75_p05,0.2857142857142857,12
B1,main,f4,all,fn_C75_p05,1.0,12
B1,main,f4,all,fp_C75_p05,4.0,12
B1,main,f4,all,precision_C75_pstar,NaN,12
B1,main,f4,all,recall_C75_pstar,0.0,12
B1,main,f4,all,f1_C75_pstar,0.0,12
B1,main,f4,all,fn_C75_pstar,2.0,12
B1,main,f4,all,fp_C75_pstar,0.0,12
B1,main,f4,all,bss_cond_C90,-0.33440118443640676,12
B1,main,f4,all,brier_clim_C90,0.005917159763313611,12
B1,main,f4,all,brier_climcond_C90,0.011880894037276305,12
B1,main,f4,all,precision_C90_p05,NaN,12
B1,main,f4,all,recall_C90_p05,NaN,12
B1,main,f4,all,f1_C90_p05,NaN,12
B1,main,f4,all,fn_C90_p05,0.0,12
B1,main,f4,all,fp_C90_p05,0.0,12
B1,main,f4,all,precision_C90_pstar,0.0,12
B1,main,f4,all,recall_C90_pstar,NaN,12
B1,main,f4,all,f1_C90_pstar,NaN,12
B1,main,f4,all,fn_C90_pstar,0.0,12
B1,main,f4,all,fp_C90_pstar,7.0,12
B1,main,f4,op,brier_mean_platt,0.08305674558157636,11
B1,main,f4,op,brier_platt_C50,0.001064073343365114,11
B1,main,f4,op,brier_platt_C75,0.2308110225917222,11
B1,main,f4,op,brier_platt_C90,0.017295140809641757,11
B1,main,f4,op,bss_cond_C50,0.993772003712972,11
B1,main,f4,op,brier_clim_C50,0.3577192038730501,11
B1,main,f4,op,brier_climcond_C50,0.17085323984239287,11
B1,main,f4,op,precision_C50_p05,1.0,11
B1,main,f4,op,recall_C50_p05,1.0,11
B1,main,f4,op,f1_C50_p05,1.0,11
B1,main,f4,op,fn_C50_p05,0.0,11
B1,main,f4,op,fp_C50_p05,0.0,11
B1,main,f4,op,precision_C50_pstar,1.0,11
B1,main,f4,op,recall_C50_pstar,0.8,11
B1,main,f4,op,f1_C50_pstar,0.8888888888888888,11
B1,main,f4,op,fn_C50_pstar,2.0,11
B1,main,f4,op,fp_C50_pstar,0.0,11
B1,main,f4,op,bss_cond_C75,-0.49609050729281323,11
B1,main,f4,op,brier_clim_C75,0.14887036040882198,11
B1,main,f4,op,brier_climcond_C75,0.1542761092772231,11
B1,main,f4,op,precision_C75_p05,0.2,11
B1,main,f4,op,recall_C75_p05,0.5,11
B1,main,f4,op,f1_C75_p05,0.2857142857142857,11
B1,main,f4,op,fn_C75_p05,1.0,11
B1,main,f4,op,fp_C75_p05,4.0,11
B1,main,f4,op,precision_C75_pstar,NaN,11
B1,main,f4,op,recall_C75_pstar,0.0,11
B1,main,f4,op,f1_C75_pstar,0.0,11
B1,main,f4,op,fn_C75_pstar,2.0,11
B1,main,f4,op,fp_C75_pstar,0.0,11
B1,main,f4,op,bss_cond_C90,-0.33440118443640676,11
B1,main,f4,op,brier_clim_C90,0.005917159763313611,11
B1,main,f4,op,brier_climcond_C90,0.012960975313392332,11
B1,main,f4,op,precision_C90_p05,NaN,11
B1,main,f4,op,recall_C90_p05,NaN,11
B1,main,f4,op,f1_C90_p05,NaN,11
B1,main,f4,op,fn_C90_p05,0.0,11
B1,main,f4,op,fp_C90_p05,0.0,11
B1,main,f4,op,precision_C90_pstar,0.0,11
B1,main,f4,op,recall_C90_pstar,NaN,11
B1,main,f4,op,f1_C90_pstar,NaN,11
B1,main,f4,op,fn_C90_pstar,0.0,11
B1,main,f4,op,fp_C90_pstar,7.0,11
B1,main,f4,nonop,brier_mean_platt,6.633624248483901e-19,1
B1,main,f4,nonop,brier_platt_C50,6.633624248483901e-19,1
B1,main,f4,nonop,brier_platt_C75,6.633624248483901e-19,1
B1,main,f4,nonop,brier_platt_C90,6.633624248483901e-19,1
B1,main,f4,nonop,bss_cond_C50,NaN,1
B1,main,f4,nonop,brier_clim_C50,0.14792899408284024,1
B1,main,f4,nonop,brier_climcond_C50,0.0,1
B1,main,f4,nonop,precision_C50_p05,NaN,1
B1,main,f4,nonop,recall_C50_p05,NaN,1
B1,main,f4,nonop,f1_C50_p05,NaN,1
B1,main,f4,nonop,fn_C50_p05,0.0,1
B1,main,f4,nonop,fp_C50_p05,0.0,1
B1,main,f4,nonop,precision_C50_pstar,NaN,1
B1,main,f4,nonop,recall_C50_pstar,NaN,1
B1,main,f4,nonop,f1_C50_pstar,NaN,1
B1,main,f4,nonop,fn_C50_pstar,0.0,1
B1,main,f4,nonop,fp_C50_pstar,0.0,1
B1,main,f4,nonop,bss_cond_C75,NaN,1
B1,main,f4,nonop,brier_clim_C75,0.03698224852071006,1
B1,main,f4,nonop,brier_climcond_C75,0.0,1
B1,main,f4,nonop,precision_C75_p05,NaN,1
B1,main,f4,nonop,recall_C75_p05,NaN,1
B1,main,f4,nonop,f1_C75_p05,NaN,1
B1,main,f4,nonop,fn_C75_p05,0.0,1
B1,main,f4,nonop,fp_C75_p05,0.0,1
B1,main,f4,nonop,precision_C75_pstar,NaN,1
B1,main,f4,nonop,recall_C75_pstar,NaN,1
B1,main,f4,nonop,f1_C75_pstar,NaN,1
B1,main,f4,nonop,fn_C75_pstar,0.0,1
B1,main,f4,nonop,fp_C75_pstar,0.0,1
B1,main,f4,nonop,bss_cond_C90,NaN,1
B1,main,f4,nonop,brier_clim_C90,0.00591715976331361,1
B1,main,f4,nonop,brier_climcond_C90,0.0,1
B1,main,f4,nonop,precision_C90_p05,NaN,1
B1,main,f4,nonop,recall_C90_p05,NaN,1
B1,main,f4,nonop,f1_C90_p05,NaN,1
B1,main,f4,nonop,fn_C90_p05,0.0,1
B1,main,f4,nonop,fp_C90_p05,0.0,1
B1,main,f4,nonop,precision_C90_pstar,NaN,1
B1,main,f4,nonop,recall_C90_pstar,NaN,1
B1,main,f4,nonop,f1_C90_pstar,NaN,1
B1,main,f4,nonop,fn_C90_pstar,0.0,1
B1,main,f4,nonop,fp_C90_pstar,0.0,1
B1,main,pooled,all,brier_mean_platt,0.146854536080627,51
B1,main,pooled,all,brier_platt_C50,0.05201872224788346,51
B1,main,pooled,all,brier_platt_C75,0.23616009275322405,51
B1,main,pooled,all,brier_platt_C90,0.15238479324077359,51
B1,main,pooled,all,bss_cond_C50,0.6071402170792963,51
B1,main,pooled,all,brier_clim_C50,0.2865662562154306,51
B1,main,pooled,all,brier_climcond_C50,0.13241040317528027,51
B1,main,pooled,all,precision_C50_p05,0.9090909090909091,51
B1,main,pooled,all,recall_C50_p05,0.967741935483871,51
B1,main,pooled,all,f1_C50_p05,0.9375,51
B1,main,pooled,all,fn_C50_p05,1.0,51
B1,main,pooled,all,fp_C50_p05,3.0,51
B1,main,pooled,all,precision_C50_pstar,0.9629629629629629,51
B1,main,pooled,all,recall_C50_pstar,0.8387096774193549,51
B1,main,pooled,all,f1_C50_pstar,0.896551724137931,51
B1,main,pooled,all,fn_C50_pstar,5.0,51
B1,main,pooled,all,fp_C50_pstar,1.0,51
B1,main,pooled,all,bss_cond_C75,-0.0035480212940957045,51
B1,main,pooled,all,brier_clim_C75,0.28404344293174416,51
B1,main,pooled,all,brier_climcond_C75,0.235325154095457,51
B1,main,pooled,all,precision_C75_p05,0.5555555555555556,51
B1,main,pooled,all,recall_C75_p05,0.47619047619047616,51
B1,main,pooled,all,f1_C75_p05,0.5128205128205128,51
B1,main,pooled,all,fn_C75_p05,11.0,51
B1,main,pooled,all,fp_C75_p05,8.0,51
B1,main,pooled,all,precision_C75_pstar,0.8666666666666667,51
B1,main,pooled,all,recall_C75_pstar,0.6190476190476191,51
B1,main,pooled,all,f1_C75_pstar,0.7222222222222222,51
B1,main,pooled,all,fn_C75_pstar,8.0,51
B1,main,pooled,all,fp_C75_pstar,2.0,51
B1,main,pooled,all,bss_cond_C90,0.2396642230225785,51
B1,main,pooled,all,brier_clim_C90,0.21796862139473777,51
B1,main,pooled,all,brier_climcond_C90,0.20041775996198943,51
B1,main,pooled,all,precision_C90_p05,0.7,51
B1,main,pooled,all,recall_C90_p05,0.5384615384615384,51
B1,main,pooled,all,f1_C90_p05,0.6086956521739131,51
B1,main,pooled,all,fn_C90_p05,6.0,51
B1,main,pooled,all,fp_C90_p05,3.0,51
B1,main,pooled,all,precision_C90_pstar,0.4117647058823529,51
B1,main,pooled,all,recall_C90_pstar,0.5384615384615384,51
B1,main,pooled,all,f1_C90_pstar,0.4666666666666667,51
B1,main,pooled,all,fn_C90_pstar,6.0,51
B1,main,pooled,all,fp_C90_pstar,10.0,51
B1,main,pooled,op,brier_mean_platt,0.18554663694890794,37
B1,main,pooled,op,brier_platt_C50,0.054681032798082826,37
B1,main,pooled,op,brier_platt_C75,0.3084975192046437,37
B1,main,pooled,op,brier_platt_C90,0.19346135884399732,37
B1,main,pooled,op,bss_cond_C50,0.7003970061631959,37
B1,main,pooled,op,brier_clim_C50,0.3351532092391234,37
B1,main,pooled,op,brier_climcond_C50,0.1825116368091701,37
B1,main,pooled,op,precision_C50_p05,0.967741935483871,37
B1,main,pooled,op,recall_C50_p05,0.967741935483871,37
B1,main,pooled,op,f1_C50_p05,0.967741935483871,37
B1,main,pooled,op,fn_C50_p05,1.0,37
B1,main,pooled,op,fp_C50_p05,1.0,37
B1,main,pooled,op,precision_C50_pstar,0.9629629629629629,37
B1,main,pooled,op,recall_C50_pstar,0.8387096774193549,37
B1,main,pooled,op,f1_C50_pstar,0.896551724137931,37
B1,main,pooled,op,fn_C50_pstar,5.0,37
B1,main,pooled,op,fp_C50_pstar,1.0,37
B1,main,pooled,op,bss_cond_C75,0.048924767274560965,37
B1,main,pooled,op,brier_clim_C75,0.37565674456450343,37
B1,main,pooled,op,brier_climcond_C75,0.32436710429373805,37
B1,main,pooled,op,precision_C75_p05,0.625,37
B1,main,pooled,op,recall_C75_p05,0.47619047619047616,37
B1,main,pooled,op,f1_C75_p05,0.5405405405405406,37
B1,main,pooled,op,fn_C75_p05,11.0,37
B1,main,pooled,op,fp_C75_p05,6.0,37
B1,main,pooled,op,precision_C75_pstar,0.8666666666666667,37
B1,main,pooled,op,recall_C75_pstar,0.6190476190476191,37
B1,main,pooled,op,f1_C75_pstar,0.7222222222222222,37
B1,main,pooled,op,fn_C75_pstar,8.0,37
B1,main,pooled,op,fp_C75_pstar,2.0,37
B1,main,pooled,op,bss_cond_C90,0.29969120906275726,37
B1,main,pooled,op,brier_clim_C90,0.29756536460499167,37
B1,main,pooled,op,brier_climcond_C90,0.27625150697463413,37
B1,main,pooled,op,precision_C90_p05,0.875,37
B1,main,pooled,op,recall_C90_p05,0.5384615384615384,37
B1,main,pooled,op,f1_C90_p05,0.6666666666666666,37
B1,main,pooled,op,fn_C90_p05,6.0,37
B1,main,pooled,op,fp_C90_p05,1.0,37
B1,main,pooled,op,precision_C90_pstar,0.4666666666666667,37
B1,main,pooled,op,recall_C90_pstar,0.5384615384615384,37
B1,main,pooled,op,f1_C90_pstar,0.5,37
B1,main,pooled,op,fn_C90_pstar,6.0,37
B1,main,pooled,op,fp_C90_pstar,8.0,37
B1,main,pooled,nonop,brier_mean_platt,0.04459684092874177,14
B1,main,pooled,nonop,brier_platt_C50,0.04498261579378515,14
B1,main,pooled,nonop,brier_platt_C75,0.044982608560186425,14
B1,main,pooled,nonop,brier_platt_C90,0.04382529843225374,14
B1,main,pooled,nonop,bss_cond_C50,NaN,14
B1,main,pooled,nonop,brier_clim_C50,0.15815788036709977,14
B1,main,pooled,nonop,brier_climcond_C50,0.0,14
B1,main,pooled,nonop,precision_C50_p05,0.0,14
B1,main,pooled,nonop,recall_C50_p05,NaN,14
B1,main,pooled,nonop,f1_C50_p05,NaN,14
B1,main,pooled,nonop,fn_C50_p05,0.0,14
B1,main,pooled,nonop,fp_C50_p05,2.0,14
B1,main,pooled,nonop,precision_C50_pstar,NaN,14
B1,main,pooled,nonop,recall_C50_pstar,NaN,14
B1,main,pooled,nonop,f1_C50_pstar,NaN,14
B1,main,pooled,nonop,fn_C50_pstar,0.0,14
B1,main,pooled,nonop,fp_C50_pstar,0.0,14
B1,main,pooled,nonop,bss_cond_C75,NaN,14
B1,main,pooled,nonop,brier_clim_C75,0.04192257433088031,14
B1,main,pooled,nonop,brier_climcond_C75,0.0,14
B1,main,pooled,nonop,precision_C75_p05,0.0,14
B1,main,pooled,nonop,recall_C75_p05,NaN,14
B1,main,pooled,nonop,f1_C75_p05,NaN,14
B1,main,pooled,nonop,fn_C75_p05,0.0,14
B1,main,pooled,nonop,fp_C75_p05,2.0,14
B1,main,pooled,nonop,precision_C75_pstar,NaN,14
B1,main,pooled,nonop,recall_C75_pstar,NaN,14
B1,main,pooled,nonop,f1_C75_pstar,NaN,14
B1,main,pooled,nonop,fn_C75_pstar,0.0,14
B1,main,pooled,nonop,fp_C75_pstar,0.0,14
B1,main,pooled,nonop,bss_cond_C90,NaN,14
B1,main,pooled,nonop,brier_clim_C90,0.007605800053352501,14
B1,main,pooled,nonop,brier_climcond_C90,0.0,14
B1,main,pooled,nonop,precision_C90_p05,0.0,14
B1,main,pooled,nonop,recall_C90_p05,NaN,14
B1,main,pooled,nonop,f1_C90_p05,NaN,14
B1,main,pooled,nonop,fn_C90_p05,0.0,14
B1,main,pooled,nonop,fp_C90_p05,2.0,14
B1,main,pooled,nonop,precision_C90_pstar,0.0,14
B1,main,pooled,nonop,recall_C90_pstar,NaN,14
B1,main,pooled,nonop,f1_C90_pstar,NaN,14
B1,main,pooled,nonop,fn_C90_pstar,0.0,14
B1,main,pooled,nonop,fp_C90_pstar,2.0,14
B2,main,f1,all,brier_mean_platt,0.1102560562124748,12
B2,main,f1,all,brier_platt_C50,4.023776691151309e-6,12
B2,main,f1,all,brier_platt_C75,0.17420201102619928,12
B2,main,f1,all,brier_platt_C90,0.15656213383453396,12
B2,main,f1,all,bss_cond_C50,0.9999750694100982,12
B2,main,f1,all,brier_clim_C50,0.3017751479289941,12
B2,main,f1,all,brier_climcond_C50,0.16139917695473252,12
B2,main,f1,all,precision_C50_p05,1.0,12
B2,main,f1,all,recall_C50_p05,1.0,12
B2,main,f1,all,f1_C50_p05,1.0,12
B2,main,f1,all,fn_C50_p05,0.0,12
B2,main,f1,all,fp_C50_p05,0.0,12
B2,main,f1,all,precision_C50_pstar,1.0,12
B2,main,f1,all,recall_C50_pstar,0.75,12
B2,main,f1,all,f1_C50_pstar,0.8571428571428571,12
B2,main,f1,all,fn_C50_pstar,2.0,12
B2,main,f1,all,fp_C50_pstar,0.0,12
B2,main,f1,all,bss_cond_C75,0.5168786957387992,12
B2,main,f1,all,brier_clim_C75,0.42587771203155816,12
B2,main,f1,all,brier_climcond_C75,0.3605761316872429,12
B2,main,f1,all,precision_C75_p05,1.0,12
B2,main,f1,all,recall_C75_p05,0.5,12
B2,main,f1,all,f1_C75_p05,0.6666666666666666,12
B2,main,f1,all,fn_C75_p05,4.0,12
B2,main,f1,all,fp_C75_p05,0.0,12
B2,main,f1,all,precision_C75_pstar,1.0,12
B2,main,f1,all,recall_C75_pstar,1.0,12
B2,main,f1,all,f1_C75_pstar,1.0,12
B2,main,f1,all,fn_C75_pstar,0.0,12
B2,main,f1,all,fp_C75_pstar,0.0,12
B2,main,f1,all,bss_cond_C90,0.4146984842801269,12
B2,main,f1,all,brier_clim_C90,0.28796844181459574,12
B2,main,f1,all,brier_climcond_C90,0.2674897119341564,12
B2,main,f1,all,precision_C90_p05,0.75,12
B2,main,f1,all,recall_C90_p05,0.75,12
B2,main,f1,all,f1_C90_p05,0.75,12
B2,main,f1,all,fn_C90_p05,1.0,12
B2,main,f1,all,fp_C90_p05,1.0,12
B2,main,f1,all,precision_C90_pstar,0.5,12
B2,main,f1,all,recall_C90_pstar,1.0,12
B2,main,f1,all,f1_C90_pstar,0.6666666666666666,12
B2,main,f1,all,fn_C90_pstar,0.0,12
B2,main,f1,all,fp_C90_pstar,4.0,12
B2,main,f1,op,brier_mean_platt,0.13230726742324422,10
B2,main,f1,op,brier_platt_C50,4.828500303828907e-6,10
B2,main,f1,op,brier_platt_C75,0.2090424131997136,10
B2,main,f1,op,brier_platt_C90,0.18787456056971522,10
B2,main,f1,op,bss_cond_C50,0.9999750695739029,10
B2,main,f1,op,brier_clim_C50,0.3325443786982249,10
B2,main,f1,op,brier_climcond_C50,0.19367901234567902,10
B2,main,f1,op,precision_C50_p05,1.0,10
B2,main,f1,op,recall_C50_p05,1.0,10
B2,main,f1,op,f1_C50_p05,1.0,10
B2,main,f1,op,fn_C50_p05,0.0,10
B2,main,f1,op,fp_C50_p05,0.0,10
B2,main,f1,op,precision_C50_pstar,1.0,10
B2,main,f1,op,recall_C50_pstar,0.75,10
B2,main,f1,op,f1_C50_pstar,0.8571428571428571,10
B2,main,f1,op,fn_C50_pstar,2.0,10
B2,main,f1,op,fp_C50_pstar,0.0,10
B2,main,f1,op,bss_cond_C75,0.5168786958121206,10
B2,main,f1,op,brier_clim_C75,0.5017751479289941,10
B2,main,f1,op,brier_climcond_C75,0.4326913580246915,10
B2,main,f1,op,precision_C75_p05,1.0,10
B2,main,f1,op,recall_C75_p05,0.5,10
B2,main,f1,op,f1_C75_p05,0.6666666666666666,10
B2,main,f1,op,fn_C75_p05,4.0,10
B2,main,f1,op,fp_C75_p05,0.0,10
B2,main,f1,op,precision_C75_pstar,1.0,10
B2,main,f1,op,recall_C75_pstar,1.0,10
B2,main,f1,op,f1_C75_pstar,1.0,10
B2,main,f1,op,fn_C75_pstar,0.0,10
B2,main,f1,op,fp_C75_pstar,0.0,10
B2,main,f1,op,bss_cond_C90,0.41469848437896406,10
B2,main,f1,op,brier_clim_C90,0.3443786982248521,10
B2,main,f1,op,brier_climcond_C90,0.32098765432098764,10
B2,main,f1,op,precision_C90_p05,0.75,10
B2,main,f1,op,recall_C90_p05,0.75,10
B2,main,f1,op,f1_C90_p05,0.75,10
B2,main,f1,op,fn_C90_p05,1.0,10
B2,main,f1,op,fp_C90_p05,1.0,10
B2,main,f1,op,precision_C90_pstar,0.5,10
B2,main,f1,op,recall_C90_pstar,1.0,10
B2,main,f1,op,f1_C90_pstar,0.6666666666666666,10
B2,main,f1,op,fn_C90_pstar,0.0,10
B2,main,f1,op,fp_C90_pstar,4.0,10
B2,main,f1,nonop,brier_mean_platt,1.5862776331861258e-10,2
B2,main,f1,nonop,brier_platt_C50,1.5862776331861258e-10,2
B2,main,f1,nonop,brier_platt_C75,1.5862776331861258e-10,2
B2,main,f1,nonop,brier_platt_C90,1.5862776331861258e-10,2
B2,main,f1,nonop,bss_cond_C50,NaN,2
B2,main,f1,nonop,brier_clim_C50,0.14792899408284024,2
B2,main,f1,nonop,brier_climcond_C50,0.0,2
B2,main,f1,nonop,precision_C50_p05,NaN,2
B2,main,f1,nonop,recall_C50_p05,NaN,2
B2,main,f1,nonop,f1_C50_p05,NaN,2
B2,main,f1,nonop,fn_C50_p05,0.0,2
B2,main,f1,nonop,fp_C50_p05,0.0,2
B2,main,f1,nonop,precision_C50_pstar,NaN,2
B2,main,f1,nonop,recall_C50_pstar,NaN,2
B2,main,f1,nonop,f1_C50_pstar,NaN,2
B2,main,f1,nonop,fn_C50_pstar,0.0,2
B2,main,f1,nonop,fp_C50_pstar,0.0,2
B2,main,f1,nonop,bss_cond_C75,NaN,2
B2,main,f1,nonop,brier_clim_C75,0.0463905325443787,2
B2,main,f1,nonop,brier_climcond_C75,0.0,2
B2,main,f1,nonop,precision_C75_p05,NaN,2
B2,main,f1,nonop,recall_C75_p05,NaN,2
B2,main,f1,nonop,f1_C75_p05,NaN,2
B2,main,f1,nonop,fn_C75_p05,0.0,2
B2,main,f1,nonop,fp_C75_p05,0.0,2
B2,main,f1,nonop,precision_C75_pstar,NaN,2
B2,main,f1,nonop,recall_C75_pstar,NaN,2
B2,main,f1,nonop,f1_C75_pstar,NaN,2
B2,main,f1,nonop,fn_C75_pstar,0.0,2
B2,main,f1,nonop,fp_C75_pstar,0.0,2
B2,main,f1,nonop,bss_cond_C90,NaN,2
B2,main,f1,nonop,brier_clim_C90,0.00591715976331361,2
B2,main,f1,nonop,brier_climcond_C90,0.0,2
B2,main,f1,nonop,precision_C90_p05,NaN,2
B2,main,f1,nonop,recall_C90_p05,NaN,2
B2,main,f1,nonop,f1_C90_p05,NaN,2
B2,main,f1,nonop,fn_C90_p05,0.0,2
B2,main,f1,nonop,fp_C90_p05,0.0,2
B2,main,f1,nonop,precision_C90_pstar,NaN,2
B2,main,f1,nonop,recall_C90_pstar,NaN,2
B2,main,f1,nonop,f1_C90_pstar,NaN,2
B2,main,f1,nonop,fn_C90_pstar,0.0,2
B2,main,f1,nonop,fp_C90_pstar,0.0,2
B2,main,f2,all,brier_mean_platt,0.08835597073686646,13
B2,main,f2,all,brier_platt_C50,8.360213826411598e-9,13
B2,main,f2,all,brier_platt_C75,1.876467145253757e-7,13
B2,main,f2,all,brier_platt_C90,0.265067716203671,13
B2,main,f2,all,bss_cond_C50,0.9999999247167073,13
B2,main,f2,all,brier_clim_C50,0.26697977347328,13
B2,main,f2,all,brier_climcond_C50,0.11105005548191413,13
B2,main,f2,all,precision_C50_p05,1.0,13
B2,main,f2,all,recall_C50_p05,1.0,13
B2,main,f2,all,f1_C50_p05,1.0,13
B2,main,f2,all,fn_C50_p05,0.0,13
B2,main,f2,all,fp_C50_p05,0.0,13
B2,main,f2,all,precision_C50_pstar,1.0,13
B2,main,f2,all,recall_C50_pstar,1.0,13
B2,main,f2,all,f1_C50_pstar,1.0,13
B2,main,f2,all,fn_C50_pstar,0.0,13
B2,main,f2,all,fp_C50_pstar,0.0,13
B2,main,f2,all,bss_cond_C75,0.999999356410719,13
B2,main,f2,all,brier_clim_C75,0.3666203925944187,13
B2,main,f2,all,brier_climcond_C75,0.29156283374866504,13
B2,main,f2,all,precision_C75_p05,1.0,13
B2,main,f2,all,recall_C75_p05,1.0,13
B2,main,f2,all,f1_C75_p05,1.0,13
B2,main,f2,all,fn_C75_p05,0.0,13
B2,main,f2,all,fp_C75_p05,0.0,13
B2,main,f2,all,precision_C75_pstar,1.0,13
B2,main,f2,all,recall_C75_pstar,1.0,13
B2,main,f2,all,f1_C75_pstar,1.0,13
B2,main,f2,all,fn_C75_pstar,0.0,13
B2,main,f2,all,fp_C75_pstar,0.0,13
B2,main,f2,all,bss_cond_C90,0.3465110861052221,13
B2,main,f2,all,brier_clim_C90,0.44882390336935774,13
B2,main,f2,all,brier_climcond_C90,0.4056193005997208,13
B2,main,f2,all,precision_C90_p05,NaN,13
B2,main,f2,all,recall_C90_p05,0.0,13
B2,main,f2,all,f1_C90_p05,0.0,13
B2,main,f2,all,fn_C90_p05,7.0,13
B2,main,f2,all,fp_C90_p05,0.0,13
B2,main,f2,all,precision_C90_pstar,1.0,13
B2,main,f2,all,recall_C90_pstar,1.0,13
B2,main,f2,all,f1_C90_pstar,1.0,13
B2,main,f2,all,fn_C90_pstar,0.0,13
B2,main,f2,all,fp_C90_pstar,0.0,13
B2,main,f2,op,brier_mean_platt,0.14357845242258258,8
B2,main,f2,op,brier_platt_C50,1.3560522080917098e-8,8
B2,main,f2,op,brier_platt_C75,3.0490108571673377e-7,8
B2,main,f2,op,brier_platt_C90,0.43073503880613995,8
B2,main,f2,op,bss_cond_C50,0.9999999248542774,8
B2,main,f2,op,brier_clim_C50,0.3325392140327205,8
B2,main,f2,op,brier_climcond_C50,0.18045634015811046,8
B2,main,f2,op,precision_C50_p05,1.0,8
B2,main,f2,op,recall_C50_p05,1.0,8
B2,main,f2,op,f1_C50_p05,1.0,8
B2,main,f2,op,fn_C50_p05,0.0,8
B2,main,f2,op,fp_C50_p05,0.0,8
B2,main,f2,op,precision_C50_pstar,1.0,8
B2,main,f2,op,recall_C50_pstar,1.0,8
B2,main,f2,op,f1_C50_pstar,1.0,8
B2,main,f2,op,fn_C50_pstar,0.0,8
B2,main,f2,op,fp_C50_pstar,0.0,8
B2,main,f2,op,bss_cond_C75,0.9999993564631166,8
B2,main,f2,op,brier_clim_C75,0.572039973013999,8
B2,main,f2,op,brier_climcond_C75,0.4737896048415807,8
B2,main,f2,op,precision_C75_p05,1.0,8
B2,main,f2,op,recall_C75_p05,1.0,8
B2,main,f2,op,f1_C75_p05,1.0,8
B2,main,f2,op,fn_C75_p05,0.0,8
B2,main,f2,op,fp_C75_p05,0.0,8
B2,main,f2,op,precision_C75_pstar,1.0,8
B2,main,f2,op,recall_C75_pstar,1.0,8
B2,main,f2,op,f1_C75_pstar,1.0,8
B2,main,f2,op,fn_C75_pstar,0.0,8
B2,main,f2,op,fp_C75_pstar,0.0,8
B2,main,f2,op,bss_cond_C90,0.3465110861428857,8
B2,main,f2,op,brier_clim_C90,0.7241735537190082,8
B2,main,f2,op,brier_climcond_C90,0.6591313634745462,8
B2,main,f2,op,precision_C90_p05,NaN,8
B2,main,f2,op,recall_C90_p05,0.0,8
B2,main,f2,op,f1_C90_p05,0.0,8
B2,main,f2,op,fn_C90_p05,7.0,8
B2,main,f2,op,fp_C90_p05,0.0,8
B2,main,f2,op,precision_C90_pstar,1.0,8
B2,main,f2,op,recall_C90_pstar,1.0,8
B2,main,f2,op,f1_C90_pstar,1.0,8
B2,main,f2,op,fn_C90_pstar,0.0,8
B2,main,f2,op,fp_C90_pstar,0.0,8
B2,main,f2,nonop,brier_mean_platt,3.972061920280488e-11,5
B2,main,f2,nonop,brier_platt_C50,3.972061920280488e-11,5
B2,main,f2,nonop,brier_platt_C75,3.972061920280488e-11,5
B2,main,f2,nonop,brier_platt_C90,3.972061920280488e-11,5
B2,main,f2,nonop,bss_cond_C50,NaN,5
B2,main,f2,nonop,brier_clim_C50,0.16208466857817508,5
B2,main,f2,nonop,brier_climcond_C50,0.0,5
B2,main,f2,nonop,precision_C50_p05,NaN,5
B2,main,f2,nonop,recall_C50_p05,NaN,5
B2,main,f2,nonop,f1_C50_p05,NaN,5
B2,main,f2,nonop,fn_C50_p05,0.0,5
B2,main,f2,nonop,fp_C50_p05,0.0,5
B2,main,f2,nonop,precision_C50_pstar,NaN,5
B2,main,f2,nonop,recall_C50_pstar,NaN,5
B2,main,f2,nonop,f1_C50_pstar,NaN,5
B2,main,f2,nonop,fn_C50_pstar,0.0,5
B2,main,f2,nonop,fp_C50_pstar,0.0,5
B2,main,f2,nonop,bss_cond_C75,NaN,5
B2,main,f2,nonop,brier_clim_C75,0.0379490639230899,5
B2,main,f2,nonop,brier_climcond_C75,0.0,5
B2,main,f2,nonop,precision_C75_p05,NaN,5
B2,main,f2,nonop,recall_C75_p05,NaN,5
B2,main,f2,nonop,f1_C75_p05,NaN,5
B2,main,f2,nonop,fn_C75_p05,0.0,5
B2,main,f2,nonop,fp_C75_p05,0.0,5
B2,main,f2,nonop,precision_C75_pstar,NaN,5
B2,main,f2,nonop,recall_C75_pstar,NaN,5
B2,main,f2,nonop,f1_C75_pstar,NaN,5
B2,main,f2,nonop,fn_C75_pstar,0.0,5
B2,main,f2,nonop,fp_C75_pstar,0.0,5
B2,main,f2,nonop,bss_cond_C90,NaN,5
B2,main,f2,nonop,brier_clim_C90,0.008264462809917356,5
B2,main,f2,nonop,brier_climcond_C90,0.0,5
B2,main,f2,nonop,precision_C90_p05,NaN,5
B2,main,f2,nonop,recall_C90_p05,NaN,5
B2,main,f2,nonop,f1_C90_p05,NaN,5
B2,main,f2,nonop,fn_C90_p05,0.0,5
B2,main,f2,nonop,fp_C90_p05,0.0,5
B2,main,f2,nonop,precision_C90_pstar,NaN,5
B2,main,f2,nonop,recall_C90_pstar,NaN,5
B2,main,f2,nonop,f1_C90_pstar,NaN,5
B2,main,f2,nonop,fn_C90_pstar,0.0,5
B2,main,f2,nonop,fp_C90_pstar,0.0,5
B2,main,f3,all,brier_mean_platt,0.2137457191849875,14
B2,main,f3,all,brier_platt_C50,0.07141928826859015,14
B2,main,f3,all,brier_platt_C75,0.21377095547652308,14
B2,main,f3,all,brier_platt_C90,0.3560469138098492,14
B2,main,f3,all,bss_cond_C50,0.3303413674534097,14
B2,main,f3,all,brier_clim_C50,0.24571428571428575,14
B2,main,f3,all,brier_climcond_C50,0.1066502913536641,14
B2,main,f3,all,precision_C50_p05,0.8571428571428571,14
B2,main,f3,all,recall_C50_p05,1.0,14
B2,main,f3,all,f1_C50_p05,0.9230769230769231,14
B2,main,f3,all,fn_C50_p05,0.0,14
B2,main,f3,all,fp_C50_p05,1.0,14
B2,main,f3,all,precision_C50_pstar,0.8571428571428571,14
B2,main,f3,all,recall_C50_pstar,1.0,14
B2,main,f3,all,f1_C50_pstar,0.9230769230769231,14
B2,main,f3,all,fn_C50_pstar,0.0,14
B2,main,f3,all,fp_C50_pstar,1.0,14
B2,main,f3,all,bss_cond_C75,-0.3682496811148783,14
B2,main,f3,all,brier_clim_C75,0.20964726631393302,14
B2,main,f3,all,brier_climcond_C75,0.15623680270280646,14
B2,main,f3,all,precision_C75_p05,0.5714285714285714,14
B2,main,f3,all,recall_C75_p05,1.0,14
B2,main,f3,all,f1_C75_p05,0.7272727272727273,14
B2,main,f3,all,fn_C75_p05,0.0,14
B2,main,f3,all,fp_C75_p05,3.0,14
B2,main,f3,all,precision_C75_pstar,0.5714285714285714,14
B2,main,f3,all,recall_C75_pstar,1.0,14
B2,main,f3,all,f1_C75_pstar,0.7272727272727273,14
B2,main,f3,all,fn_C75_pstar,0.0,14
B2,main,f3,all,fp_C75_pstar,3.0,14
B2,main,f3,all,bss_cond_C90,-2.1235951377585525,14
B2,main,f3,all,brier_clim_C90,0.12536155202821872,14
B2,main,f3,all,brier_climcond_C90,0.11398625561485008,14
B2,main,f3,all,precision_C90_p05,0.2857142857142857,14
B2,main,f3,all,recall_C90_p05,1.0,14
B2,main,f3,all,f1_C90_p05,0.4444444444444444,14
B2,main,f3,all,fn_C90_p05,0.0,14
B2,main,f3,all,fp_C90_p05,5.0,14
B2,main,f3,all,precision_C90_pstar,0.2857142857142857,14
B2,main,f3,all,recall_C90_pstar,1.0,14
B2,main,f3,all,f1_C90_pstar,0.4444444444444444,14
B2,main,f3,all,fn_C90_pstar,0.0,14
B2,main,f3,all,fp_C90_pstar,5.0,14
B2,main,f3,op,brier_mean_platt,0.37405500857372814,8
B2,main,f3,op,brier_platt_C50,0.12498375447003278,8
B2,main,f3,op,brier_platt_C75,0.3740991720839154,8
B2,main,f3,op,brier_platt_C90,0.6230820991672361,8
B2,main,f3,op,bss_cond_C50,0.3303413674534097,8
B2,main,f3,op,brier_clim_C50,0.31,8
B2,main,f3,op,brier_climcond_C50,0.1866380098689122,8
B2,main,f3,op,precision_C50_p05,0.8571428571428571,8
B2,main,f3,op,recall_C50_p05,1.0,8
B2,main,f3,op,f1_C50_p05,0.9230769230769231,8
B2,main,f3,op,fn_C50_p05,0.0,8
B2,main,f3,op,fp_C50_p05,1.0,8
B2,main,f3,op,precision_C50_pstar,0.8571428571428571,8
B2,main,f3,op,recall_C50_pstar,1.0,8
B2,main,f3,op,f1_C50_pstar,0.9230769230769231,8
B2,main,f3,op,fn_C50_pstar,0.0,8
B2,main,f3,op,fp_C50_pstar,1.0,8
B2,main,f3,op,bss_cond_C75,-0.3682496811148783,8
B2,main,f3,op,brier_clim_C75,0.33345679012345675,8
B2,main,f3,op,brier_climcond_C75,0.2734144047299113,8
B2,main,f3,op,precision_C75_p05,0.5714285714285714,8
B2,main,f3,op,recall_C75_p05,1.0,8
B2,main,f3,op,f1_C75_p05,0.7272727272727273,8
B2,main,f3,op,fn_C75_p05,0.0,8
B2,main,f3,op,fp_C75_p05,3.0,8
B2,main,f3,op,precision_C75_pstar,0.5714285714285714,8
B2,main,f3,op,recall_C75_pstar,1.0,8
B2,main,f3,op,f1_C75_pstar,0.7272727272727273,8
B2,main,f3,op,fn_C75_pstar,0.0,8
B2,main,f3,op,fp_C75_pstar,3.0,8
B2,main,f3,op,bss_cond_C90,-2.1235951377585525,8
B2,main,f3,op,brier_clim_C90,0.2134567901234568,8
B2,main,f3,op,brier_climcond_C90,0.19947594732598764,8
B2,main,f3,op,precision_C90_p05,0.2857142857142857,8
B2,main,f3,op,recall_C90_p05,1.0,8
B2,main,f3,op,f1_C90_p05,0.4444444444444444,8
B2,main,f3,op,fn_C90_p05,0.0,8
B2,main,f3,op,fp_C90_p05,5.0,8
B2,main,f3,op,precision_C90_pstar,0.2857142857142857,8
B2,main,f3,op,recall_C90_pstar,1.0,8
B2,main,f3,op,f1_C90_pstar,0.4444444444444444,8
B2,main,f3,op,fn_C90_pstar,0.0,8
B2,main,f3,op,fp_C90_pstar,5.0,8
B2,main,f3,nonop,brier_mean_platt,1.4403559695051e-22,6
B2,main,f3,nonop,brier_platt_C50,1.4403559695051e-22,6
B2,main,f3,nonop,brier_platt_C75,1.4403559695051e-22,6
B2,main,f3,nonop,brier_platt_C90,1.4403559695051e-22,6
B2,main,f3,nonop,bss_cond_C50,NaN,6
B2,main,f3,nonop,brier_clim_C50,0.16000000000000003,6
B2,main,f3,nonop,brier_climcond_C50,0.0,6
B2,main,f3,nonop,precision_C50_p05,NaN,6
B2,main,f3,nonop,recall_C50_p05,NaN,6
B2,main,f3,nonop,f1_C50_p05,NaN,6
B2,main,f3,nonop,fn_C50_p05,0.0,6
B2,main,f3,nonop,fp_C50_p05,0.0,6
B2,main,f3,nonop,precision_C50_pstar,NaN,6
B2,main,f3,nonop,recall_C50_pstar,NaN,6
B2,main,f3,nonop,f1_C50_pstar,NaN,6
B2,main,f3,nonop,fn_C50_pstar,0.0,6
B2,main,f3,nonop,fp_C50_pstar,0.0,6
B2,main,f3,nonop,bss_cond_C75,NaN,6
B2,main,f3,nonop,brier_clim_C75,0.04456790123456789,6
B2,main,f3,nonop,brier_climcond_C75,0.0,6
B2,main,f3,nonop,precision_C75_p05,NaN,6
B2,main,f3,nonop,recall_C75_p05,NaN,6
B2,main,f3,nonop,f1_C75_p05,NaN,6
B2,main,f3,nonop,fn_C75_p05,0.0,6
B2,main,f3,nonop,fp_C75_p05,0.0,6
B2,main,f3,nonop,precision_C75_pstar,NaN,6
B2,main,f3,nonop,recall_C75_pstar,NaN,6
B2,main,f3,nonop,f1_C75_pstar,NaN,6
B2,main,f3,nonop,fn_C75_pstar,0.0,6
B2,main,f3,nonop,fp_C75_pstar,0.0,6
B2,main,f3,nonop,bss_cond_C90,NaN,6
B2,main,f3,nonop,brier_clim_C90,0.007901234567901235,6
B2,main,f3,nonop,brier_climcond_C90,0.0,6
B2,main,f3,nonop,precision_C90_p05,NaN,6
B2,main,f3,nonop,recall_C90_p05,NaN,6
B2,main,f3,nonop,f1_C90_p05,NaN,6
B2,main,f3,nonop,fn_C90_p05,0.0,6
B2,main,f3,nonop,fp_C90_p05,0.0,6
B2,main,f3,nonop,precision_C90_pstar,NaN,6
B2,main,f3,nonop,recall_C90_pstar,NaN,6
B2,main,f3,nonop,f1_C90_pstar,NaN,6
B2,main,f3,nonop,fn_C90_pstar,0.0,6
B2,main,f3,nonop,fp_C90_pstar,0.0,6
B2,main,f4,all,brier_mean_platt,0.2246859725012423,12
B2,main,f4,all,brier_platt_C50,2.096659938567221e-8,12
B2,main,f4,all,brier_platt_C75,0.5801270800513942,12
B2,main,f4,all,brier_platt_C90,0.0939308164857333,12
B2,main,f4,all,bss_cond_C50,0.9999998661268941,12
B2,main,f4,all,brier_clim_C50,0.3402366863905326,12
B2,main,f4,all,brier_climcond_C50,0.1566154698555268,12
B2,main,f4,all,precision_C50_p05,1.0,12
B2,main,f4,all,recall_C50_p05,1.0,12
B2,main,f4,all,f1_C50_p05,1.0,12
B2,main,f4,all,fn_C50_p05,0.0,12
B2,main,f4,all,fp_C50_p05,0.0,12
B2,main,f4,all,precision_C50_pstar,1.0,12
B2,main,f4,all,recall_C50_pstar,1.0,12
B2,main,f4,all,f1_C50_pstar,1.0,12
B2,main,f4,all,fn_C50_pstar,0.0,12
B2,main,f4,all,fp_C50_pstar,0.0,12
B2,main,f4,all,bss_cond_C75,-3.1021640257559087,12
B2,main,f4,all,brier_clim_C75,0.13954635108481264,12
B2,main,f4,all,brier_climcond_C75,0.1414197668374545,12
B2,main,f4,all,precision_C75_p05,0.2,12
B2,main,f4,all,recall_C75_p05,1.0,12
B2,main,f4,all,f1_C75_p05,0.3333333333333333,12
B2,main,f4,all,fn_C75_p05,0.0,12
B2,main,f4,all,fp_C75_p05,8.0,12
B2,main,f4,all,precision_C75_pstar,0.2,12
B2,main,f4,all,recall_C75_pstar,1.0,12
B2,main,f4,all,f1_C75_pstar,0.3333333333333333,12
B2,main,f4,all,fn_C75_pstar,0.0,12
B2,main,f4,all,fp_C75_pstar,8.0,12
B2,main,f4,all,bss_cond_C90,-6.906039410083565,12
B2,main,f4,all,brier_clim_C90,0.005917159763313611,12
B2,main,f4,all,brier_climcond_C90,0.011880894037276305,12
B2,main,f4,all,precision_C90_p05,NaN,12
B2,main,f4,all,recall_C90_p05,NaN,12
B2,main,f4,all,f1_C90_p05,NaN,12
B2,main,f4,all,fn_C90_p05,0.0,12
B2,main,f4,all,fp_C90_p05,0.0,12
B2,main,f4,all,precision_C90_pstar,0.0,12
B2,main,f4,all,recall_C90_pstar,NaN,12
B2,main,f4,all,f1_C90_pstar,NaN,12
B2,main,f4,all,fn_C90_pstar,0.0,12
B2,main,f4,all,fp_C90_pstar,10.0,12
B2,main,f4,op,brier_mean_platt,0.24511197000135523,11
B2,main,f4,op,brier_platt_C50,2.2872653875263064e-8,11
B2,main,f4,op,brier_platt_C75,0.632865905510612,11
B2,main,f4,op,brier_platt_C90,0.10246998162079995,11
B2,main,f4,op,bss_cond_C50,0.9999998661268941,11
B2,main,f4,op,brier_clim_C50,0.3577192038730501,11
B2,main,f4,op,brier_climcond_C50,0.17085323984239287,11
B2,main,f4,op,precision_C50_p05,1.0,11
B2,main,f4,op,recall_C50_p05,1.0,11
B2,main,f4,op,f1_C50_p05,1.0,11
B2,main,f4,op,fn_C50_p05,0.0,11
B2,main,f4,op,fp_C50_p05,0.0,11
B2,main,f4,op,precision_C50_pstar,1.0,11
B2,main,f4,op,recall_C50_pstar,1.0,11
B2,main,f4,op,f1_C50_pstar,1.0,11
B2,main,f4,op,fn_C50_pstar,0.0,11
B2,main,f4,op,fp_C50_pstar,0.0,11
B2,main,f4,op,bss_cond_C75,-3.1021640257559087,11
B2,main,f4,op,brier_clim_C75,0.14887036040882198,11
B2,main,f4,op,brier_climcond_C75,0.1542761092772231,11
B2,main,f4,op,precision_C75_p05,0.2,11
B2,main,f4,op,recall_C75_p05,1.0,11
B2,main,f4,op,f1_C75_p05,0.3333333333333333,11
B2,main,f4,op,fn_C75_p05,0.0,11
B2,main,f4,op,fp_C75_p05,8.0,11
B2,main,f4,op,precision_C75_pstar,0.2,11
B2,main,f4,op,recall_C75_pstar,1.0,11
B2,main,f4,op,f1_C75_pstar,0.3333333333333333,11
B2,main,f4,op,fn_C75_pstar,0.0,11
B2,main,f4,op,fp_C75_pstar,8.0,11
B2,main,f4,op,bss_cond_C90,-6.906039410083564,11
B2,main,f4,op,brier_clim_C90,0.005917159763313611,11
B2,main,f4,op,brier_climcond_C90,0.012960975313392332,11
B2,main,f4,op,precision_C90_p05,NaN,11
B2,main,f4,op,recall_C90_p05,NaN,11
B2,main,f4,op,f1_C90_p05,NaN,11
B2,main,f4,op,fn_C90_p05,0.0,11
B2,main,f4,op,fp_C90_p05,0.0,11
B2,main,f4,op,precision_C90_pstar,0.0,11
B2,main,f4,op,recall_C90_pstar,NaN,11
B2,main,f4,op,f1_C90_pstar,NaN,11
B2,main,f4,op,fn_C90_pstar,0.0,11
B2,main,f4,op,fp_C90_pstar,10.0,11
B2,main,f4,nonop,brier_mean_platt,5.760959222450565e-20,1
B2,main,f4,nonop,brier_platt_C50,1.7282877667351695e-19,1
B2,main,f4,nonop,brier_platt_C75,3.0303252340978025e-123,1
B2,main,f4,nonop,brier_platt_C90,3.0303252340978025e-123,1
B2,main,f4,nonop,bss_cond_C50,NaN,1
B2,main,f4,nonop,brier_clim_C50,0.14792899408284024,1
B2,main,f4,nonop,brier_climcond_C50,0.0,1
B2,main,f4,nonop,precision_C50_p05,NaN,1
B2,main,f4,nonop,recall_C50_p05,NaN,1
B2,main,f4,nonop,f1_C50_p05,NaN,1
B2,main,f4,nonop,fn_C50_p05,0.0,1
B2,main,f4,nonop,fp_C50_p05,0.0,1
B2,main,f4,nonop,precision_C50_pstar,NaN,1
B2,main,f4,nonop,recall_C50_pstar,NaN,1
B2,main,f4,nonop,f1_C50_pstar,NaN,1
B2,main,f4,nonop,fn_C50_pstar,0.0,1
B2,main,f4,nonop,fp_C50_pstar,0.0,1
B2,main,f4,nonop,bss_cond_C75,NaN,1
B2,main,f4,nonop,brier_clim_C75,0.03698224852071006,1
B2,main,f4,nonop,brier_climcond_C75,0.0,1
B2,main,f4,nonop,precision_C75_p05,NaN,1
B2,main,f4,nonop,recall_C75_p05,NaN,1
B2,main,f4,nonop,f1_C75_p05,NaN,1
B2,main,f4,nonop,fn_C75_p05,0.0,1
B2,main,f4,nonop,fp_C75_p05,0.0,1
B2,main,f4,nonop,precision_C75_pstar,NaN,1
B2,main,f4,nonop,recall_C75_pstar,NaN,1
B2,main,f4,nonop,f1_C75_pstar,NaN,1
B2,main,f4,nonop,fn_C75_pstar,0.0,1
B2,main,f4,nonop,fp_C75_pstar,0.0,1
B2,main,f4,nonop,bss_cond_C90,NaN,1
B2,main,f4,nonop,brier_clim_C90,0.00591715976331361,1
B2,main,f4,nonop,brier_climcond_C90,0.0,1
B2,main,f4,nonop,precision_C90_p05,NaN,1
B2,main,f4,nonop,recall_C90_p05,NaN,1
B2,main,f4,nonop,f1_C90_p05,NaN,1
B2,main,f4,nonop,fn_C90_p05,0.0,1
B2,main,f4,nonop,fp_C90_p05,0.0,1
B2,main,f4,nonop,precision_C90_pstar,NaN,1
B2,main,f4,nonop,recall_C90_pstar,NaN,1
B2,main,f4,nonop,f1_C90_pstar,NaN,1
B2,main,f4,nonop,fn_C90_pstar,0.0,1
B2,main,f4,nonop,fp_C90_pstar,0.0,1
B2,main,pooled,all,brier_mean_platt,0.16000729475948422,51
B2,main,pooled,all,brier_platt_C50,0.019606248654167224,51
B2,main,pooled,all,brier_platt_C75,0.23617146880411247,51
B2,main,pooled,all,brier_platt_C90,0.2242441668201729,51
B2,main,pooled,all,bss_cond_C50,0.8519281855201879,51
B2,main,pooled,all,brier_clim_C50,0.2865662562154306,51
B2,main,pooled,all,brier_climcond_C50,0.13241040317528027,51
B2,main,pooled,all,precision_C50_p05,0.96875,51
B2,main,pooled,all,recall_C50_p05,1.0,51
B2,main,pooled,all,f1_C50_p05,0.9841269841269841,51
B2,main,pooled,all,fn_C50_p05,0.0,51
B2,main,pooled,all,fp_C50_p05,1.0,51
B2,main,pooled,all,precision_C50_pstar,0.9666666666666667,51
B2,main,pooled,all,recall_C50_pstar,0.9354838709677419,51
B2,main,pooled,all,f1_C50_pstar,0.9508196721311475,51
B2,main,pooled,all,fn_C50_pstar,2.0,51
B2,main,pooled,all,fp_C50_pstar,1.0,51
B2,main,pooled,all,bss_cond_C75,-0.0035963631338455926,51
B2,main,pooled,all,brier_clim_C75,0.28404344293174416,51
B2,main,pooled,all,brier_climcond_C75,0.235325154095457,51
B2,main,pooled,all,precision_C75_p05,0.6071428571428571,51
B2,main,pooled,all,recall_C75_p05,0.8095238095238095,51
B2,main,pooled,all,f1_C75_p05,0.6938775510204082,51
B2,main,pooled,all,fn_C75_p05,4.0,51
B2,main,pooled,all,fp_C75_p05,11.0,51
B2,main,pooled,all,precision_C75_pstar,0.65625,51
B2,main,pooled,all,recall_C75_pstar,1.0,51
B2,main,pooled,all,f1_C75_pstar,0.7924528301886793,51
B2,main,pooled,all,fn_C75_pstar,0.0,51
B2,main,pooled,all,fp_C75_pstar,11.0,51
B2,main,pooled,all,bss_cond_C90,-0.11888371002002174,51
B2,main,pooled,all,brier_clim_C90,0.21796862139473777,51
B2,main,pooled,all,brier_climcond_C90,0.20041775996198943,51
B2,main,pooled,all,precision_C90_p05,0.45454545454545453,51
B2,main,pooled,all,recall_C90_p05,0.38461538461538464,51
B2,main,pooled,all,f1_C90_p05,0.4166666666666667,51
B2,main,pooled,all,fn_C90_p05,8.0,51
B2,main,pooled,all,fp_C90_p05,6.0,51
B2,main,pooled,all,precision_C90_pstar,0.40625,51
B2,main,pooled,all,recall_C90_pstar,1.0,51
B2,main,pooled,all,f1_C90_pstar,0.5777777777777777,51
B2,main,pooled,all,fn_C90_pstar,0.0,51
B2,main,pooled,all,fp_C90_pstar,19.0,51
B2,main,pooled,op,brier_mean_platt,0.22055059546534692,37
B2,main,pooled,op,brier_platt_C50,0.027024829212072155,37
B2,main,pooled,op,brier_platt_C75,0.32553364617551017,37
B2,main,pooled,op,brier_platt_C90,0.3090933110084584,37
B2,main,pooled,op,bss_cond_C50,0.8519281855965782,37
B2,main,pooled,op,brier_clim_C50,0.3351532092391234,37
B2,main,pooled,op,brier_climcond_C50,0.1825116368091701,37
B2,main,pooled,op,precision_C50_p05,0.96875,37
B2,main,pooled,op,recall_C50_p05,1.0,37
B2,main,pooled,op,f1_C50_p05,0.9841269841269841,37
B2,main,pooled,op,fn_C50_p05,0.0,37
B2,main,pooled,op,fp_C50_p05,1.0,37
B2,main,pooled,op,precision_C50_pstar,0.9666666666666667,37
B2,main,pooled,op,recall_C50_pstar,0.9354838709677419,37
B2,main,pooled,op,f1_C50_pstar,0.9508196721311475,37
B2,main,pooled,op,fn_C50_pstar,2.0,37
B2,main,pooled,op,fp_C50_pstar,1.0,37
B2,main,pooled,op,bss_cond_C75,-0.003596363090863086,37
B2,main,pooled,op,brier_clim_C75,0.37565674456450343,37
B2,main,pooled,op,brier_climcond_C75,0.32436710429373805,37
B2,main,pooled,op,precision_C75_p05,0.6071428571428571,37
B2,main,pooled,op,recall_C75_p05,0.8095238095238095,37
B2,main,pooled,op,f1_C75_p05,0.6938775510204082,37
B2,main,pooled,op,fn_C75_p05,4.0,37
B2,main,pooled,op,fp_C75_p05,11.0,37
B2,main,pooled,op,precision_C75_pstar,0.65625,37
B2,main,pooled,op,recall_C75_pstar,1.0,37
B2,main,pooled,op,f1_C75_pstar,0.7924528301886793,37
B2,main,pooled,op,fn_C75_pstar,0.0,37
B2,main,pooled,op,fp_C75_pstar,11.0,37
B2,main,pooled,op,bss_cond_C90,-0.11888370996955255,37
B2,main,pooled,op,brier_clim_C90,0.29756536460499167,37
B2,main,pooled,op,brier_climcond_C90,0.27625150697463413,37
B2,main,pooled,op,precision_C90_p05,0.45454545454545453,37
B2,main,pooled,op,recall_C90_p05,0.38461538461538464,37
B2,main,pooled,op,f1_C90_p05,0.4166666666666667,37
B2,main,pooled,op,fn_C90_p05,8.0,37
B2,main,pooled,op,fp_C90_p05,6.0,37
B2,main,pooled,op,precision_C90_pstar,0.40625,37
B2,main,pooled,op,recall_C90_pstar,1.0,37
B2,main,pooled,op,f1_C90_pstar,0.5777777777777777,37
B2,main,pooled,op,fn_C90_pstar,0.0,37
B2,main,pooled,op,fp_C90_pstar,19.0,37
B2,main,pooled,nonop,brier_mean_platt,3.684704447926596e-11,14
B2,main,pooled,nonop,brier_platt_C50,3.6847044487495896e-11,14
B2,main,pooled,nonop,brier_platt_C75,3.684704447515099e-11,14
B2,main,pooled,nonop,brier_platt_C90,3.684704447515099e-11,14
B2,main,pooled,nonop,bss_cond_C50,NaN,14
B2,main,pooled,nonop,brier_clim_C50,0.15815788036709977,14
B2,main,pooled,nonop,brier_climcond_C50,0.0,14
B2,main,pooled,nonop,precision_C50_p05,NaN,14
B2,main,pooled,nonop,recall_C50_p05,NaN,14
B2,main,pooled,nonop,f1_C50_p05,NaN,14
B2,main,pooled,nonop,fn_C50_p05,0.0,14
B2,main,pooled,nonop,fp_C50_p05,0.0,14
B2,main,pooled,nonop,precision_C50_pstar,NaN,14
B2,main,pooled,nonop,recall_C50_pstar,NaN,14
B2,main,pooled,nonop,f1_C50_pstar,NaN,14
B2,main,pooled,nonop,fn_C50_pstar,0.0,14
B2,main,pooled,nonop,fp_C50_pstar,0.0,14
B2,main,pooled,nonop,bss_cond_C75,NaN,14
B2,main,pooled,nonop,brier_clim_C75,0.04192257433088031,14
B2,main,pooled,nonop,brier_climcond_C75,0.0,14
B2,main,pooled,nonop,precision_C75_p05,NaN,14
B2,main,pooled,nonop,recall_C75_p05,NaN,14
B2,main,pooled,nonop,f1_C75_p05,NaN,14
B2,main,pooled,nonop,fn_C75_p05,0.0,14
B2,main,pooled,nonop,fp_C75_p05,0.0,14
B2,main,pooled,nonop,precision_C75_pstar,NaN,14
B2,main,pooled,nonop,recall_C75_pstar,NaN,14
B2,main,pooled,nonop,f1_C75_pstar,NaN,14
B2,main,pooled,nonop,fn_C75_pstar,0.0,14
B2,main,pooled,nonop,fp_C75_pstar,0.0,14
B2,main,pooled,nonop,bss_cond_C90,NaN,14
B2,main,pooled,nonop,brier_clim_C90,0.007605800053352501,14
B2,main,pooled,nonop,brier_climcond_C90,0.0,14
B2,main,pooled,nonop,precision_C90_p05,NaN,14
B2,main,pooled,nonop,recall_C90_p05,NaN,14
B2,main,pooled,nonop,f1_C90_p05,NaN,14
B2,main,pooled,nonop,fn_C90_p05,0.0,14
B2,main,pooled,nonop,fp_C90_p05,0.0,14
B2,main,pooled,nonop,precision_C90_pstar,NaN,14
B2,main,pooled,nonop,recall_C90_pstar,NaN,14
B2,main,pooled,nonop,f1_C90_pstar,NaN,14
B2,main,pooled,nonop,fn_C90_pstar,0.0,14
B2,main,pooled,nonop,fp_C90_pstar,0.0,14
B3,main,f1,all,brier_mean_platt,0.11095694621484475,12
B3,main,f1,all,brier_platt_C50,2.234977135484651e-7,12
B3,main,f1,all,brier_platt_C75,6.534916948103683e-7,12
B3,main,f1,all,brier_platt_C90,0.33286996165512595,12
B3,main,f1,all,bss_cond_C50,0.9999986152487407,12
B3,main,f1,all,brier_clim_C50,0.3017751479289941,12
B3,main,f1,all,brier_climcond_C50,0.16139917695473252,12
B3,main,f1,all,precision_C50_p05,1.0,12
B3,main,f1,all,recall_C50_p05,1.0,12
B3,main,f1,all,f1_C50_p05,1.0,12
B3,main,f1,all,fn_C50_p05,0.0,12
B3,main,f1,all,fp_C50_p05,0.0,12
B3,main,f1,all,precision_C50_pstar,1.0,12
B3,main,f1,all,recall_C50_pstar,0.75,12
B3,main,f1,all,f1_C50_pstar,0.8571428571428571,12
B3,main,f1,all,fn_C50_pstar,2.0,12
B3,main,f1,all,fp_C50_pstar,0.0,12
B3,main,f1,all,bss_cond_C75,0.999998187645722,12
B3,main,f1,all,brier_clim_C75,0.42587771203155816,12
B3,main,f1,all,brier_climcond_C75,0.3605761316872429,12
B3,main,f1,all,precision_C75_p05,1.0,12
B3,main,f1,all,recall_C75_p05,1.0,12
B3,main,f1,all,f1_C75_p05,1.0,12
B3,main,f1,all,fn_C75_p05,0.0,12
B3,main,f1,all,fp_C75_p05,0.0,12
B3,main,f1,all,precision_C75_pstar,1.0,12
B3,main,f1,all,recall_C75_pstar,1.0,12
B3,main,f1,all,f1_C75_pstar,1.0,12
B3,main,f1,all,fn_C75_pstar,0.0,12
B3,main,f1,all,fp_C75_pstar,0.0,12
B3,main,f1,all,bss_cond_C90,-0.24442154895685553,12
B3,main,f1,all,brier_clim_C90,0.28796844181459574,12
B3,main,f1,all,brier_climcond_C90,0.2674897119341564,12
B3,main,f1,all,precision_C90_p05,0.5,12
B3,main,f1,all,recall_C90_p05,1.0,12
B3,main,f1,all,f1_C90_p05,0.6666666666666666,12
B3,main,f1,all,fn_C90_p05,0.0,12
B3,main,f1,all,fp_C90_p05,4.0,12
B3,main,f1,all,precision_C90_pstar,0.5,12
B3,main,f1,all,recall_C90_pstar,1.0,12
B3,main,f1,all,f1_C90_pstar,0.6666666666666666,12
B3,main,f1,all,fn_C90_pstar,0.0,12
B3,main,f1,all,fp_C90_pstar,4.0,12
B3,main,f1,op,brier_mean_platt,0.1331483354578137,10
B3,main,f1,op,brier_platt_C50,2.681972562581578e-7,10
B3,main,f1,op,brier_platt_C75,7.84190033772442e-7,10
B3,main,f1,op,brier_platt_C90,0.3994439539861511,10
B3,main,f1,op,bss_cond_C50,0.9999986152487407,10
B3,main,f1,op,brier_clim_C50,0.3325443786982249,10
B3,main,f1,op,brier_climcond_C50,0.19367901234567902,10
B3,main,f1,op,precision_C50_p05,1.0,10
B3,main,f1,op,recall_C50_p05,1.0,10
B3,main,f1,op,f1_C50_p05,1.0,10
B3,main,f1,op,fn_C50_p05,0.0,10
B3,main,f1,op,fp_C50_p05,0.0,10
B3,main,f1,op,precision_C50_pstar,1.0,10
B3,main,f1,op,recall_C50_pstar,0.75,10
B3,main,f1,op,f1_C50_pstar,0.8571428571428571,10
B3,main,f1,op,fn_C50_pstar,2.0,10
B3,main,f1,op,fp_C50_pstar,0.0,10
B3,main,f1,op,bss_cond_C75,0.999998187645722,10
B3,main,f1,op,brier_clim_C75,0.5017751479289941,10
B3,main,f1,op,brier_climcond_C75,0.4326913580246915,10
B3,main,f1,op,precision_C75_p05,1.0,10
B3,main,f1,op,recall_C75_p05,1.0,10
B3,main,f1,op,f1_C75_p05,1.0,10
B3,main,f1,op,fn_C75_p05,0.0,10
B3,main,f1,op,fp_C75_p05,0.0,10
B3,main,f1,op,precision_C75_pstar,1.0,10
B3,main,f1,op,recall_C75_pstar,1.0,10
B3,main,f1,op,f1_C75_pstar,1.0,10
B3,main,f1,op,fn_C75_pstar,0.0,10
B3,main,f1,op,fp_C75_pstar,0.0,10
B3,main,f1,op,bss_cond_C90,-0.24442154895685553,10
B3,main,f1,op,brier_clim_C90,0.3443786982248521,10
B3,main,f1,op,brier_climcond_C90,0.32098765432098764,10
B3,main,f1,op,precision_C90_p05,0.5,10
B3,main,f1,op,recall_C90_p05,1.0,10
B3,main,f1,op,f1_C90_p05,0.6666666666666666,10
B3,main,f1,op,fn_C90_p05,0.0,10
B3,main,f1,op,fp_C90_p05,4.0,10
B3,main,f1,op,precision_C90_pstar,0.5,10
B3,main,f1,op,recall_C90_pstar,1.0,10
B3,main,f1,op,f1_C90_pstar,0.6666666666666666,10
B3,main,f1,op,fn_C90_pstar,0.0,10
B3,main,f1,op,fp_C90_pstar,4.0,10
B3,main,f1,nonop,brier_mean_platt,5.930860642837897e-22,2
B3,main,f1,nonop,brier_platt_C50,1.779258192851369e-21,2
B3,main,f1,nonop,brier_platt_C75,7.206157249725327e-79,2
B3,main,f1,nonop,brier_platt_C90,7.206157249725327e-79,2
B3,main,f1,nonop,bss_cond_C50,NaN,2
B3,main,f1,nonop,brier_clim_C50,0.14792899408284024,2
B3,main,f1,nonop,brier_climcond_C50,0.0,2
B3,main,f1,nonop,precision_C50_p05,NaN,2
B3,main,f1,nonop,recall_C50_p05,NaN,2
B3,main,f1,nonop,f1_C50_p05,NaN,2
B3,main,f1,nonop,fn_C50_p05,0.0,2
B3,main,f1,nonop,fp_C50_p05,0.0,2
B3,main,f1,nonop,precision_C50_pstar,NaN,2
B3,main,f1,nonop,recall_C50_pstar,NaN,2
B3,main,f1,nonop,f1_C50_pstar,NaN,2
B3,main,f1,nonop,fn_C50_pstar,0.0,2
B3,main,f1,nonop,fp_C50_pstar,0.0,2
B3,main,f1,nonop,bss_cond_C75,NaN,2
B3,main,f1,nonop,brier_clim_C75,0.0463905325443787,2
B3,main,f1,nonop,brier_climcond_C75,0.0,2
B3,main,f1,nonop,precision_C75_p05,NaN,2
B3,main,f1,nonop,recall_C75_p05,NaN,2
B3,main,f1,nonop,f1_C75_p05,NaN,2
B3,main,f1,nonop,fn_C75_p05,0.0,2
B3,main,f1,nonop,fp_C75_p05,0.0,2
B3,main,f1,nonop,precision_C75_pstar,NaN,2
B3,main,f1,nonop,recall_C75_pstar,NaN,2
B3,main,f1,nonop,f1_C75_pstar,NaN,2
B3,main,f1,nonop,fn_C75_pstar,0.0,2
B3,main,f1,nonop,fp_C75_pstar,0.0,2
B3,main,f1,nonop,bss_cond_C90,NaN,2
B3,main,f1,nonop,brier_clim_C90,0.00591715976331361,2
B3,main,f1,nonop,brier_climcond_C90,0.0,2
B3,main,f1,nonop,precision_C90_p05,NaN,2
B3,main,f1,nonop,recall_C90_p05,NaN,2
B3,main,f1,nonop,f1_C90_p05,NaN,2
B3,main,f1,nonop,fn_C90_p05,0.0,2
B3,main,f1,nonop,fp_C90_p05,0.0,2
B3,main,f1,nonop,precision_C90_pstar,NaN,2
B3,main,f1,nonop,recall_C90_pstar,NaN,2
B3,main,f1,nonop,f1_C90_pstar,NaN,2
B3,main,f1,nonop,fn_C90_pstar,0.0,2
B3,main,f1,nonop,fp_C90_pstar,0.0,2
B3,main,f2,all,brier_mean_platt,0.09304056132777487,13
B3,main,f2,all,brier_platt_C50,3.6602591365993957e-10,13
B3,main,f2,all,brier_platt_C75,1.5556442746644648e-7,13
B3,main,f2,all,brier_platt_C90,0.2791215280528712,13
B3,main,f2,all,bss_cond_C50,0.9999999967039556,13
B3,main,f2,all,brier_clim_C50,0.26697977347328,13
B3,main,f2,all,brier_climcond_C50,0.11105005548191413,13
B3,main,f2,all,precision_C50_p05,1.0,13
B3,main,f2,all,recall_C50_p05,1.0,13
B3,main,f2,all,f1_C50_p05,1.0,13
B3,main,f2,all,fn_C50_p05,0.0,13
B3,main,f2,all,fp_C50_p05,0.0,13
B3,main,f2,all,precision_C50_pstar,1.0,13
B3,main,f2,all,recall_C50_pstar,1.0,13
B3,main,f2,all,f1_C50_pstar,1.0,13
B3,main,f2,all,fn_C50_pstar,0.0,13
B3,main,f2,all,fp_C50_pstar,0.0,13
B3,main,f2,all,bss_cond_C75,0.9999994664463043,13
B3,main,f2,all,brier_clim_C75,0.3666203925944187,13
B3,main,f2,all,brier_climcond_C75,0.29156283374866504,13
B3,main,f2,all,precision_C75_p05,1.0,13
B3,main,f2,all,recall_C75_p05,1.0,13
B3,main,f2,all,f1_C75_p05,1.0,13
B3,main,f2,all,fn_C75_p05,0.0,13
B3,main,f2,all,fp_C75_p05,0.0,13
B3,main,f2,all,precision_C75_pstar,1.0,13
B3,main,f2,all,recall_C75_pstar,1.0,13
B3,main,f2,all,f1_C75_pstar,1.0,13
B3,main,f2,all,fn_C75_pstar,0.0,13
B3,main,f2,all,fp_C75_pstar,0.0,13
B3,main,f2,all,bss_cond_C90,0.3118632973327913,13
B3,main,f2,all,brier_clim_C90,0.44882390336935774,13
B3,main,f2,all,brier_climcond_C90,0.4056193005997208,13
B3,main,f2,all,precision_C90_p05,NaN,13
B3,main,f2,all,recall_C90_p05,0.0,13
B3,main,f2,all,f1_C90_p05,0.0,13
B3,main,f2,all,fn_C90_p05,7.0,13
B3,main,f2,all,fp_C90_p05,0.0,13
B3,main,f2,all,precision_C90_pstar,1.0,13
B3,main,f2,all,recall_C90_pstar,1.0,13
B3,main,f2,all,f1_C90_pstar,1.0,13
B3,main,f2,all,fn_C90_pstar,0.0,13
B3,main,f2,all,fp_C90_pstar,0.0,13
B3,main,f2,op,brier_mean_platt,0.15119091215763414,8
B3,main,f2,op,brier_platt_C50,5.947921096973511e-10,8
B3,main,f2,op,brier_platt_C75,2.527921946329756e-7,8
B3,main,f2,op,brier_platt_C90,0.4535724830859157,8
B3,main,f2,op,bss_cond_C50,0.9999999967039556,8
B3,main,f2,op,brier_clim_C50,0.3325392140327205,8
B3,main,f2,op,brier_climcond_C50,0.18045634015811046,8
B3,main,f2,op,precision_C50_p05,1.0,8
B3,main,f2,op,recall_C50_p05,1.0,8
B3,main,f2,op,f1_C50_p05,1.0,8
B3,main,f2,op,fn_C50_p05,0.0,8
B3,main,f2,op,fp_C50_p05,0.0,8
B3,main,f2,op,precision_C50_pstar,1.0,8
B3,main,f2,op,recall_C50_pstar,1.0,8
B3,main,f2,op,f1_C50_pstar,1.0,8
B3,main,f2,op,fn_C50_pstar,0.0,8
B3,main,f2,op,fp_C50_pstar,0.0,8
B3,main,f2,op,bss_cond_C75,0.9999994664463043,8
B3,main,f2,op,brier_clim_C75,0.572039973013999,8
B3,main,f2,op,brier_climcond_C75,0.4737896048415807,8
B3,main,f2,op,precision_C75_p05,1.0,8
B3,main,f2,op,recall_C75_p05,1.0,8
B3,main,f2,op,f1_C75_p05,1.0,8
B3,main,f2,op,fn_C75_p05,0.0,8
B3,main,f2,op,fp_C75_p05,0.0,8
B3,main,f2,op,precision_C75_pstar,1.0,8
B3,main,f2,op,recall_C75_pstar,1.0,8
B3,main,f2,op,f1_C75_pstar,1.0,8
B3,main,f2,op,fn_C75_pstar,0.0,8
B3,main,f2,op,fp_C75_pstar,0.0,8
B3,main,f2,op,bss_cond_C90,0.31186329733279117,8
B3,main,f2,op,brier_clim_C90,0.7241735537190082,8
B3,main,f2,op,brier_climcond_C90,0.6591313634745462,8
B3,main,f2,op,precision_C90_p05,NaN,8
B3,main,f2,op,recall_C90_p05,0.0,8
B3,main,f2,op,f1_C90_p05,0.0,8
B3,main,f2,op,fn_C90_p05,7.0,8
B3,main,f2,op,fp_C90_p05,0.0,8
B3,main,f2,op,precision_C90_pstar,1.0,8
B3,main,f2,op,recall_C90_pstar,1.0,8
B3,main,f2,op,f1_C90_pstar,1.0,8
B3,main,f2,op,fn_C90_pstar,0.0,8
B3,main,f2,op,fp_C90_pstar,0.0,8
B3,main,f2,nonop,brier_mean_platt,8.133749523428949e-23,5
B3,main,f2,nonop,brier_platt_C50,8.133749523428949e-23,5
B3,main,f2,nonop,brier_platt_C75,8.133749523428949e-23,5
B3,main,f2,nonop,brier_platt_C90,8.133749523428949e-23,5
B3,main,f2,nonop,bss_cond_C50,NaN,5
B3,main,f2,nonop,brier_clim_C50,0.16208466857817508,5
B3,main,f2,nonop,brier_climcond_C50,0.0,5
B3,main,f2,nonop,precision_C50_p05,NaN,5
B3,main,f2,nonop,recall_C50_p05,NaN,5
B3,main,f2,nonop,f1_C50_p05,NaN,5
B3,main,f2,nonop,fn_C50_p05,0.0,5
B3,main,f2,nonop,fp_C50_p05,0.0,5
B3,main,f2,nonop,precision_C50_pstar,NaN,5
B3,main,f2,nonop,recall_C50_pstar,NaN,5
B3,main,f2,nonop,f1_C50_pstar,NaN,5
B3,main,f2,nonop,fn_C50_pstar,0.0,5
B3,main,f2,nonop,fp_C50_pstar,0.0,5
B3,main,f2,nonop,bss_cond_C75,NaN,5
B3,main,f2,nonop,brier_clim_C75,0.0379490639230899,5
B3,main,f2,nonop,brier_climcond_C75,0.0,5
B3,main,f2,nonop,precision_C75_p05,NaN,5
B3,main,f2,nonop,recall_C75_p05,NaN,5
B3,main,f2,nonop,f1_C75_p05,NaN,5
B3,main,f2,nonop,fn_C75_p05,0.0,5
B3,main,f2,nonop,fp_C75_p05,0.0,5
B3,main,f2,nonop,precision_C75_pstar,NaN,5
B3,main,f2,nonop,recall_C75_pstar,NaN,5
B3,main,f2,nonop,f1_C75_pstar,NaN,5
B3,main,f2,nonop,fn_C75_pstar,0.0,5
B3,main,f2,nonop,fp_C75_pstar,0.0,5
B3,main,f2,nonop,bss_cond_C90,NaN,5
B3,main,f2,nonop,brier_clim_C90,0.008264462809917356,5
B3,main,f2,nonop,brier_climcond_C90,0.0,5
B3,main,f2,nonop,precision_C90_p05,NaN,5
B3,main,f2,nonop,recall_C90_p05,NaN,5
B3,main,f2,nonop,f1_C90_p05,NaN,5
B3,main,f2,nonop,fn_C90_p05,0.0,5
B3,main,f2,nonop,fp_C90_p05,0.0,5
B3,main,f2,nonop,precision_C90_pstar,NaN,5
B3,main,f2,nonop,recall_C90_pstar,NaN,5
B3,main,f2,nonop,f1_C90_pstar,NaN,5
B3,main,f2,nonop,fn_C90_pstar,0.0,5
B3,main,f2,nonop,fp_C90_pstar,0.0,5
B3,main,f3,all,brier_mean_platt,0.20262810089796227,14
B3,main,f3,all,brier_platt_C50,0.07268990291491004,14
B3,main,f3,all,brier_platt_C75,0.1963501102593941,14
B3,main,f3,all,brier_platt_C90,0.3388442895195826,14
B3,main,f3,all,bss_cond_C50,0.31842752614840664,14
B3,main,f3,all,brier_clim_C50,0.24571428571428575,14
B3,main,f3,all,brier_climcond_C50,0.1066502913536641,14
B3,main,f3,all,precision_C50_p05,0.8571428571428571,14
B3,main,f3,all,recall_C50_p05,1.0,14
B3,main,f3,all,f1_C50_p05,0.9230769230769231,14
B3,main,f3,all,fn_C50_p05,0.0,14
B3,main,f3,all,fp_C50_p05,1.0,14
B3,main,f3,all,precision_C50_pstar,0.8333333333333334,14
B3,main,f3,all,recall_C50_pstar,0.8333333333333334,14
B3,main,f3,all,f1_C50_pstar,0.8333333333333334,14
B3,main,f3,all,fn_C50_pstar,1.0,14
B3,main,f3,all,fp_C50_pstar,1.0,14
B3,main,f3,all,bss_cond_C75,-0.2567468538951809,14
B3,main,f3,all,brier_clim_C75,0.20964726631393302,14
B3,main,f3,all,brier_climcond_C75,0.15623680270280646,14
B3,main,f3,all,precision_C75_p05,0.5714285714285714,14
B3,main,f3,all,recall_C75_p05,1.0,14
B3,main,f3,all,f1_C75_p05,0.7272727272727273,14
B3,main,f3,all,fn_C75_p05,0.0,14
B3,main,f3,all,fp_C75_p05,3.0,14
B3,main,f3,all,precision_C75_pstar,0.6666666666666666,14
B3,main,f3,all,recall_C75_pstar,1.0,14
B3,main,f3,all,f1_C75_pstar,0.8,14
B3,main,f3,all,fn_C75_pstar,0.0,14
B3,main,f3,all,fp_C75_pstar,2.0,14
B3,main,f3,all,bss_cond_C90,-1.9726767292410132,14
B3,main,f3,all,brier_clim_C90,0.12536155202821872,14
B3,main,f3,all,brier_climcond_C90,0.11398625561485008,14
B3,main,f3,all,precision_C90_p05,0.2857142857142857,14
B3,main,f3,all,recall_C90_p05,1.0,14
B3,main,f3,all,f1_C90_p05,0.4444444444444444,14
B3,main,f3,all,fn_C90_p05,0.0,14
B3,main,f3,all,fp_C90_p05,5.0,14
B3,main,f3,all,precision_C90_pstar,0.3333333333333333,14
B3,main,f3,all,recall_C90_pstar,1.0,14
B3,main,f3,all,f1_C90_pstar,0.5,14
B3,main,f3,all,fn_C90_pstar,0.0,14
B3,main,f3,all,fp_C90_pstar,4.0,14
B3,main,f3,op,brier_mean_platt,0.3545991765714339,8
B3,main,f3,op,brier_platt_C50,0.12720733010109256,8
B3,main,f3,op,brier_platt_C75,0.3436126929539397,8
B3,main,f3,op,brier_platt_C90,0.5929775066592695,8
B3,main,f3,op,bss_cond_C50,0.31842752614840686,8
B3,main,f3,op,brier_clim_C50,0.31,8
B3,main,f3,op,brier_climcond_C50,0.1866380098689122,8
B3,main,f3,op,precision_C50_p05,0.8571428571428571,8
B3,main,f3,op,recall_C50_p05,1.0,8
B3,main,f3,op,f1_C50_p05,0.9230769230769231,8
B3,main,f3,op,fn_C50_p05,0.0,8
B3,main,f3,op,fp_C50_p05,1.0,8
B3,main,f3,op,precision_C50_pstar,0.8333333333333334,8
B3,main,f3,op,recall_C50_pstar,0.8333333333333334,8
B3,main,f3,op,f1_C50_pstar,0.8333333333333334,8
B3,main,f3,op,fn_C50_pstar,1.0,8
B3,main,f3,op,fp_C50_pstar,1.0,8
B3,main,f3,op,bss_cond_C75,-0.2567468538951809,8
B3,main,f3,op,brier_clim_C75,0.33345679012345675,8
B3,main,f3,op,brier_climcond_C75,0.2734144047299113,8
B3,main,f3,op,precision_C75_p05,0.5714285714285714,8
B3,main,f3,op,recall_C75_p05,1.0,8
B3,main,f3,op,f1_C75_p05,0.7272727272727273,8
B3,main,f3,op,fn_C75_p05,0.0,8
B3,main,f3,op,fp_C75_p05,3.0,8
B3,main,f3,op,precision_C75_pstar,0.6666666666666666,8
B3,main,f3,op,recall_C75_pstar,1.0,8
B3,main,f3,op,f1_C75_pstar,0.8,8
B3,main,f3,op,fn_C75_pstar,0.0,8
B3,main,f3,op,fp_C75_pstar,2.0,8
B3,main,f3,op,bss_cond_C90,-1.9726767292410128,8
B3,main,f3,op,brier_clim_C90,0.2134567901234568,8
B3,main,f3,op,brier_climcond_C90,0.19947594732598764,8
B3,main,f3,op,precision_C90_p05,0.2857142857142857,8
B3,main,f3,op,recall_C90_p05,1.0,8
B3,main,f3,op,f1_C90_p05,0.4444444444444444,8
B3,main,f3,op,fn_C90_p05,0.0,8
B3,main,f3,op,fp_C90_p05,5.0,8
B3,main,f3,op,precision_C90_pstar,0.3333333333333333,8
B3,main,f3,op,recall_C90_pstar,1.0,8
B3,main,f3,op,f1_C90_pstar,0.5,8
B3,main,f3,op,fn_C90_pstar,0.0,8
B3,main,f3,op,fp_C90_pstar,4.0,8
B3,main,f3,nonop,brier_mean_platt,3.869404129910845e-19,6
B3,main,f3,nonop,brier_platt_C50,3.869404129910845e-19,6
B3,main,f3,nonop,brier_platt_C75,3.869404129910845e-19,6
B3,main,f3,nonop,brier_platt_C90,3.869404129910845e-19,6
B3,main,f3,nonop,bss_cond_C50,NaN,6
B3,main,f3,nonop,brier_clim_C50,0.16000000000000003,6
B3,main,f3,nonop,brier_climcond_C50,0.0,6
B3,main,f3,nonop,precision_C50_p05,NaN,6
B3,main,f3,nonop,recall_C50_p05,NaN,6
B3,main,f3,nonop,f1_C50_p05,NaN,6
B3,main,f3,nonop,fn_C50_p05,0.0,6
B3,main,f3,nonop,fp_C50_p05,0.0,6
B3,main,f3,nonop,precision_C50_pstar,NaN,6
B3,main,f3,nonop,recall_C50_pstar,NaN,6
B3,main,f3,nonop,f1_C50_pstar,NaN,6
B3,main,f3,nonop,fn_C50_pstar,0.0,6
B3,main,f3,nonop,fp_C50_pstar,0.0,6
B3,main,f3,nonop,bss_cond_C75,NaN,6
B3,main,f3,nonop,brier_clim_C75,0.04456790123456789,6
B3,main,f3,nonop,brier_climcond_C75,0.0,6
B3,main,f3,nonop,precision_C75_p05,NaN,6
B3,main,f3,nonop,recall_C75_p05,NaN,6
B3,main,f3,nonop,f1_C75_p05,NaN,6
B3,main,f3,nonop,fn_C75_p05,0.0,6
B3,main,f3,nonop,fp_C75_p05,0.0,6
B3,main,f3,nonop,precision_C75_pstar,NaN,6
B3,main,f3,nonop,recall_C75_pstar,NaN,6
B3,main,f3,nonop,f1_C75_pstar,NaN,6
B3,main,f3,nonop,fn_C75_pstar,0.0,6
B3,main,f3,nonop,fp_C75_pstar,0.0,6
B3,main,f3,nonop,bss_cond_C90,NaN,6
B3,main,f3,nonop,brier_clim_C90,0.007901234567901235,6
B3,main,f3,nonop,brier_climcond_C90,0.0,6
B3,main,f3,nonop,precision_C90_p05,NaN,6
B3,main,f3,nonop,recall_C90_p05,NaN,6
B3,main,f3,nonop,f1_C90_p05,NaN,6
B3,main,f3,nonop,fn_C90_p05,0.0,6
B3,main,f3,nonop,fp_C90_p05,0.0,6
B3,main,f3,nonop,precision_C90_pstar,NaN,6
B3,main,f3,nonop,recall_C90_pstar,NaN,6
B3,main,f3,nonop,f1_C90_pstar,NaN,6
B3,main,f3,nonop,fn_C90_pstar,0.0,6
B3,main,f3,nonop,fp_C90_pstar,0.0,6
B3,main,f4,all,brier_mean_platt,0.16557269912032893,12
B3,main,f4,all,brier_platt_C50,9.123802741528993e-10,12
B3,main,f4,all,brier_platt_C75,0.4336237031308263,12
B3,main,f4,all,brier_platt_C90,0.06309439331778015,12
B3,main,f4,all,bss_cond_C50,0.9999999941743923,12
B3,main,f4,all,brier_clim_C50,0.3402366863905326,12
B3,main,f4,all,brier_climcond_C50,0.1566154698555268,12
B3,main,f4,all,precision_C50_p05,1.0,12
B3,main,f4,all,recall_C50_p05,1.0,12
B3,main,f4,all,f1_C50_p05,1.0,12
B3,main,f4,all,fn_C50_p05,0.0,12
B3,main,f4,all,fp_C50_p05,0.0,12
B3,main,f4,all,precision_C50_pstar,1.0,12
B3,main,f4,all,recall_C50_pstar,1.0,12
B3,main,f4,all,f1_C50_pstar,1.0,12
B3,main,f4,all,fn_C50_pstar,0.0,12
B3,main,f4,all,fp_C50_pstar,0.0,12
B3,main,f4,all,bss_cond_C75,-2.0662170701301332,12
B3,main,f4,all,brier_clim_C75,0.13954635108481264,12
B3,main,f4,all,brier_climcond_C75,0.1414197668374545,12
B3,main,f4,all,precision_C75_p05,0.2222222222222222,12
B3,main,f4,all,recall_C75_p05,1.0,12
B3,main,f4,all,f1_C75_p05,0.36363636363636365,12
B3,main,f4,all,fn_C75_p05,0.0,12
B3,main,f4,all,fp_C75_p05,7.0,12
B3,main,f4,all,precision_C75_pstar,0.25,12
B3,main,f4,all,recall_C75_pstar,1.0,12
B3,main,f4,all,f1_C75_pstar,0.4,12
B3,main,f4,all,fn_C75_pstar,0.0,12
B3,main,f4,all,fp_C75_pstar,6.0,12
B3,main,f4,all,bss_cond_C90,-4.310576217565908,12
B3,main,f4,all,brier_clim_C90,0.005917159763313611,12
B3,main,f4,all,brier_climcond_C90,0.011880894037276305,12
B3,main,f4,all,precision_C90_p05,NaN,12
B3,main,f4,all,recall_C90_p05,NaN,12
B3,main,f4,all,f1_C90_p05,NaN,12
B3,main,f4,all,fn_C90_p05,0.0,12
B3,main,f4,all,fp_C90_p05,0.0,12
B3,main,f4,all,precision_C90_pstar,0.0,12
B3,main,f4,all,recall_C90_pstar,NaN,12
B3,main,f4,all,f1_C90_pstar,NaN,12
B3,main,f4,all,fn_C90_pstar,0.0,12
B3,main,f4,all,fp_C90_pstar,8.0,12
B3,main,f4,op,brier_mean_platt,0.18062476267672245,11
B3,main,f4,op,brier_platt_C50,9.953239354333826e-10,11
B3,main,f4,op,brier_platt_C75,0.4730440397790833,11
B3,main,f4,op,brier_platt_C90,0.06883024725576015,11
B3,main,f4,op,bss_cond_C50,0.9999999941743923,11
B3,main,f4,op,brier_clim_C50,0.3577192038730501,11
B3,main,f4,op,brier_climcond_C50,0.17085323984239287,11
B3,main,f4,op,precision_C50_p05,1.0,11
B3,main,f4,op,recall_C50_p05,1.0,11
B3,main,f4,op,f1_C50_p05,1.0,11
B3,main,f4,op,fn_C50_p05,0.0,11
B3,main,f4,op,fp_C50_p05,0.0,11
B3,main,f4,op,precision_C50_pstar,1.0,11
B3,main,f4,op,recall_C50_pstar,1.0,11
B3,main,f4,op,f1_C50_pstar,1.0,11
B3,main,f4,op,fn_C50_pstar,0.0,11
B3,main,f4,op,fp_C50_pstar,0.0,11
B3,main,f4,op,bss_cond_C75,-2.0662170701301337,11
B3,main,f4,op,brier_clim_C75,0.14887036040882198,11
B3,main,f4,op,brier_climcond_C75,0.1542761092772231,11
B3,main,f4,op,precision_C75_p05,0.2222222222222222,11
B3,main,f4,op,recall_C75_p05,1.0,11
B3,main,f4,op,f1_C75_p05,0.36363636363636365,11
B3,main,f4,op,fn_C75_p05,0.0,11
B3,main,f4,op,fp_C75_p05,7.0,11
B3,main,f4,op,precision_C75_pstar,0.25,11
B3,main,f4,op,recall_C75_pstar,1.0,11
B3,main,f4,op,f1_C75_pstar,0.4,11
B3,main,f4,op,fn_C75_pstar,0.0,11
B3,main,f4,op,fp_C75_pstar,6.0,11
B3,main,f4,op,bss_cond_C90,-4.310576217565907,11
B3,main,f4,op,brier_clim_C90,0.005917159763313611,11
B3,main,f4,op,brier_climcond_C90,0.012960975313392332,11
B3,main,f4,op,precision_C90_p05,NaN,11
B3,main,f4,op,recall_C90_p05,NaN,11
B3,main,f4,op,f1_C90_p05,NaN,11
B3,main,f4,op,fn_C90_p05,0.0,11
B3,main,f4,op,fp_C90_p05,0.0,11
B3,main,f4,op,precision_C90_pstar,0.0,11
B3,main,f4,op,recall_C90_pstar,NaN,11
B3,main,f4,op,f1_C90_pstar,NaN,11
B3,main,f4,op,fn_C90_pstar,0.0,11
B3,main,f4,op,fp_C90_pstar,8.0,11
B3,main,f4,nonop,brier_mean_platt,2.2527277805466273e-20,1
B3,main,f4,nonop,brier_platt_C50,6.758183341639882e-20,1
B3,main,f4,nonop,brier_platt_C75,3.099210406852723e-61,1
B3,main,f4,nonop,brier_platt_C90,3.099210406852723e-61,1
B3,main,f4,nonop,bss_cond_C50,NaN,1
B3,main,f4,nonop,brier_clim_C50,0.14792899408284024,1
B3,main,f4,nonop,brier_climcond_C50,0.0,1
B3,main,f4,nonop,precision_C50_p05,NaN,1
B3,main,f4,nonop,recall_C50_p05,NaN,1
B3,main,f4,nonop,f1_C50_p05,NaN,1
B3,main,f4,nonop,fn_C50_p05,0.0,1
B3,main,f4,nonop,fp_C50_p05,0.0,1
B3,main,f4,nonop,precision_C50_pstar,NaN,1
B3,main,f4,nonop,recall_C50_pstar,NaN,1
B3,main,f4,nonop,f1_C50_pstar,NaN,1
B3,main,f4,nonop,fn_C50_pstar,0.0,1
B3,main,f4,nonop,fp_C50_pstar,0.0,1
B3,main,f4,nonop,bss_cond_C75,NaN,1
B3,main,f4,nonop,brier_clim_C75,0.03698224852071006,1
B3,main,f4,nonop,brier_climcond_C75,0.0,1
B3,main,f4,nonop,precision_C75_p05,NaN,1
B3,main,f4,nonop,recall_C75_p05,NaN,1
B3,main,f4,nonop,f1_C75_p05,NaN,1
B3,main,f4,nonop,fn_C75_p05,0.0,1
B3,main,f4,nonop,fp_C75_p05,0.0,1
B3,main,f4,nonop,precision_C75_pstar,NaN,1
B3,main,f4,nonop,recall_C75_pstar,NaN,1
B3,main,f4,nonop,f1_C75_pstar,NaN,1
B3,main,f4,nonop,fn_C75_pstar,0.0,1
B3,main,f4,nonop,fp_C75_pstar,0.0,1
B3,main,f4,nonop,bss_cond_C90,NaN,1
B3,main,f4,nonop,brier_clim_C90,0.00591715976331361,1
B3,main,f4,nonop,brier_climcond_C90,0.0,1
B3,main,f4,nonop,precision_C90_p05,NaN,1
B3,main,f4,nonop,recall_C90_p05,NaN,1
B3,main,f4,nonop,f1_C90_p05,NaN,1
B3,main,f4,nonop,fn_C90_p05,0.0,1
B3,main,f4,nonop,fp_C90_p05,0.0,1
B3,main,f4,nonop,precision_C90_pstar,NaN,1
B3,main,f4,nonop,recall_C90_pstar,NaN,1
B3,main,f4,nonop,f1_C90_pstar,NaN,1
B3,main,f4,nonop,fn_C90_pstar,0.0,1
B3,main,f4,nonop,fp_C90_pstar,0.0,1
B3,main,pooled,all,brier_mean_platt,0.14440542066381626,51
B3,main,pooled,all,brier_platt_C50,0.01995414389192556,51
B3,main,pooled,all,brier_platt_C75,0.15592933030273193,51
B3,main,pooled,all,brier_platt_C90,0.25733278779679125,51
B3,main,pooled,all,bss_cond_C50,0.8493007844292192,51
B3,main,pooled,all,brier_clim_C50,0.2865662562154306,51
B3,main,pooled,all,brier_climcond_C50,0.13241040317528027,51
B3,main,pooled,all,precision_C50_p05,0.96875,51
B3,main,pooled,all,recall_C50_p05,1.0,51
B3,main,pooled,all,f1_C50_p05,0.9841269841269841,51
B3,main,pooled,all,fn_C50_p05,0.0,51
B3,main,pooled,all,fp_C50_p05,1.0,51
B3,main,pooled,all,precision_C50_pstar,0.9655172413793104,51
B3,main,pooled,all,recall_C50_pstar,0.9032258064516129,51
B3,main,pooled,all,f1_C50_pstar,0.9333333333333333,51
B3,main,pooled,all,fn_C50_pstar,3.0,51
B3,main,pooled,all,fp_C50_pstar,1.0,51
B3,main,pooled,all,bss_cond_C75,0.33738774801999727,51
B3,main,pooled,all,brier_clim_C75,0.28404344293174416,51
B3,main,pooled,all,brier_climcond_C75,0.235325154095457,51
B3,main,pooled,all,precision_C75_p05,0.6774193548387096,51
B3,main,pooled,all,recall_C75_p05,1.0,51
B3,main,pooled,all,f1_C75_p05,0.8076923076923077,51
B3,main,pooled,all,fn_C75_p05,0.0,51
B3,main,pooled,all,fp_C75_p05,10.0,51
B3,main,pooled,all,precision_C75_pstar,0.7241379310344828,51
B3,main,pooled,all,recall_C75_pstar,1.0,51
B3,main,pooled,all,f1_C75_pstar,0.84,51
B3,main,pooled,all,fn_C75_pstar,0.0,51
B3,main,pooled,all,fp_C75_pstar,8.0,51
B3,main,pooled,all,bss_cond_C90,-0.28398195771470625,51
B3,main,pooled,all,brier_clim_C90,0.21796862139473777,51
B3,main,pooled,all,brier_climcond_C90,0.20041775996198943,51
B3,main,pooled,all,precision_C90_p05,0.4,51
B3,main,pooled,all,recall_C90_p05,0.46153846153846156,51
B3,main,pooled,all,f1_C90_p05,0.42857142857142855,51
B3,main,pooled,all,fn_C90_p05,7.0,51
B3,main,pooled,all,fp_C90_p05,9.0,51
B3,main,pooled,all,precision_C90_pstar,0.4482758620689655,51
B3,main,pooled,all,recall_C90_pstar,1.0,51
B3,main,pooled,all,f1_C90_pstar,0.6190476190476191,51
B3,main,pooled,all,fn_C90_pstar,0.0,51
B3,main,pooled,all,fp_C90_pstar,16.0,51
B3,main,pooled,op,brier_mean_platt,0.1990453095636386,37
B3,main,pooled,op,brier_platt_C50,0.027504360499681173,37
B3,main,pooled,op,brier_platt_C75,0.21492961744430622,37
B3,main,pooled,op,brier_platt_C90,0.3547019507469285,37
B3,main,pooled,op,bss_cond_C50,0.8493007844292192,37
B3,main,pooled,op,brier_clim_C50,0.3351532092391234,37
B3,main,pooled,op,brier_climcond_C50,0.1825116368091701,37
B3,main,pooled,op,precision_C50_p05,0.96875,37
B3,main,pooled,op,recall_C50_p05,1.0,37
B3,main,pooled,op,f1_C50_p05,0.9841269841269841,37
B3,main,pooled,op,fn_C50_p05,0.0,37
B3,main,pooled,op,fp_C50_p05,1.0,37
B3,main,pooled,op,precision_C50_pstar,0.9655172413793104,37
B3,main,pooled,op,recall_C50_pstar,0.9032258064516129,37
B3,main,pooled,op,f1_C50_pstar,0.9333333333333333,37
B3,main,pooled,op,fn_C50_pstar,3.0,37
B3,main,pooled,op,fp_C50_pstar,1.0,37
B3,main,pooled,op,bss_cond_C75,0.33738774801999716,37
B3,main,pooled,op,brier_clim_C75,0.37565674456450343,37
B3,main,pooled,op,brier_climcond_C75,0.32436710429373805,37
B3,main,pooled,op,precision_C75_p05,0.6774193548387096,37
B3,main,pooled,op,recall_C75_p05,1.0,37
B3,main,pooled,op,f1_C75_p05,0.8076923076923077,37
B3,main,pooled,op,fn_C75_p05,0.0,37
B3,main,pooled,op,fp_C75_p05,10.0,37
B3,main,pooled,op,precision_C75_pstar,0.7241379310344828,37
B3,main,pooled,op,recall_C75_pstar,1.0,37
B3,main,pooled,op,f1_C75_pstar,0.84,37
B3,main,pooled,op,fn_C75_pstar,0.0,37
B3,main,pooled,op,fp_C75_pstar,8.0,37
B3,main,pooled,op,bss_cond_C90,-0.283981957714706,37
B3,main,pooled,op,brier_clim_C90,0.29756536460499167,37
B3,main,pooled,op,brier_climcond_C90,0.27625150697463413,37
B3,main,pooled,op,precision_C90_p05,0.4,37
B3,main,pooled,op,recall_C90_p05,0.46153846153846156,37
B3,main,pooled,op,f1_C90_p05,0.42857142857142855,37
B3,main,pooled,op,fn_C90_p05,7.0,37
B3,main,pooled,op,fp_C90_p05,9.0,37
B3,main,pooled,op,precision_C90_pstar,0.4482758620689655,37
B3,main,pooled,op,recall_C90_pstar,1.0,37
B3,main,pooled,op,f1_C90_pstar,0.6190476190476191,37
B3,main,pooled,op,fn_C90_pstar,0.0,37
B3,main,pooled,op,fp_C90_pstar,16.0,37
B3,main,pooled,nonop,brier_mean_platt,1.6755447252547944e-19,14
B3,main,pooled,nonop,brier_platt_C50,1.7094210823034142e-19,14
B3,main,pooled,nonop,brier_platt_C75,1.6586065467304843e-19,14
B3,main,pooled,nonop,brier_platt_C90,1.6586065467304843e-19,14
B3,main,pooled,nonop,bss_cond_C50,NaN,14
B3,main,pooled,nonop,brier_clim_C50,0.15815788036709977,14
B3,main,pooled,nonop,brier_climcond_C50,0.0,14
B3,main,pooled,nonop,precision_C50_p05,NaN,14
B3,main,pooled,nonop,recall_C50_p05,NaN,14
B3,main,pooled,nonop,f1_C50_p05,NaN,14
B3,main,pooled,nonop,fn_C50_p05,0.0,14
B3,main,pooled,nonop,fp_C50_p05,0.0,14
B3,main,pooled,nonop,precision_C50_pstar,NaN,14
B3,main,pooled,nonop,recall_C50_pstar,NaN,14
B3,main,pooled,nonop,f1_C50_pstar,NaN,14
B3,main,pooled,nonop,fn_C50_pstar,0.0,14
B3,main,pooled,nonop,fp_C50_pstar,0.0,14
B3,main,pooled,nonop,bss_cond_C75,NaN,14
B3,main,pooled,nonop,brier_clim_C75,0.04192257433088031,14
B3,main,pooled,nonop,brier_climcond_C75,0.0,14
B3,main,pooled,nonop,precision_C75_p05,NaN,14
B3,main,pooled,nonop,recall_C75_p05,NaN,14
B3,main,pooled,nonop,f1_C75_p05,NaN,14
B3,main,pooled,nonop,fn_C75_p05,0.0,14
B3,main,pooled,nonop,fp_C75_p05,0.0,14
B3,main,pooled,nonop,precision_C75_pstar,NaN,14
B3,main,pooled,nonop,recall_C75_pstar,NaN,14
B3,main,pooled,nonop,f1_C75_pstar,NaN,14
B3,main,pooled,nonop,fn_C75_pstar,0.0,14
B3,main,pooled,nonop,fp_C75_pstar,0.0,14
B3,main,pooled,nonop,bss_cond_C90,NaN,14
B3,main,pooled,nonop,brier_clim_C90,0.007605800053352501,14
B3,main,pooled,nonop,brier_climcond_C90,0.0,14
B3,main,pooled,nonop,precision_C90_p05,NaN,14
B3,main,pooled,nonop,recall_C90_p05,NaN,14
B3,main,pooled,nonop,f1_C90_p05,NaN,14
B3,main,pooled,nonop,fn_C90_p05,0.0,14
B3,main,pooled,nonop,fp_C90_p05,0.0,14
B3,main,pooled,nonop,precision_C90_pstar,NaN,14
B3,main,pooled,nonop,recall_C90_pstar,NaN,14
B3,main,pooled,nonop,f1_C90_pstar,NaN,14
B3,main,pooled,nonop,fn_C90_pstar,0.0,14
B3,main,pooled,nonop,fp_C90_pstar,0.0,14
B4,main,f1,all,brier_mean_platt,0.14277419601049693,12
B4,main,f1,all,brier_platt_C50,9.10497543168454e-8,12
B4,main,f1,all,brier_platt_C75,0.2514335134787384,12
B4,main,f1,all,brier_platt_C90,0.17688898350299823,12
B4,main,f1,all,bss_cond_C50,0.9999994358722514,12
B4,main,f1,all,brier_clim_C50,0.3017751479289941,12
B4,main,f1,all,brier_climcond_C50,0.16139917695473252,12
B4,main,f1,all,precision_C50_p05,1.0,12
B4,main,f1,all,recall_C50_p05,1.0,12
B4,main,f1,all,f1_C50_p05,1.0,12
B4,main,f1,all,fn_C50_p05,0.0,12
B4,main,f1,all,fp_C50_p05,0.0,12
B4,main,f1,all,precision_C50_pstar,1.0,12
B4,main,f1,all,recall_C50_pstar,1.0,12
B4,main,f1,all,f1_C50_pstar,1.0,12
B4,main,f1,all,fn_C50_pstar,0.0,12
B4,main,f1,all,fp_C50_pstar,0.0,12
B4,main,f1,all,bss_cond_C75,0.3026895255040697,12
B4,main,f1,all,brier_clim_C75,0.42587771203155816,12
B4,main,f1,all,brier_climcond_C75,0.3605761316872429,12
B4,main,f1,all,precision_C75_p05,NaN,12
B4,main,f1,all,recall_C75_p05,0.0,12
B4,main,f1,all,f1_C75_p05,0.0,12
B4,main,f1,all,fn_C75_p05,8.0,12
B4,main,f1,all,fp_C75_p05,0.0,12
B4,main,f1,all,precision_C75_pstar,1.0,12
B4,main,f1,all,recall_C75_pstar,1.0,12
B4,main,f1,all,f1_C75_pstar,1.0,12
B4,main,f1,all,fn_C75_pstar,0.0,12
B4,main,f1,all,fp_C75_pstar,0.0,12
B4,main,f1,all,bss_cond_C90,0.3387073385964836,12
B4,main,f1,all,brier_clim_C90,0.28796844181459574,12
B4,main,f1,all,brier_climcond_C90,0.2674897119341564,12
B4,main,f1,all,precision_C90_p05,NaN,12
B4,main,f1,all,recall_C90_p05,0.0,12
B4,main,f1,all,f1_C90_p05,0.0,12
B4,main,f1,all,fn_C90_p05,4.0,12
B4,main,f1,all,fp_C90_p05,0.0,12
B4,main,f1,all,precision_C90_pstar,0.5,12
B4,main,f1,all,recall_C90_pstar,1.0,12
B4,main,f1,all,f1_C90_pstar,0.6666666666666666,12
B4,main,f1,all,fn_C90_pstar,0.0,12
B4,main,f1,all,fp_C90_pstar,4.0,12
B4,main,f1,op,brier_mean_platt,0.17132903521259632,10
B4,main,f1,op,brier_platt_C50,1.0925970518021067e-7,10
B4,main,f1,op,brier_platt_C75,0.301720216174486,10
B4,main,f1,op,brier_platt_C90,0.21226678020359788,10
B4,main,f1,op,bss_cond_C50,0.9999994358722514,10
B4,main,f1,op,brier_clim_C50,0.3325443786982249,10
B4,main,f1,op,brier_climcond_C50,0.19367901234567902,10
B4,main,f1,op,precision_C50_p05,1.0,10
B4,main,f1,op,recall_C50_p05,1.0,10
B4,main,f1,op,f1_C50_p05,1.0,10
B4,main,f1,op,fn_C50_p05,0.0,10
B4,main,f1,op,fp_C50_p05,0.0,10
B4,main,f1,op,precision_C50_pstar,1.0,10
B4,main,f1,op,recall_C50_pstar,1.0,10
B4,main,f1,op,f1_C50_pstar,1.0,10
B4,main,f1,op,fn_C50_pstar,0.0,10
B4,main,f1,op,fp_C50_pstar,0.0,10
B4,main,f1,op,bss_cond_C75,0.3026895255040698,10
B4,main,f1,op,brier_clim_C75,0.5017751479289941,10
B4,main,f1,op,brier_climcond_C75,0.4326913580246915,10
B4,main,f1,op,precision_C75_p05,NaN,10
B4,main,f1,op,recall_C75_p05,0.0,10
B4,main,f1,op,f1_C75_p05,0.0,10
B4,main,f1,op,fn_C75_p05,8.0,10
B4,main,f1,op,fp_C75_p05,0.0,10
B4,main,f1,op,precision_C75_pstar,1.0,10
B4,main,f1,op,recall_C75_pstar,1.0,10
B4,main,f1,op,f1_C75_pstar,1.0,10
B4,main,f1,op,fn_C75_pstar,0.0,10
B4,main,f1,op,fp_C75_pstar,0.0,10
B4,main,f1,op,bss_cond_C90,0.3387073385964835,10
B4,main,f1,op,brier_clim_C90,0.3443786982248521,10
B4,main,f1,op,brier_climcond_C90,0.32098765432098764,10
B4,main,f1,op,precision_C90_p05,NaN,10
B4,main,f1,op,recall_C90_p05,0.0,10
B4,main,f1,op,f1_C90_p05,0.0,10
B4,main,f1,op,fn_C90_p05,4.0,10
B4,main,f1,op,fp_C90_p05,0.0,10
B4,main,f1,op,precision_C90_pstar,0.5,10
B4,main,f1,op,recall_C90_pstar,1.0,10
B4,main,f1,op,f1_C90_pstar,0.6666666666666666,10
B4,main,f1,op,fn_C90_pstar,0.0,10
B4,main,f1,op,fp_C90_pstar,4.0,10
B4,main,f1,nonop,brier_mean_platt,1.911324013703993e-20,2
B4,main,f1,nonop,brier_platt_C50,1.9113240137039932e-20,2
B4,main,f1,nonop,brier_platt_C75,1.9113240137039932e-20,2
B4,main,f1,nonop,brier_platt_C90,1.9113240137039932e-20,2
B4,main,f1,nonop,bss_cond_C50,NaN,2
B4,main,f1,nonop,brier_clim_C50,0.14792899408284024,2
B4,main,f1,nonop,brier_climcond_C50,0.0,2
B4,main,f1,nonop,precision_C50_p05,NaN,2
B4,main,f1,nonop,recall_C50_p05,NaN,2
B4,main,f1,nonop,f1_C50_p05,NaN,2
B4,main,f1,nonop,fn_C50_p05,0.0,2
B4,main,f1,nonop,fp_C50_p05,0.0,2
B4,main,f1,nonop,precision_C50_pstar,NaN,2
B4,main,f1,nonop,recall_C50_pstar,NaN,2
B4,main,f1,nonop,f1_C50_pstar,NaN,2
B4,main,f1,nonop,fn_C50_pstar,0.0,2
B4,main,f1,nonop,fp_C50_pstar,0.0,2
B4,main,f1,nonop,bss_cond_C75,NaN,2
B4,main,f1,nonop,brier_clim_C75,0.0463905325443787,2
B4,main,f1,nonop,brier_climcond_C75,0.0,2
B4,main,f1,nonop,precision_C75_p05,NaN,2
B4,main,f1,nonop,recall_C75_p05,NaN,2
B4,main,f1,nonop,f1_C75_p05,NaN,2
B4,main,f1,nonop,fn_C75_p05,0.0,2
B4,main,f1,nonop,fp_C75_p05,0.0,2
B4,main,f1,nonop,precision_C75_pstar,NaN,2
B4,main,f1,nonop,recall_C75_pstar,NaN,2
B4,main,f1,nonop,f1_C75_pstar,NaN,2
B4,main,f1,nonop,fn_C75_pstar,0.0,2
B4,main,f1,nonop,fp_C75_pstar,0.0,2
B4,main,f1,nonop,bss_cond_C90,NaN,2
B4,main,f1,nonop,brier_clim_C90,0.00591715976331361,2
B4,main,f1,nonop,brier_climcond_C90,0.0,2
B4,main,f1,nonop,precision_C90_p05,NaN,2
B4,main,f1,nonop,recall_C90_p05,NaN,2
B4,main,f1,nonop,f1_C90_p05,NaN,2
B4,main,f1,nonop,fn_C90_p05,0.0,2
B4,main,f1,nonop,fp_C90_p05,0.0,2
B4,main,f1,nonop,precision_C90_pstar,NaN,2
B4,main,f1,nonop,recall_C90_pstar,NaN,2
B4,main,f1,nonop,f1_C90_pstar,NaN,2
B4,main,f1,nonop,fn_C90_pstar,0.0,2
B4,main,f1,nonop,fp_C90_pstar,0.0,2
B4,main,f2,all,brier_mean_platt,0.000051010798257970875,13
B4,main,f2,all,brier_platt_C50,2.159332127321671e-10,13
B4,main,f2,all,brier_platt_C75,1.881113677542356e-7,13
B4,main,f2,all,brier_platt_C90,0.00015284406747294565,13
B4,main,f2,all,bss_cond_C50,0.9999999980555326,13
B4,main,f2,all,brier_clim_C50,0.26697977347328,13
B4,main,f2,all,brier_climcond_C50,0.11105005548191413,13
B4,main,f2,all,precision_C50_p05,1.0,13
B4,main,f2,all,recall_C50_p05,1.0,13
B4,main,f2,all,f1_C50_p05,1.0,13
B4,main,f2,all,fn_C50_p05,0.0,13
B4,main,f2,all,fp_C50_p05,0.0,13
B4,main,f2,all,precision_C50_pstar,1.0,13
B4,main,f2,all,recall_C50_pstar,1.0,13
B4,main,f2,all,f1_C50_pstar,1.0,13
B4,main,f2,all,fn_C50_pstar,0.0,13
B4,main,f2,all,fp_C50_pstar,0.0,13
B4,main,f2,all,bss_cond_C75,0.9999993548170549,13
B4,main,f2,all,brier_clim_C75,0.3666203925944187,13
B4,main,f2,all,brier_climcond_C75,0.29156283374866504,13
B4,main,f2,all,precision_C75_p05,1.0,13
B4,main,f2,all,recall_C75_p05,1.0,13
B4,main,f2,all,f1_C75_p05,1.0,13
B4,main,f2,all,fn_C75_p05,0.0,13
B4,main,f2,all,fp_C75_p05,0.0,13
B4,main,f2,all,precision_C75_pstar,1.0,13
B4,main,f2,all,recall_C75_pstar,1.0,13
B4,main,f2,all,f1_C75_pstar,1.0,13
B4,main,f2,all,fn_C75_pstar,0.0,13
B4,main,f2,all,fp_C75_pstar,0.0,13
B4,main,f2,all,bss_cond_C90,0.9996231834450506,13
B4,main,f2,all,brier_clim_C90,0.44882390336935774,13
B4,main,f2,all,brier_climcond_C90,0.4056193005997208,13
B4,main,f2,all,precision_C90_p05,1.0,13
B4,main,f2,all,recall_C90_p05,1.0,13
B4,main,f2,all,f1_C90_p05,1.0,13
B4,main,f2,all,fn_C90_p05,0.0,13
B4,main,f2,all,fp_C90_p05,0.0,13
B4,main,f2,all,precision_C90_pstar,1.0,13
B4,main,f2,all,recall_C90_pstar,1.0,13
B4,main,f2,all,f1_C90_pstar,1.0,13
B4,main,f2,all,fn_C90_pstar,0.0,13
B4,main,f2,all,fp_C90_pstar,0.0,13
B4,main,f2,op,brier_mean_platt,0.00008289254716920267,8
B4,main,f2,op,brier_platt_C50,3.508914706894787e-10,8
B4,main,f2,op,brier_platt_C75,3.0568097260063255e-7,8
B4,main,f2,op,brier_platt_C90,0.00024837160964353666,8
B4,main,f2,op,bss_cond_C50,0.9999999980555326,8
B4,main,f2,op,brier_clim_C50,0.3325392140327205,8
B4,main,f2,op,brier_climcond_C50,0.18045634015811046,8
B4,main,f2,op,precision_C50_p05,1.0,8
B4,main,f2,op,recall_C50_p05,1.0,8
B4,main,f2,op,f1_C50_p05,1.0,8
B4,main,f2,op,fn_C50_p05,0.0,8
B4,main,f2,op,fp_C50_p05,0.0,8
B4,main,f2,op,precision_C50_pstar,1.0,8
B4,main,f2,op,recall_C50_pstar,1.0,8
B4,main,f2,op,f1_C50_pstar,1.0,8
B4,main,f2,op,fn_C50_pstar,0.0,8
B4,main,f2,op,fp_C50_pstar,0.0,8
B4,main,f2,op,bss_cond_C75,0.9999993548170549,8
B4,main,f2,op,brier_clim_C75,0.572039973013999,8
B4,main,f2,op,brier_climcond_C75,0.4737896048415807,8
B4,main,f2,op,precision_C75_p05,1.0,8
B4,main,f2,op,recall_C75_p05,1.0,8
B4,main,f2,op,f1_C75_p05,1.0,8
B4,main,f2,op,fn_C75_p05,0.0,8
B4,main,f2,op,fp_C75_p05,0.0,8
B4,main,f2,op,precision_C75_pstar,1.0,8
B4,main,f2,op,recall_C75_pstar,1.0,8
B4,main,f2,op,f1_C75_pstar,1.0,8
B4,main,f2,op,fn_C75_pstar,0.0,8
B4,main,f2,op,fp_C75_pstar,0.0,8
B4,main,f2,op,bss_cond_C90,0.9996231834450506,8
B4,main,f2,op,brier_clim_C90,0.7241735537190082,8
B4,main,f2,op,brier_climcond_C90,0.6591313634745462,8
B4,main,f2,op,precision_C90_p05,1.0,8
B4,main,f2,op,recall_C90_p05,1.0,8
B4,main,f2,op,f1_C90_p05,1.0,8
B4,main,f2,op,fn_C90_p05,0.0,8
B4,main,f2,op,fp_C90_p05,0.0,8
B4,main,f2,op,precision_C90_pstar,1.0,8
B4,main,f2,op,recall_C90_pstar,1.0,8
B4,main,f2,op,f1_C90_pstar,1.0,8
B4,main,f2,op,fn_C90_pstar,0.0,8
B4,main,f2,op,fp_C90_pstar,0.0,8
B4,main,f2,nonop,brier_mean_platt,3.123822488568171e-22,5
B4,main,f2,nonop,brier_platt_C50,4.685733732852257e-22,5
B4,main,f2,nonop,brier_platt_C75,4.685733732852257e-22,5
B4,main,f2,nonop,brier_platt_C90,2.162849488824751e-168,5
B4,main,f2,nonop,bss_cond_C50,NaN,5
B4,main,f2,nonop,brier_clim_C50,0.16208466857817508,5
B4,main,f2,nonop,brier_climcond_C50,0.0,5
B4,main,f2,nonop,precision_C50_p05,NaN,5
B4,main,f2,nonop,recall_C50_p05,NaN,5
B4,main,f2,nonop,f1_C50_p05,NaN,5
B4,main,f2,nonop,fn_C50_p05,0.0,5
B4,main,f2,nonop,fp_C50_p05,0.0,5
B4,main,f2,nonop,precision_C50_pstar,NaN,5
B4,main,f2,nonop,recall_C50_pstar,NaN,5
B4,main,f2,nonop,f1_C50_pstar,NaN,5
B4,main,f2,nonop,fn_C50_pstar,0.0,5
B4,main,f2,nonop,fp_C50_pstar,0.0,5
B4,main,f2,nonop,bss_cond_C75,NaN,5
B4,main,f2,nonop,brier_clim_C75,0.0379490639230899,5
B4,main,f2,nonop,brier_climcond_C75,0.0,5
B4,main,f2,nonop,precision_C75_p05,NaN,5
B4,main,f2,nonop,recall_C75_p05,NaN,5
B4,main,f2,nonop,f1_C75_p05,NaN,5
B4,main,f2,nonop,fn_C75_p05,0.0,5
B4,main,f2,nonop,fp_C75_p05,0.0,5
B4,main,f2,nonop,precision_C75_pstar,NaN,5
B4,main,f2,nonop,recall_C75_pstar,NaN,5
B4,main,f2,nonop,f1_C75_pstar,NaN,5
B4,main,f2,nonop,fn_C75_pstar,0.0,5
B4,main,f2,nonop,fp_C75_pstar,0.0,5
B4,main,f2,nonop,bss_cond_C90,NaN,5
B4,main,f2,nonop,brier_clim_C90,0.008264462809917356,5
B4,main,f2,nonop,brier_climcond_C90,0.0,5
B4,main,f2,nonop,precision_C90_p05,NaN,5
B4,main,f2,nonop,recall_C90_p05,NaN,5
B4,main,f2,nonop,f1_C90_p05,NaN,5
B4,main,f2,nonop,fn_C90_p05,0.0,5
B4,main,f2,nonop,fp_C90_p05,0.0,5
B4,main,f2,nonop,precision_C90_pstar,NaN,5
B4,main,f2,nonop,recall_C90_pstar,NaN,5
B4,main,f2,nonop,f1_C90_pstar,NaN,5
B4,main,f2,nonop,fn_C90_pstar,0.0,5
B4,main,f2,nonop,fp_C90_pstar,0.0,5
B4,main,f3,all,brier_mean_platt,0.2141107060606393,14
B4,main,f3,all,brier_platt_C50,0.0714241706238139,14
B4,main,f3,all,brier_platt_C75,0.21418368110252026,14
B4,main,f3,all,brier_platt_C90,0.35672426645558375,14
B4,main,f3,all,bss_cond_C50,0.3302955883452443,14
B4,main,f3,all,brier_clim_C50,0.24571428571428575,14
B4,main,f3,all,brier_climcond_C50,0.1066502913536641,14
B4,main,f3,all,precision_C50_p05,0.8571428571428571,14
B4,main,f3,all,recall_C50_p05,1.0,14
B4,main,f3,all,f1_C50_p05,0.9230769230769231,14
B4,main,f3,all,fn_C50_p05,0.0,14
B4,main,f3,all,fp_C50_p05,1.0,14
B4,main,f3,all,precision_C50_pstar,0.8333333333333334,14
B4,main,f3,all,recall_C50_pstar,0.8333333333333334,14
B4,main,f3,all,f1_C50_pstar,0.8333333333333334,14
B4,main,f3,all,fn_C50_pstar,1.0,14
B4,main,f3,all,fp_C50_pstar,1.0,14
B4,main,f3,all,bss_cond_C75,-0.3708913482436038,14
B4,main,f3,all,brier_clim_C75,0.20964726631393302,14
B4,main,f3,all,brier_climcond_C75,0.15623680270280646,14
B4,main,f3,all,precision_C75_p05,0.5714285714285714,14
B4,main,f3,all,recall_C75_p05,1.0,14
B4,main,f3,all,f1_C75_p05,0.7272727272727273,14
B4,main,f3,all,fn_C75_p05,0.0,14
B4,main,f3,all,fp_C75_p05,3.0,14
B4,main,f3,all,precision_C75_pstar,0.5714285714285714,14
B4,main,f3,all,recall_C75_pstar,1.0,14
B4,main,f3,all,f1_C75_pstar,0.7272727272727273,14
B4,main,f3,all,fn_C75_pstar,0.0,14
B4,main,f3,all,fp_C75_pstar,3.0,14
B4,main,f3,all,bss_cond_C90,-2.1295375440783393,14
B4,main,f3,all,brier_clim_C90,0.12536155202821872,14
B4,main,f3,all,brier_climcond_C90,0.11398625561485008,14
B4,main,f3,all,precision_C90_p05,0.2857142857142857,14
B4,main,f3,all,recall_C90_p05,1.0,14
B4,main,f3,all,f1_C90_p05,0.4444444444444444,14
B4,main,f3,all,fn_C90_p05,0.0,14
B4,main,f3,all,fp_C90_p05,5.0,14
B4,main,f3,all,precision_C90_pstar,0.2857142857142857,14
B4,main,f3,all,recall_C90_pstar,1.0,14
B4,main,f3,all,f1_C90_pstar,0.4444444444444444,14
B4,main,f3,all,fn_C90_pstar,0.0,14
B4,main,f3,all,fp_C90_pstar,5.0,14
B4,main,f3,op,brier_mean_platt,0.37469373560611885,8
B4,main,f3,op,brier_platt_C50,0.12499229859167432,8
B4,main,f3,op,brier_platt_C75,0.37482144192941047,8
B4,main,f3,op,brier_platt_C90,0.6242674662972716,8
B4,main,f3,op,bss_cond_C50,0.3302955883452444,8
B4,main,f3,op,brier_clim_C50,0.31,8
B4,main,f3,op,brier_climcond_C50,0.1866380098689122,8
B4,main,f3,op,precision_C50_p05,0.8571428571428571,8
B4,main,f3,op,recall_C50_p05,1.0,8
B4,main,f3,op,f1_C50_p05,0.9230769230769231,8
B4,main,f3,op,fn_C50_p05,0.0,8
B4,main,f3,op,fp_C50_p05,1.0,8
B4,main,f3,op,precision_C50_pstar,0.8333333333333334,8
B4,main,f3,op,recall_C50_pstar,0.8333333333333334,8
B4,main,f3,op,f1_C50_pstar,0.8333333333333334,8
B4,main,f3,op,fn_C50_pstar,1.0,8
B4,main,f3,op,fp_C50_pstar,1.0,8
B4,main,f3,op,bss_cond_C75,-0.3708913482436038,8
B4,main,f3,op,brier_clim_C75,0.33345679012345675,8
B4,main,f3,op,brier_climcond_C75,0.2734144047299113,8
B4,main,f3,op,precision_C75_p05,0.5714285714285714,8
B4,main,f3,op,recall_C75_p05,1.0,8
B4,main,f3,op,f1_C75_p05,0.7272727272727273,8
B4,main,f3,op,fn_C75_p05,0.0,8
B4,main,f3,op,fp_C75_p05,3.0,8
B4,main,f3,op,precision_C75_pstar,0.5714285714285714,8
B4,main,f3,op,recall_C75_pstar,1.0,8
B4,main,f3,op,f1_C75_pstar,0.7272727272727273,8
B4,main,f3,op,fn_C75_pstar,0.0,8
B4,main,f3,op,fp_C75_pstar,3.0,8
B4,main,f3,op,bss_cond_C90,-2.1295375440783397,8
B4,main,f3,op,brier_clim_C90,0.2134567901234568,8
B4,main,f3,op,brier_climcond_C90,0.19947594732598764,8
B4,main,f3,op,precision_C90_p05,0.2857142857142857,8
B4,main,f3,op,recall_C90_p05,1.0,8
B4,main,f3,op,f1_C90_p05,0.4444444444444444,8
B4,main,f3,op,fn_C90_p05,0.0,8
B4,main,f3,op,fp_C90_p05,5.0,8
B4,main,f3,op,precision_C90_pstar,0.2857142857142857,8
B4,main,f3,op,recall_C90_pstar,1.0,8
B4,main,f3,op,f1_C90_pstar,0.4444444444444444,8
B4,main,f3,op,fn_C90_pstar,0.0,8
B4,main,f3,op,fp_C90_pstar,5.0,8
B4,main,f3,nonop,brier_mean_platt,4.816547995912156e-18,6
B4,main,f3,nonop,brier_platt_C50,4.8165479959121546e-18,6
B4,main,f3,nonop,brier_platt_C75,4.8165479959121546e-18,6
B4,main,f3,nonop,brier_platt_C90,4.8165479959121546e-18,6
B4,main,f3,nonop,bss_cond_C50,NaN,6
B4,main,f3,nonop,brier_clim_C50,0.16000000000000003,6
B4,main,f3,nonop,brier_climcond_C50,0.0,6
B4,main,f3,nonop,precision_C50_p05,NaN,6
B4,main,f3,nonop,recall_C50_p05,NaN,6
B4,main,f3,nonop,f1_C50_p05,NaN,6
B4,main,f3,nonop,fn_C50_p05,0.0,6
B4,main,f3,nonop,fp_C50_p05,0.0,6
B4,main,f3,nonop,precision_C50_pstar,NaN,6
B4,main,f3,nonop,recall_C50_pstar,NaN,6
B4,main,f3,nonop,f1_C50_pstar,NaN,6
B4,main,f3,nonop,fn_C50_pstar,0.0,6
B4,main,f3,nonop,fp_C50_pstar,0.0,6
B4,main,f3,nonop,bss_cond_C75,NaN,6
B4,main,f3,nonop,brier_clim_C75,0.04456790123456789,6
B4,main,f3,nonop,brier_climcond_C75,0.0,6
B4,main,f3,nonop,precision_C75_p05,NaN,6
B4,main,f3,nonop,recall_C75_p05,NaN,6
B4,main,f3,nonop,f1_C75_p05,NaN,6
B4,main,f3,nonop,fn_C75_p05,0.0,6
B4,main,f3,nonop,fp_C75_p05,0.0,6
B4,main,f3,nonop,precision_C75_pstar,NaN,6
B4,main,f3,nonop,recall_C75_pstar,NaN,6
B4,main,f3,nonop,f1_C75_pstar,NaN,6
B4,main,f3,nonop,fn_C75_pstar,0.0,6
B4,main,f3,nonop,fp_C75_pstar,0.0,6
B4,main,f3,nonop,bss_cond_C90,NaN,6
B4,main,f3,nonop,brier_clim_C90,0.007901234567901235,6
B4,main,f3,nonop,brier_climcond_C90,0.0,6
B4,main,f3,nonop,precision_C90_p05,NaN,6
B4,main,f3,nonop,recall_C90_p05,NaN,6
B4,main,f3,nonop,f1_C90_p05,NaN,6
B4,main,f3,nonop,fn_C90_p05,0.0,6
B4,main,f3,nonop,fp_C90_p05,0.0,6
B4,main,f3,nonop,precision_C90_pstar,NaN,6
B4,main,f3,nonop,recall_C90_pstar,NaN,6
B4,main,f3,nonop,f1_C90_pstar,NaN,6
B4,main,f3,nonop,fn_C90_pstar,0.0,6
B4,main,f3,nonop,fp_C90_pstar,0.0,6
B4,main,f4,all,brier_mean_platt,0.24379020368516133,12
B4,main,f4,all,brier_platt_C50,4.3714028398998416e-11,12
B4,main,f4,all,brier_platt_C75,0.6084882254563543,12
B4,main,f4,all,brier_platt_C90,0.1228823855554157,12
B4,main,f4,all,bss_cond_C50,0.999999999720883,12
B4,main,f4,all,brier_clim_C50,0.3402366863905326,12
B4,main,f4,all,brier_climcond_C50,0.1566154698555268,12
B4,main,f4,all,precision_C50_p05,1.0,12
B4,main,f4,all,recall_C50_p05,1.0,12
B4,main,f4,all,f1_C50_p05,1.0,12
B4,main,f4,all,fn_C50_p05,0.0,12
B4,main,f4,all,fp_C50_p05,0.0,12
B4,main,f4,all,precision_C50_pstar,1.0,12
B4,main,f4,all,recall_C50_pstar,1.0,12
B4,main,f4,all,f1_C50_pstar,1.0,12
B4,main,f4,all,fn_C50_pstar,0.0,12
B4,main,f4,all,fp_C50_pstar,0.0,12
B4,main,f4,all,bss_cond_C75,-3.302709862021908,12
B4,main,f4,all,brier_clim_C75,0.13954635108481264,12
B4,main,f4,all,brier_climcond_C75,0.1414197668374545,12
B4,main,f4,all,precision_C75_p05,0.2,12
B4,main,f4,all,recall_C75_p05,1.0,12
B4,main,f4,all,f1_C75_p05,0.3333333333333333,12
B4,main,f4,all,fn_C75_p05,0.0,12
B4,main,f4,all,fp_C75_p05,8.0,12
B4,main,f4,all,precision_C75_pstar,0.2,12
B4,main,f4,all,recall_C75_pstar,1.0,12
B4,main,f4,all,f1_C75_pstar,0.3333333333333333,12
B4,main,f4,all,fn_C75_pstar,0.0,12
B4,main,f4,all,fp_C75_pstar,8.0,12
B4,main,f4,all,bss_cond_C90,-9.342856789217395,12
B4,main,f4,all,brier_clim_C90,0.005917159763313611,12
B4,main,f4,all,brier_climcond_C90,0.011880894037276305,12
B4,main,f4,all,precision_C90_p05,0.0,12
B4,main,f4,all,recall_C90_p05,NaN,12
B4,main,f4,all,f1_C90_p05,NaN,12
B4,main,f4,all,fn_C90_p05,0.0,12
B4,main,f4,all,fp_C90_p05,3.0,12
B4,main,f4,all,precision_C90_pstar,0.0,12
B4,main,f4,all,recall_C90_pstar,NaN,12
B4,main,f4,all,f1_C90_pstar,NaN,12
B4,main,f4,all,fn_C90_pstar,0.0,12
B4,main,f4,all,fp_C90_pstar,4.0,12
B4,main,f4,op,brier_mean_platt,0.2659529494747214,11
B4,main,f4,op,brier_platt_C50,4.768803094969623e-11,11
B4,main,f4,op,brier_platt_C75,0.6638053368614774,11
B4,main,f4,op,brier_platt_C90,0.13405351151499895,11
B4,main,f4,op,bss_cond_C50,0.999999999720883,11
B4,main,f4,op,brier_clim_C50,0.3577192038730501,11
B4,main,f4,op,brier_climcond_C50,0.17085323984239287,11
B4,main,f4,op,precision_C50_p05,1.0,11
B4,main,f4,op,recall_C50_p05,1.0,11
B4,main,f4,op,f1_C50_p05,1.0,11
B4,main,f4,op,fn_C50_p05,0.0,11
B4,main,f4,op,fp_C50_p05,0.0,11
B4,main,f4,op,precision_C50_pstar,1.0,11
B4,main,f4,op,recall_C50_pstar,1.0,11
B4,main,f4,op,f1_C50_pstar,1.0,11
B4,main,f4,op,fn_C50_pstar,0.0,11
B4,main,f4,op,fp_C50_pstar,0.0,11
B4,main,f4,op,bss_cond_C75,-3.3027098620219073,11
B4,main,f4,op,brier_clim_C75,0.14887036040882198,11
B4,main,f4,op,brier_climcond_C75,0.1542761092772231,11
B4,main,f4,op,precision_C75_p05,0.2,11
B4,main,f4,op,recall_C75_p05,1.0,11
B4,main,f4,op,f1_C75_p05,0.3333333333333333,11
B4,main,f4,op,fn_C75_p05,0.0,11
B4,main,f4,op,fp_C75_p05,8.0,11
B4,main,f4,op,precision_C75_pstar,0.2,11
B4,main,f4,op,recall_C75_pstar,1.0,11
B4,main,f4,op,f1_C75_pstar,0.3333333333333333,11
B4,main,f4,op,fn_C75_pstar,0.0,11
B4,main,f4,op,fp_C75_pstar,8.0,11
B4,main,f4,op,bss_cond_C90,-9.342856789217395,11
B4,main,f4,op,brier_clim_C90,0.005917159763313611,11
B4,main,f4,op,brier_climcond_C90,0.012960975313392332,11
B4,main,f4,op,precision_C90_p05,0.0,11
B4,main,f4,op,recall_C90_p05,NaN,11
B4,main,f4,op,f1_C90_p05,NaN,11
B4,main,f4,op,fn_C90_p05,0.0,11
B4,main,f4,op,fp_C90_p05,3.0,11
B4,main,f4,op,precision_C90_pstar,0.0,11
B4,main,f4,op,recall_C90_pstar,NaN,11
B4,main,f4,op,f1_C90_pstar,NaN,11
B4,main,f4,op,fn_C90_pstar,0.0,11
B4,main,f4,op,fp_C90_pstar,4.0,11
B4,main,f4,nonop,brier_mean_platt,1.1377416158396477e-19,1
B4,main,f4,nonop,brier_platt_C50,3.413224847518943e-19,1
B4,main,f4,nonop,brier_platt_C75,2.2291343059309416e-154,1
B4,main,f4,nonop,brier_platt_C90,2.2291343059309416e-154,1
B4,main,f4,nonop,bss_cond_C50,NaN,1
B4,main,f4,nonop,brier_clim_C50,0.14792899408284024,1
B4,main,f4,nonop,brier_climcond_C50,0.0,1
B4,main,f4,nonop,precision_C50_p05,NaN,1
B4,main,f4,nonop,recall_C50_p05,NaN,1
B4,main,f4,nonop,f1_C50_p05,NaN,1
B4,main,f4,nonop,fn_C50_p05,0.0,1
B4,main,f4,nonop,fp_C50_p05,0.0,1
B4,main,f4,nonop,precision_C50_pstar,NaN,1
B4,main,f4,nonop,recall_C50_pstar,NaN,1
B4,main,f4,nonop,f1_C50_pstar,NaN,1
B4,main,f4,nonop,fn_C50_pstar,0.0,1
B4,main,f4,nonop,fp_C50_pstar,0.0,1
B4,main,f4,nonop,bss_cond_C75,NaN,1
B4,main,f4,nonop,brier_clim_C75,0.03698224852071006,1
B4,main,f4,nonop,brier_climcond_C75,0.0,1
B4,main,f4,nonop,precision_C75_p05,NaN,1
B4,main,f4,nonop,recall_C75_p05,NaN,1
B4,main,f4,nonop,f1_C75_p05,NaN,1
B4,main,f4,nonop,fn_C75_p05,0.0,1
B4,main,f4,nonop,fp_C75_p05,0.0,1
B4,main,f4,nonop,precision_C75_pstar,NaN,1
B4,main,f4,nonop,recall_C75_pstar,NaN,1
B4,main,f4,nonop,f1_C75_pstar,NaN,1
B4,main,f4,nonop,fn_C75_pstar,0.0,1
B4,main,f4,nonop,fp_C75_pstar,0.0,1
B4,main,f4,nonop,bss_cond_C90,NaN,1
B4,main,f4,nonop,brier_clim_C90,0.00591715976331361,1
B4,main,f4,nonop,brier_climcond_C90,0.0,1
B4,main,f4,nonop,precision_C90_p05,NaN,1
B4,main,f4,nonop,recall_C90_p05,NaN,1
B4,main,f4,nonop,f1_C90_p05,NaN,1
B4,main,f4,nonop,fn_C90_p05,0.0,1
B4,main,f4,nonop,fp_C90_p05,0.0,1
B4,main,f4,nonop,precision_C90_pstar,NaN,1
B4,main,f4,nonop,recall_C90_pstar,NaN,1
B4,main,f4,nonop,f1_C90_pstar,NaN,1
B4,main,f4,nonop,fn_C90_pstar,0.0,1
B4,main,f4,nonop,fp_C90_pstar,0.0,1
B4,main,pooled,all,brier_mean_platt,0.14974482003086673,51
B4,main,pooled,all,brier_platt_C50,0.01960665656200287,51
B4,main,pooled,all,brier_platt_C75,0.2611300950608662,51
B4,main,pooled,all,brier_platt_C90,0.16849770846973114,51
B4,main,pooled,all,bss_cond_C50,0.8519251048873534,51
B4,main,pooled,all,brier_clim_C50,0.2865662562154306,51
B4,main,pooled,all,brier_climcond_C50,0.13241040317528027,51
B4,main,pooled,all,precision_C50_p05,0.96875,51
B4,main,pooled,all,recall_C50_p05,1.0,51
B4,main,pooled,all,f1_C50_p05,0.9841269841269841,51
B4,main,pooled,all,fn_C50_p05,0.0,51
B4,main,pooled,all,fp_C50_p05,1.0,51
B4,main,pooled,all,precision_C50_pstar,0.967741935483871,51
B4,main,pooled,all,recall_C50_pstar,0.967741935483871,51
B4,main,pooled,all,f1_C50_pstar,0.967741935483871,51
B4,main,pooled,all,fn_C50_pstar,1.0,51
B4,main,pooled,all,fp_C50_pstar,1.0,51
B4,main,pooled,all,bss_cond_C75,-0.10965653486809868,51
B4,main,pooled,all,brier_clim_C75,0.28404344293174416,51
B4,main,pooled,all,brier_climcond_C75,0.235325154095457,51
B4,main,pooled,all,precision_C75_p05,0.5416666666666666,51
B4,main,pooled,all,recall_C75_p05,0.6190476190476191,51
B4,main,pooled,all,f1_C75_p05,0.5777777777777777,51
B4,main,pooled,all,fn_C75_p05,8.0,51
B4,main,pooled,all,fp_C75_p05,11.0,51
B4,main,pooled,all,precision_C75_pstar,0.65625,51
B4,main,pooled,all,recall_C75_pstar,1.0,51
B4,main,pooled,all,f1_C75_pstar,0.7924528301886793,51
B4,main,pooled,all,fn_C75_pstar,0.0,51
B4,main,pooled,all,fp_C75_pstar,11.0,51
B4,main,pooled,all,bss_cond_C90,0.15926757937176894,51
B4,main,pooled,all,brier_clim_C90,0.21796862139473777,51
B4,main,pooled,all,brier_climcond_C90,0.20041775996198943,51
B4,main,pooled,all,precision_C90_p05,0.5294117647058824,51
B4,main,pooled,all,recall_C90_p05,0.6923076923076923,51
B4,main,pooled,all,f1_C90_p05,0.6,51
B4,main,pooled,all,fn_C90_p05,4.0,51
B4,main,pooled,all,fp_C90_p05,8.0,51
B4,main,pooled,all,precision_C90_pstar,0.5,51
B4,main,pooled,all,recall_C90_pstar,1.0,51
B4,main,pooled,all,f1_C90_pstar,0.6666666666666666,51
B4,main,pooled,all,fn_C90_pstar,0.0,51
B4,main,pooled,all,fp_C90_pstar,13.0,51
B4,main,pooled,op,brier_mean_platt,0.20640502220470822,37
B4,main,pooled,op,brier_platt_C50,0.02702539147735531,37
B4,main,pooled,op,brier_platt_C75,0.35993607697578855,37
B4,main,pooled,op,brier_platt_C90,0.2322535981609808,37
B4,main,pooled,op,bss_cond_C50,0.8519251048873534,37
B4,main,pooled,op,brier_clim_C50,0.3351532092391234,37
B4,main,pooled,op,brier_climcond_C50,0.1825116368091701,37
B4,main,pooled,op,precision_C50_p05,0.96875,37
B4,main,pooled,op,recall_C50_p05,1.0,37
B4,main,pooled,op,f1_C50_p05,0.9841269841269841,37
B4,main,pooled,op,fn_C50_p05,0.0,37
B4,main,pooled,op,fp_C50_p05,1.0,37
B4,main,pooled,op,precision_C50_pstar,0.967741935483871,37
B4,main,pooled,op,recall_C50_pstar,0.967741935483871,37
B4,main,pooled,op,f1_C50_pstar,0.967741935483871,37
B4,main,pooled,op,fn_C50_pstar,1.0,37
B4,main,pooled,op,fp_C50_pstar,1.0,37
B4,main,pooled,op,bss_cond_C75,-0.10965653486809868,37
B4,main,pooled,op,brier_clim_C75,0.37565674456450343,37
B4,main,pooled,op,brier_climcond_C75,0.32436710429373805,37
B4,main,pooled,op,precision_C75_p05,0.5416666666666666,37
B4,main,pooled,op,recall_C75_p05,0.6190476190476191,37
B4,main,pooled,op,f1_C75_p05,0.5777777777777777,37
B4,main,pooled,op,fn_C75_p05,8.0,37
B4,main,pooled,op,fp_C75_p05,11.0,37
B4,main,pooled,op,precision_C75_pstar,0.65625,37
B4,main,pooled,op,recall_C75_pstar,1.0,37
B4,main,pooled,op,f1_C75_pstar,0.7924528301886793,37
B4,main,pooled,op,fn_C75_pstar,0.0,37
B4,main,pooled,op,fp_C75_pstar,11.0,37
B4,main,pooled,op,bss_cond_C90,0.15926757937176905,37
B4,main,pooled,op,brier_clim_C90,0.29756536460499167,37
B4,main,pooled,op,brier_climcond_C90,0.27625150697463413,37
B4,main,pooled,op,precision_C90_p05,0.5294117647058824,37
B4,main,pooled,op,recall_C90_p05,0.6923076923076923,37
B4,main,pooled,op,f1_C90_p05,0.6,37
B4,main,pooled,op,fn_C90_p05,4.0,37
B4,main,pooled,op,fp_C90_p05,8.0,37
B4,main,pooled,op,precision_C90_pstar,0.5,37
B4,main,pooled,op,recall_C90_pstar,1.0,37
B4,main,pooled,op,f1_C90_pstar,0.6666666666666666,37
B4,main,pooled,op,fn_C90_pstar,0.0,37
B4,main,pooled,op,fp_C90_pstar,13.0,37
B4,main,pooled,nonop,brier_mean_platt,2.0752036091839477e-18,14
B4,main,pooled,nonop,brier_platt_C50,2.091512843383238e-18,14
B4,main,pooled,nonop,brier_platt_C75,2.0671326659009596e-18,14
B4,main,pooled,nonop,brier_platt_C90,2.0669653182676432e-18,14
B4,main,pooled,nonop,bss_cond_C50,NaN,14
B4,main,pooled,nonop,brier_clim_C50,0.15815788036709977,14
B4,main,pooled,nonop,brier_climcond_C50,0.0,14
B4,main,pooled,nonop,precision_C50_p05,NaN,14
B4,main,pooled,nonop,recall_C50_p05,NaN,14
B4,main,pooled,nonop,f1_C50_p05,NaN,14
B4,main,pooled,nonop,fn_C50_p05,0.0,14
B4,main,pooled,nonop,fp_C50_p05,0.0,14
B4,main,pooled,nonop,precision_C50_pstar,NaN,14
B4,main,pooled,nonop,recall_C50_pstar,NaN,14
B4,main,pooled,nonop,f1_C50_pstar,NaN,14
B4,main,pooled,nonop,fn_C50_pstar,0.0,14
B4,main,pooled,nonop,fp_C50_pstar,0.0,14
B4,main,pooled,nonop,bss_cond_C75,NaN,14
B4,main,pooled,nonop,brier_clim_C75,0.04192257433088031,14
B4,main,pooled,nonop,brier_climcond_C75,0.0,14
B4,main,pooled,nonop,precision_C75_p05,NaN,14
B4,main,pooled,nonop,recall_C75_p05,NaN,14
B4,main,pooled,nonop,f1_C75_p05,NaN,14
B4,main,pooled,nonop,fn_C75_p05,0.0,14
B4,main,pooled,nonop,fp_C75_p05,0.0,14
B4,main,pooled,nonop,precision_C75_pstar,NaN,14
B4,main,pooled,nonop,recall_C75_pstar,NaN,14
B4,main,pooled,nonop,f1_C75_pstar,NaN,14
B4,main,pooled,nonop,fn_C75_pstar,0.0,14
B4,main,pooled,nonop,fp_C75_pstar,0.0,14
B4,main,pooled,nonop,bss_cond_C90,NaN,14
B4,main,pooled,nonop,brier_clim_C90,0.007605800053352501,14
B4,main,pooled,nonop,brier_climcond_C90,0.0,14
B4,main,pooled,nonop,precision_C90_p05,NaN,14
B4,main,pooled,nonop,recall_C90_p05,NaN,14
B4,main,pooled,nonop,f1_C90_p05,NaN,14
B4,main,pooled,nonop,fn_C90_p05,0.0,14
B4,main,pooled,nonop,fp_C90_p05,0.0,14
B4,main,pooled,nonop,precision_C90_pstar,NaN,14
B4,main,pooled,nonop,recall_C90_pstar,NaN,14
B4,main,pooled,nonop,f1_C90_pstar,NaN,14
B4,main,pooled,nonop,fn_C90_pstar,0.0,14
B4,main,pooled,nonop,fp_C90_pstar,0.0,14
B1,copies,f1,all,brier_mean_platt,0.18897151484683236,12
B1,copies,f1,all,brier_platt_C50,0.08661014248460051,12
B1,copies,f1,all,brier_platt_C75,0.28348313211192117,12
B1,copies,f1,all,brier_platt_C90,0.19682126994397545,12
B1,copies,f1,all,bss_cond_C50,0.46337928037333187,12
B1,copies,f1,all,brier_clim_C50,0.3017751479289941,12
B1,copies,f1,all,brier_climcond_C50,0.16139917695473252,12
B1,copies,f1,all,precision_C50_p05,0.8888888888888888,12
B1,copies,f1,all,recall_C50_p05,1.0,12
B1,copies,f1,all,f1_C50_p05,0.9411764705882353,12
B1,copies,f1,all,fn_C50_p05,0.0,12
B1,copies,f1,all,fp_C50_p05,1.0,12
B1,copies,f1,all,precision_C50_pstar,0.875,12
B1,copies,f1,all,recall_C50_pstar,0.875,12
B1,copies,f1,all,f1_C50_pstar,0.875,12
B1,copies,f1,all,fn_C50_pstar,1.0,12
B1,copies,f1,all,fp_C50_pstar,1.0,12
B1,copies,f1,all,bss_cond_C75,0.21380505474552813,12
B1,copies,f1,all,brier_clim_C75,0.42587771203155816,12
B1,copies,f1,all,brier_climcond_C75,0.3605761316872429,12
B1,copies,f1,all,precision_C75_p05,1.0,12
B1,copies,f1,all,recall_C75_p05,0.375,12
B1,copies,f1,all,f1_C75_p05,0.5454545454545454,12
B1,copies,f1,all,fn_C75_p05,5.0,12
B1,copies,f1,all,fp_C75_p05,0.0,12
B1,copies,f1,all,precision_C75_pstar,1.0,12
B1,copies,f1,all,recall_C75_pstar,0.625,12
B1,copies,f1,all,f1_C75_pstar,0.7692307692307693,12
B1,copies,f1,all,fn_C75_pstar,3.0,12
B1,copies,f1,all,fp_C75_pstar,0.0,12
B1,copies,f1,all,bss_cond_C90,0.2641912523632918,12
B1,copies,f1,all,brier_clim_C90,0.28796844181459574,12
B1,copies,f1,all,brier_climcond_C90,0.2674897119341564,12
B1,copies,f1,all,precision_C90_p05,NaN,12
B1,copies,f1,all,recall_C90_p05,0.0,12
B1,copies,f1,all,f1_C90_p05,0.0,12
B1,copies,f1,all,fn_C90_p05,4.0,12
B1,copies,f1,all,fp_C90_p05,0.0,12
B1,copies,f1,all,precision_C90_pstar,NaN,12
B1,copies,f1,all,recall_C90_pstar,0.0,12
B1,copies,f1,all,f1_C90_pstar,0.0,12
B1,copies,f1,all,fn_C90_pstar,4.0,12
B1,copies,f1,all,fp_C90_pstar,0.0,12
B1,copies,f1,op,brier_mean_platt,0.19321352754955826,10
B1,copies,f1,op,brier_platt_C50,0.0040369645560396255,10
B1,copies,f1,op,brier_platt_C75,0.339798926347085,10
B1,copies,f1,op,brier_platt_C90,0.23580469174555016,10
B1,copies,f1,op,bss_cond_C50,0.9791564170678729,10
B1,copies,f1,op,brier_clim_C50,0.3325443786982249,10
B1,copies,f1,op,brier_climcond_C50,0.19367901234567902,10
B1,copies,f1,op,precision_C50_p05,1.0,10
B1,copies,f1,op,recall_C50_p05,1.0,10
B1,copies,f1,op,f1_C50_p05,1.0,10
B1,copies,f1,op,fn_C50_p05,0.0,10
B1,copies,f1,op,fp_C50_p05,0.0,10
B1,copies,f1,op,precision_C50_pstar,1.0,10
B1,copies,f1,op,recall_C50_pstar,0.875,10
B1,copies,f1,op,f1_C50_pstar,0.9333333333333333,10
B1,copies,f1,op,fn_C50_pstar,1.0,10
B1,copies,f1,op,fp_C50_pstar,0.0,10
B1,copies,f1,op,bss_cond_C75,0.21468520217661857,10
B1,copies,f1,op,brier_clim_C75,0.5017751479289941,10
B1,copies,f1,op,brier_climcond_C75,0.4326913580246915,10
B1,copies,f1,op,precision_C75_p05,1.0,10
B1,copies,f1,op,recall_C75_p05,0.375,10
B1,copies,f1,op,f1_C75_p05,0.5454545454545454,10
B1,copies,f1,op,fn_C75_p05,5.0,10
B1,copies,f1,op,fp_C75_p05,0.0,10
B1,copies,f1,op,precision_C75_pstar,1.0,10
B1,copies,f1,op,recall_C75_pstar,0.625,10
B1,copies,f1,op,f1_C75_pstar,0.7692307692307693,10
B1,copies,f1,op,fn_C75_pstar,3.0,10
B1,copies,f1,op,fp_C75_pstar,0.0,10
B1,copies,f1,op,bss_cond_C90,0.26537769110040144,10
B1,copies,f1,op,brier_clim_C90,0.3443786982248521,10
B1,copies,f1,op,brier_climcond_C90,0.32098765432098764,10
B1,copies,f1,op,precision_C90_p05,NaN,10
B1,copies,f1,op,recall_C90_p05,0.0,10
B1,copies,f1,op,f1_C90_p05,0.0,10
B1,copies,f1,op,fn_C90_p05,4.0,10
B1,copies,f1,op,fp_C90_p05,0.0,10
B1,copies,f1,op,precision_C90_pstar,NaN,10
B1,copies,f1,op,recall_C90_pstar,0.0,10
B1,copies,f1,op,f1_C90_pstar,0.0,10
B1,copies,f1,op,fn_C90_pstar,4.0,10
B1,copies,f1,op,fp_C90_pstar,0.0,10
B1,copies,f1,nonop,brier_mean_platt,0.16776145133320294,2
B1,copies,f1,nonop,brier_platt_C50,0.49947603212740493,2
B1,copies,f1,nonop,brier_platt_C75,0.0019041609361020234,2
B1,copies,f1,nonop,brier_platt_C90,0.0019041609361020234,2
B1,copies,f1,nonop,bss_cond_C50,NaN,2
B1,copies,f1,nonop,brier_clim_C50,0.14792899408284024,2
B1,copies,f1,nonop,brier_climcond_C50,0.0,2
B1,copies,f1,nonop,precision_C50_p05,0.0,2
B1,copies,f1,nonop,recall_C50_p05,NaN,2
B1,copies,f1,nonop,f1_C50_p05,NaN,2
B1,copies,f1,nonop,fn_C50_p05,0.0,2
B1,copies,f1,nonop,fp_C50_p05,1.0,2
B1,copies,f1,nonop,precision_C50_pstar,0.0,2
B1,copies,f1,nonop,recall_C50_pstar,NaN,2
B1,copies,f1,nonop,f1_C50_pstar,NaN,2
B1,copies,f1,nonop,fn_C50_pstar,0.0,2
B1,copies,f1,nonop,fp_C50_pstar,1.0,2
B1,copies,f1,nonop,bss_cond_C75,NaN,2
B1,copies,f1,nonop,brier_clim_C75,0.0463905325443787,2
B1,copies,f1,nonop,brier_climcond_C75,0.0,2
B1,copies,f1,nonop,precision_C75_p05,NaN,2
B1,copies,f1,nonop,recall_C75_p05,NaN,2
B1,copies,f1,nonop,f1_C75_p05,NaN,2
B1,copies,f1,nonop,fn_C75_p05,0.0,2
B1,copies,f1,nonop,fp_C75_p05,0.0,2
B1,copies,f1,nonop,precision_C75_pstar,NaN,2
B1,copies,f1,nonop,recall_C75_pstar,NaN,2
B1,copies,f1,nonop,f1_C75_pstar,NaN,2
B1,copies,f1,nonop,fn_C75_pstar,0.0,2
B1,copies,f1,nonop,fp_C75_pstar,0.0,2
B1,copies,f1,nonop,bss_cond_C90,NaN,2
B1,copies,f1,nonop,brier_clim_C90,0.00591715976331361,2
B1,copies,f1,nonop,brier_climcond_C90,0.0,2
B1,copies,f1,nonop,precision_C90_p05,NaN,2
B1,copies,f1,nonop,recall_C90_p05,NaN,2
B1,copies,f1,nonop,f1_C90_p05,NaN,2
B1,copies,f1,nonop,fn_C90_p05,0.0,2
B1,copies,f1,nonop,fp_C90_p05,0.0,2
B1,copies,f1,nonop,precision_C90_pstar,NaN,2
B1,copies,f1,nonop,recall_C90_pstar,NaN,2
B1,copies,f1,nonop,f1_C90_pstar,NaN,2
B1,copies,f1,nonop,fn_C90_pstar,0.0,2
B1,copies,f1,nonop,fp_C90_pstar,0.0,2
B1,copies,f2,all,brier_mean_platt,0.12942233069334977,14
B1,copies,f2,all,brier_platt_C50,0.13525182258392718,14
B1,copies,f2,all,brier_platt_C75,0.13525182258392718,14
B1,copies,f2,all,brier_platt_C90,0.11776334691219485,14
B1,copies,f2,all,bss_cond_C50,-0.3654992970124351,14
B1,copies,f2,all,brier_clim_C50,0.26530612244897955,14
B1,copies,f2,all,brier_climcond_C50,0.0990493535074266,14
B1,copies,f2,all,precision_C50_p05,0.8,14
B1,copies,f2,all,recall_C50_p05,1.0,14
B1,copies,f2,all,f1_C50_p05,0.8888888888888888,14
B1,copies,f2,all,fn_C50_p05,0.0,14
B1,copies,f2,all,fp_C50_p05,2.0,14
B1,copies,f2,all,precision_C50_pstar,0.8,14
B1,copies,f2,all,recall_C50_pstar,1.0,14
B1,copies,f2,all,f1_C50_pstar,0.8888888888888888,14
B1,copies,f2,all,fn_C50_pstar,0.0,14
B1,copies,f2,all,fp_C50_pstar,2.0,14
B1,copies,f2,all,bss_cond_C75,0.4585364117491978,14
B1,copies,f2,all,brier_clim_C75,0.34204756282678356,14
B1,copies,f2,all,brier_climcond_C75,0.2497893219761242,14
B1,copies,f2,all,precision_C75_p05,0.8,14
B1,copies,f2,all,recall_C75_p05,1.0,14
B1,copies,f2,all,f1_C75_p05,0.8888888888888888,14
B1,copies,f2,all,fn_C75_p05,0.0,14
B1,copies,f2,all,fp_C75_p05,2.0,14
B1,copies,f2,all,precision_C75_pstar,0.8,14
B1,copies,f2,all,recall_C75_pstar,1.0,14
B1,copies,f2,all,f1_C75_pstar,0.8888888888888888,14
B1,copies,f2,all,fn_C75_pstar,0.0,14
B1,copies,f2,all,fp_C75_pstar,2.0,14
B1,copies,f2,all,bss_cond_C90,0.714125840699446,14
B1,copies,f2,all,brier_clim_C90,0.46348456738067123,14
B1,copies,f2,all,brier_climcond_C90,0.41194120937801965,14
B1,copies,f2,all,precision_C90_p05,1.0,14
B1,copies,f2,all,recall_C90_p05,0.625,14
B1,copies,f2,all,f1_C90_p05,0.7692307692307693,14
B1,copies,f2,all,fn_C90_p05,3.0,14
B1,copies,f2,all,fp_C90_p05,0.0,14
B1,copies,f2,all,precision_C90_pstar,0.8888888888888888,14
B1,copies,f2,all,recall_C90_pstar,1.0,14
B1,copies,f2,all,f1_C90_pstar,0.9411764705882353,14
B1,copies,f2,all,fn_C90_pstar,0.0,14
B1,copies,f2,all,fp_C90_pstar,1.0,14
B1,copies,f2,op,brier_mean_platt,0.058158122865330765,9
B1,copies,f2,op,brier_platt_C50,1.8380094086930752e-6,9
B1,copies,f2,op,brier_platt_C75,1.8380094086930752e-6,9
B1,copies,f2,op,brier_platt_C90,0.1744706925771749,9
B1,copies,f2,op,bss_cond_C50,0.9999880708209072,9
B1,copies,f2,op,brier_clim_C50,0.31065759637188206,9
B1,copies,f2,op,brier_climcond_C50,0.15407677212266357,9
B1,copies,f2,op,precision_C50_p05,1.0,9
B1,copies,f2,op,recall_C50_p05,1.0,9
B1,copies,f2,op,f1_C50_p05,1.0,9
B1,copies,f2,op,fn_C50_p05,0.0,9
B1,copies,f2,op,fp_C50_p05,0.0,9
B1,copies,f2,op,precision_C50_pstar,1.0,9
B1,copies,f2,op,recall_C50_pstar,1.0,9
B1,copies,f2,op,f1_C50_pstar,1.0,9
B1,copies,f2,op,fn_C50_pstar,0.0,9
B1,copies,f2,op,fp_C50_pstar,0.0,9
B1,copies,f2,op,bss_cond_C75,0.9999952697038141,9
B1,copies,f2,op,brier_clim_C75,0.4945934296583647,9
B1,copies,f2,op,brier_climcond_C75,0.3885611675184154,9
B1,copies,f2,op,precision_C75_p05,1.0,9
B1,copies,f2,op,recall_C75_p05,1.0,9
B1,copies,f2,op,f1_C75_p05,1.0,9
B1,copies,f2,op,fn_C75_p05,0.0,9
B1,copies,f2,op,fp_C75_p05,0.0,9
B1,copies,f2,op,precision_C75_pstar,1.0,9
B1,copies,f2,op,recall_C75_pstar,1.0,9
B1,copies,f2,op,f1_C75_pstar,1.0,9
B1,copies,f2,op,fn_C75_pstar,0.0,9
B1,copies,f2,op,fp_C75_pstar,0.0,9
B1,copies,f2,op,bss_cond_C90,0.7277287914170643,9
B1,copies,f2,op,brier_clim_C90,0.7149791045894942,9
B1,copies,f2,op,brier_climcond_C90,0.6407974368102528,9
B1,copies,f2,op,precision_C90_p05,1.0,9
B1,copies,f2,op,recall_C90_p05,0.625,9
B1,copies,f2,op,f1_C90_p05,0.7692307692307693,9
B1,copies,f2,op,fn_C90_p05,3.0,9
B1,copies,f2,op,fp_C90_p05,0.0,9
B1,copies,f2,op,precision_C90_pstar,1.0,9
B1,copies,f2,op,recall_C90_pstar,1.0,9
B1,copies,f2,op,f1_C90_pstar,1.0,9
B1,copies,f2,op,fn_C90_pstar,0.0,9
B1,copies,f2,op,fp_C90_pstar,0.0,9
B1,copies,f2,nonop,brier_mean_platt,0.2576979047837839,5
B1,copies,f2,nonop,brier_platt_C50,0.3787017948180605,5
B1,copies,f2,nonop,brier_platt_C75,0.3787017948180605,5
B1,copies,f2,nonop,brier_platt_C90,0.015690124715230843,5
B1,copies,f2,nonop,bss_cond_C50,NaN,5
B1,copies,f2,nonop,brier_clim_C50,0.18367346938775508,5
B1,copies,f2,nonop,brier_climcond_C50,0.0,5
B1,copies,f2,nonop,precision_C50_p05,0.0,5
B1,copies,f2,nonop,recall_C50_p05,NaN,5
B1,copies,f2,nonop,f1_C50_p05,NaN,5
B1,copies,f2,nonop,fn_C50_p05,0.0,5
B1,copies,f2,nonop,fp_C50_p05,2.0,5
B1,copies,f2,nonop,precision_C50_pstar,0.0,5
B1,copies,f2,nonop,recall_C50_pstar,NaN,5
B1,copies,f2,nonop,f1_C50_pstar,NaN,5
B1,copies,f2,nonop,fn_C50_pstar,0.0,5
B1,copies,f2,nonop,fp_C50_pstar,2.0,5
B1,copies,f2,nonop,bss_cond_C75,NaN,5
B1,copies,f2,nonop,brier_clim_C75,0.06746500252993758,5
B1,copies,f2,nonop,brier_climcond_C75,0.0,5
B1,copies,f2,nonop,precision_C75_p05,0.0,5
B1,copies,f2,nonop,recall_C75_p05,NaN,5
B1,copies,f2,nonop,f1_C75_p05,NaN,5
B1,copies,f2,nonop,fn_C75_p05,0.0,5
B1,copies,f2,nonop,fp_C75_p05,2.0,5
B1,copies,f2,nonop,precision_C75_pstar,0.0,5
B1,copies,f2,nonop,recall_C75_pstar,NaN,5
B1,copies,f2,nonop,f1_C75_pstar,NaN,5
B1,copies,f2,nonop,fn_C75_pstar,0.0,5
B1,copies,f2,nonop,fp_C75_pstar,2.0,5
B1,copies,f2,nonop,bss_cond_C90,NaN,5
B1,copies,f2,nonop,brier_clim_C90,0.010794400404790017,5
B1,copies,f2,nonop,brier_climcond_C90,0.0,5
B1,copies,f2,nonop,precision_C90_p05,NaN,5
B1,copies,f2,nonop,recall_C90_p05,NaN,5
B1,copies,f2,nonop,f1_C90_p05,NaN,5
B1,copies,f2,nonop,fn_C90_p05,0.0,5
B1,copies,f2,nonop,fp_C90_p05,0.0,5
B1,copies,f2,nonop,precision_C90_pstar,0.0,5
B1,copies,f2,nonop,recall_C90_pstar,NaN,5
B1,copies,f2,nonop,f1_C90_pstar,NaN,5
B1,copies,f2,nonop,fn_C90_pstar,0.0,5
B1,copies,f2,nonop,fp_C90_pstar,1.0,5
B1,copies,f3,all,brier_mean_platt,0.21053509563709905,14
B1,copies,f3,all,brier_platt_C50,0.2555812707483843,14
B1,copies,f3,all,brier_platt_C75,0.2483657518292158,14
B1,copies,f3,all,brier_platt_C90,0.12765826433369712,14
B1,copies,f3,all,bss_cond_C50,-1.744730800426547,14
B1,copies,f3,all,brier_clim_C50,0.24492063492063493,14
B1,copies,f3,all,brier_climcond_C50,0.09311706295883936,14
B1,copies,f3,all,precision_C50_p05,1.0,14
B1,copies,f3,all,recall_C50_p05,0.16666666666666666,14
B1,copies,f3,all,f1_C50_p05,0.2857142857142857,14
B1,copies,f3,all,fn_C50_p05,5.0,14
B1,copies,f3,all,fp_C50_p05,0.0,14
B1,copies,f3,all,precision_C50_pstar,NaN,14
B1,copies,f3,all,recall_C50_pstar,0.0,14
B1,copies,f3,all,f1_C50_pstar,0.0,14
B1,copies,f3,all,fn_C50_pstar,6.0,14
B1,copies,f3,all,fp_C50_pstar,0.0,14
B1,copies,f3,all,bss_cond_C75,-0.5091992856399354,14
B1,copies,f3,all,brier_clim_C75,0.23991181657848326,14
B1,copies,f3,all,brier_climcond_C75,0.1645678964947979,14
B1,copies,f3,all,precision_C75_p05,1.0,14
B1,copies,f3,all,recall_C75_p05,0.2,14
B1,copies,f3,all,f1_C75_p05,0.3333333333333333,14
B1,copies,f3,all,fn_C75_p05,4.0,14
B1,copies,f3,all,fp_C75_p05,0.0,14
B1,copies,f3,all,precision_C75_pstar,1.0,14
B1,copies,f3,all,recall_C75_pstar,0.2,14
B1,copies,f3,all,f1_C75_pstar,0.3333333333333333,14
B1,copies,f3,all,fn_C75_pstar,4.0,14
B1,copies,f3,all,fp_C75_pstar,0.0,14
B1,copies,f3,all,bss_cond_C90,0.16705540804113006,14
B1,copies,f3,all,brier_clim_C90,0.17684303350970024,14
B1,copies,f3,all,brier_climcond_C90,0.15326141206280955,14
B1,copies,f3,all,precision_C90_p05,1.0,14
B1,copies,f3,all,recall_C90_p05,0.3333333333333333,14
B1,copies,f3,all,f1_C90_p05,0.5,14
B1,copies,f3,all,fn_C90_p05,2.0,14
B1,copies,f3,all,fp_C90_p05,0.0,14
B1,copies,f3,all,precision_C90_pstar,1.0,14
B1,copies,f3,all,recall_C90_pstar,0.3333333333333333,14
B1,copies,f3,all,f1_C90_pstar,0.5,14
B1,copies,f3,all,fn_C90_pstar,2.0,14
B1,copies,f3,all,fp_C90_pstar,0.0,14
B1,copies,f3,op,brier_mean_platt,0.3684364172350627,8
B1,copies,f3,op,brier_platt_C50,0.44726722361488147,8
B1,copies,f3,op,brier_platt_C75,0.4346400655063366,8
B1,copies,f3,op,brier_platt_C90,0.22340196258396994,8
B1,copies,f3,op,bss_cond_C50,-1.7447307992311787,8
B1,copies,f3,op,brier_clim_C50,0.28777777777777774,8
B1,copies,f3,op,brier_climcond_C50,0.16295486017796887,8
B1,copies,f3,op,precision_C50_p05,1.0,8
B1,copies,f3,op,recall_C50_p05,0.16666666666666666,8
B1,copies,f3,op,f1_C50_p05,0.2857142857142857,8
B1,copies,f3,op,fn_C50_p05,5.0,8
B1,copies,f3,op,fp_C50_p05,0.0,8
B1,copies,f3,op,precision_C50_pstar,NaN,8
B1,copies,f3,op,recall_C50_pstar,0.0,8
B1,copies,f3,op,f1_C50_pstar,0.0,8
B1,copies,f3,op,fn_C50_pstar,6.0,8
B1,copies,f3,op,fp_C50_pstar,0.0,8
B1,copies,f3,op,bss_cond_C75,-0.5091992849635629,8
B1,copies,f3,op,brier_clim_C75,0.3708641975308642,8
B1,copies,f3,op,brier_climcond_C75,0.2879938188658963,8
B1,copies,f3,op,precision_C75_p05,1.0,8
B1,copies,f3,op,recall_C75_p05,0.2,8
B1,copies,f3,op,f1_C75_p05,0.3333333333333333,8
B1,copies,f3,op,fn_C75_p05,4.0,8
B1,copies,f3,op,fp_C75_p05,0.0,8
B1,copies,f3,op,precision_C75_pstar,1.0,8
B1,copies,f3,op,recall_C75_pstar,0.2,8
B1,copies,f3,op,f1_C75_pstar,0.3333333333333333,8
B1,copies,f3,op,fn_C75_pstar,4.0,8
B1,copies,f3,op,fp_C75_pstar,0.0,8
B1,copies,f3,op,bss_cond_C90,0.16705540804113017,8
B1,copies,f3,op,brier_clim_C90,0.29827160493827165,8
B1,copies,f3,op,brier_climcond_C90,0.2682074711099167,8
B1,copies,f3,op,precision_C90_p05,1.0,8
B1,copies,f3,op,recall_C90_p05,0.3333333333333333,8
B1,copies,f3,op,f1_C90_p05,0.5,8
B1,copies,f3,op,fn_C90_p05,2.0,8
B1,copies,f3,op,fp_C90_p05,0.0,8
B1,copies,f3,op,precision_C90_pstar,1.0,8
B1,copies,f3,op,recall_C90_pstar,0.3333333333333333,8
B1,copies,f3,op,f1_C90_pstar,0.5,8
B1,copies,f3,op,fn_C90_pstar,2.0,8
B1,copies,f3,op,fp_C90_pstar,0.0,8
B1,copies,f3,nonop,brier_mean_platt,1.7314762732579441e-10,6
B1,copies,f3,nonop,brier_platt_C50,2.59721434831664e-10,6
B1,copies,f3,nonop,brier_platt_C75,2.59721434831664e-10,6
B1,copies,f3,nonop,brier_platt_C90,1.2314055236962441e-17,6
B1,copies,f3,nonop,bss_cond_C50,NaN,6
B1,copies,f3,nonop,brier_clim_C50,0.1877777777777778,6
B1,copies,f3,nonop,brier_climcond_C50,0.0,6
B1,copies,f3,nonop,precision_C50_p05,NaN,6
B1,copies,f3,nonop,recall_C50_p05,NaN,6
B1,copies,f3,nonop,f1_C50_p05,NaN,6
B1,copies,f3,nonop,fn_C50_p05,0.0,6
B1,copies,f3,nonop,fp_C50_p05,0.0,6
B1,copies,f3,nonop,precision_C50_pstar,NaN,6
B1,copies,f3,nonop,recall_C50_pstar,NaN,6
B1,copies,f3,nonop,f1_C50_pstar,NaN,6
B1,copies,f3,nonop,fn_C50_pstar,0.0,6
B1,copies,f3,nonop,fp_C50_pstar,0.0,6
B1,copies,f3,nonop,bss_cond_C75,NaN,6
B1,copies,f3,nonop,brier_clim_C75,0.06530864197530863,6
B1,copies,f3,nonop,brier_climcond_C75,0.0,6
B1,copies,f3,nonop,precision_C75_p05,NaN,6
B1,copies,f3,nonop,recall_C75_p05,NaN,6
B1,copies,f3,nonop,f1_C75_p05,NaN,6
B1,copies,f3,nonop,fn_C75_p05,0.0,6
B1,copies,f3,nonop,fp_C75_p05,0.0,6
B1,copies,f3,nonop,precision_C75_pstar,NaN,6
B1,copies,f3,nonop,recall_C75_pstar,NaN,6
B1,copies,f3,nonop,f1_C75_pstar,NaN,6
B1,copies,f3,nonop,fn_C75_pstar,0.0,6
B1,copies,f3,nonop,fp_C75_pstar,0.0,6
B1,copies,f3,nonop,bss_cond_C90,NaN,6
B1,copies,f3,nonop,brier_clim_C90,0.01493827160493827,6
B1,copies,f3,nonop,brier_climcond_C90,0.0,6
B1,copies,f3,nonop,precision_C90_p05,NaN,6
B1,copies,f3,nonop,recall_C90_p05,NaN,6
B1,copies,f3,nonop,f1_C90_p05,NaN,6
B1,copies,f3,nonop,fn_C90_p05,0.0,6
B1,copies,f3,nonop,fp_C90_p05,0.0,6
B1,copies,f3,nonop,precision_C90_pstar,NaN,6
B1,copies,f3,nonop,recall_C90_pstar,NaN,6
B1,copies,f3,nonop,f1_C90_pstar,NaN,6
B1,copies,f3,nonop,fn_C90_pstar,0.0,6
B1,copies,f3,nonop,fp_C90_pstar,0.0,6
B1,copies,f4,all,brier_mean_platt,0.07853499401774662,12
B1,copies,f4,all,brier_platt_C50,0.0008868927762891954,12
B1,copies,f4,all,brier_platt_C75,0.18472277410818003,12
B1,copies,f4,all,brier_platt_C90,0.04999531516877059,12
B1,copies,f4,all,bss_cond_C50,0.9917437782575609,12
B1,copies,f4,all,brier_clim_C50,0.2994021203155817,12
B1,copies,f4,all,brier_climcond_C50,0.10742114298242957,12
B1,copies,f4,all,precision_C50_p05,1.0,12
B1,copies,f4,all,recall_C50_p05,1.0,12
B1,copies,f4,all,f1_C50_p05,1.0,12
B1,copies,f4,all,fn_C50_p05,0.0,12
B1,copies,f4,all,fp_C50_p05,0.0,12
B1,copies,f4,all,precision_C50_pstar,1.0,12
B1,copies,f4,all,recall_C50_pstar,0.7,12
B1,copies,f4,all,f1_C50_pstar,0.8235294117647058,12
B1,copies,f4,all,fn_C50_pstar,3.0,12
B1,copies,f4,all,fp_C50_pstar,0.0,12
B1,copies,f4,all,bss_cond_C75,-0.004811309265823072,12
B1,copies,f4,all,brier_clim_C75,0.18786982248520712,12
B1,copies,f4,all,brier_climcond_C75,0.1838382713299175,12
B1,copies,f4,all,precision_C75_p05,0.375,12
B1,copies,f4,all,recall_C75_p05,1.0,12
B1,copies,f4,all,f1_C75_p05,0.5454545454545454,12
B1,copies,f4,all,fn_C75_p05,0.0,12
B1,copies,f4,all,fp_C75_p05,5.0,12
B1,copies,f4,all,precision_C75_pstar,0.75,12
B1,copies,f4,all,recall_C75_pstar,1.0,12
B1,copies,f4,all,f1_C75_pstar,0.8571428571428571,12
B1,copies,f4,all,fn_C75_pstar,0.0,12
B1,copies,f4,all,fp_C75_pstar,1.0,12
B1,copies,f4,all,bss_cond_C90,-0.8702414149384265,12
B1,copies,f4,all,brier_clim_C90,0.013313609467455625,12
B1,copies,f4,all,brier_climcond_C90,0.026732011583871687,12
B1,copies,f4,all,precision_C90_p05,NaN,12
B1,copies,f4,all,recall_C90_p05,NaN,12
B1,copies,f4,all,f1_C90_p05,NaN,12
B1,copies,f4,all,fn_C90_p05,0.0,12
B1,copies,f4,all,fp_C90_p05,0.0,12
B1,copies,f4,all,precision_C90_pstar,NaN,12
B1,copies,f4,all,recall_C90_pstar,NaN,12
B1,copies,f4,all,f1_C90_pstar,NaN,12
B1,copies,f4,all,fn_C90_pstar,0.0,12
B1,copies,f4,all,fp_C90_pstar,0.0,12
B1,copies,f4,op,brier_mean_platt,0.08567453892845085,11
B1,copies,f4,op,brier_platt_C50,0.0009675193923154858,11
B1,copies,f4,op,brier_platt_C75,0.20151575357256005,11
B1,copies,f4,op,brier_platt_C90,0.05454034382047701,11
B1,copies,f4,op,bss_cond_C50,0.9917437782575609,11
B1,copies,f4,op,brier_clim_C50,0.309600255513717,11
B1,copies,f4,op,brier_climcond_C50,0.11718670143537771,11
B1,copies,f4,op,precision_C50_p05,1.0,11
B1,copies,f4,op,recall_C50_p05,1.0,11
B1,copies,f4,op,f1_C50_p05,1.0,11
B1,copies,f4,op,fn_C50_p05,0.0,11
B1,copies,f4,op,fp_C50_p05,0.0,11
B1,copies,f4,op,precision_C50_pstar,1.0,11
B1,copies,f4,op,recall_C50_pstar,0.7,11
B1,copies,f4,op,f1_C50_pstar,0.8235294117647058,11
B1,copies,f4,op,fn_C50_pstar,3.0,11
B1,copies,f4,op,fp_C50_pstar,0.0,11
B1,copies,f4,op,bss_cond_C75,-0.004811309265823072,11
B1,copies,f4,op,brier_clim_C75,0.1983593329747176,11
B1,copies,f4,op,brier_climcond_C75,0.2005508414508191,11
B1,copies,f4,op,precision_C75_p05,0.375,11
B1,copies,f4,op,recall_C75_p05,1.0,11
B1,copies,f4,op,f1_C75_p05,0.5454545454545454,11
B1,copies,f4,op,fn_C75_p05,0.0,11
B1,copies,f4,op,fp_C75_p05,5.0,11
B1,copies,f4,op,precision_C75_pstar,0.75,11
B1,copies,f4,op,recall_C75_pstar,1.0,11
B1,copies,f4,op,f1_C75_pstar,0.8571428571428571,11
B1,copies,f4,op,fn_C75_pstar,0.0,11
B1,copies,f4,op,fp_C75_pstar,1.0,11
B1,copies,f4,op,bss_cond_C90,-0.8702414149384265,11
B1,copies,f4,op,brier_clim_C90,0.013313609467455623,11
B1,copies,f4,op,brier_climcond_C90,0.02916219445513275,11
B1,copies,f4,op,precision_C90_p05,NaN,11
B1,copies,f4,op,recall_C90_p05,NaN,11
B1,copies,f4,op,f1_C90_p05,NaN,11
B1,copies,f4,op,fn_C90_p05,0.0,11
B1,copies,f4,op,fp_C90_p05,0.0,11
B1,copies,f4,op,precision_C90_pstar,NaN,11
B1,copies,f4,op,recall_C90_pstar,NaN,11
B1,copies,f4,op,f1_C90_pstar,NaN,11
B1,copies,f4,op,fn_C90_pstar,0.0,11
B1,copies,f4,op,fp_C90_pstar,0.0,11
B1,copies,f4,nonop,brier_mean_platt,1.1313478637804876e-31,1
B1,copies,f4,nonop,brier_platt_C50,1.1313478637804876e-31,1
B1,copies,f4,nonop,brier_platt_C75,1.1313478637804876e-31,1
B1,copies,f4,nonop,brier_platt_C90,1.1313478637804876e-31,1
B1,copies,f4,nonop,bss_cond_C50,NaN,1
B1,copies,f4,nonop,brier_clim_C50,0.1872226331360947,1
B1,copies,f4,nonop,brier_climcond_C50,0.0,1
B1,copies,f4,nonop,precision_C50_p05,NaN,1
B1,copies,f4,nonop,recall_C50_p05,NaN,1
B1,copies,f4,nonop,f1_C50_p05,NaN,1
B1,copies,f4,nonop,fn_C50_p05,0.0,1
B1,copies,f4,nonop,fp_C50_p05,0.0,1
B1,copies,f4,nonop,precision_C50_pstar,NaN,1
B1,copies,f4,nonop,recall_C50_pstar,NaN,1
B1,copies,f4,nonop,f1_C50_pstar,NaN,1
B1,copies,f4,nonop,fn_C50_pstar,0.0,1
B1,copies,f4,nonop,fp_C50_pstar,0.0,1
B1,copies,f4,nonop,bss_cond_C75,NaN,1
B1,copies,f4,nonop,brier_clim_C75,0.07248520710059171,1
B1,copies,f4,nonop,brier_climcond_C75,0.0,1
B1,copies,f4,nonop,precision_C75_p05,NaN,1
B1,copies,f4,nonop,recall_C75_p05,NaN,1
B1,copies,f4,nonop,f1_C75_p05,NaN,1
B1,copies,f4,nonop,fn_C75_p05,0.0,1
B1,copies,f4,nonop,fp_C75_p05,0.0,1
B1,copies,f4,nonop,precision_C75_pstar,NaN,1
B1,copies,f4,nonop,recall_C75_pstar,NaN,1
B1,copies,f4,nonop,f1_C75_pstar,NaN,1
B1,copies,f4,nonop,fn_C75_pstar,0.0,1
B1,copies,f4,nonop,fp_C75_pstar,0.0,1
B1,copies,f4,nonop,bss_cond_C90,NaN,1
B1,copies,f4,nonop,brier_clim_C90,0.013313609467455623,1
B1,copies,f4,nonop,brier_climcond_C90,0.0,1
B1,copies,f4,nonop,precision_C90_p05,NaN,1
B1,copies,f4,nonop,recall_C90_p05,NaN,1
B1,copies,f4,nonop,f1_C90_p05,NaN,1
B1,copies,f4,nonop,fn_C90_p05,0.0,1
B1,copies,f4,nonop,fp_C90_p05,0.0,1
B1,copies,f4,nonop,precision_C90_pstar,NaN,1
B1,copies,f4,nonop,recall_C90_pstar,NaN,1
B1,copies,f4,nonop,f1_C90_pstar,NaN,1
B1,copies,f4,nonop,fn_C90_pstar,0.0,1
B1,copies,f4,nonop,fp_C90_pstar,0.0,1
B1,copies,pooled,all,brier_mean_platt,0.1532592706731006,52
B1,copies,pooled,all,brier_platt_C50,0.12541591788044304,52
B1,copies,pooled,all,brier_platt_C75,0.21132917146971572,52
B1,copies,pooled,all,brier_platt_C90,0.12303272266914307,52
B1,copies,pooled,all,bss_cond_C50,-0.10233879088146014,52
B1,copies,pooled,all,brier_clim_C50,0.2761019581174907,52
B1,copies,pooled,all,brier_climcond_C50,0.11377257057257056,52
B1,copies,pooled,all,precision_C50_p05,0.9,52
B1,copies,pooled,all,recall_C50_p05,0.84375,52
B1,copies,pooled,all,f1_C50_p05,0.8709677419354839,52
B1,copies,pooled,all,fn_C50_p05,5.0,52
B1,copies,pooled,all,fp_C50_p05,3.0,52
B1,copies,pooled,all,precision_C50_pstar,0.88,52
B1,copies,pooled,all,recall_C50_pstar,0.6875,52
B1,copies,pooled,all,f1_C50_pstar,0.7719298245614035,52
B1,copies,pooled,all,fn_C50_pstar,10.0,52
B1,copies,pooled,all,fp_C50_pstar,3.0,52
B1,copies,pooled,all,bss_cond_C75,0.10903679461659443,52
B1,copies,pooled,all,brier_clim_C75,0.29831541780528686,52
B1,copies,pooled,all,brier_climcond_C75,0.23719180566920836,52
B1,copies,pooled,all,precision_C75_p05,0.6818181818181818,52
B1,copies,pooled,all,recall_C75_p05,0.625,52
B1,copies,pooled,all,f1_C75_p05,0.6521739130434783,52
B1,copies,pooled,all,fn_C75_p05,9.0,52
B1,copies,pooled,all,fp_C75_p05,7.0,52
B1,copies,pooled,all,precision_C75_pstar,0.85,52
B1,copies,pooled,all,recall_C75_pstar,0.7083333333333334,52
B1,copies,pooled,all,f1_C75_pstar,0.7727272727272727,52
B1,copies,pooled,all,fn_C75_pstar,7.0,52
B1,copies,pooled,all,fp_C75_pstar,3.0,52
B1,copies,pooled,all,bss_cond_C90,0.4409312673377468,52
B1,copies,pooled,all,brier_clim_C90,0.24192251976634266,52
B1,copies,pooled,all,brier_climcond_C90,0.22006725735361432,52
B1,copies,pooled,all,precision_C90_p05,1.0,52
B1,copies,pooled,all,recall_C90_p05,0.4,52
B1,copies,pooled,all,f1_C90_p05,0.5714285714285714,52
B1,copies,pooled,all,fn_C90_p05,9.0,52
B1,copies,pooled,all,fp_C90_p05,0.0,52
B1,copies,pooled,all,precision_C90_pstar,0.9,52
B1,copies,pooled,all,recall_C90_pstar,0.6,52
B1,copies,pooled,all,f1_C90_pstar,0.72,52
B1,copies,pooled,all,fn_C90_pstar,6.0,52
B1,copies,pooled,all,fp_C90_pstar,1.0,52
B1,copies,pooled,op,brier_mean_platt,0.16698604335202685,38
B1,copies,pooled,op,brier_platt_C50,0.09550438657577885,38
B1,copies,pooled,op,brier_platt_C75,0.2392578847080101,38
B1,copies,pooled,op,brier_platt_C90,0.16619585877229162,38
B1,copies,pooled,op,bss_cond_C50,0.3865686011853612,38
B1,copies,pooled,op,brier_clim_C50,0.3112943996632184,38
B1,copies,pooled,op,brier_climcond_C50,0.15568878078351758,38
B1,copies,pooled,op,precision_C50_p05,1.0,38
B1,copies,pooled,op,recall_C50_p05,0.84375,38
B1,copies,pooled,op,f1_C50_p05,0.9152542372881356,38
B1,copies,pooled,op,fn_C50_p05,5.0,38
B1,copies,pooled,op,fp_C50_p05,0.0,38
B1,copies,pooled,op,precision_C50_pstar,1.0,38
B1,copies,pooled,op,recall_C50_pstar,0.6875,38
B1,copies,pooled,op,f1_C50_pstar,0.8148148148148148,38
B1,copies,pooled,op,fn_C50_pstar,10.0,38
B1,copies,pooled,op,fp_C50_pstar,0.0,38
B1,copies,pooled,op,bss_cond_C75,0.2628653427961004,38
B1,copies,pooled,op,brier_clim_C75,0.3846831207680007,38
B1,copies,pooled,op,brier_climcond_C75,0.324578260389443,38
B1,copies,pooled,op,precision_C75_p05,0.75,38
B1,copies,pooled,op,recall_C75_p05,0.625,38
B1,copies,pooled,op,f1_C75_p05,0.6818181818181818,38
B1,copies,pooled,op,fn_C75_p05,9.0,38
B1,copies,pooled,op,fp_C75_p05,5.0,38
B1,copies,pooled,op,precision_C75_pstar,0.9444444444444444,38
B1,copies,pooled,op,recall_C75_pstar,0.7083333333333334,38
B1,copies,pooled,op,f1_C75_pstar,0.8095238095238095,38
B1,copies,pooled,op,fn_C75_pstar,7.0,38
B1,copies,pooled,op,fp_C75_pstar,1.0,38
B1,copies,pooled,op,bss_cond_C90,0.44811953703359675,38
B1,copies,pooled,op,brier_clim_C90,0.32661109124216203,38
B1,copies,pooled,op,brier_climcond_C90,0.30114466795757744,38
B1,copies,pooled,op,precision_C90_p05,1.0,38
B1,copies,pooled,op,recall_C90_p05,0.4,38
B1,copies,pooled,op,f1_C90_p05,0.5714285714285714,38
B1,copies,pooled,op,fn_C90_p05,9.0,38
B1,copies,pooled,op,fp_C90_p05,0.0,38
B1,copies,pooled,op,precision_C90_pstar,1.0,38
B1,copies,pooled,op,recall_C90_pstar,0.6,38
B1,copies,pooled,op,f1_C90_pstar,0.75,38
B1,copies,pooled,op,fn_C90_pstar,6.0,38
B1,copies,pooled,op,fp_C90_pstar,0.0,38
B1,copies,pooled,nonop,brier_mean_platt,0.11600088768744365,14
B1,copies,pooled,nonop,brier_platt_C50,0.20660435999310292,14
B1,copies,pooled,nonop,brier_platt_C75,0.13552266410863106,14
B1,copies,pooled,nonop,brier_platt_C90,0.005875638960597023,14
B1,copies,pooled,nonop,bss_cond_C50,NaN,14
B1,copies,pooled,nonop,brier_clim_C50,0.18057961677908696,14
B1,copies,pooled,nonop,brier_climcond_C50,0.0,14
B1,copies,pooled,nonop,precision_C50_p05,0.0,14
B1,copies,pooled,nonop,recall_C50_p05,NaN,14
B1,copies,pooled,nonop,f1_C50_p05,NaN,14
B1,copies,pooled,nonop,fn_C50_p05,0.0,14
B1,copies,pooled,nonop,fp_C50_p05,3.0,14
B1,copies,pooled,nonop,precision_C50_pstar,0.0,14
B1,copies,pooled,nonop,recall_C50_pstar,NaN,14
B1,copies,pooled,nonop,f1_C50_pstar,NaN,14
B1,copies,pooled,nonop,fn_C50_pstar,0.0,14
B1,copies,pooled,nonop,fp_C50_pstar,3.0,14
B1,copies,pooled,nonop,bss_cond_C75,NaN,14
B1,copies,pooled,nonop,brier_clim_C75,0.06388879547792062,14
B1,copies,pooled,nonop,brier_climcond_C75,0.0,14
B1,copies,pooled,nonop,precision_C75_p05,0.0,14
B1,copies,pooled,nonop,recall_C75_p05,NaN,14
B1,copies,pooled,nonop,f1_C75_p05,NaN,14
B1,copies,pooled,nonop,fn_C75_p05,0.0,14
B1,copies,pooled,nonop,fp_C75_p05,2.0,14
B1,copies,pooled,nonop,precision_C75_pstar,0.0,14
B1,copies,pooled,nonop,recall_C75_pstar,NaN,14
B1,copies,pooled,nonop,f1_C75_pstar,NaN,14
B1,copies,pooled,nonop,fn_C75_pstar,0.0,14
B1,copies,pooled,nonop,fp_C75_pstar,2.0,14
B1,copies,pooled,nonop,bss_cond_C90,NaN,14
B1,copies,pooled,nonop,brier_clim_C90,0.01205354004626161,14
B1,copies,pooled,nonop,brier_climcond_C90,0.0,14
B1,copies,pooled,nonop,precision_C90_p05,NaN,14
B1,copies,pooled,nonop,recall_C90_p05,NaN,14
B1,copies,pooled,nonop,f1_C90_p05,NaN,14
B1,copies,pooled,nonop,fn_C90_p05,0.0,14
B1,copies,pooled,nonop,fp_C90_p05,0.0,14
B1,copies,pooled,nonop,precision_C90_pstar,0.0,14
B1,copies,pooled,nonop,recall_C90_pstar,NaN,14
B1,copies,pooled,nonop,f1_C90_pstar,NaN,14
B1,copies,pooled,nonop,fn_C90_pstar,0.0,14
B1,copies,pooled,nonop,fp_C90_pstar,1.0,14
B4,copies,f1,all,brier_mean_platt,0.06214098566436469,12
B4,copies,f1,all,brier_platt_C50,4.160759228251729e-8,12
B4,copies,f1,all,brier_platt_C75,0.01968917918426195,12
B4,copies,f1,all,brier_platt_C90,0.16673373620123985,12
B4,copies,f1,all,bss_cond_C50,0.9999997422069117,12
B4,copies,f1,all,brier_clim_C50,0.3017751479289941,12
B4,copies,f1,all,brier_climcond_C50,0.16139917695473252,12
B4,copies,f1,all,precision_C50_p05,1.0,12
B4,copies,f1,all,recall_C50_p05,1.0,12
B4,copies,f1,all,f1_C50_p05,1.0,12
B4,copies,f1,all,fn_C50_p05,0.0,12
B4,copies,f1,all,fp_C50_p05,0.0,12
B4,copies,f1,all,precision_C50_pstar,1.0,12
B4,copies,f1,all,recall_C50_pstar,1.0,12
B4,copies,f1,all,f1_C50_pstar,1.0,12
B4,copies,f1,all,fn_C50_pstar,0.0,12
B4,copies,f1,all,fp_C50_pstar,0.0,12
B4,copies,f1,all,bss_cond_C75,0.9453952232164385,12
B4,copies,f1,all,brier_clim_C75,0.42587771203155816,12
B4,copies,f1,all,brier_climcond_C75,0.3605761316872429,12
B4,copies,f1,all,precision_C75_p05,1.0,12
B4,copies,f1,all,recall_C75_p05,1.0,12
B4,copies,f1,all,f1_C75_p05,1.0,12
B4,copies,f1,all,fn_C75_p05,0.0,12
B4,copies,f1,all,fp_C75_p05,0.0,12
B4,copies,f1,all,precision_C75_pstar,1.0,12
B4,copies,f1,all,recall_C75_pstar,1.0,12
B4,copies,f1,all,f1_C75_pstar,1.0,12
B4,copies,f1,all,fn_C75_pstar,0.0,12
B4,copies,f1,all,fp_C75_pstar,0.0,12
B4,copies,f1,all,bss_cond_C90,0.3766723400476726,12
B4,copies,f1,all,brier_clim_C90,0.28796844181459574,12
B4,copies,f1,all,brier_climcond_C90,0.2674897119341564,12
B4,copies,f1,all,precision_C90_p05,NaN,12
B4,copies,f1,all,recall_C90_p05,0.0,12
B4,copies,f1,all,f1_C90_p05,0.0,12
B4,copies,f1,all,fn_C90_p05,4.0,12
B4,copies,f1,all,fp_C90_p05,0.0,12
B4,copies,f1,all,precision_C90_pstar,0.5,12
B4,copies,f1,all,recall_C90_pstar,1.0,12
B4,copies,f1,all,f1_C90_pstar,0.6666666666666666,12
B4,copies,f1,all,fn_C90_pstar,0.0,12
B4,copies,f1,all,fp_C90_pstar,4.0,12
B4,copies,f1,op,brier_mean_platt,0.07456918279723763,10
B4,copies,f1,op,brier_platt_C50,4.992911073902075e-8,10
B4,copies,f1,op,brier_platt_C75,0.02362701502111434,10
B4,copies,f1,op,brier_platt_C90,0.20008048344148777,10
B4,copies,f1,op,bss_cond_C50,0.9999997422069117,10
B4,copies,f1,op,brier_clim_C50,0.3325443786982249,10
B4,copies,f1,op,brier_climcond_C50,0.19367901234567902,10
B4,copies,f1,op,precision_C50_p05,1.0,10
B4,copies,f1,op,recall_C50_p05,1.0,10
B4,copies,f1,op,f1_C50_p05,1.0,10
B4,copies,f1,op,fn_C50_p05,0.0,10
B4,copies,f1,op,fp_C50_p05,0.0,10
B4,copies,f1,op,precision_C50_pstar,1.0,10
B4,copies,f1,op,recall_C50_pstar,1.0,10
B4,copies,f1,op,f1_C50_pstar,1.0,10
B4,copies,f1,op,fn_C50_pstar,0.0,10
B4,copies,f1,op,fp_C50_pstar,0.0,10
B4,copies,f1,op,bss_cond_C75,0.9453952232164385,10
B4,copies,f1,op,brier_clim_C75,0.5017751479289941,10
B4,copies,f1,op,brier_climcond_C75,0.4326913580246915,10
B4,copies,f1,op,precision_C75_p05,1.0,10
B4,copies,f1,op,recall_C75_p05,1.0,10
B4,copies,f1,op,f1_C75_p05,1.0,10
B4,copies,f1,op,fn_C75_p05,0.0,10
B4,copies,f1,op,fp_C75_p05,0.0,10
B4,copies,f1,op,precision_C75_pstar,1.0,10
B4,copies,f1,op,recall_C75_pstar,1.0,10
B4,copies,f1,op,f1_C75_pstar,1.0,10
B4,copies,f1,op,fn_C75_pstar,0.0,10
B4,copies,f1,op,fp_C75_pstar,0.0,10
B4,copies,f1,op,bss_cond_C90,0.3766723400476727,10
B4,copies,f1,op,brier_clim_C90,0.3443786982248521,10
B4,copies,f1,op,brier_climcond_C90,0.32098765432098764,10
B4,copies,f1,op,precision_C90_p05,NaN,10
B4,copies,f1,op,recall_C90_p05,0.0,10
B4,copies,f1,op,f1_C90_p05,0.0,10
B4,copies,f1,op,fn_C90_p05,4.0,10
B4,copies,f1,op,fp_C90_p05,0.0,10
B4,copies,f1,op,precision_C90_pstar,0.5,10
B4,copies,f1,op,recall_C90_pstar,1.0,10
B4,copies,f1,op,f1_C90_pstar,0.6666666666666666,10
B4,copies,f1,op,fn_C90_pstar,0.0,10
B4,copies,f1,op,fp_C90_pstar,4.0,10
B4,copies,f1,nonop,brier_mean_platt,8.889508175263751e-25,2
B4,copies,f1,nonop,brier_platt_C50,2.6668524525791255e-24,2
B4,copies,f1,nonop,brier_platt_C75,3.6558128182019104e-42,2
B4,copies,f1,nonop,brier_platt_C90,3.6558128182019104e-42,2
B4,copies,f1,nonop,bss_cond_C50,NaN,2
B4,copies,f1,nonop,brier_clim_C50,0.14792899408284024,2
B4,copies,f1,nonop,brier_climcond_C50,0.0,2
B4,copies,f1,nonop,precision_C50_p05,NaN,2
B4,copies,f1,nonop,recall_C50_p05,NaN,2
B4,copies,f1,nonop,f1_C50_p05,NaN,2
B4,copies,f1,nonop,fn_C50_p05,0.0,2
B4,copies,f1,nonop,fp_C50_p05,0.0,2
B4,copies,f1,nonop,precision_C50_pstar,NaN,2
B4,copies,f1,nonop,recall_C50_pstar,NaN,2
B4,copies,f1,nonop,f1_C50_pstar,NaN,2
B4,copies,f1,nonop,fn_C50_pstar,0.0,2
B4,copies,f1,nonop,fp_C50_pstar,0.0,2
B4,copies,f1,nonop,bss_cond_C75,NaN,2
B4,copies,f1,nonop,brier_clim_C75,0.0463905325443787,2
B4,copies,f1,nonop,brier_climcond_C75,0.0,2
B4,copies,f1,nonop,precision_C75_p05,NaN,2
B4,copies,f1,nonop,recall_C75_p05,NaN,2
B4,copies,f1,nonop,f1_C75_p05,NaN,2
B4,copies,f1,nonop,fn_C75_p05,0.0,2
B4,copies,f1,nonop,fp_C75_p05,0.0,2
B4,copies,f1,nonop,precision_C75_pstar,NaN,2
B4,copies,f1,nonop,recall_C75_pstar,NaN,2
B4,copies,f1,nonop,f1_C75_pstar,NaN,2
B4,copies,f1,nonop,fn_C75_pstar,0.0,2
B4,copies,f1,nonop,fp_C75_pstar,0.0,2
B4,copies,f1,nonop,bss_cond_C90,NaN,2
B4,copies,f1,nonop,brier_clim_C90,0.00591715976331361,2
B4,copies,f1,nonop,brier_climcond_C90,0.0,2
B4,copies,f1,nonop,precision_C90_p05,NaN,2
B4,copies,f1,nonop,recall_C90_p05,NaN,2
B4,copies,f1,nonop,f1_C90_p05,NaN,2
B4,copies,f1,nonop,fn_C90_p05,0.0,2
B4,copies,f1,nonop,fp_C90_p05,0.0,2
B4,copies,f1,nonop,precision_C90_pstar,NaN,2
B4,copies,f1,nonop,recall_C90_pstar,NaN,2
B4,copies,f1,nonop,f1_C90_pstar,NaN,2
B4,copies,f1,nonop,fn_C90_pstar,0.0,2
B4,copies,f1,nonop,fp_C90_pstar,0.0,2
B4,copies,f2,all,brier_mean_platt,0.0851679671432759,14
B4,copies,f2,all,brier_platt_C50,1.7455210631530283e-8,14
B4,copies,f2,all,brier_platt_C75,2.000215472206259e-7,14
B4,copies,f2,all,brier_platt_C90,0.2555036839530698,14
B4,copies,f2,all,bss_cond_C50,0.999999823772594,14
B4,copies,f2,all,brier_clim_C50,0.26530612244897955,14
B4,copies,f2,all,brier_climcond_C50,0.0990493535074266,14
B4,copies,f2,all,precision_C50_p05,1.0,14
B4,copies,f2,all,recall_C50_p05,1.0,14
B4,copies,f2,all,f1_C50_p05,1.0,14
B4,copies,f2,all,fn_C50_p05,0.0,14
B4,copies,f2,all,fp_C50_p05,0.0,14
B4,copies,f2,all,precision_C50_pstar,1.0,14
B4,copies,f2,all,recall_C50_pstar,1.0,14
B4,copies,f2,all,f1_C50_pstar,1.0,14
B4,copies,f2,all,fn_C50_pstar,0.0,14
B4,copies,f2,all,fp_C50_pstar,0.0,14
B4,copies,f2,all,bss_cond_C75,0.9999991992390002,14
B4,copies,f2,all,brier_clim_C75,0.34204756282678356,14
B4,copies,f2,all,brier_climcond_C75,0.2497893219761242,14
B4,copies,f2,all,precision_C75_p05,1.0,14
B4,copies,f2,all,recall_C75_p05,1.0,14
B4,copies,f2,all,f1_C75_p05,1.0,14
B4,copies,f2,all,fn_C75_p05,0.0,14
B4,copies,f2,all,fp_C75_p05,0.0,14
B4,copies,f2,all,precision_C75_pstar,1.0,14
B4,copies,f2,all,recall_C75_pstar,1.0,14
B4,copies,f2,all,f1_C75_pstar,1.0,14
B4,copies,f2,all,fn_C75_pstar,0.0,14
B4,copies,f2,all,fp_C75_pstar,0.0,14
B4,copies,f2,all,bss_cond_C90,0.3797569212877516,14
B4,copies,f2,all,brier_clim_C90,0.46348456738067123,14
B4,copies,f2,all,brier_climcond_C90,0.41194120937801965,14
B4,copies,f2,all,precision_C90_p05,NaN,14
B4,copies,f2,all,recall_C90_p05,0.0,14
B4,copies,f2,all,f1_C90_p05,0.0,14
B4,copies,f2,all,fn_C90_p05,8.0,14
B4,copies,f2,all,fp_C90_p05,0.0,14
B4,copies,f2,all,precision_C90_pstar,1.0,14
B4,copies,f2,all,recall_C90_pstar,1.0,14
B4,copies,f2,all,f1_C90_pstar,1.0,14
B4,copies,f2,all,fn_C90_pstar,0.0,14
B4,copies,f2,all,fp_C90_pstar,0.0,14
B4,copies,f2,op,brier_mean_platt,0.13248350444509585,9
B4,copies,f2,op,brier_platt_C50,2.7152549871269323e-8,9
B4,copies,f2,op,brier_platt_C75,3.111446290098625e-7,9
B4,copies,f2,op,brier_platt_C90,0.39745017503810864,9
B4,copies,f2,op,bss_cond_C50,0.999999823772594,9
B4,copies,f2,op,brier_clim_C50,0.31065759637188206,9
B4,copies,f2,op,brier_climcond_C50,0.15407677212266357,9
B4,copies,f2,op,precision_C50_p05,1.0,9
B4,copies,f2,op,recall_C50_p05,1.0,9
B4,copies,f2,op,f1_C50_p05,1.0,9
B4,copies,f2,op,fn_C50_p05,0.0,9
B4,copies,f2,op,fp_C50_p05,0.0,9
B4,copies,f2,op,precision_C50_pstar,1.0,9
B4,copies,f2,op,recall_C50_pstar,1.0,9
B4,copies,f2,op,f1_C50_pstar,1.0,9
B4,copies,f2,op,fn_C50_pstar,0.0,9
B4,copies,f2,op,fp_C50_pstar,0.0,9
B4,copies,f2,op,bss_cond_C75,0.9999991992390002,9
B4,copies,f2,op,brier_clim_C75,0.4945934296583647,9
B4,copies,f2,op,brier_climcond_C75,0.3885611675184154,9
B4,copies,f2,op,precision_C75_p05,1.0,9
B4,copies,f2,op,recall_C75_p05,1.0,9
B4,copies,f2,op,f1_C75_p05,1.0,9
B4,copies,f2,op,fn_C75_p05,0.0,9
B4,copies,f2,op,fp_C75_p05,0.0,9
B4,copies,f2,op,precision_C75_pstar,1.0,9
B4,copies,f2,op,recall_C75_pstar,1.0,9
B4,copies,f2,op,f1_C75_pstar,1.0,9
B4,copies,f2,op,fn_C75_pstar,0.0,9
B4,copies,f2,op,fp_C75_pstar,0.0,9
B4,copies,f2,op,bss_cond_C90,0.3797569212877516,9
B4,copies,f2,op,brier_clim_C90,0.7149791045894942,9
B4,copies,f2,op,brier_climcond_C90,0.6407974368102528,9
B4,copies,f2,op,precision_C90_p05,NaN,9
B4,copies,f2,op,recall_C90_p05,0.0,9
B4,copies,f2,op,f1_C90_p05,0.0,9
B4,copies,f2,op,fn_C90_p05,8.0,9
B4,copies,f2,op,fp_C90_p05,0.0,9
B4,copies,f2,op,precision_C90_pstar,1.0,9
B4,copies,f2,op,recall_C90_pstar,1.0,9
B4,copies,f2,op,f1_C90_pstar,1.0,9
B4,copies,f2,op,fn_C90_pstar,0.0,9
B4,copies,f2,op,fp_C90_pstar,0.0,9
B4,copies,f2,nonop,brier_mean_platt,1.6371135925777442e-23,5
B4,copies,f2,nonop,brier_platt_C50,1.6371135925777442e-23,5
B4,copies,f2,nonop,brier_platt_C75,1.6371135925777442e-23,5
B4,copies,f2,nonop,brier_platt_C90,1.6371135925777442e-23,5
B4,copies,f2,nonop,bss_cond_C50,NaN,5
B4,copies,f2,nonop,brier_clim_C50,0.18367346938775508,5
B4,copies,f2,nonop,brier_climcond_C50,0.0,5
B4,copies,f2,nonop,precision_C50_p05,NaN,5
B4,copies,f2,nonop,recall_C50_p05,NaN,5
B4,copies,f2,nonop,f1_C50_p05,NaN,5
B4,copies,f2,nonop,fn_C50_p05,0.0,5
B4,copies,f2,nonop,fp_C50_p05,0.0,5
B4,copies,f2,nonop,precision_C50_pstar,NaN,5
B4,copies,f2,nonop,recall_C50_pstar,NaN,5
B4,copies,f2,nonop,f1_C50_pstar,NaN,5
B4,copies,f2,nonop,fn_C50_pstar,0.0,5
B4,copies,f2,nonop,fp_C50_pstar,0.0,5
B4,copies,f2,nonop,bss_cond_C75,NaN,5
B4,copies,f2,nonop,brier_clim_C75,0.06746500252993758,5
B4,copies,f2,nonop,brier_climcond_C75,0.0,5
B4,copies,f2,nonop,precision_C75_p05,NaN,5
B4,copies,f2,nonop,recall_C75_p05,NaN,5
B4,copies,f2,nonop,f1_C75_p05,NaN,5
B4,copies,f2,nonop,fn_C75_p05,0.0,5
B4,copies,f2,nonop,fp_C75_p05,0.0,5
B4,copies,f2,nonop,precision_C75_pstar,NaN,5
B4,copies,f2,nonop,recall_C75_pstar,NaN,5
B4,copies,f2,nonop,f1_C75_pstar,NaN,5
B4,copies,f2,nonop,fn_C75_pstar,0.0,5
B4,copies,f2,nonop,fp_C75_pstar,0.0,5
B4,copies,f2,nonop,bss_cond_C90,NaN,5
B4,copies,f2,nonop,brier_clim_C90,0.010794400404790017,5
B4,copies,f2,nonop,brier_climcond_C90,0.0,5
B4,copies,f2,nonop,precision_C90_p05,NaN,5
B4,copies,f2,nonop,recall_C90_p05,NaN,5
B4,copies,f2,nonop,f1_C90_p05,NaN,5
B4,copies,f2,nonop,fn_C90_p05,0.0,5
B4,copies,f2,nonop,fp_C90_p05,0.0,5
B4,copies,f2,nonop,precision_C90_pstar,NaN,5
B4,copies,f2,nonop,recall_C90_pstar,NaN,5
B4,copies,f2,nonop,f1_C90_pstar,NaN,5
B4,copies,f2,nonop,fn_C90_pstar,0.0,5
B4,copies,f2,nonop,fp_C90_pstar,0.0,5
B4,copies,f3,all,brier_mean_platt,0.16642378254131848,14
B4,copies,f3,all,brier_platt_C50,0.07141409656867445,14
B4,copies,f3,all,brier_platt_C75,0.1427695277539167,14
B4,copies,f3,all,brier_platt_C90,0.2850877233013644,14
B4,copies,f3,all,bss_cond_C50,0.23307185278984033,14
B4,copies,f3,all,brier_clim_C50,0.24492063492063493,14
B4,copies,f3,all,brier_climcond_C50,0.09311706295883936,14
B4,copies,f3,all,precision_C50_p05,0.8571428571428571,14
B4,copies,f3,all,recall_C50_p05,1.0,14
B4,copies,f3,all,f1_C50_p05,0.9230769230769231,14
B4,copies,f3,all,fn_C50_p05,0.0,14
B4,copies,f3,all,fp_C50_p05,1.0,14
B4,copies,f3,all,precision_C50_pstar,0.8571428571428571,14
B4,copies,f3,all,recall_C50_pstar,1.0,14
B4,copies,f3,all,f1_C50_pstar,0.9230769230769231,14
B4,copies,f3,all,fn_C50_pstar,0.0,14
B4,copies,f3,all,fp_C50_pstar,1.0,14
B4,copies,f3,all,bss_cond_C75,0.1324582084669853,14
B4,copies,f3,all,brier_clim_C75,0.23991181657848326,14
B4,copies,f3,all,brier_climcond_C75,0.1645678964947979,14
B4,copies,f3,all,precision_C75_p05,0.7142857142857143,14
B4,copies,f3,all,recall_C75_p05,1.0,14
B4,copies,f3,all,f1_C75_p05,0.8333333333333334,14
B4,copies,f3,all,fn_C75_p05,0.0,14
B4,copies,f3,all,fp_C75_p05,2.0,14
B4,copies,f3,all,precision_C75_pstar,0.7142857142857143,14
B4,copies,f3,all,recall_C75_pstar,1.0,14
B4,copies,f3,all,f1_C75_pstar,0.8333333333333334,14
B4,copies,f3,all,fn_C75_pstar,0.0,14
B4,copies,f3,all,fp_C75_pstar,2.0,14
B4,copies,f3,all,bss_cond_C90,-0.8601402627331256,14
B4,copies,f3,all,brier_clim_C90,0.17684303350970024,14
B4,copies,f3,all,brier_climcond_C90,0.15326141206280955,14
B4,copies,f3,all,precision_C90_p05,0.42857142857142855,14
B4,copies,f3,all,recall_C90_p05,1.0,14
B4,copies,f3,all,f1_C90_p05,0.6,14
B4,copies,f3,all,fn_C90_p05,0.0,14
B4,copies,f3,all,fp_C90_p05,4.0,14
B4,copies,f3,all,precision_C90_pstar,0.42857142857142855,14
B4,copies,f3,all,recall_C90_pstar,1.0,14
B4,copies,f3,all,f1_C90_pstar,0.6,14
B4,copies,f3,all,fn_C90_pstar,0.0,14
B4,copies,f3,all,fp_C90_pstar,4.0,14
B4,copies,f3,op,brier_mean_platt,0.2912416194473074,8
B4,copies,f3,op,brier_platt_C50,0.12497466899518028,8
B4,copies,f3,op,brier_platt_C75,0.2498466735693542,8
B4,copies,f3,op,brier_platt_C90,0.4989035157773877,8
B4,copies,f3,op,bss_cond_C50,0.23307185278984044,8
B4,copies,f3,op,brier_clim_C50,0.28777777777777774,8
B4,copies,f3,op,brier_climcond_C50,0.16295486017796887,8
B4,copies,f3,op,precision_C50_p05,0.8571428571428571,8
B4,copies,f3,op,recall_C50_p05,1.0,8
B4,copies,f3,op,f1_C50_p05,0.9230769230769231,8
B4,copies,f3,op,fn_C50_p05,0.0,8
B4,copies,f3,op,fp_C50_p05,1.0,8
B4,copies,f3,op,precision_C50_pstar,0.8571428571428571,8
B4,copies,f3,op,recall_C50_pstar,1.0,8
B4,copies,f3,op,f1_C50_pstar,0.9230769230769231,8
B4,copies,f3,op,fn_C50_pstar,0.0,8
B4,copies,f3,op,fp_C50_pstar,1.0,8
B4,copies,f3,op,bss_cond_C75,0.13245820846698542,8
B4,copies,f3,op,brier_clim_C75,0.3708641975308642,8
B4,copies,f3,op,brier_climcond_C75,0.2879938188658963,8
B4,copies,f3,op,precision_C75_p05,0.7142857142857143,8
B4,copies,f3,op,recall_C75_p05,1.0,8
B4,copies,f3,op,f1_C75_p05,0.8333333333333334,8
B4,copies,f3,op,fn_C75_p05,0.0,8
B4,copies,f3,op,fp_C75_p05,2.0,8
B4,copies,f3,op,precision_C75_pstar,0.7142857142857143,8
B4,copies,f3,op,recall_C75_pstar,1.0,8
B4,copies,f3,op,f1_C75_pstar,0.8333333333333334,8
B4,copies,f3,op,fn_C75_pstar,0.0,8
B4,copies,f3,op,fp_C75_pstar,2.0,8
B4,copies,f3,op,bss_cond_C90,-0.8601402627331256,8
B4,copies,f3,op,brier_clim_C90,0.29827160493827165,8
B4,copies,f3,op,brier_climcond_C90,0.2682074711099167,8
B4,copies,f3,op,precision_C90_p05,0.42857142857142855,8
B4,copies,f3,op,recall_C90_p05,1.0,8
B4,copies,f3,op,f1_C90_p05,0.6,8
B4,copies,f3,op,fn_C90_p05,0.0,8
B4,copies,f3,op,fp_C90_p05,4.0,8
B4,copies,f3,op,precision_C90_pstar,0.42857142857142855,8
B4,copies,f3,op,recall_C90_pstar,1.0,8
B4,copies,f3,op,f1_C90_pstar,0.6,8
B4,copies,f3,op,fn_C90_pstar,0.0,8
B4,copies,f3,op,fp_C90_pstar,4.0,8
B4,copies,f3,nonop,brier_mean_platt,8.883388966323012e-22,6
B4,copies,f3,nonop,brier_platt_C50,2.605334603721424e-21,6
B4,copies,f3,nonop,brier_platt_C75,2.9841043087739673e-23,6
B4,copies,f3,nonop,brier_platt_C90,2.9841043087739673e-23,6
B4,copies,f3,nonop,bss_cond_C50,NaN,6
B4,copies,f3,nonop,brier_clim_C50,0.1877777777777778,6
B4,copies,f3,nonop,brier_climcond_C50,0.0,6
B4,copies,f3,nonop,precision_C50_p05,NaN,6
B4,copies,f3,nonop,recall_C50_p05,NaN,6
B4,copies,f3,nonop,f1_C50_p05,NaN,6
B4,copies,f3,nonop,fn_C50_p05,0.0,6
B4,copies,f3,nonop,fp_C50_p05,0.0,6
B4,copies,f3,nonop,precision_C50_pstar,NaN,6
B4,copies,f3,nonop,recall_C50_pstar,NaN,6
B4,copies,f3,nonop,f1_C50_pstar,NaN,6
B4,copies,f3,nonop,fn_C50_pstar,0.0,6
B4,copies,f3,nonop,fp_C50_pstar,0.0,6
B4,copies,f3,nonop,bss_cond_C75,NaN,6
B4,copies,f3,nonop,brier_clim_C75,0.06530864197530863,6
B4,copies,f3,nonop,brier_climcond_C75,0.0,6
B4,copies,f3,nonop,precision_C75_p05,NaN,6
B4,copies,f3,nonop,recall_C75_p05,NaN,6
B4,copies,f3,nonop,f1_C75_p05,NaN,6
B4,copies,f3,nonop,fn_C75_p05,0.0,6
B4,copies,f3,nonop,fp_C75_p05,0.0,6
B4,copies,f3,nonop,precision_C75_pstar,NaN,6
B4,copies,f3,nonop,recall_C75_pstar,NaN,6
B4,copies,f3,nonop,f1_C75_pstar,NaN,6
B4,copies,f3,nonop,fn_C75_pstar,0.0,6
B4,copies,f3,nonop,fp_C75_pstar,0.0,6
B4,copies,f3,nonop,bss_cond_C90,NaN,6
B4,copies,f3,nonop,brier_clim_C90,0.01493827160493827,6
B4,copies,f3,nonop,brier_climcond_C90,0.0,6
B4,copies,f3,nonop,precision_C90_p05,NaN,6
B4,copies,f3,nonop,recall_C90_p05,NaN,6
B4,copies,f3,nonop,f1_C90_p05,NaN,6
B4,copies,f3,nonop,fn_C90_p05,0.0,6
B4,copies,f3,nonop,fp_C90_p05,0.0,6
B4,copies,f3,nonop,precision_C90_pstar,NaN,6
B4,copies,f3,nonop,recall_C90_pstar,NaN,6
B4,copies,f3,nonop,f1_C90_pstar,NaN,6
B4,copies,f3,nonop,fn_C90_pstar,0.0,6
B4,copies,f3,nonop,fp_C90_pstar,0.0,6
B4,copies,f4,all,brier_mean_platt,0.17136716570180274,12
B4,copies,f4,all,brier_platt_C50,1.141960690550496e-8,12
B4,copies,f4,all,brier_platt_C75,0.3810425041731948,12
B4,copies,f4,all,brier_platt_C90,0.13305898151260648,12
B4,copies,f4,all,bss_cond_C50,0.9999998936931167,12
B4,copies,f4,all,brier_clim_C50,0.2994021203155817,12
B4,copies,f4,all,brier_climcond_C50,0.10742114298242957,12
B4,copies,f4,all,precision_C50_p05,1.0,12
B4,copies,f4,all,recall_C50_p05,1.0,12
B4,copies,f4,all,f1_C50_p05,1.0,12
B4,copies,f4,all,fn_C50_p05,0.0,12
B4,copies,f4,all,fp_C50_p05,0.0,12
B4,copies,f4,all,precision_C50_pstar,1.0,12
B4,copies,f4,all,recall_C50_pstar,1.0,12
B4,copies,f4,all,f1_C50_pstar,1.0,12
B4,copies,f4,all,fn_C50_pstar,0.0,12
B4,copies,f4,all,fp_C50_pstar,0.0,12
B4,copies,f4,all,bss_cond_C75,-1.072704999979972,12
B4,copies,f4,all,brier_clim_C75,0.18786982248520712,12
B4,copies,f4,all,brier_climcond_C75,0.1838382713299175,12
B4,copies,f4,all,precision_C75_p05,0.3,12
B4,copies,f4,all,recall_C75_p05,1.0,12
B4,copies,f4,all,f1_C75_p05,0.46153846153846156,12
B4,copies,f4,all,fn_C75_p05,0.0,12
B4,copies,f4,all,fp_C75_p05,7.0,12
B4,copies,f4,all,precision_C75_pstar,0.3,12
B4,copies,f4,all,recall_C75_pstar,1.0,12
B4,copies,f4,all,f1_C75_pstar,0.46153846153846156,12
B4,copies,f4,all,fn_C75_pstar,0.0,12
B4,copies,f4,all,fp_C75_pstar,7.0,12
B4,copies,f4,all,bss_cond_C90,-3.9775147334174203,12
B4,copies,f4,all,brier_clim_C90,0.013313609467455625,12
B4,copies,f4,all,brier_climcond_C90,0.026732011583871687,12
B4,copies,f4,all,precision_C90_p05,NaN,12
B4,copies,f4,all,recall_C90_p05,NaN,12
B4,copies,f4,all,f1_C90_p05,NaN,12
B4,copies,f4,all,fn_C90_p05,0.0,12
B4,copies,f4,all,fp_C90_p05,0.0,12
B4,copies,f4,all,precision_C90_pstar,0.0,12
B4,copies,f4,all,recall_C90_pstar,NaN,12
B4,copies,f4,all,f1_C90_pstar,NaN,12
B4,copies,f4,all,fn_C90_pstar,0.0,12
B4,copies,f4,all,fp_C90_pstar,8.0,12
B4,copies,f4,op,brier_mean_platt,0.18694599894742117,11
B4,copies,f4,op,brier_platt_C50,1.2457752977415826e-8,11
B4,copies,f4,op,brier_platt_C75,0.4156827318253034,11
B4,copies,f4,op,brier_platt_C90,0.14515525255920705,11
B4,copies,f4,op,bss_cond_C50,0.9999998936931168,11
B4,copies,f4,op,brier_clim_C50,0.309600255513717,11
B4,copies,f4,op,brier_climcond_C50,0.11718670143537771,11
B4,copies,f4,op,precision_C50_p05,1.0,11
B4,copies,f4,op,recall_C50_p05,1.0,11
B4,copies,f4,op,f1_C50_p05,1.0,11
B4,copies,f4,op,fn_C50_p05,0.0,11
B4,copies,f4,op,fp_C50_p05,0.0,11
B4,copies,f4,op,precision_C50_pstar,1.0,11
B4,copies,f4,op,recall_C50_pstar,1.0,11
B4,copies,f4,op,f1_C50_pstar,1.0,11
B4,copies,f4,op,fn_C50_pstar,0.0,11
B4,copies,f4,op,fp_C50_pstar,0.0,11
B4,copies,f4,op,bss_cond_C75,-1.072704999979972,11
B4,copies,f4,op,brier_clim_C75,0.1983593329747176,11
B4,copies,f4,op,brier_climcond_C75,0.2005508414508191,11
B4,copies,f4,op,precision_C75_p05,0.3,11
B4,copies,f4,op,recall_C75_p05,1.0,11
B4,copies,f4,op,f1_C75_p05,0.46153846153846156,11
B4,copies,f4,op,fn_C75_p05,0.0,11
B4,copies,f4,op,fp_C75_p05,7.0,11
B4,copies,f4,op,precision_C75_pstar,0.3,11
B4,copies,f4,op,recall_C75_pstar,1.0,11
B4,copies,f4,op,f1_C75_pstar,0.46153846153846156,11
B4,copies,f4,op,fn_C75_pstar,0.0,11
B4,copies,f4,op,fp_C75_pstar,7.0,11
B4,copies,f4,op,bss_cond_C90,-3.9775147334174203,11
B4,copies,f4,op,brier_clim_C90,0.013313609467455623,11
B4,copies,f4,op,brier_climcond_C90,0.02916219445513275,11
B4,copies,f4,op,precision_C90_p05,NaN,11
B4,copies,f4,op,recall_C90_p05,NaN,11
B4,copies,f4,op,f1_C90_p05,NaN,11
B4,copies,f4,op,fn_C90_p05,0.0,11
B4,copies,f4,op,fp_C90_p05,0.0,11
B4,copies,f4,op,precision_C90_pstar,0.0,11
B4,copies,f4,op,recall_C90_pstar,NaN,11
B4,copies,f4,op,f1_C90_pstar,NaN,11
B4,copies,f4,op,fn_C90_pstar,0.0,11
B4,copies,f4,op,fp_C90_pstar,8.0,11
B4,copies,f4,nonop,brier_mean_platt,1.1448541075864963e-16,1
B4,copies,f4,nonop,brier_platt_C50,1.1448541075864963e-16,1
B4,copies,f4,nonop,brier_platt_C75,1.1448541075864963e-16,1
B4,copies,f4,nonop,brier_platt_C90,1.1448541075864963e-16,1
B4,copies,f4,nonop,bss_cond_C50,NaN,1
B4,copies,f4,nonop,brier_clim_C50,0.1872226331360947,1
B4,copies,f4,nonop,brier_climcond_C50,0.0,1
B4,copies,f4,nonop,precision_C50_p05,NaN,1
B4,copies,f4,nonop,recall_C50_p05,NaN,1
B4,copies,f4,nonop,f1_C50_p05,NaN,1
B4,copies,f4,nonop,fn_C50_p05,0.0,1
B4,copies,f4,nonop,fp_C50_p05,0.0,1
B4,copies,f4,nonop,precision_C50_pstar,NaN,1
B4,copies,f4,nonop,recall_C50_pstar,NaN,1
B4,copies,f4,nonop,f1_C50_pstar,NaN,1
B4,copies,f4,nonop,fn_C50_pstar,0.0,1
B4,copies,f4,nonop,fp_C50_pstar,0.0,1
B4,copies,f4,nonop,bss_cond_C75,NaN,1
B4,copies,f4,nonop,brier_clim_C75,0.07248520710059171,1
B4,copies,f4,nonop,brier_climcond_C75,0.0,1
B4,copies,f4,nonop,precision_C75_p05,NaN,1
B4,copies,f4,nonop,recall_C75_p05,NaN,1
B4,copies,f4,nonop,f1_C75_p05,NaN,1
B4,copies,f4,nonop,fn_C75_p05,0.0,1
B4,copies,f4,nonop,fp_C75_p05,0.0,1
B4,copies,f4,nonop,precision_C75_pstar,NaN,1
B4,copies,f4,nonop,recall_C75_pstar,NaN,1
B4,copies,f4,nonop,f1_C75_pstar,NaN,1
B4,copies,f4,nonop,fn_C75_pstar,0.0,1
B4,copies,f4,nonop,fp_C75_pstar,0.0,1
B4,copies,f4,nonop,bss_cond_C90,NaN,1
B4,copies,f4,nonop,brier_clim_C90,0.013313609467455623,1
B4,copies,f4,nonop,brier_climcond_C90,0.0,1
B4,copies,f4,nonop,precision_C90_p05,NaN,1
B4,copies,f4,nonop,recall_C90_p05,NaN,1
B4,copies,f4,nonop,f1_C90_p05,NaN,1
B4,copies,f4,nonop,fn_C90_p05,0.0,1
B4,copies,f4,nonop,fp_C90_p05,0.0,1
B4,copies,f4,nonop,precision_C90_pstar,NaN,1
B4,copies,f4,nonop,recall_C90_pstar,NaN,1
B4,copies,f4,nonop,f1_C90_pstar,NaN,1
B4,copies,f4,nonop,fn_C90_pstar,0.0,1
B4,copies,f4,nonop,fp_C90_pstar,0.0,1
B4,copies,pooled,all,brier_mean_platt,0.12162273676881405,52
B4,copies,pooled,all,brier_platt_C50,0.01922688908963041,52
B4,copies,pooled,all,brier_platt_C75,0.13091454594511492,52
B4,copies,pooled,all,brier_platt_C90,0.21472677527169684,52
B4,copies,pooled,all,bss_cond_C50,0.8310059358519423,52
B4,copies,pooled,all,brier_clim_C50,0.2761019581174907,52
B4,copies,pooled,all,brier_climcond_C50,0.11377257057257056,52
B4,copies,pooled,all,precision_C50_p05,0.9696969696969697,52
B4,copies,pooled,all,recall_C50_p05,1.0,52
B4,copies,pooled,all,f1_C50_p05,0.9846153846153847,52
B4,copies,pooled,all,fn_C50_p05,0.0,52
B4,copies,pooled,all,fp_C50_p05,1.0,52
B4,copies,pooled,all,precision_C50_pstar,0.9696969696969697,52
B4,copies,pooled,all,recall_C50_pstar,1.0,52
B4,copies,pooled,all,f1_C50_pstar,0.9846153846153847,52
B4,copies,pooled,all,fn_C50_pstar,0.0,52
B4,copies,pooled,all,fp_C50_pstar,1.0,52
B4,copies,pooled,all,bss_cond_C75,0.4480646345443715,52
B4,copies,pooled,all,brier_clim_C75,0.29831541780528686,52
B4,copies,pooled,all,brier_climcond_C75,0.23719180566920836,52
B4,copies,pooled,all,precision_C75_p05,0.7272727272727273,52
B4,copies,pooled,all,recall_C75_p05,1.0,52
B4,copies,pooled,all,f1_C75_p05,0.8421052631578947,52
B4,copies,pooled,all,fn_C75_p05,0.0,52
B4,copies,pooled,all,fp_C75_p05,9.0,52
B4,copies,pooled,all,precision_C75_pstar,0.7272727272727273,52
B4,copies,pooled,all,recall_C75_pstar,1.0,52
B4,copies,pooled,all,f1_C75_pstar,0.8421052631578947,52
B4,copies,pooled,all,fn_C75_pstar,0.0,52
B4,copies,pooled,all,fp_C75_pstar,9.0,52
B4,copies,pooled,all,bss_cond_C90,0.024267499609613163,52
B4,copies,pooled,all,brier_clim_C90,0.24192251976634266,52
B4,copies,pooled,all,brier_climcond_C90,0.22006725735361432,52
B4,copies,pooled,all,precision_C90_p05,0.42857142857142855,52
B4,copies,pooled,all,recall_C90_p05,0.2,52
B4,copies,pooled,all,f1_C90_p05,0.2727272727272727,52
B4,copies,pooled,all,fn_C90_p05,12.0,52
B4,copies,pooled,all,fp_C90_p05,4.0,52
B4,copies,pooled,all,precision_C90_pstar,0.4838709677419355,52
B4,copies,pooled,all,recall_C90_pstar,1.0,52
B4,copies,pooled,all,f1_C90_pstar,0.6521739130434783,52
B4,copies,pooled,all,fn_C90_pstar,0.0,52
B4,copies,pooled,all,fp_C90_pstar,16.0,52
B4,copies,pooled,op,brier_mean_platt,0.16643111347311396,38
B4,copies,pooled,op,brier_platt_C50,0.02631047980686266,38
B4,copies,pooled,op,brier_platt_C75,0.17914622076699938,38
B4,copies,pooled,op,brier_platt_C90,0.2938366398454799,38
B4,copies,pooled,op,bss_cond_C50,0.8310059358519424,38
B4,copies,pooled,op,brier_clim_C50,0.3112943996632184,38
B4,copies,pooled,op,brier_climcond_C50,0.15568878078351758,38
B4,copies,pooled,op,precision_C50_p05,0.9696969696969697,38
B4,copies,pooled,op,recall_C50_p05,1.0,38
B4,copies,pooled,op,f1_C50_p05,0.9846153846153847,38
B4,copies,pooled,op,fn_C50_p05,0.0,38
B4,copies,pooled,op,fp_C50_p05,1.0,38
B4,copies,pooled,op,precision_C50_pstar,0.9696969696969697,38
B4,copies,pooled,op,recall_C50_pstar,1.0,38
B4,copies,pooled,op,f1_C50_pstar,0.9846153846153847,38
B4,copies,pooled,op,fn_C50_pstar,0.0,38
B4,copies,pooled,op,fp_C50_pstar,1.0,38
B4,copies,pooled,op,bss_cond_C75,0.4480646345443715,38
B4,copies,pooled,op,brier_clim_C75,0.3846831207680007,38
B4,copies,pooled,op,brier_climcond_C75,0.324578260389443,38
B4,copies,pooled,op,precision_C75_p05,0.7272727272727273,38
B4,copies,pooled,op,recall_C75_p05,1.0,38
B4,copies,pooled,op,f1_C75_p05,0.8421052631578947,38
B4,copies,pooled,op,fn_C75_p05,0.0,38
B4,copies,pooled,op,fp_C75_p05,9.0,38
B4,copies,pooled,op,precision_C75_pstar,0.7272727272727273,38
B4,copies,pooled,op,recall_C75_pstar,1.0,38
B4,copies,pooled,op,f1_C75_pstar,0.8421052631578947,38
B4,copies,pooled,op,fn_C75_pstar,0.0,38
B4,copies,pooled,op,fp_C75_pstar,9.0,38
B4,copies,pooled,op,bss_cond_C90,0.02426749960961294,38
B4,copies,pooled,op,brier_clim_C90,0.32661109124216203,38
B4,copies,pooled,op,brier_climcond_C90,0.30114466795757744,38
B4,copies,pooled,op,precision_C90_p05,0.42857142857142855,38
B4,copies,pooled,op,recall_C90_p05,0.2,38
B4,copies,pooled,op,f1_C90_p05,0.2727272727272727,38
B4,copies,pooled,op,fn_C90_p05,12.0,38
B4,copies,pooled,op,fp_C90_p05,4.0,38
B4,copies,pooled,op,precision_C90_pstar,0.4838709677419355,38
B4,copies,pooled,op,recall_C90_pstar,1.0,38
B4,copies,pooled,op,f1_C90_pstar,0.6521739130434783,38
B4,copies,pooled,op,fn_C90_pstar,0.0,38
B4,copies,pooled,op,fp_C90_pstar,16.0,38
B4,copies,pooled,nonop,brier_mean_platt,8.177916030400764e-18,14
B4,copies,pooled,nonop,brier_platt_C50,8.17865213968975e-18,14
B4,copies,pooled,nonop,brier_platt_C75,8.17754797575627e-18,14
B4,copies,pooled,nonop,brier_platt_C90,8.17754797575627e-18,14
B4,copies,pooled,nonop,bss_cond_C50,NaN,14
B4,copies,pooled,nonop,brier_clim_C50,0.18057961677908696,14
B4,copies,pooled,nonop,brier_climcond_C50,0.0,14
B4,copies,pooled,nonop,precision_C50_p05,NaN,14
B4,copies,pooled,nonop,recall_C50_p05,NaN,14
B4,copies,pooled,nonop,f1_C50_p05,NaN,14
B4,copies,pooled,nonop,fn_C50_p05,0.0,14
B4,copies,pooled,nonop,fp_C50_p05,0.0,14
B4,copies,pooled,nonop,precision_C50_pstar,NaN,14
B4,copies,pooled,nonop,recall_C50_pstar,NaN,14
B4,copies,pooled,nonop,f1_C50_pstar,NaN,14
B4,copies,pooled,nonop,fn_C50_pstar,0.0,14
B4,copies,pooled,nonop,fp_C50_pstar,0.0,14
B4,copies,pooled,nonop,bss_cond_C75,NaN,14
B4,copies,pooled,nonop,brier_clim_C75,0.06388879547792062,14
B4,copies,pooled,nonop,brier_climcond_C75,0.0,14
B4,copies,pooled,nonop,precision_C75_p05,NaN,14
B4,copies,pooled,nonop,recall_C75_p05,NaN,14
B4,copies,pooled,nonop,f1_C75_p05,NaN,14
B4,copies,pooled,nonop,fn_C75_p05,0.0,14
B4,copies,pooled,nonop,fp_C75_p05,0.0,14
B4,copies,pooled,nonop,precision_C75_pstar,NaN,14
B4,copies,pooled,nonop,recall_C75_pstar,NaN,14
B4,copies,pooled,nonop,f1_C75_pstar,NaN,14
B4,copies,pooled,nonop,fn_C75_pstar,0.0,14
B4,copies,pooled,nonop,fp_C75_pstar,0.0,14
B4,copies,pooled,nonop,bss_cond_C90,NaN,14
B4,copies,pooled,nonop,brier_clim_C90,0.01205354004626161,14
B4,copies,pooled,nonop,brier_climcond_C90,0.0,14
B4,copies,pooled,nonop,precision_C90_p05,NaN,14
B4,copies,pooled,nonop,recall_C90_p05,NaN,14
B4,copies,pooled,nonop,f1_C90_p05,NaN,14
B4,copies,pooled,nonop,fn_C90_p05,0.0,14
B4,copies,pooled,nonop,fp_C90_p05,0.0,14
B4,copies,pooled,nonop,precision_C90_pstar,NaN,14
B4,copies,pooled,nonop,recall_C90_pstar,NaN,14
B4,copies,pooled,nonop,f1_C90_pstar,NaN,14
B4,copies,pooled,nonop,fn_C90_pstar,0.0,14
B4,copies,pooled,nonop,fp_C90_pstar,0.0,14
B1,suspect,f1,all,brier_mean_platt,0.2720081706744906,14
B1,suspect,f1,all,brier_platt_C50,0.03623124862333178,14
B1,suspect,f1,all,brier_platt_C75,0.4296014212508185,14
B1,suspect,f1,all,brier_platt_C90,0.35019184214932153,14
B1,suspect,f1,all,bss_cond_C50,0.7899476690242422,14
B1,suspect,f1,all,brier_clim_C50,0.31276415891800513,14
B1,suspect,f1,all,brier_climcond_C50,0.1724867724867725,14
B1,suspect,f1,all,precision_C50_p05,1.0,14
B1,suspect,f1,all,recall_C50_p05,0.9,14
B1,suspect,f1,all,f1_C50_p05,0.9473684210526315,14
B1,suspect,f1,all,fn_C50_p05,1.0,14
B1,suspect,f1,all,fp_C50_p05,0.0,14
B1,suspect,f1,all,precision_C50_pstar,1.0,14
B1,suspect,f1,all,recall_C50_pstar,0.9,14
B1,suspect,f1,all,f1_C50_pstar,0.9473684210526315,14
B1,suspect,f1,all,fn_C50_pstar,1.0,14
B1,suspect,f1,all,fp_C50_pstar,0.0,14
B1,suspect,f1,all,bss_cond_C75,-0.11327242161432349,14
B1,suspect,f1,all,brier_clim_C75,0.4529839391377854,14
B1,suspect,f1,all,brier_climcond_C75,0.3858906525573194,14
B1,suspect,f1,all,precision_C75_p05,NaN,14
B1,suspect,f1,all,recall_C75_p05,0.0,14
B1,suspect,f1,all,f1_C75_p05,0.0,14
B1,suspect,f1,all,fn_C75_p05,10.0,14
B1,suspect,f1,all,fp_C75_p05,0.0,14
B1,suspect,f1,all,precision_C75_pstar,1.0,14
B1,suspect,f1,all,recall_C75_pstar,0.7,14
B1,suspect,f1,all,f1_C75_pstar,0.8235294117647058,14
B1,suspect,f1,all,fn_C75_pstar,3.0,14
B1,suspect,f1,all,fp_C75_pstar,0.0,14
B1,suspect,f1,all,bss_cond_C90,-0.2219001507610172,14
B1,suspect,f1,all,brier_clim_C90,0.3081149619611158,14
B1,suspect,f1,all,brier_climcond_C90,0.2865961199294533,14
B1,suspect,f1,all,precision_C90_p05,NaN,14
B1,suspect,f1,all,recall_C90_p05,0.0,14
B1,suspect,f1,all,f1_C90_p05,0.0,14
B1,suspect,f1,all,fn_C90_p05,5.0,14
B1,suspect,f1,all,fp_C90_p05,0.0,14
B1,suspect,f1,all,precision_C90_pstar,NaN,14
B1,suspect,f1,all,recall_C90_pstar,0.0,14
B1,suspect,f1,all,f1_C90_pstar,0.0,14
B1,suspect,f1,all,fn_C90_pstar,5.0,14
B1,suspect,f1,all,fp_C90_pstar,0.0,14
B1,suspect,f1,op,brier_mean_platt,0.3173428657869057,12
B1,suspect,f1,op,brier_platt_C50,0.04226979006055375,12
B1,suspect,f1,op,brier_platt_C75,0.501201658125955,12
B1,suspect,f1,op,brier_platt_C90,0.40855714917420843,12
B1,suspect,f1,op,bss_cond_C50,0.7899476690242422,12
B1,suspect,f1,op,brier_clim_C50,0.3402366863905326,12
B1,suspect,f1,op,brier_climcond_C50,0.2012345679012346,12
B1,suspect,f1,op,precision_C50_p05,1.0,12
B1,suspect,f1,op,recall_C50_p05,0.9,12
B1,suspect,f1,op,f1_C50_p05,0.9473684210526315,12
B1,suspect,f1,op,fn_C50_p05,1.0,12
B1,suspect,f1,op,fp_C50_p05,0.0,12
B1,suspect,f1,op,precision_C50_pstar,1.0,12
B1,suspect,f1,op,recall_C50_pstar,0.9,12
B1,suspect,f1,op,f1_C50_pstar,0.9473684210526315,12
B1,suspect,f1,op,fn_C50_pstar,1.0,12
B1,suspect,f1,op,fp_C50_pstar,0.0,12
B1,suspect,f1,op,bss_cond_C75,-0.11327242161432372,12
B1,suspect,f1,op,brier_clim_C75,0.5207495069033531,12
B1,suspect,f1,op,brier_climcond_C75,0.4502057613168726,12
B1,suspect,f1,op,precision_C75_p05,NaN,12
B1,suspect,f1,op,recall_C75_p05,0.0,12
B1,suspect,f1,op,f1_C75_p05,0.0,12
B1,suspect,f1,op,fn_C75_p05,10.0,12
B1,suspect,f1,op,fp_C75_p05,0.0,12
B1,suspect,f1,op,precision_C75_pstar,1.0,12
B1,suspect,f1,op,recall_C75_pstar,0.7,12
B1,suspect,f1,op,f1_C75_pstar,0.8235294117647058,12
B1,suspect,f1,op,fn_C75_pstar,3.0,12
B1,suspect,f1,op,fp_C75_pstar,0.0,12
B1,suspect,f1,op,bss_cond_C90,-0.2219001507610172,12
B1,suspect,f1,op,brier_clim_C90,0.35848126232741623,12
B1,suspect,f1,op,brier_climcond_C90,0.3343621399176955,12
B1,suspect,f1,op,precision_C90_p05,NaN,12
B1,suspect,f1,op,recall_C90_p05,0.0,12
B1,suspect,f1,op,f1_C90_p05,0.0,12
B1,suspect,f1,op,fn_C90_p05,5.0,12
B1,suspect,f1,op,fp_C90_p05,0.0,12
B1,suspect,f1,op,precision_C90_pstar,NaN,12
B1,suspect,f1,op,recall_C90_pstar,0.0,12
B1,suspect,f1,op,f1_C90_pstar,0.0,12
B1,suspect,f1,op,fn_C90_pstar,5.0,12
B1,suspect,f1,op,fp_C90_pstar,0.0,12
B1,suspect,f1,nonop,brier_mean_platt,1.144192320005201e-18,2
B1,suspect,f1,nonop,brier_platt_C50,1.144192320005201e-18,2
B1,suspect,f1,nonop,brier_platt_C75,1.144192320005201e-18,2
B1,suspect,f1,nonop,brier_platt_C90,1.144192320005201e-18,2
B1,suspect,f1,nonop,bss_cond_C50,NaN,2
B1,suspect,f1,nonop,brier_clim_C50,0.14792899408284024,2
B1,suspect,f1,nonop,brier_climcond_C50,0.0,2
B1,suspect,f1,nonop,precision_C50_p05,NaN,2
B1,suspect,f1,nonop,recall_C50_p05,NaN,2
B1,suspect,f1,nonop,f1_C50_p05,NaN,2
B1,suspect,f1,nonop,fn_C50_p05,0.0,2
B1,suspect,f1,nonop,fp_C50_p05,0.0,2
B1,suspect,f1,nonop,precision_C50_pstar,NaN,2
B1,suspect,f1,nonop,recall_C50_pstar,NaN,2
B1,suspect,f1,nonop,f1_C50_pstar,NaN,2
B1,suspect,f1,nonop,fn_C50_pstar,0.0,2
B1,suspect,f1,nonop,fp_C50_pstar,0.0,2
B1,suspect,f1,nonop,bss_cond_C75,NaN,2
B1,suspect,f1,nonop,brier_clim_C75,0.0463905325443787,2
B1,suspect,f1,nonop,brier_climcond_C75,0.0,2
B1,suspect,f1,nonop,precision_C75_p05,NaN,2
B1,suspect,f1,nonop,recall_C75_p05,NaN,2
B1,suspect,f1,nonop,f1_C75_p05,NaN,2
B1,suspect,f1,nonop,fn_C75_p05,0.0,2
B1,suspect,f1,nonop,fp_C75_p05,0.0,2
B1,suspect,f1,nonop,precision_C75_pstar,NaN,2
B1,suspect,f1,nonop,recall_C75_pstar,NaN,2
B1,suspect,f1,nonop,f1_C75_pstar,NaN,2
B1,suspect,f1,nonop,fn_C75_pstar,0.0,2
B1,suspect,f1,nonop,fp_C75_pstar,0.0,2
B1,suspect,f1,nonop,bss_cond_C90,NaN,2
B1,suspect,f1,nonop,brier_clim_C90,0.00591715976331361,2
B1,suspect,f1,nonop,brier_climcond_C90,0.0,2
B1,suspect,f1,nonop,precision_C90_p05,NaN,2
B1,suspect,f1,nonop,recall_C90_p05,NaN,2
B1,suspect,f1,nonop,f1_C90_p05,NaN,2
B1,suspect,f1,nonop,fn_C90_p05,0.0,2
B1,suspect,f1,nonop,fp_C90_p05,0.0,2
B1,suspect,f1,nonop,precision_C90_pstar,NaN,2
B1,suspect,f1,nonop,recall_C90_pstar,NaN,2
B1,suspect,f1,nonop,f1_C90_pstar,NaN,2
B1,suspect,f1,nonop,fn_C90_pstar,0.0,2
B1,suspect,f1,nonop,fp_C90_pstar,0.0,2
B1,suspect,f2,all,brier_mean_platt,0.12276770229421102,13
B1,suspect,f2,all,brier_platt_C50,0.06882367594110612,13
B1,suspect,f2,all,brier_platt_C75,0.055034859712763055,13
B1,suspect,f2,all,brier_platt_C90,0.24444457122876392,13
B1,suspect,f2,all,bss_cond_C50,0.3802463614949304,13
B1,suspect,f2,all,brier_clim_C50,0.26697977347328,13
B1,suspect,f2,all,brier_climcond_C50,0.11105005548191413,13
B1,suspect,f2,all,precision_C50_p05,0.7777777777777778,13
B1,suspect,f2,all,recall_C50_p05,1.0,13
B1,suspect,f2,all,f1_C50_p05,0.875,13
B1,suspect,f2,all,fn_C50_p05,0.0,13
B1,suspect,f2,all,fp_C50_p05,2.0,13
B1,suspect,f2,all,precision_C50_pstar,0.7777777777777778,13
B1,suspect,f2,all,recall_C50_pstar,1.0,13
B1,suspect,f2,all,f1_C50_pstar,0.875,13
B1,suspect,f2,all,fn_C50_pstar,0.0,13
B1,suspect,f2,all,fp_C50_pstar,2.0,13
B1,suspect,f2,all,bss_cond_C75,0.8112418547824769,13
B1,suspect,f2,all,brier_clim_C75,0.3666203925944187,13
B1,suspect,f2,all,brier_climcond_C75,0.29156283374866504,13
B1,suspect,f2,all,precision_C75_p05,0.875,13
B1,suspect,f2,all,recall_C75_p05,1.0,13
B1,suspect,f2,all,f1_C75_p05,0.9333333333333333,13
B1,suspect,f2,all,fn_C75_p05,0.0,13
B1,suspect,f2,all,fp_C75_p05,1.0,13
B1,suspect,f2,all,precision_C75_pstar,0.875,13
B1,suspect,f2,all,recall_C75_pstar,1.0,13
B1,suspect,f2,all,f1_C75_pstar,0.9333333333333333,13
B1,suspect,f2,all,fn_C75_pstar,0.0,13
B1,suspect,f2,all,fp_C75_pstar,1.0,13
B1,suspect,f2,all,bss_cond_C90,0.42272635274133274,13
B1,suspect,f2,all,brier_clim_C90,0.4606173047731488,13
B1,suspect,f2,all,brier_climcond_C90,0.4234466139058521,13
B1,suspect,f2,all,precision_C90_p05,0.8,13
B1,suspect,f2,all,recall_C90_p05,0.5714285714285714,13
B1,suspect,f2,all,f1_C90_p05,0.6666666666666666,13
B1,suspect,f2,all,fn_C90_p05,3.0,13
B1,suspect,f2,all,fp_C90_p05,1.0,13
B1,suspect,f2,all,precision_C90_pstar,0.8,13
B1,suspect,f2,all,recall_C90_pstar,0.5714285714285714,13
B1,suspect,f2,all,f1_C90_pstar,0.6666666666666666,13
B1,suspect,f2,all,fn_C90_pstar,3.0,13
B1,suspect,f2,all,fp_C90_pstar,1.0,13
B1,suspect,f2,op,brier_mean_platt,0.1215124127062774,8
B1,suspect,f2,op,brier_platt_C50,0.03385263146621047,8
B1,suspect,f2,op,brier_platt_C75,0.01144580509515299,8
B1,suspect,f2,op,brier_platt_C90,0.3192388015574687,8
B1,suspect,f2,op,bss_cond_C50,0.8124054193022545,8
B1,suspect,f2,op,brier_clim_C50,0.3325392140327205,8
B1,suspect,f2,op,brier_climcond_C50,0.18045634015811046,8
B1,suspect,f2,op,precision_C50_p05,0.875,8
B1,suspect,f2,op,recall_C50_p05,1.0,8
B1,suspect,f2,op,f1_C50_p05,0.9333333333333333,8
B1,suspect,f2,op,fn_C50_p05,0.0,8
B1,suspect,f2,op,fp_C50_p05,1.0,8
B1,suspect,f2,op,precision_C50_pstar,0.875,8
B1,suspect,f2,op,recall_C50_pstar,1.0,8
B1,suspect,f2,op,f1_C50_pstar,0.9333333333333333,8
B1,suspect,f2,op,fn_C50_pstar,0.0,8
B1,suspect,f2,op,fp_C50_pstar,1.0,8
B1,suspect,f2,op,bss_cond_C75,0.9758420088195475,8
B1,suspect,f2,op,brier_clim_C75,0.572039973013999,8
B1,suspect,f2,op,brier_climcond_C75,0.4737896048415807,8
B1,suspect,f2,op,precision_C75_p05,1.0,8
B1,suspect,f2,op,recall_C75_p05,1.0,8
B1,suspect,f2,op,f1_C75_p05,1.0,8
B1,suspect,f2,op,fn_C75_p05,0.0,8
B1,suspect,f2,op,fp_C75_p05,0.0,8
B1,suspect,f2,op,precision_C75_pstar,1.0,8
B1,suspect,f2,op,recall_C75_pstar,1.0,8
B1,suspect,f2,op,f1_C75_pstar,1.0,8
B1,suspect,f2,op,fn_C75_pstar,0.0,8
B1,suspect,f2,op,fp_C75_pstar,0.0,8
B1,suspect,f2,op,bss_cond_C90,0.5360580515682962,8
B1,suspect,f2,op,brier_clim_C90,0.7447082138640579,8
B1,suspect,f2,op,brier_climcond_C90,0.6881007475970097,8
B1,suspect,f2,op,precision_C90_p05,1.0,8
B1,suspect,f2,op,recall_C90_p05,0.5714285714285714,8
B1,suspect,f2,op,f1_C90_p05,0.7272727272727273,8
B1,suspect,f2,op,fn_C90_p05,3.0,8
B1,suspect,f2,op,fp_C90_p05,0.0,8
B1,suspect,f2,op,precision_C90_pstar,1.0,8
B1,suspect,f2,op,recall_C90_pstar,0.5714285714285714,8
B1,suspect,f2,op,f1_C90_pstar,0.7272727272727273,8
B1,suspect,f2,op,fn_C90_pstar,3.0,8
B1,suspect,f2,op,fp_C90_pstar,0.0,8
B1,suspect,f2,nonop,brier_mean_platt,0.12477616563490486,5
B1,suspect,f2,nonop,brier_platt_C50,0.12477734710093916,5
B1,suspect,f2,nonop,brier_platt_C75,0.12477734710093916,5
B1,suspect,f2,nonop,brier_platt_C90,0.12477380270283625,5
B1,suspect,f2,nonop,bss_cond_C50,NaN,5
B1,suspect,f2,nonop,brier_clim_C50,0.16208466857817508,5
B1,suspect,f2,nonop,brier_climcond_C50,0.0,5
B1,suspect,f2,nonop,precision_C50_p05,0.0,5
B1,suspect,f2,nonop,recall_C50_p05,NaN,5
B1,suspect,f2,nonop,f1_C50_p05,NaN,5
B1,suspect,f2,nonop,fn_C50_p05,0.0,5
B1,suspect,f2,nonop,fp_C50_p05,1.0,5
B1,suspect,f2,nonop,precision_C50_pstar,0.0,5
B1,suspect,f2,nonop,recall_C50_pstar,NaN,5
B1,suspect,f2,nonop,f1_C50_pstar,NaN,5
B1,suspect,f2,nonop,fn_C50_pstar,0.0,5
B1,suspect,f2,nonop,fp_C50_pstar,1.0,5
B1,suspect,f2,nonop,bss_cond_C75,NaN,5
B1,suspect,f2,nonop,brier_clim_C75,0.0379490639230899,5
B1,suspect,f2,nonop,brier_climcond_C75,0.0,5
B1,suspect,f2,nonop,precision_C75_p05,0.0,5
B1,suspect,f2,nonop,recall_C75_p05,NaN,5
B1,suspect,f2,nonop,f1_C75_p05,NaN,5
B1,suspect,f2,nonop,fn_C75_p05,0.0,5
B1,suspect,f2,nonop,fp_C75_p05,1.0,5
B1,suspect,f2,nonop,precision_C75_pstar,0.0,5
B1,suspect,f2,nonop,recall_C75_pstar,NaN,5
B1,suspect,f2,nonop,f1_C75_pstar,NaN,5
B1,suspect,f2,nonop,fn_C75_pstar,0.0,5
B1,suspect,f2,nonop,fp_C75_pstar,1.0,5
B1,suspect,f2,nonop,bss_cond_C90,NaN,5
B1,suspect,f2,nonop,brier_clim_C90,0.0060718502276943835,5
B1,suspect,f2,nonop,brier_climcond_C90,0.0,5
B1,suspect,f2,nonop,precision_C90_p05,0.0,5
B1,suspect,f2,nonop,recall_C90_p05,NaN,5
B1,suspect,f2,nonop,f1_C90_p05,NaN,5
B1,suspect,f2,nonop,fn_C90_p05,0.0,5
B1,suspect,f2,nonop,fp_C90_p05,1.0,5
B1,suspect,f2,nonop,precision_C90_pstar,0.0,5
B1,suspect,f2,nonop,recall_C90_pstar,NaN,5
B1,suspect,f2,nonop,f1_C90_pstar,NaN,5
B1,suspect,f2,nonop,fn_C90_pstar,0.0,5
B1,suspect,f2,nonop,fp_C90_pstar,1.0,5
B1,suspect,f3,all,brier_mean_platt,0.17146160145881337,14
B1,suspect,f3,all,brier_platt_C50,0.14285747457375647,14
B1,suspect,f3,all,brier_platt_C75,0.22710983384423913,14
B1,suspect,f3,all,brier_platt_C90,0.1444174959584446,14
B1,suspect,f3,all,bss_cond_C50,-0.3394944613890023,14
B1,suspect,f3,all,brier_clim_C50,0.24571428571428575,14
B1,suspect,f3,all,brier_climcond_C50,0.1066502913536641,14
B1,suspect,f3,all,precision_C50_p05,0.8333333333333334,14
B1,suspect,f3,all,recall_C50_p05,0.8333333333333334,14
B1,suspect,f3,all,f1_C50_p05,0.8333333333333334,14
B1,suspect,f3,all,fn_C50_p05,1.0,14
B1,suspect,f3,all,fp_C50_p05,1.0,14
B1,suspect,f3,all,precision_C50_pstar,0.75,14
B1,suspect,f3,all,recall_C50_pstar,0.5,14
B1,suspect,f3,all,f1_C50_pstar,0.6,14
B1,suspect,f3,all,fn_C50_pstar,3.0,14
B1,suspect,f3,all,fp_C50_pstar,1.0,14
B1,suspect,f3,all,bss_cond_C75,-0.334129418615448,14
B1,suspect,f3,all,brier_clim_C75,0.2157319223985891,14
B1,suspect,f3,all,brier_climcond_C75,0.1702307367451146,14
B1,suspect,f3,all,precision_C75_p05,NaN,14
B1,suspect,f3,all,recall_C75_p05,0.0,14
B1,suspect,f3,all,f1_C75_p05,0.0,14
B1,suspect,f3,all,fn_C75_p05,4.0,14
B1,suspect,f3,all,fp_C75_p05,0.0,14
B1,suspect,f3,all,precision_C75_pstar,NaN,14
B1,suspect,f3,all,recall_C75_pstar,0.0,14
B1,suspect,f3,all,f1_C75_pstar,0.0,14
B1,suspect,f3,all,fn_C75_pstar,4.0,14
B1,suspect,f3,all,fp_C75_pstar,0.0,14
B1,suspect,f3,all,bss_cond_C90,-0.2669728922969372,14
B1,suspect,f3,all,brier_clim_C90,0.12536155202821872,14
B1,suspect,f3,all,brier_climcond_C90,0.11398625561485008,14
B1,suspect,f3,all,precision_C90_p05,NaN,14
B1,suspect,f3,all,recall_C90_p05,0.0,14
B1,suspect,f3,all,f1_C90_p05,0.0,14
B1,suspect,f3,all,fn_C90_p05,2.0,14
B1,suspect,f3,all,fp_C90_p05,0.0,14
B1,suspect,f3,all,precision_C90_pstar,NaN,14
B1,suspect,f3,all,recall_C90_pstar,0.0,14
B1,suspect,f3,all,f1_C90_pstar,0.0,14
B1,suspect,f3,all,fn_C90_pstar,2.0,14
B1,suspect,f3,all,fp_C90_pstar,0.0,14
B1,suspect,f3,op,brier_mean_platt,0.30005780255291015,8
B1,suspect,f3,op,brier_platt_C50,0.25000058050406054,8
B1,suspect,f3,op,brier_platt_C75,0.39744220922740514,8
B1,suspect,f3,op,brier_platt_C90,0.25273061792726476,8
B1,suspect,f3,op,bss_cond_C50,-0.339494461388931,8
B1,suspect,f3,op,brier_clim_C50,0.31,8
B1,suspect,f3,op,brier_climcond_C50,0.1866380098689122,8
B1,suspect,f3,op,precision_C50_p05,0.8333333333333334,8
B1,suspect,f3,op,recall_C50_p05,0.8333333333333334,8
B1,suspect,f3,op,f1_C50_p05,0.8333333333333334,8
B1,suspect,f3,op,fn_C50_p05,1.0,8
B1,suspect,f3,op,fp_C50_p05,1.0,8
B1,suspect,f3,op,precision_C50_pstar,0.75,8
B1,suspect,f3,op,recall_C50_pstar,0.5,8
B1,suspect,f3,op,f1_C50_pstar,0.6,8
B1,suspect,f3,op,fn_C50_pstar,3.0,8
B1,suspect,f3,op,fp_C50_pstar,1.0,8
B1,suspect,f3,op,bss_cond_C75,-0.33412941861540313,8
B1,suspect,f3,op,brier_clim_C75,0.3538271604938271,8
B1,suspect,f3,op,brier_climcond_C75,0.29790378930395056,8
B1,suspect,f3,op,precision_C75_p05,NaN,8
B1,suspect,f3,op,recall_C75_p05,0.0,8
B1,suspect,f3,op,f1_C75_p05,0.0,8
B1,suspect,f3,op,fn_C75_p05,4.0,8
B1,suspect,f3,op,fp_C75_p05,0.0,8
B1,suspect,f3,op,precision_C75_pstar,NaN,8
B1,suspect,f3,op,recall_C75_pstar,0.0,8
B1,suspect,f3,op,f1_C75_pstar,0.0,8
B1,suspect,f3,op,fn_C75_pstar,4.0,8
B1,suspect,f3,op,fp_C75_pstar,0.0,8
B1,suspect,f3,op,bss_cond_C90,-0.2669728922968706,8
B1,suspect,f3,op,brier_clim_C90,0.2134567901234568,8
B1,suspect,f3,op,brier_climcond_C90,0.19947594732598764,8
B1,suspect,f3,op,precision_C90_p05,NaN,8
B1,suspect,f3,op,recall_C90_p05,0.0,8
B1,suspect,f3,op,f1_C90_p05,0.0,8
B1,suspect,f3,op,fn_C90_p05,2.0,8
B1,suspect,f3,op,fp_C90_p05,0.0,8
B1,suspect,f3,op,precision_C90_pstar,NaN,8
B1,suspect,f3,op,recall_C90_pstar,0.0,8
B1,suspect,f3,op,f1_C90_pstar,0.0,8
B1,suspect,f3,op,fn_C90_pstar,2.0,8
B1,suspect,f3,op,fp_C90_pstar,0.0,8
B1,suspect,f3,nonop,brier_mean_platt,1.7714540708863128e-14,6
B1,suspect,f3,nonop,brier_platt_C50,1.7714540710037732e-14,6
B1,suspect,f3,nonop,brier_platt_C75,1.7714540710037732e-14,6
B1,suspect,f3,nonop,brier_platt_C90,1.7714540706513934e-14,6
B1,suspect,f3,nonop,bss_cond_C50,NaN,6
B1,suspect,f3,nonop,brier_clim_C50,0.16000000000000003,6
B1,suspect,f3,nonop,brier_climcond_C50,0.0,6
B1,suspect,f3,nonop,precision_C50_p05,NaN,6
B1,suspect,f3,nonop,recall_C50_p05,NaN,6
B1,suspect,f3,nonop,f1_C50_p05,NaN,6
B1,suspect,f3,nonop,fn_C50_p05,0.0,6
B1,suspect,f3,nonop,fp_C50_p05,0.0,6
B1,suspect,f3,nonop,precision_C50_pstar,NaN,6
B1,suspect,f3,nonop,recall_C50_pstar,NaN,6
B1,suspect,f3,nonop,f1_C50_pstar,NaN,6
B1,suspect,f3,nonop,fn_C50_pstar,0.0,6
B1,suspect,f3,nonop,fp_C50_pstar,0.0,6
B1,suspect,f3,nonop,bss_cond_C75,NaN,6
B1,suspect,f3,nonop,brier_clim_C75,0.03160493827160494,6
B1,suspect,f3,nonop,brier_climcond_C75,0.0,6
B1,suspect,f3,nonop,precision_C75_p05,NaN,6
B1,suspect,f3,nonop,recall_C75_p05,NaN,6
B1,suspect,f3,nonop,f1_C75_p05,NaN,6
B1,suspect,f3,nonop,fn_C75_p05,0.0,6
B1,suspect,f3,nonop,fp_C75_p05,0.0,6
B1,suspect,f3,nonop,precision_C75_pstar,NaN,6
B1,suspect,f3,nonop,recall_C75_pstar,NaN,6
B1,suspect,f3,nonop,f1_C75_pstar,NaN,6
B1,suspect,f3,nonop,fn_C75_pstar,0.0,6
B1,suspect,f3,nonop,fp_C75_pstar,0.0,6
B1,suspect,f3,nonop,bss_cond_C90,NaN,6
B1,suspect,f3,nonop,brier_clim_C90,0.007901234567901235,6
B1,suspect,f3,nonop,brier_climcond_C90,0.0,6
B1,suspect,f3,nonop,precision_C90_p05,NaN,6
B1,suspect,f3,nonop,recall_C90_p05,NaN,6
B1,suspect,f3,nonop,f1_C90_p05,NaN,6
B1,suspect,f3,nonop,fn_C90_p05,0.0,6
B1,suspect,f3,nonop,fp_C90_p05,0.0,6
B1,suspect,f3,nonop,precision_C90_pstar,NaN,6
B1,suspect,f3,nonop,recall_C90_pstar,NaN,6
B1,suspect,f3,nonop,f1_C90_pstar,NaN,6
B1,suspect,f3,nonop,fn_C90_pstar,0.0,6
B1,suspect,f3,nonop,fp_C90_pstar,0.0,6
B1,suspect,f4,all,brier_mean_platt,0.13973350005143556,12
B1,suspect,f4,all,brier_platt_C50,0.08333107033541716,12
B1,suspect,f4,all,brier_platt_C75,0.29313049999846047,12
B1,suspect,f4,all,brier_platt_C90,0.04273892982042898,12
B1,suspect,f4,all,bss_cond_C50,0.54983200844296,12
B1,suspect,f4,all,brier_clim_C50,0.33542899408284016,12
B1,suspect,f4,all,brier_climcond_C50,0.18511105164805663,12
B1,suspect,f4,all,precision_C50_p05,0.9,12
B1,suspect,f4,all,recall_C50_p05,1.0,12
B1,suspect,f4,all,f1_C50_p05,0.9473684210526315,12
B1,suspect,f4,all,fn_C50_p05,0.0,12
B1,suspect,f4,all,fp_C50_p05,1.0,12
B1,suspect,f4,all,precision_C50_pstar,0.8333333333333334,12
B1,suspect,f4,all,recall_C50_pstar,0.5555555555555556,12
B1,suspect,f4,all,f1_C50_pstar,0.6666666666666666,12
B1,suspect,f4,all,fn_C50_pstar,4.0,12
B1,suspect,f4,all,fp_C50_pstar,1.0,12
B1,suspect,f4,all,bss_cond_C75,-1.072768938555667,12
B1,suspect,f4,all,brier_clim_C75,0.13954635108481264,12
B1,suspect,f4,all,brier_climcond_C75,0.1414197668374545,12
B1,suspect,f4,all,precision_C75_p05,0.2,12
B1,suspect,f4,all,recall_C75_p05,0.5,12
B1,suspect,f4,all,f1_C75_p05,0.2857142857142857,12
B1,suspect,f4,all,fn_C75_p05,1.0,12
B1,suspect,f4,all,fp_C75_p05,4.0,12
B1,suspect,f4,all,precision_C75_pstar,0.2,12
B1,suspect,f4,all,recall_C75_pstar,0.5,12
B1,suspect,f4,all,f1_C75_pstar,0.2857142857142857,12
B1,suspect,f4,all,fn_C75_pstar,1.0,12
B1,suspect,f4,all,fp_C75_pstar,4.0,12
B1,suspect,f4,all,bss_cond_C90,-2.5972822993232314,12
B1,suspect,f4,all,brier_clim_C90,0.005917159763313611,12
B1,suspect,f4,all,brier_climcond_C90,0.011880894037276305,12
B1,suspect,f4,all,precision_C90_p05,NaN,12
B1,suspect,f4,all,recall_C90_p05,NaN,12
B1,suspect,f4,all,f1_C90_p05,NaN,12
B1,suspect,f4,all,fn_C90_p05,0.0,12
B1,suspect,f4,all,fp_C90_p05,0.0,12
B1,suspect,f4,all,precision_C90_pstar,0.0,12
B1,suspect,f4,all,recall_C90_pstar,NaN,12
B1,suspect,f4,all,f1_C90_pstar,NaN,12
B1,suspect,f4,all,fn_C90_pstar,0.0,12
B1,suspect,f4,all,fp_C90_pstar,7.0,12
B1,suspect,f4,op,brier_mean_platt,0.1524365455106569,11
B1,suspect,f4,op,brier_platt_C50,0.09090662218409137,11
B1,suspect,f4,op,brier_platt_C75,0.3197787272710478,11
B1,suspect,f4,op,brier_platt_C90,0.04662428707683153,11
B1,suspect,f4,op,bss_cond_C50,0.5498320084429604,11
B1,suspect,f4,op,brier_clim_C50,0.35378563743948355,11
B1,suspect,f4,op,brier_climcond_C50,0.20193932907060724,11
B1,suspect,f4,op,precision_C50_p05,0.9,11
B1,suspect,f4,op,recall_C50_p05,1.0,11
B1,suspect,f4,op,f1_C50_p05,0.9473684210526315,11
B1,suspect,f4,op,fn_C50_p05,0.0,11
B1,suspect,f4,op,fp_C50_p05,1.0,11
B1,suspect,f4,op,precision_C50_pstar,0.8333333333333334,11
B1,suspect,f4,op,recall_C50_pstar,0.5555555555555556,11
B1,suspect,f4,op,f1_C50_pstar,0.6666666666666666,11
B1,suspect,f4,op,fn_C50_pstar,4.0,11
B1,suspect,f4,op,fp_C50_pstar,1.0,11
B1,suspect,f4,op,bss_cond_C75,-1.072768938555667,11
B1,suspect,f4,op,brier_clim_C75,0.14887036040882198,11
B1,suspect,f4,op,brier_climcond_C75,0.1542761092772231,11
B1,suspect,f4,op,precision_C75_p05,0.2,11
B1,suspect,f4,op,recall_C75_p05,0.5,11
B1,suspect,f4,op,f1_C75_p05,0.2857142857142857,11
B1,suspect,f4,op,fn_C75_p05,1.0,11
B1,suspect,f4,op,fp_C75_p05,4.0,11
B1,suspect,f4,op,precision_C75_pstar,0.2,11
B1,suspect,f4,op,recall_C75_pstar,0.5,11
B1,suspect,f4,op,f1_C75_pstar,0.2857142857142857,11
B1,suspect,f4,op,fn_C75_pstar,1.0,11
B1,suspect,f4,op,fp_C75_pstar,4.0,11
B1,suspect,f4,op,bss_cond_C90,-2.597282299323225,11
B1,suspect,f4,op,brier_clim_C90,0.005917159763313611,11
B1,suspect,f4,op,brier_climcond_C90,0.012960975313392332,11
B1,suspect,f4,op,precision_C90_p05,NaN,11
B1,suspect,f4,op,recall_C90_p05,NaN,11
B1,suspect,f4,op,f1_C90_p05,NaN,11
B1,suspect,f4,op,fn_C90_p05,0.0,11
B1,suspect,f4,op,fp_C90_p05,0.0,11
B1,suspect,f4,op,precision_C90_pstar,0.0,11
B1,suspect,f4,op,recall_C90_pstar,NaN,11
B1,suspect,f4,op,f1_C90_pstar,NaN,11
B1,suspect,f4,op,fn_C90_pstar,0.0,11
B1,suspect,f4,op,fp_C90_pstar,7.0,11
B1,suspect,f4,nonop,brier_mean_platt,7.780045132355737e-16,1
B1,suspect,f4,nonop,brier_platt_C50,7.780045132355737e-16,1
B1,suspect,f4,nonop,brier_platt_C75,7.780045132355737e-16,1
B1,suspect,f4,nonop,brier_platt_C90,7.780045132355737e-16,1
B1,suspect,f4,nonop,bss_cond_C50,NaN,1
B1,suspect,f4,nonop,brier_clim_C50,0.1335059171597633,1
B1,suspect,f4,nonop,brier_climcond_C50,0.0,1
B1,suspect,f4,nonop,precision_C50_p05,NaN,1
B1,suspect,f4,nonop,recall_C50_p05,NaN,1
B1,suspect,f4,nonop,f1_C50_p05,NaN,1
B1,suspect,f4,nonop,fn_C50_p05,0.0,1
B1,suspect,f4,nonop,fp_C50_p05,0.0,1
B1,suspect,f4,nonop,precision_C50_pstar,NaN,1
B1,suspect,f4,nonop,recall_C50_pstar,NaN,1
B1,suspect,f4,nonop,f1_C50_pstar,NaN,1
B1,suspect,f4,nonop,fn_C50_pstar,0.0,1
B1,suspect,f4,nonop,fp_C50_pstar,0.0,1
B1,suspect,f4,nonop,bss_cond_C75,NaN,1
B1,suspect,f4,nonop,brier_clim_C75,0.03698224852071006,1
B1,suspect,f4,nonop,brier_climcond_C75,0.0,1
B1,suspect,f4,nonop,precision_C75_p05,NaN,1
B1,suspect,f4,nonop,recall_C75_p05,NaN,1
B1,suspect,f4,nonop,f1_C75_p05,NaN,1
B1,suspect,f4,nonop,fn_C75_p05,0.0,1
B1,suspect,f4,nonop,fp_C75_p05,0.0,1
B1,suspect,f4,nonop,precision_C75_pstar,NaN,1
B1,suspect,f4,nonop,recall_C75_pstar,NaN,1
B1,suspect,f4,nonop,f1_C75_pstar,NaN,1
B1,suspect,f4,nonop,fn_C75_pstar,0.0,1
B1,suspect,f4,nonop,fp_C75_pstar,0.0,1
B1,suspect,f4,nonop,bss_cond_C90,NaN,1
B1,suspect,f4,nonop,brier_clim_C90,0.00591715976331361,1
B1,suspect,f4,nonop,brier_climcond_C90,0.0,1
B1,suspect,f4,nonop,precision_C90_p05,NaN,1
B1,suspect,f4,nonop,recall_C90_p05,NaN,1
B1,suspect,f4,nonop,f1_C90_p05,NaN,1
B1,suspect,f4,nonop,fn_C90_p05,0.0,1
B1,suspect,f4,nonop,fp_C90_p05,0.0,1
B1,suspect,f4,nonop,precision_C90_pstar,NaN,1
B1,suspect,f4,nonop,recall_C90_pstar,NaN,1
B1,suspect,f4,nonop,f1_C90_pstar,NaN,1
B1,suspect,f4,nonop,fn_C90_pstar,0.0,1
B1,suspect,f4,nonop,fp_C90_pstar,0.0,1
B1,suspect,pooled,all,brier_mean_platt,0.17889356491147604,53
B1,suspect,pooled,all,brier_platt_C50,0.08305514633997398,53
B1,suspect,pooled,all,brier_platt_C75,0.25333918391657084,53
B1,suspect,pooled,all,brier_platt_C90,0.2002863644778831,53
B1,suspect,pooled,all,bss_cond_C50,0.41872711154438746,53
B1,suspect,pooled,all,brier_clim_C50,0.28895440016978857,53
B1,suspect,pooled,all,brier_climcond_C50,0.14288494782655992,53
B1,suspect,pooled,all,precision_C50_p05,0.8823529411764706,53
B1,suspect,pooled,all,recall_C50_p05,0.9375,53
B1,suspect,pooled,all,f1_C50_p05,0.9090909090909091,53
B1,suspect,pooled,all,fn_C50_p05,2.0,53
B1,suspect,pooled,all,fp_C50_p05,4.0,53
B1,suspect,pooled,all,precision_C50_pstar,0.8571428571428571,53
B1,suspect,pooled,all,recall_C50_pstar,0.75,53
B1,suspect,pooled,all,f1_C50_pstar,0.8,53
B1,suspect,pooled,all,fn_C50_pstar,8.0,53
B1,suspect,pooled,all,fp_C50_pstar,4.0,53
B1,suspect,pooled,all,bss_cond_C75,-0.011596672662116614,53
B1,suspect,pooled,all,brier_clim_C75,0.2981630826085742,53
B1,suspect,pooled,all,brier_climcond_C75,0.2504349715286071,53
B1,suspect,pooled,all,precision_C75_p05,0.6153846153846154,53
B1,suspect,pooled,all,recall_C75_p05,0.34782608695652173,53
B1,suspect,pooled,all,f1_C75_p05,0.4444444444444444,53
B1,suspect,pooled,all,fn_C75_p05,15.0,53
B1,suspect,pooled,all,fp_C75_p05,5.0,53
B1,suspect,pooled,all,precision_C75_pstar,0.75,53
B1,suspect,pooled,all,recall_C75_pstar,0.6521739130434783,53
B1,suspect,pooled,all,f1_C75_pstar,0.6976744186046512,53
B1,suspect,pooled,all,fn_C75_pstar,8.0,53
B1,suspect,pooled,all,fp_C75_pstar,5.0,53
B1,suspect,pooled,all,bss_cond_C90,0.05689226996882213,53
B1,suspect,pooled,all,brier_clim_C90,0.2288245674539884,53
B1,suspect,pooled,all,brier_climcond_C90,0.21236848994044602,53
B1,suspect,pooled,all,precision_C90_p05,0.8,53
B1,suspect,pooled,all,recall_C90_p05,0.2857142857142857,53
B1,suspect,pooled,all,f1_C90_p05,0.42105263157894735,53
B1,suspect,pooled,all,fn_C90_p05,10.0,53
B1,suspect,pooled,all,fp_C90_p05,1.0,53
B1,suspect,pooled,all,precision_C90_pstar,0.3333333333333333,53
B1,suspect,pooled,all,recall_C90_pstar,0.2857142857142857,53
B1,suspect,pooled,all,f1_C90_pstar,0.3076923076923077,53
B1,suspect,pooled,all,fn_C90_pstar,10.0,53
B1,suspect,pooled,all,fp_C90_pstar,8.0,53
B1,suspect,pooled,op,brier_mean_platt,0.22711482338804095,39
B1,suspect,pooled,op,brier_platt_C50,0.09687271847471327,39
B1,suspect,pooled,op,brier_platt_C75,0.32828435928393457,39
B1,suspect,pooled,op,brier_platt_C90,0.2561873924054748,39
B1,suspect,pooled,op,bss_cond_C50,0.5011112116107008,39
B1,suspect,pooled,op,brier_clim_C50,0.336276819507243,39
B1,suspect,pooled,op,brier_climcond_C50,0.194176980379684,39
B1,suspect,pooled,op,precision_C50_p05,0.9090909090909091,39
B1,suspect,pooled,op,recall_C50_p05,0.9375,39
B1,suspect,pooled,op,f1_C50_p05,0.9230769230769231,39
B1,suspect,pooled,op,fn_C50_p05,2.0,39
B1,suspect,pooled,op,fp_C50_p05,3.0,39
B1,suspect,pooled,op,precision_C50_pstar,0.8888888888888888,39
B1,suspect,pooled,op,recall_C50_pstar,0.75,39
B1,suspect,pooled,op,f1_C50_pstar,0.8135593220338984,39
B1,suspect,pooled,op,fn_C50_pstar,8.0,39
B1,suspect,pooled,op,fp_C50_pstar,3.0,39
B1,suspect,pooled,op,bss_cond_C75,0.035407337072876466,39
B1,suspect,pooled,op,brier_clim_C75,0.39214115680512523,39
B1,suspect,pooled,op,brier_climcond_C75,0.3403347048978507,39
B1,suspect,pooled,op,precision_C75_p05,0.6666666666666666,39
B1,suspect,pooled,op,recall_C75_p05,0.34782608695652173,39
B1,suspect,pooled,op,f1_C75_p05,0.45714285714285713,39
B1,suspect,pooled,op,fn_C75_p05,15.0,39
B1,suspect,pooled,op,fp_C75_p05,4.0,39
B1,suspect,pooled,op,precision_C75_pstar,0.7894736842105263,39
B1,suspect,pooled,op,recall_C75_pstar,0.6521739130434783,39
B1,suspect,pooled,op,f1_C75_pstar,0.7142857142857143,39
B1,suspect,pooled,op,fn_C75_pstar,8.0,39
B1,suspect,pooled,op,fp_C75_pstar,4.0,39
B1,suspect,pooled,op,bss_cond_C90,0.1123200477235855,39
B1,suspect,pooled,op,brier_clim_C90,0.30851753685193756,39
B1,suspect,pooled,op,brier_climcond_C90,0.28860333248317027,39
B1,suspect,pooled,op,precision_C90_p05,1.0,39
B1,suspect,pooled,op,recall_C90_p05,0.2857142857142857,39
B1,suspect,pooled,op,f1_C90_p05,0.4444444444444444,39
B1,suspect,pooled,op,fn_C90_p05,10.0,39
B1,suspect,pooled,op,fp_C90_p05,0.0,39
B1,suspect,pooled,op,precision_C90_pstar,0.36363636363636365,39
B1,suspect,pooled,op,recall_C90_pstar,0.2857142857142857,39
B1,suspect,pooled,op,f1_C90_pstar,0.32,39
B1,suspect,pooled,op,fn_C90_pstar,10.0,39
B1,suspect,pooled,op,fp_C90_pstar,7.0,39
B1,suspect,pooled,nonop,brier_mean_platt,0.04456291629818795,14
B1,suspect,pooled,nonop,brier_platt_C50,0.04456333825034307,14
B1,suspect,pooled,nonop,brier_platt_C75,0.04456333825034307,14
B1,suspect,pooled,nonop,brier_platt_C90,0.04456207239387774,14
B1,suspect,pooled,nonop,bss_cond_C50,NaN,14
B1,suspect,pooled,nonop,brier_clim_C50,0.15712766058687996,14
B1,suspect,pooled,nonop,brier_climcond_C50,0.0,14
B1,suspect,pooled,nonop,precision_C50_p05,0.0,14
B1,suspect,pooled,nonop,recall_C50_p05,NaN,14
B1,suspect,pooled,nonop,f1_C50_p05,NaN,14
B1,suspect,pooled,nonop,fn_C50_p05,0.0,14
B1,suspect,pooled,nonop,fp_C50_p05,1.0,14
B1,suspect,pooled,nonop,precision_C50_pstar,0.0,14
B1,suspect,pooled,nonop,recall_C50_pstar,NaN,14
B1,suspect,pooled,nonop,f1_C50_pstar,NaN,14
B1,suspect,pooled,nonop,fn_C50_pstar,0.0,14
B1,suspect,pooled,nonop,fp_C50_pstar,1.0,14
B1,suspect,pooled,nonop,bss_cond_C75,NaN,14
B1,suspect,pooled,nonop,brier_clim_C75,0.03636701877532476,14
B1,suspect,pooled,nonop,brier_climcond_C75,0.0,14
B1,suspect,pooled,nonop,precision_C75_p05,0.0,14
B1,suspect,pooled,nonop,recall_C75_p05,NaN,14
B1,suspect,pooled,nonop,f1_C75_p05,NaN,14
B1,suspect,pooled,nonop,fn_C75_p05,0.0,14
B1,suspect,pooled,nonop,fp_C75_p05,1.0,14
B1,suspect,pooled,nonop,precision_C75_pstar,0.0,14
B1,suspect,pooled,nonop,recall_C75_pstar,NaN,14
B1,suspect,pooled,nonop,f1_C75_pstar,NaN,14
B1,suspect,pooled,nonop,fn_C75_pstar,0.0,14
B1,suspect,pooled,nonop,fp_C75_pstar,1.0,14
B1,suspect,pooled,nonop,bss_cond_C90,NaN,14
B1,suspect,pooled,nonop,brier_clim_C90,0.006822724131130011,14
B1,suspect,pooled,nonop,brier_climcond_C90,0.0,14
B1,suspect,pooled,nonop,precision_C90_p05,0.0,14
B1,suspect,pooled,nonop,recall_C90_p05,NaN,14
B1,suspect,pooled,nonop,f1_C90_p05,NaN,14
B1,suspect,pooled,nonop,fn_C90_p05,0.0,14
B1,suspect,pooled,nonop,fp_C90_p05,1.0,14
B1,suspect,pooled,nonop,precision_C90_pstar,0.0,14
B1,suspect,pooled,nonop,recall_C90_pstar,NaN,14
B1,suspect,pooled,nonop,f1_C90_pstar,NaN,14
B1,suspect,pooled,nonop,fn_C90_pstar,0.0,14
B1,suspect,pooled,nonop,fp_C90_pstar,1.0,14
B4,suspect,f1,all,brier_mean_platt,0.15326500847084956,14
B4,suspect,f1,all,brier_platt_C50,8.262693708080954e-8,14
B4,suspect,f1,all,brier_platt_C75,0.26218636809928003,14
B4,suspect,f1,all,brier_platt_C90,0.19760857468633178,14
B4,suspect,f1,all,bss_cond_C50,0.9999995209665304,14
B4,suspect,f1,all,brier_clim_C50,0.31276415891800513,14
B4,suspect,f1,all,brier_climcond_C50,0.1724867724867725,14
B4,suspect,f1,all,precision_C50_p05,1.0,14
B4,suspect,f1,all,recall_C50_p05,1.0,14
B4,suspect,f1,all,f1_C50_p05,1.0,14
B4,suspect,f1,all,fn_C50_p05,0.0,14
B4,suspect,f1,all,fp_C50_p05,0.0,14
B4,suspect,f1,all,precision_C50_pstar,1.0,14
B4,suspect,f1,all,recall_C50_pstar,1.0,14
B4,suspect,f1,all,f1_C50_pstar,1.0,14
B4,suspect,f1,all,fn_C50_pstar,0.0,14
B4,suspect,f1,all,fp_C50_pstar,0.0,14
B4,suspect,f1,all,bss_cond_C75,0.32056823257636335,14
B4,suspect,f1,all,brier_clim_C75,0.4529839391377854,14
B4,suspect,f1,all,brier_climcond_C75,0.3858906525573194,14
B4,suspect,f1,all,precision_C75_p05,NaN,14
B4,suspect,f1,all,recall_C75_p05,0.0,14
B4,suspect,f1,all,f1_C75_p05,0.0,14
B4,suspect,f1,all,fn_C75_p05,10.0,14
B4,suspect,f1,all,fp_C75_p05,0.0,14
B4,suspect,f1,all,precision_C75_pstar,1.0,14
B4,suspect,f1,all,recall_C75_pstar,1.0,14
B4,suspect,f1,all,f1_C75_pstar,1.0,14
B4,suspect,f1,all,fn_C75_pstar,0.0,14
B4,suspect,f1,all,fp_C75_pstar,0.0,14
B4,suspect,f1,all,bss_cond_C90,0.3104980809406147,14
B4,suspect,f1,all,brier_clim_C90,0.3081149619611158,14
B4,suspect,f1,all,brier_climcond_C90,0.2865961199294533,14
B4,suspect,f1,all,precision_C90_p05,NaN,14
B4,suspect,f1,all,recall_C90_p05,0.0,14
B4,suspect,f1,all,f1_C90_p05,0.0,14
B4,suspect,f1,all,fn_C90_p05,5.0,14
B4,suspect,f1,all,fp_C90_p05,0.0,14
B4,suspect,f1,all,precision_C90_pstar,0.5,14
B4,suspect,f1,all,recall_C90_pstar,1.0,14
B4,suspect,f1,all,f1_C90_pstar,0.6666666666666666,14
B4,suspect,f1,all,fn_C90_pstar,0.0,14
B4,suspect,f1,all,fp_C90_pstar,5.0,14
B4,suspect,f1,op,brier_mean_platt,0.1788091765493245,12
B4,suspect,f1,op,brier_platt_C50,9.639809326094126e-8,12
B4,suspect,f1,op,brier_platt_C75,0.3058840961158266,12
B4,suspect,f1,op,brier_platt_C90,0.23054333713405364,12
B4,suspect,f1,op,bss_cond_C50,0.9999995209665304,12
B4,suspect,f1,op,brier_clim_C50,0.3402366863905326,12
B4,suspect,f1,op,brier_climcond_C50,0.2012345679012346,12
B4,suspect,f1,op,precision_C50_p05,1.0,12
B4,suspect,f1,op,recall_C50_p05,1.0,12
B4,suspect,f1,op,f1_C50_p05,1.0,12
B4,suspect,f1,op,fn_C50_p05,0.0,12
B4,suspect,f1,op,fp_C50_p05,0.0,12
B4,suspect,f1,op,precision_C50_pstar,1.0,12
B4,suspect,f1,op,recall_C50_pstar,1.0,12
B4,suspect,f1,op,f1_C50_pstar,1.0,12
B4,suspect,f1,op,fn_C50_pstar,0.0,12
B4,suspect,f1,op,fp_C50_pstar,0.0,12
B4,suspect,f1,op,bss_cond_C75,0.32056823257636347,12
B4,suspect,f1,op,brier_clim_C75,0.5207495069033531,12
B4,suspect,f1,op,brier_climcond_C75,0.4502057613168726,12
B4,suspect,f1,op,precision_C75_p05,NaN,12
B4,suspect,f1,op,recall_C75_p05,0.0,12
B4,suspect,f1,op,f1_C75_p05,0.0,12
B4,suspect,f1,op,fn_C75_p05,10.0,12
B4,suspect,f1,op,fp_C75_p05,0.0,12
B4,suspect,f1,op,precision_C75_pstar,1.0,12
B4,suspect,f1,op,recall_C75_pstar,1.0,12
B4,suspect,f1,op,f1_C75_pstar,1.0,12
B4,suspect,f1,op,fn_C75_pstar,0.0,12
B4,suspect,f1,op,fp_C75_pstar,0.0,12
B4,suspect,f1,op,bss_cond_C90,0.31049808094061493,12
B4,suspect,f1,op,brier_clim_C90,0.35848126232741623,12
B4,suspect,f1,op,brier_climcond_C90,0.3343621399176955,12
B4,suspect,f1,op,precision_C90_p05,NaN,12
B4,suspect,f1,op,recall_C90_p05,0.0,12
B4,suspect,f1,op,f1_C90_p05,0.0,12
B4,suspect,f1,op,fn_C90_p05,5.0,12
B4,suspect,f1,op,fp_C90_p05,0.0,12
B4,suspect,f1,op,precision_C90_pstar,0.5,12
B4,suspect,f1,op,recall_C90_pstar,1.0,12
B4,suspect,f1,op,f1_C90_pstar,0.6666666666666666,12
B4,suspect,f1,op,fn_C90_pstar,0.0,12
B4,suspect,f1,op,fp_C90_pstar,5.0,12
B4,suspect,f1,nonop,brier_mean_platt,1.911324013703993e-20,2
B4,suspect,f1,nonop,brier_platt_C50,1.9113240137039932e-20,2
B4,suspect,f1,nonop,brier_platt_C75,1.9113240137039932e-20,2
B4,suspect,f1,nonop,brier_platt_C90,1.9113240137039932e-20,2
B4,suspect,f1,nonop,bss_cond_C50,NaN,2
B4,suspect,f1,nonop,brier_clim_C50,0.14792899408284024,2
B4,suspect,f1,nonop,brier_climcond_C50,0.0,2
B4,suspect,f1,nonop,precision_C50_p05,NaN,2
B4,suspect,f1,nonop,recall_C50_p05,NaN,2
B4,suspect,f1,nonop,f1_C50_p05,NaN,2
B4,suspect,f1,nonop,fn_C50_p05,0.0,2
B4,suspect,f1,nonop,fp_C50_p05,0.0,2
B4,suspect,f1,nonop,precision_C50_pstar,NaN,2
B4,suspect,f1,nonop,recall_C50_pstar,NaN,2
B4,suspect,f1,nonop,f1_C50_pstar,NaN,2
B4,suspect,f1,nonop,fn_C50_pstar,0.0,2
B4,suspect,f1,nonop,fp_C50_pstar,0.0,2
B4,suspect,f1,nonop,bss_cond_C75,NaN,2
B4,suspect,f1,nonop,brier_clim_C75,0.0463905325443787,2
B4,suspect,f1,nonop,brier_climcond_C75,0.0,2
B4,suspect,f1,nonop,precision_C75_p05,NaN,2
B4,suspect,f1,nonop,recall_C75_p05,NaN,2
B4,suspect,f1,nonop,f1_C75_p05,NaN,2
B4,suspect,f1,nonop,fn_C75_p05,0.0,2
B4,suspect,f1,nonop,fp_C75_p05,0.0,2
B4,suspect,f1,nonop,precision_C75_pstar,NaN,2
B4,suspect,f1,nonop,recall_C75_pstar,NaN,2
B4,suspect,f1,nonop,f1_C75_pstar,NaN,2
B4,suspect,f1,nonop,fn_C75_pstar,0.0,2
B4,suspect,f1,nonop,fp_C75_pstar,0.0,2
B4,suspect,f1,nonop,bss_cond_C90,NaN,2
B4,suspect,f1,nonop,brier_clim_C90,0.00591715976331361,2
B4,suspect,f1,nonop,brier_climcond_C90,0.0,2
B4,suspect,f1,nonop,precision_C90_p05,NaN,2
B4,suspect,f1,nonop,recall_C90_p05,NaN,2
B4,suspect,f1,nonop,f1_C90_p05,NaN,2
B4,suspect,f1,nonop,fn_C90_p05,0.0,2
B4,suspect,f1,nonop,fp_C90_p05,0.0,2
B4,suspect,f1,nonop,precision_C90_pstar,NaN,2
B4,suspect,f1,nonop,recall_C90_pstar,NaN,2
B4,suspect,f1,nonop,f1_C90_pstar,NaN,2
B4,suspect,f1,nonop,fn_C90_pstar,0.0,2
B4,suspect,f1,nonop,fp_C90_pstar,0.0,2
B4,suspect,f2,all,brier_mean_platt,0.05822217014741622,13
B4,suspect,f2,all,brier_platt_C50,4.714948169230495e-8,13
B4,suspect,f2,all,brier_platt_C75,4.714948169174413e-8,13
B4,suspect,f2,all,brier_platt_C90,0.17466641614328526,13
B4,suspect,f2,all,bss_cond_C50,0.9999995754213585,13
B4,suspect,f2,all,brier_clim_C50,0.26697977347328,13
B4,suspect,f2,all,brier_climcond_C50,0.11105005548191413,13
B4,suspect,f2,all,precision_C50_p05,1.0,13
B4,suspect,f2,all,recall_C50_p05,1.0,13
B4,suspect,f2,all,f1_C50_p05,1.0,13
B4,suspect,f2,all,fn_C50_p05,0.0,13
B4,suspect,f2,all,fp_C50_p05,0.0,13
B4,suspect,f2,all,precision_C50_pstar,1.0,13
B4,suspect,f2,all,recall_C50_pstar,0.8571428571428571,13
B4,suspect,f2,all,f1_C50_pstar,0.9230769230769231,13
B4,suspect,f2,all,fn_C50_pstar,1.0,13
B4,suspect,f2,all,fp_C50_pstar,0.0,13
B4,suspect,f2,all,bss_cond_C75,0.9999998382870646,13
B4,suspect,f2,all,brier_clim_C75,0.3666203925944187,13
B4,suspect,f2,all,brier_climcond_C75,0.29156283374866504,13
B4,suspect,f2,all,precision_C75_p05,1.0,13
B4,suspect,f2,all,recall_C75_p05,1.0,13
B4,suspect,f2,all,f1_C75_p05,1.0,13
B4,suspect,f2,all,fn_C75_p05,0.0,13
B4,suspect,f2,all,fp_C75_p05,0.0,13
B4,suspect,f2,all,precision_C75_pstar,1.0,13
B4,suspect,f2,all,recall_C75_pstar,1.0,13
B4,suspect,f2,all,f1_C75_pstar,1.0,13
B4,suspect,f2,all,fn_C75_pstar,0.0,13
B4,suspect,f2,all,fp_C75_pstar,0.0,13
B4,suspect,f2,all,bss_cond_C90,0.5875125448939826,13
B4,suspect,f2,all,brier_clim_C90,0.4606173047731488,13
B4,suspect,f2,all,brier_climcond_C90,0.4234466139058521,13
B4,suspect,f2,all,precision_C90_p05,NaN,13
B4,suspect,f2,all,recall_C90_p05,0.0,13
B4,suspect,f2,all,f1_C90_p05,0.0,13
B4,suspect,f2,all,fn_C90_p05,7.0,13
B4,suspect,f2,all,fp_C90_p05,0.0,13
B4,suspect,f2,all,precision_C90_pstar,1.0,13
B4,suspect,f2,all,recall_C90_pstar,1.0,13
B4,suspect,f2,all,f1_C90_pstar,1.0,13
B4,suspect,f2,all,fn_C90_pstar,0.0,13
B4,suspect,f2,all,fp_C90_pstar,0.0,13
B4,suspect,f2,op,brier_mean_platt,0.09461102648955134,8
B4,suspect,f2,op,brier_platt_C50,7.661790774999461e-8,8
B4,suspect,f2,op,brier_platt_C75,7.661790774908421e-8,8
B4,suspect,f2,op,brier_platt_C90,0.2838329262328385,8
B4,suspect,f2,op,bss_cond_C50,0.9999995754213585,8
B4,suspect,f2,op,brier_clim_C50,0.3325392140327205,8
B4,suspect,f2,op,brier_climcond_C50,0.18045634015811046,8
B4,suspect,f2,op,precision_C50_p05,1.0,8
B4,suspect,f2,op,recall_C50_p05,1.0,8
B4,suspect,f2,op,f1_C50_p05,1.0,8
B4,suspect,f2,op,fn_C50_p05,0.0,8
B4,suspect,f2,op,fp_C50_p05,0.0,8
B4,suspect,f2,op,precision_C50_pstar,1.0,8
B4,suspect,f2,op,recall_C50_pstar,0.8571428571428571,8
B4,suspect,f2,op,f1_C50_pstar,0.9230769230769231,8
B4,suspect,f2,op,fn_C50_pstar,1.0,8
B4,suspect,f2,op,fp_C50_pstar,0.0,8
B4,suspect,f2,op,bss_cond_C75,0.9999998382870646,8
B4,suspect,f2,op,brier_clim_C75,0.572039973013999,8
B4,suspect,f2,op,brier_climcond_C75,0.4737896048415807,8
B4,suspect,f2,op,precision_C75_p05,1.0,8
B4,suspect,f2,op,recall_C75_p05,1.0,8
B4,suspect,f2,op,f1_C75_p05,1.0,8
B4,suspect,f2,op,fn_C75_p05,0.0,8
B4,suspect,f2,op,fp_C75_p05,0.0,8
B4,suspect,f2,op,precision_C75_pstar,1.0,8
B4,suspect,f2,op,recall_C75_pstar,1.0,8
B4,suspect,f2,op,f1_C75_pstar,1.0,8
B4,suspect,f2,op,fn_C75_pstar,0.0,8
B4,suspect,f2,op,fp_C75_pstar,0.0,8
B4,suspect,f2,op,bss_cond_C90,0.5875125448939826,8
B4,suspect,f2,op,brier_clim_C90,0.7447082138640579,8
B4,suspect,f2,op,brier_climcond_C90,0.6881007475970097,8
B4,suspect,f2,op,precision_C90_p05,NaN,8
B4,suspect,f2,op,recall_C90_p05,0.0,8
B4,suspect,f2,op,f1_C90_p05,0.0,8
B4,suspect,f2,op,fn_C90_p05,7.0,8
B4,suspect,f2,op,fp_C90_p05,0.0,8
B4,suspect,f2,op,precision_C90_pstar,1.0,8
B4,suspect,f2,op,recall_C90_pstar,1.0,8
B4,suspect,f2,op,f1_C90_pstar,1.0,8
B4,suspect,f2,op,fn_C90_pstar,0.0,8
B4,suspect,f2,op,fp_C90_pstar,0.0,8
B4,suspect,f2,nonop,brier_mean_platt,5.029432465782117e-22,5
B4,suspect,f2,nonop,brier_platt_C50,1.5088297397346353e-21,5
B4,suspect,f2,nonop,brier_platt_C75,2.359088792173167e-210,5
B4,suspect,f2,nonop,brier_platt_C90,2.359088792173167e-210,5
B4,suspect,f2,nonop,bss_cond_C50,NaN,5
B4,suspect,f2,nonop,brier_clim_C50,0.16208466857817508,5
B4,suspect,f2,nonop,brier_climcond_C50,0.0,5
B4,suspect,f2,nonop,precision_C50_p05,NaN,5
B4,suspect,f2,nonop,recall_C50_p05,NaN,5
B4,suspect,f2,nonop,f1_C50_p05,NaN,5
B4,suspect,f2,nonop,fn_C50_p05,0.0,5
B4,suspect,f2,nonop,fp_C50_p05,0.0,5
B4,suspect,f2,nonop,precision_C50_pstar,NaN,5
B4,suspect,f2,nonop,recall_C50_pstar,NaN,5
B4,suspect,f2,nonop,f1_C50_pstar,NaN,5
B4,suspect,f2,nonop,fn_C50_pstar,0.0,5
B4,suspect,f2,nonop,fp_C50_pstar,0.0,5
B4,suspect,f2,nonop,bss_cond_C75,NaN,5
B4,suspect,f2,nonop,brier_clim_C75,0.0379490639230899,5
B4,suspect,f2,nonop,brier_climcond_C75,0.0,5
B4,suspect,f2,nonop,precision_C75_p05,NaN,5
B4,suspect,f2,nonop,recall_C75_p05,NaN,5
B4,suspect,f2,nonop,f1_C75_p05,NaN,5
B4,suspect,f2,nonop,fn_C75_p05,0.0,5
B4,suspect,f2,nonop,fp_C75_p05,0.0,5
B4,suspect,f2,nonop,precision_C75_pstar,NaN,5
B4,suspect,f2,nonop,recall_C75_pstar,NaN,5
B4,suspect,f2,nonop,f1_C75_pstar,NaN,5
B4,suspect,f2,nonop,fn_C75_pstar,0.0,5
B4,suspect,f2,nonop,fp_C75_pstar,0.0,5
B4,suspect,f2,nonop,bss_cond_C90,NaN,5
B4,suspect,f2,nonop,brier_clim_C90,0.0060718502276943835,5
B4,suspect,f2,nonop,brier_climcond_C90,0.0,5
B4,suspect,f2,nonop,precision_C90_p05,NaN,5
B4,suspect,f2,nonop,recall_C90_p05,NaN,5
B4,suspect,f2,nonop,f1_C90_p05,NaN,5
B4,suspect,f2,nonop,fn_C90_p05,0.0,5
B4,suspect,f2,nonop,fp_C90_p05,0.0,5
B4,suspect,f2,nonop,precision_C90_pstar,NaN,5
B4,suspect,f2,nonop,recall_C90_pstar,NaN,5
B4,suspect,f2,nonop,f1_C90_pstar,NaN,5
B4,suspect,f2,nonop,fn_C90_pstar,0.0,5
B4,suspect,f2,nonop,fp_C90_pstar,0.0,5
B4,suspect,f3,all,brier_mean_platt,0.2140154785002677,14
B4,suspect,f3,all,brier_platt_C50,0.07142397802438837,14
B4,suspect,f3,all,brier_platt_C75,0.2141439882910793,14
B4,suspect,f3,all,brier_platt_C90,0.3564784691853354,14
B4,suspect,f3,all,bss_cond_C50,0.33029739424209736,14
B4,suspect,f3,all,brier_clim_C50,0.24571428571428575,14
B4,suspect,f3,all,brier_climcond_C50,0.1066502913536641,14
B4,suspect,f3,all,precision_C50_p05,0.8571428571428571,14
B4,suspect,f3,all,recall_C50_p05,1.0,14
B4,suspect,f3,all,f1_C50_p05,0.9230769230769231,14
B4,suspect,f3,all,fn_C50_p05,0.0,14
B4,suspect,f3,all,fp_C50_p05,1.0,14
B4,suspect,f3,all,precision_C50_pstar,0.8571428571428571,14
B4,suspect,f3,all,recall_C50_pstar,1.0,14
B4,suspect,f3,all,f1_C50_pstar,0.9230769230769231,14
B4,suspect,f3,all,fn_C50_pstar,0.0,14
B4,suspect,f3,all,fp_C50_pstar,1.0,14
B4,suspect,f3,all,bss_cond_C75,-0.2579631175051291,14
B4,suspect,f3,all,brier_clim_C75,0.2157319223985891,14
B4,suspect,f3,all,brier_climcond_C75,0.1702307367451146,14
B4,suspect,f3,all,precision_C75_p05,0.5714285714285714,14
B4,suspect,f3,all,recall_C75_p05,1.0,14
B4,suspect,f3,all,f1_C75_p05,0.7272727272727273,14
B4,suspect,f3,all,fn_C75_p05,0.0,14
B4,suspect,f3,all,fp_C75_p05,3.0,14
B4,suspect,f3,all,precision_C75_pstar,0.5714285714285714,14
B4,suspect,f3,all,recall_C75_pstar,1.0,14
B4,suspect,f3,all,f1_C75_pstar,0.7272727272727273,14
B4,suspect,f3,all,fn_C75_pstar,0.0,14
B4,suspect,f3,all,fp_C75_pstar,3.0,14
B4,suspect,f3,all,bss_cond_C90,-2.127381167689603,14
B4,suspect,f3,all,brier_clim_C90,0.12536155202821872,14
B4,suspect,f3,all,brier_climcond_C90,0.11398625561485008,14
B4,suspect,f3,all,precision_C90_p05,0.2857142857142857,14
B4,suspect,f3,all,recall_C90_p05,1.0,14
B4,suspect,f3,all,f1_C90_p05,0.4444444444444444,14
B4,suspect,f3,all,fn_C90_p05,0.0,14
B4,suspect,f3,all,fp_C90_p05,5.0,14
B4,suspect,f3,all,precision_C90_pstar,0.2857142857142857,14
B4,suspect,f3,all,recall_C90_pstar,1.0,14
B4,suspect,f3,all,f1_C90_pstar,0.4444444444444444,14
B4,suspect,f3,all,fn_C90_pstar,0.0,14
B4,suspect,f3,all,fp_C90_pstar,5.0,14
B4,suspect,f3,op,brier_mean_platt,0.37452708737546847,8
B4,suspect,f3,op,brier_platt_C50,0.12499196154267962,8
B4,suspect,f3,op,brier_platt_C75,0.37475197950938877,8
B4,suspect,f3,op,brier_platt_C90,0.6238373210743369,8
B4,suspect,f3,op,bss_cond_C50,0.3302973942420976,8
B4,suspect,f3,op,brier_clim_C50,0.31,8
B4,suspect,f3,op,brier_climcond_C50,0.1866380098689122,8
B4,suspect,f3,op,precision_C50_p05,0.8571428571428571,8
B4,suspect,f3,op,recall_C50_p05,1.0,8
B4,suspect,f3,op,f1_C50_p05,0.9230769230769231,8
B4,suspect,f3,op,fn_C50_p05,0.0,8
B4,suspect,f3,op,fp_C50_p05,1.0,8
B4,suspect,f3,op,precision_C50_pstar,0.8571428571428571,8
B4,suspect,f3,op,recall_C50_pstar,1.0,8
B4,suspect,f3,op,f1_C50_pstar,0.9230769230769231,8
B4,suspect,f3,op,fn_C50_pstar,0.0,8
B4,suspect,f3,op,fp_C50_pstar,1.0,8
B4,suspect,f3,op,bss_cond_C75,-0.2579631175051291,8
B4,suspect,f3,op,brier_clim_C75,0.3538271604938271,8
B4,suspect,f3,op,brier_climcond_C75,0.29790378930395056,8
B4,suspect,f3,op,precision_C75_p05,0.5714285714285714,8
B4,suspect,f3,op,recall_C75_p05,1.0,8
B4,suspect,f3,op,f1_C75_p05,0.7272727272727273,8
B4,suspect,f3,op,fn_C75_p05,0.0,8
B4,suspect,f3,op,fp_C75_p05,3.0,8
B4,suspect,f3,op,precision_C75_pstar,0.5714285714285714,8
B4,suspect,f3,op,recall_C75_pstar,1.0,8
B4,suspect,f3,op,f1_C75_pstar,0.7272727272727273,8
B4,suspect,f3,op,fn_C75_pstar,0.0,8
B4,suspect,f3,op,fp_C75_pstar,3.0,8
B4,suspect,f3,op,bss_cond_C90,-2.1273811676896024,8
B4,suspect,f3,op,brier_clim_C90,0.2134567901234568,8
B4,suspect,f3,op,brier_climcond_C90,0.19947594732598764,8
B4,suspect,f3,op,precision_C90_p05,0.2857142857142857,8
B4,suspect,f3,op,recall_C90_p05,1.0,8
B4,suspect,f3,op,f1_C90_p05,0.4444444444444444,8
B4,suspect,f3,op,fn_C90_p05,0.0,8
B4,suspect,f3,op,fp_C90_p05,5.0,8
B4,suspect,f3,op,precision_C90_pstar,0.2857142857142857,8
B4,suspect,f3,op,recall_C90_pstar,1.0,8
B4,suspect,f3,op,f1_C90_pstar,0.4444444444444444,8
B4,suspect,f3,op,fn_C90_pstar,0.0,8
B4,suspect,f3,op,fp_C90_pstar,5.0,8
B4,suspect,f3,nonop,brier_mean_platt,1.6462036330446996e-20,6
B4,suspect,f3,nonop,brier_platt_C50,1.6462036330446996e-20,6
B4,suspect,f3,nonop,brier_platt_C75,1.6462036330446996e-20,6
B4,suspect,f3,nonop,brier_platt_C90,1.6462036330446996e-20,6
B4,suspect,f3,nonop,bss_cond_C50,NaN,6
B4,suspect,f3,nonop,brier_clim_C50,0.16000000000000003,6
B4,suspect,f3,nonop,brier_climcond_C50,0.0,6
B4,suspect,f3,nonop,precision_C50_p05,NaN,6
B4,suspect,f3,nonop,recall_C50_p05,NaN,6
B4,suspect,f3,nonop,f1_C50_p05,NaN,6
B4,suspect,f3,nonop,fn_C50_p05,0.0,6
B4,suspect,f3,nonop,fp_C50_p05,0.0,6
B4,suspect,f3,nonop,precision_C50_pstar,NaN,6
B4,suspect,f3,nonop,recall_C50_pstar,NaN,6
B4,suspect,f3,nonop,f1_C50_pstar,NaN,6
B4,suspect,f3,nonop,fn_C50_pstar,0.0,6
B4,suspect,f3,nonop,fp_C50_pstar,0.0,6
B4,suspect,f3,nonop,bss_cond_C75,NaN,6
B4,suspect,f3,nonop,brier_clim_C75,0.03160493827160494,6
B4,suspect,f3,nonop,brier_climcond_C75,0.0,6
B4,suspect,f3,nonop,precision_C75_p05,NaN,6
B4,suspect,f3,nonop,recall_C75_p05,NaN,6
B4,suspect,f3,nonop,f1_C75_p05,NaN,6
B4,suspect,f3,nonop,fn_C75_p05,0.0,6
B4,suspect,f3,nonop,fp_C75_p05,0.0,6
B4,suspect,f3,nonop,precision_C75_pstar,NaN,6
B4,suspect,f3,nonop,recall_C75_pstar,NaN,6
B4,suspect,f3,nonop,f1_C75_pstar,NaN,6
B4,suspect,f3,nonop,fn_C75_pstar,0.0,6
B4,suspect,f3,nonop,fp_C75_pstar,0.0,6
B4,suspect,f3,nonop,bss_cond_C90,NaN,6
B4,suspect,f3,nonop,brier_clim_C90,0.007901234567901235,6
B4,suspect,f3,nonop,brier_climcond_C90,0.0,6
B4,suspect,f3,nonop,precision_C90_p05,NaN,6
B4,suspect,f3,nonop,recall_C90_p05,NaN,6
B4,suspect,f3,nonop,f1_C90_p05,NaN,6
B4,suspect,f3,nonop,fn_C90_p05,0.0,6
B4,suspect,f3,nonop,fp_C90_p05,0.0,6
B4,suspect,f3,nonop,precision_C90_pstar,NaN,6
B4,suspect,f3,nonop,recall_C90_pstar,NaN,6
B4,suspect,f3,nonop,f1_C90_pstar,NaN,6
B4,suspect,f3,nonop,fn_C90_pstar,0.0,6
B4,suspect,f3,nonop,fp_C90_pstar,0.0,6
B4,suspect,f4,all,brier_mean_platt,0.19383385805081277,12
B4,suspect,f4,all,brier_platt_C50,0.08333232048221932,12
B4,suspect,f4,all,brier_platt_C75,0.4500128395218927,12
B4,suspect,f4,all,brier_platt_C90,0.04815641414832638,12
B4,suspect,f4,all,bss_cond_C50,0.5498252549466612,12
B4,suspect,f4,all,brier_clim_C50,0.33542899408284016,12
B4,suspect,f4,all,brier_climcond_C50,0.18511105164805663,12
B4,suspect,f4,all,precision_C50_p05,0.9,12
B4,suspect,f4,all,recall_C50_p05,1.0,12
B4,suspect,f4,all,f1_C50_p05,0.9473684210526315,12
B4,suspect,f4,all,fn_C50_p05,0.0,12
B4,suspect,f4,all,fp_C50_p05,1.0,12
B4,suspect,f4,all,precision_C50_pstar,0.9,12
B4,suspect,f4,all,recall_C50_pstar,1.0,12
B4,suspect,f4,all,f1_C50_pstar,0.9473684210526315,12
B4,suspect,f4,all,fn_C50_pstar,0.0,12
B4,suspect,f4,all,fp_C50_pstar,1.0,12
B4,suspect,f4,all,bss_cond_C75,-2.182107067388464,12
B4,suspect,f4,all,brier_clim_C75,0.13954635108481264,12
B4,suspect,f4,all,brier_climcond_C75,0.1414197668374545,12
B4,suspect,f4,all,precision_C75_p05,0.2,12
B4,suspect,f4,all,recall_C75_p05,1.0,12
B4,suspect,f4,all,f1_C75_p05,0.3333333333333333,12
B4,suspect,f4,all,fn_C75_p05,0.0,12
B4,suspect,f4,all,fp_C75_p05,8.0,12
B4,suspect,f4,all,precision_C75_pstar,0.2222222222222222,12
B4,suspect,f4,all,recall_C75_pstar,1.0,12
B4,suspect,f4,all,f1_C75_pstar,0.36363636363636365,12
B4,suspect,f4,all,fn_C75_pstar,0.0,12
B4,suspect,f4,all,fp_C75_pstar,7.0,12
B4,suspect,f4,all,bss_cond_C90,-3.053265183346946,12
B4,suspect,f4,all,brier_clim_C90,0.005917159763313611,12
B4,suspect,f4,all,brier_climcond_C90,0.011880894037276305,12
B4,suspect,f4,all,precision_C90_p05,NaN,12
B4,suspect,f4,all,recall_C90_p05,NaN,12
B4,suspect,f4,all,f1_C90_p05,NaN,12
B4,suspect,f4,all,fn_C90_p05,0.0,12
B4,suspect,f4,all,fp_C90_p05,0.0,12
B4,suspect,f4,all,precision_C90_pstar,0.0,12
B4,suspect,f4,all,recall_C90_pstar,NaN,12
B4,suspect,f4,all,f1_C90_pstar,NaN,12
B4,suspect,f4,all,fn_C90_pstar,0.0,12
B4,suspect,f4,all,fp_C90_pstar,4.0,12
B4,suspect,f4,op,brier_mean_platt,0.21145511787361393,11
B4,suspect,f4,op,brier_platt_C50,0.0909079859806029,11
B4,suspect,f4,op,brier_platt_C75,0.49092309766024655,11
B4,suspect,f4,op,brier_platt_C90,0.0525342699799924,11
B4,suspect,f4,op,bss_cond_C50,0.5498252549466612,11
B4,suspect,f4,op,brier_clim_C50,0.35378563743948355,11
B4,suspect,f4,op,brier_climcond_C50,0.20193932907060724,11
B4,suspect,f4,op,precision_C50_p05,0.9,11
B4,suspect,f4,op,recall_C50_p05,1.0,11
B4,suspect,f4,op,f1_C50_p05,0.9473684210526315,11
B4,suspect,f4,op,fn_C50_p05,0.0,11
B4,suspect,f4,op,fp_C50_p05,1.0,11
B4,suspect,f4,op,precision_C50_pstar,0.9,11
B4,suspect,f4,op,recall_C50_pstar,1.0,11
B4,suspect,f4,op,f1_C50_pstar,0.9473684210526315,11
B4,suspect,f4,op,fn_C50_pstar,0.0,11
B4,suspect,f4,op,fp_C50_pstar,1.0,11
B4,suspect,f4,op,bss_cond_C75,-2.1821070673884635,11
B4,suspect,f4,op,brier_clim_C75,0.14887036040882198,11
B4,suspect,f4,op,brier_climcond_C75,0.1542761092772231,11
B4,suspect,f4,op,precision_C75_p05,0.2,11
B4,suspect,f4,op,recall_C75_p05,1.0,11
B4,suspect,f4,op,f1_C75_p05,0.3333333333333333,11
B4,suspect,f4,op,fn_C75_p05,0.0,11
B4,suspect,f4,op,fp_C75_p05,8.0,11
B4,suspect,f4,op,precision_C75_pstar,0.2222222222222222,11
B4,suspect,f4,op,recall_C75_pstar,1.0,11
B4,suspect,f4,op,f1_C75_pstar,0.36363636363636365,11
B4,suspect,f4,op,fn_C75_pstar,0.0,11
B4,suspect,f4,op,fp_C75_pstar,7.0,11
B4,suspect,f4,op,bss_cond_C90,-3.0532651833469453,11
B4,suspect,f4,op,brier_clim_C90,0.005917159763313611,11
B4,suspect,f4,op,brier_climcond_C90,0.012960975313392332,11
B4,suspect,f4,op,precision_C90_p05,NaN,11
B4,suspect,f4,op,recall_C90_p05,NaN,11
B4,suspect,f4,op,f1_C90_p05,NaN,11
B4,suspect,f4,op,fn_C90_p05,0.0,11
B4,suspect,f4,op,fp_C90_p05,0.0,11
B4,suspect,f4,op,precision_C90_pstar,0.0,11
B4,suspect,f4,op,recall_C90_pstar,NaN,11
B4,suspect,f4,op,f1_C90_pstar,NaN,11
B4,suspect,f4,op,fn_C90_pstar,0.0,11
B4,suspect,f4,op,fp_C90_pstar,4.0,11
B4,suspect,f4,nonop,brier_mean_platt,3.6548083260218394e-21,1
B4,suspect,f4,nonop,brier_platt_C50,1.0964424978065519e-20,1
B4,suspect,f4,nonop,brier_platt_C75,1.121221640773344e-53,1
B4,suspect,f4,nonop,brier_platt_C90,1.121221640773344e-53,1
B4,suspect,f4,nonop,bss_cond_C50,NaN,1
B4,suspect,f4,nonop,brier_clim_C50,0.1335059171597633,1
B4,suspect,f4,nonop,brier_climcond_C50,0.0,1
B4,suspect,f4,nonop,precision_C50_p05,NaN,1
B4,suspect,f4,nonop,recall_C50_p05,NaN,1
B4,suspect,f4,nonop,f1_C50_p05,NaN,1
B4,suspect,f4,nonop,fn_C50_p05,0.0,1
B4,suspect,f4,nonop,fp_C50_p05,0.0,1
B4,suspect,f4,nonop,precision_C50_pstar,NaN,1
B4,suspect,f4,nonop,recall_C50_pstar,NaN,1
B4,suspect,f4,nonop,f1_C50_pstar,NaN,1
B4,suspect,f4,nonop,fn_C50_pstar,0.0,1
B4,suspect,f4,nonop,fp_C50_pstar,0.0,1
B4,suspect,f4,nonop,bss_cond_C75,NaN,1
B4,suspect,f4,nonop,brier_clim_C75,0.03698224852071006,1
B4,suspect,f4,nonop,brier_climcond_C75,0.0,1
B4,suspect,f4,nonop,precision_C75_p05,NaN,1
B4,suspect,f4,nonop,recall_C75_p05,NaN,1
B4,suspect,f4,nonop,f1_C75_p05,NaN,1
B4,suspect,f4,nonop,fn_C75_p05,0.0,1
B4,suspect,f4,nonop,fp_C75_p05,0.0,1
B4,suspect,f4,nonop,precision_C75_pstar,NaN,1
B4,suspect,f4,nonop,recall_C75_pstar,NaN,1
B4,suspect,f4,nonop,f1_C75_pstar,NaN,1
B4,suspect,f4,nonop,fn_C75_pstar,0.0,1
B4,suspect,f4,nonop,fp_C75_pstar,0.0,1
B4,suspect,f4,nonop,bss_cond_C90,NaN,1
B4,suspect,f4,nonop,brier_clim_C90,0.00591715976331361,1
B4,suspect,f4,nonop,brier_climcond_C90,0.0,1
B4,suspect,f4,nonop,precision_C90_p05,NaN,1
B4,suspect,f4,nonop,recall_C90_p05,NaN,1
B4,suspect,f4,nonop,f1_C90_p05,NaN,1
B4,suspect,f4,nonop,fn_C90_p05,0.0,1
B4,suspect,f4,nonop,fp_C90_p05,0.0,1
B4,suspect,f4,nonop,precision_C90_pstar,NaN,1
B4,suspect,f4,nonop,recall_C90_pstar,NaN,1
B4,suspect,f4,nonop,f1_C90_pstar,NaN,1
B4,suspect,f4,nonop,fn_C90_pstar,0.0,1
B4,suspect,f4,nonop,fp_C90_pstar,0.0,1
B4,suspect,pooled,all,brier_mean_platt,0.15518530804003405,53
B4,suspect,pooled,all,brier_platt_C50,0.03773443977072548,53
B4,suspect,pooled,all,brier_platt_C75,0.22771282408813218,53
B4,suspect,pooled,all,brier_platt_C90,0.20010866026124463,53
B4,suspect,pooled,all,bss_cond_C50,0.7359103226427376,53
B4,suspect,pooled,all,brier_clim_C50,0.28895440016978857,53
B4,suspect,pooled,all,brier_climcond_C50,0.14288494782655992,53
B4,suspect,pooled,all,precision_C50_p05,0.9411764705882353,53
B4,suspect,pooled,all,recall_C50_p05,1.0,53
B4,suspect,pooled,all,f1_C50_p05,0.9696969696969697,53
B4,suspect,pooled,all,fn_C50_p05,0.0,53
B4,suspect,pooled,all,fp_C50_p05,2.0,53
B4,suspect,pooled,all,precision_C50_pstar,0.9393939393939394,53
B4,suspect,pooled,all,recall_C50_pstar,0.96875,53
B4,suspect,pooled,all,f1_C50_pstar,0.9538461538461539,53
B4,suspect,pooled,all,fn_C50_pstar,1.0,53
B4,suspect,pooled,all,fp_C50_pstar,2.0,53
B4,suspect,pooled,all,bss_cond_C75,0.0907307286270096,53
B4,suspect,pooled,all,brier_clim_C75,0.2981630826085742,53
B4,suspect,pooled,all,brier_climcond_C75,0.2504349715286071,53
B4,suspect,pooled,all,precision_C75_p05,0.5416666666666666,53
B4,suspect,pooled,all,recall_C75_p05,0.5652173913043478,53
B4,suspect,pooled,all,f1_C75_p05,0.5531914893617021,53
B4,suspect,pooled,all,fn_C75_p05,10.0,53
B4,suspect,pooled,all,fp_C75_p05,11.0,53
B4,suspect,pooled,all,precision_C75_pstar,0.696969696969697,53
B4,suspect,pooled,all,recall_C75_pstar,1.0,53
B4,suspect,pooled,all,f1_C75_pstar,0.8214285714285714,53
B4,suspect,pooled,all,fn_C75_pstar,0.0,53
B4,suspect,pooled,all,fp_C75_pstar,10.0,53
B4,suspect,pooled,all,bss_cond_C90,0.05772904296037229,53
B4,suspect,pooled,all,brier_clim_C90,0.2288245674539884,53
B4,suspect,pooled,all,brier_climcond_C90,0.21236848994044602,53
B4,suspect,pooled,all,precision_C90_p05,0.2857142857142857,53
B4,suspect,pooled,all,recall_C90_p05,0.14285714285714285,53
B4,suspect,pooled,all,f1_C90_p05,0.19047619047619047,53
B4,suspect,pooled,all,fn_C90_p05,12.0,53
B4,suspect,pooled,all,fp_C90_p05,5.0,53
B4,suspect,pooled,all,precision_C90_pstar,0.5,53
B4,suspect,pooled,all,recall_C90_pstar,1.0,53
B4,suspect,pooled,all,f1_C90_pstar,0.6666666666666666,53
B4,suspect,pooled,all,fn_C90_pstar,0.0,53
B4,suspect,pooled,all,fp_C90_pstar,14.0,53
B4,suspect,pooled,op,brier_mean_platt,0.21089285451594372,39
B4,suspect,pooled,op,brier_platt_C50,0.051280136098678215,39
B4,suspect,pooled,op,brier_platt_C75,0.3094558891454104,39
B4,suspect,pooled,op,brier_platt_C90,0.2719425383037427,39
B4,suspect,pooled,op,bss_cond_C50,0.7359103226427377,39
B4,suspect,pooled,op,brier_clim_C50,0.336276819507243,39
B4,suspect,pooled,op,brier_climcond_C50,0.194176980379684,39
B4,suspect,pooled,op,precision_C50_p05,0.9411764705882353,39
B4,suspect,pooled,op,recall_C50_p05,1.0,39
B4,suspect,pooled,op,f1_C50_p05,0.9696969696969697,39
B4,suspect,pooled,op,fn_C50_p05,0.0,39
B4,suspect,pooled,op,fp_C50_p05,2.0,39
B4,suspect,pooled,op,precision_C50_pstar,0.9393939393939394,39
B4,suspect,pooled,op,recall_C50_pstar,0.96875,39
B4,suspect,pooled,op,f1_C50_pstar,0.9538461538461539,39
B4,suspect,pooled,op,fn_C50_pstar,1.0,39
B4,suspect,pooled,op,fp_C50_pstar,2.0,39
B4,suspect,pooled,op,bss_cond_C75,0.0907307286270097,39
B4,suspect,pooled,op,brier_clim_C75,0.39214115680512523,39
B4,suspect,pooled,op,brier_climcond_C75,0.3403347048978507,39
B4,suspect,pooled,op,precision_C75_p05,0.5416666666666666,39
B4,suspect,pooled,op,recall_C75_p05,0.5652173913043478,39
B4,suspect,pooled,op,f1_C75_p05,0.5531914893617021,39
B4,suspect,pooled,op,fn_C75_p05,10.0,39
B4,suspect,pooled,op,fp_C75_p05,11.0,39
B4,suspect,pooled,op,precision_C75_pstar,0.696969696969697,39
B4,suspect,pooled,op,recall_C75_pstar,1.0,39
B4,suspect,pooled,op,f1_C75_pstar,0.8214285714285714,39
B4,suspect,pooled,op,fn_C75_pstar,0.0,39
B4,suspect,pooled,op,fp_C75_pstar,10.0,39
B4,suspect,pooled,op,bss_cond_C90,0.0577290429603724,39
B4,suspect,pooled,op,brier_clim_C90,0.30851753685193756,39
B4,suspect,pooled,op,brier_climcond_C90,0.28860333248317027,39
B4,suspect,pooled,op,precision_C90_p05,0.2857142857142857,39
B4,suspect,pooled,op,recall_C90_p05,0.14285714285714285,39
B4,suspect,pooled,op,f1_C90_p05,0.19047619047619047,39
B4,suspect,pooled,op,fn_C90_p05,12.0,39
B4,suspect,pooled,op,fp_C90_p05,5.0,39
B4,suspect,pooled,op,precision_C90_pstar,0.5,39
B4,suspect,pooled,op,recall_C90_pstar,1.0,39
B4,suspect,pooled,op,f1_C90_pstar,0.6666666666666666,39
B4,suspect,pooled,op,fn_C90_pstar,0.0,39
B4,suspect,pooled,op,fp_C90_pstar,14.0,39
B4,suspect,pooled,nonop,brier_mean_platt,1.0226301629691052e-20,14
B4,suspect,pooled,nonop,brier_platt_C50,1.1107662280964324e-20,14
B4,suspect,pooled,nonop,brier_platt_C75,9.785621304054417e-21,14
B4,suspect,pooled,nonop,brier_platt_C90,9.785621304054417e-21,14
B4,suspect,pooled,nonop,bss_cond_C50,NaN,14
B4,suspect,pooled,nonop,brier_clim_C50,0.15712766058687996,14
B4,suspect,pooled,nonop,brier_climcond_C50,0.0,14
B4,suspect,pooled,nonop,precision_C50_p05,NaN,14
B4,suspect,pooled,nonop,recall_C50_p05,NaN,14
B4,suspect,pooled,nonop,f1_C50_p05,NaN,14
B4,suspect,pooled,nonop,fn_C50_p05,0.0,14
B4,suspect,pooled,nonop,fp_C50_p05,0.0,14
B4,suspect,pooled,nonop,precision_C50_pstar,NaN,14
B4,suspect,pooled,nonop,recall_C50_pstar,NaN,14
B4,suspect,pooled,nonop,f1_C50_pstar,NaN,14
B4,suspect,pooled,nonop,fn_C50_pstar,0.0,14
B4,suspect,pooled,nonop,fp_C50_pstar,0.0,14
B4,suspect,pooled,nonop,bss_cond_C75,NaN,14
B4,suspect,pooled,nonop,brier_clim_C75,0.03636701877532476,14
B4,suspect,pooled,nonop,brier_climcond_C75,0.0,14
B4,suspect,pooled,nonop,precision_C75_p05,NaN,14
B4,suspect,pooled,nonop,recall_C75_p05,NaN,14
B4,suspect,pooled,nonop,f1_C75_p05,NaN,14
B4,suspect,pooled,nonop,fn_C75_p05,0.0,14
B4,suspect,pooled,nonop,fp_C75_p05,0.0,14
B4,suspect,pooled,nonop,precision_C75_pstar,NaN,14
B4,suspect,pooled,nonop,recall_C75_pstar,NaN,14
B4,suspect,pooled,nonop,f1_C75_pstar,NaN,14
B4,suspect,pooled,nonop,fn_C75_pstar,0.0,14
B4,suspect,pooled,nonop,fp_C75_pstar,0.0,14
B4,suspect,pooled,nonop,bss_cond_C90,NaN,14
B4,suspect,pooled,nonop,brier_clim_C90,0.006822724131130011,14
B4,suspect,pooled,nonop,brier_climcond_C90,0.0,14
B4,suspect,pooled,nonop,precision_C90_p05,NaN,14
B4,suspect,pooled,nonop,recall_C90_p05,NaN,14
B4,suspect,pooled,nonop,f1_C90_p05,NaN,14
B4,suspect,pooled,nonop,fn_C90_p05,0.0,14
B4,suspect,pooled,nonop,fp_C90_p05,0.0,14
B4,suspect,pooled,nonop,precision_C90_pstar,NaN,14
B4,suspect,pooled,nonop,recall_C90_pstar,NaN,14
B4,suspect,pooled,nonop,f1_C90_pstar,NaN,14
B4,suspect,pooled,nonop,fn_C90_pstar,0.0,14
B4,suspect,pooled,nonop,fp_C90_pstar,0.0,14
B1,protoA,f1,all,brier_mean_platt,0.25826840861694916,12
B1,protoA,f1,all,brier_platt_C50,0.004756956431001133,12
B1,protoA,f1,all,brier_platt_C75,0.4487160403467414,12
B1,protoA,f1,all,brier_platt_C90,0.32133222907310505,12
B1,protoA,f1,all,bss_cond_C50,0.970526761531533,12
B1,protoA,f1,all,brier_clim_C50,0.3017751479289941,12
B1,protoA,f1,all,brier_climcond_C50,0.16139917695473252,12
B1,protoA,f1,all,precision_C50_p05,1.0,12
B1,protoA,f1,all,recall_C50_p05,1.0,12
B1,protoA,f1,all,f1_C50_p05,1.0,12
B1,protoA,f1,all,fn_C50_p05,0.0,12
B1,protoA,f1,all,fp_C50_p05,0.0,12
B1,protoA,f1,all,precision_C50_pstar,1.0,12
B1,protoA,f1,all,recall_C50_pstar,0.75,12
B1,protoA,f1,all,f1_C50_pstar,0.8571428571428571,12
B1,protoA,f1,all,fn_C50_pstar,2.0,12
B1,protoA,f1,all,fp_C50_pstar,0.0,12
B1,protoA,f1,all,bss_cond_C75,-0.2444418831803028,12
B1,protoA,f1,all,brier_clim_C75,0.42587771203155816,12
B1,protoA,f1,all,brier_climcond_C75,0.3605761316872429,12
B1,protoA,f1,all,precision_C75_p05,1.0,12
B1,protoA,f1,all,recall_C75_p05,0.125,12
B1,protoA,f1,all,f1_C75_p05,0.2222222222222222,12
B1,protoA,f1,all,fn_C75_p05,7.0,12
B1,protoA,f1,all,fp_C75_p05,0.0,12
B1,protoA,f1,all,precision_C75_pstar,1.0,12
B1,protoA,f1,all,recall_C75_pstar,0.25,12
B1,protoA,f1,all,f1_C75_pstar,0.4,12
B1,protoA,f1,all,fn_C75_pstar,6.0,12
B1,protoA,f1,all,fp_C75_pstar,0.0,12
B1,protoA,f1,all,bss_cond_C90,-0.20128817945791577,12
B1,protoA,f1,all,brier_clim_C90,0.28796844181459574,12
B1,protoA,f1,all,brier_climcond_C90,0.2674897119341564,12
B1,protoA,f1,all,precision_C90_p05,NaN,12
B1,protoA,f1,all,recall_C90_p05,0.0,12
B1,protoA,f1,all,f1_C90_p05,0.0,12
B1,protoA,f1,all,fn_C90_p05,4.0,12
B1,protoA,f1,all,fp_C90_p05,0.0,12
B1,protoA,f1,all,precision_C90_pstar,NaN,12
B1,protoA,f1,all,recall_C90_pstar,0.0,12
B1,protoA,f1,all,f1_C90_pstar,0.0,12
B1,protoA,f1,all,fn_C90_pstar,4.0,12
B1,protoA,f1,all,fp_C90_pstar,0.0,12
B1,protoA,f1,op,brier_mean_platt,0.30992209034033813,10
B1,protoA,f1,op,brier_platt_C50,0.005708347717200498,10
B1,protoA,f1,op,brier_platt_C75,0.5384592484160888,10
B1,protoA,f1,op,brier_platt_C90,0.3855986748877252,10
B1,protoA,f1,op,bss_cond_C50,0.9705267615315375,10
B1,protoA,f1,op,brier_clim_C50,0.3325443786982249,10
B1,protoA,f1,op,brier_climcond_C50,0.19367901234567902,10
B1,protoA,f1,op,precision_C50_p05,1.0,10
B1,protoA,f1,op,recall_C50_p05,1.0,10
B1,protoA,f1,op,f1_C50_p05,1.0,10
B1,protoA,f1,op,fn_C50_p05,0.0,10
B1,protoA,f1,op,fp_C50_p05,0.0,10
B1,protoA,f1,op,precision_C50_pstar,1.0,10
B1,protoA,f1,op,recall_C50_pstar,0.75,10
B1,protoA,f1,op,f1_C50_pstar,0.8571428571428571,10
B1,protoA,f1,op,fn_C50_pstar,2.0,10
B1,protoA,f1,op,fp_C50_pstar,0.0,10
B1,protoA,f1,op,bss_cond_C75,-0.2444418831803008,10
B1,protoA,f1,op,brier_clim_C75,0.5017751479289941,10
B1,protoA,f1,op,brier_climcond_C75,0.4326913580246915,10
B1,protoA,f1,op,precision_C75_p05,1.0,10
B1,protoA,f1,op,recall_C75_p05,0.125,10
B1,protoA,f1,op,f1_C75_p05,0.2222222222222222,10
B1,protoA,f1,op,fn_C75_p05,7.0,10
B1,protoA,f1,op,fp_C75_p05,0.0,10
B1,protoA,f1,op,precision_C75_pstar,1.0,10
B1,protoA,f1,op,recall_C75_pstar,0.25,10
B1,protoA,f1,op,f1_C75_pstar,0.4,10
B1,protoA,f1,op,fn_C75_pstar,6.0,10
B1,protoA,f1,op,fp_C75_pstar,0.0,10
B1,protoA,f1,op,bss_cond_C90,-0.2012881794579131,10
B1,protoA,f1,op,brier_clim_C90,0.3443786982248521,10
B1,protoA,f1,op,brier_climcond_C90,0.32098765432098764,10
B1,protoA,f1,op,precision_C90_p05,NaN,10
B1,protoA,f1,op,recall_C90_p05,0.0,10
B1,protoA,f1,op,f1_C90_p05,0.0,10
B1,protoA,f1,op,fn_C90_p05,4.0,10
B1,protoA,f1,op,fp_C90_p05,0.0,10
B1,protoA,f1,op,precision_C90_pstar,NaN,10
B1,protoA,f1,op,recall_C90_pstar,0.0,10
B1,protoA,f1,op,f1_C90_pstar,0.0,10
B1,protoA,f1,op,fn_C90_pstar,4.0,10
B1,protoA,f1,op,fp_C90_pstar,0.0,10
B1,protoA,f1,nonop,brier_mean_platt,4.308604055729408e-15,2
B1,protoA,f1,nonop,brier_platt_C50,4.308604055729408e-15,2
B1,protoA,f1,nonop,brier_platt_C75,4.308604055729408e-15,2
B1,protoA,f1,nonop,brier_platt_C90,4.308604055729408e-15,2
B1,protoA,f1,nonop,bss_cond_C50,NaN,2
B1,protoA,f1,nonop,brier_clim_C50,0.14792899408284024,2
B1,protoA,f1,nonop,brier_climcond_C50,0.0,2
B1,protoA,f1,nonop,precision_C50_p05,NaN,2
B1,protoA,f1,nonop,recall_C50_p05,NaN,2
B1,protoA,f1,nonop,f1_C50_p05,NaN,2
B1,protoA,f1,nonop,fn_C50_p05,0.0,2
B1,protoA,f1,nonop,fp_C50_p05,0.0,2
B1,protoA,f1,nonop,precision_C50_pstar,NaN,2
B1,protoA,f1,nonop,recall_C50_pstar,NaN,2
B1,protoA,f1,nonop,f1_C50_pstar,NaN,2
B1,protoA,f1,nonop,fn_C50_pstar,0.0,2
B1,protoA,f1,nonop,fp_C50_pstar,0.0,2
B1,protoA,f1,nonop,bss_cond_C75,NaN,2
B1,protoA,f1,nonop,brier_clim_C75,0.0463905325443787,2
B1,protoA,f1,nonop,brier_climcond_C75,0.0,2
B1,protoA,f1,nonop,precision_C75_p05,NaN,2
B1,protoA,f1,nonop,recall_C75_p05,NaN,2
B1,protoA,f1,nonop,f1_C75_p05,NaN,2
B1,protoA,f1,nonop,fn_C75_p05,0.0,2
B1,protoA,f1,nonop,fp_C75_p05,0.0,2
B1,protoA,f1,nonop,precision_C75_pstar,NaN,2
B1,protoA,f1,nonop,recall_C75_pstar,NaN,2
B1,protoA,f1,nonop,f1_C75_pstar,NaN,2
B1,protoA,f1,nonop,fn_C75_pstar,0.0,2
B1,protoA,f1,nonop,fp_C75_pstar,0.0,2
B1,protoA,f1,nonop,bss_cond_C90,NaN,2
B1,protoA,f1,nonop,brier_clim_C90,0.00591715976331361,2
B1,protoA,f1,nonop,brier_climcond_C90,0.0,2
B1,protoA,f1,nonop,precision_C90_p05,NaN,2
B1,protoA,f1,nonop,recall_C90_p05,NaN,2
B1,protoA,f1,nonop,f1_C90_p05,NaN,2
B1,protoA,f1,nonop,fn_C90_p05,0.0,2
B1,protoA,f1,nonop,fp_C90_p05,0.0,2
B1,protoA,f1,nonop,precision_C90_pstar,NaN,2
B1,protoA,f1,nonop,recall_C90_pstar,NaN,2
B1,protoA,f1,nonop,f1_C90_pstar,NaN,2
B1,protoA,f1,nonop,fn_C90_pstar,0.0,2
B1,protoA,f1,nonop,fp_C90_pstar,0.0,2
B1,protoA,f2,all,brier_mean_platt,0.1494666447277651,13
B1,protoA,f2,all,brier_platt_C50,0.15303852519472055,13
B1,protoA,f2,all,brier_platt_C75,0.15303852393536838,13
B1,protoA,f2,all,brier_platt_C90,0.14232288505320637,13
B1,protoA,f2,all,bss_cond_C50,-0.3781039958115533,13
B1,protoA,f2,all,brier_clim_C50,0.26697977347328,13
B1,protoA,f2,all,brier_climcond_C50,0.11105005548191413,13
B1,protoA,f2,all,precision_C50_p05,0.7777777777777778,13
B1,protoA,f2,all,recall_C50_p05,1.0,13
B1,protoA,f2,all,f1_C50_p05,0.875,13
B1,protoA,f2,all,fn_C50_p05,0.0,13
B1,protoA,f2,all,fp_C50_p05,2.0,13
B1,protoA,f2,all,precision_C50_pstar,0.7777777777777778,13
B1,protoA,f2,all,recall_C50_pstar,1.0,13
B1,protoA,f2,all,f1_C50_pstar,0.875,13
B1,protoA,f2,all,fn_C50_pstar,0.0,13
B1,protoA,f2,all,fp_C50_pstar,2.0,13
B1,protoA,f2,all,bss_cond_C75,0.475109629139866,13
B1,protoA,f2,all,brier_clim_C75,0.3666203925944187,13
B1,protoA,f2,all,brier_climcond_C75,0.29156283374866504,13
B1,protoA,f2,all,precision_C75_p05,0.7777777777777778,13
B1,protoA,f2,all,recall_C75_p05,1.0,13
B1,protoA,f2,all,f1_C75_p05,0.875,13
B1,protoA,f2,all,fn_C75_p05,0.0,13
B1,protoA,f2,all,fp_C75_p05,2.0,13
B1,protoA,f2,all,precision_C75_pstar,0.7777777777777778,13
B1,protoA,f2,all,recall_C75_pstar,1.0,13
B1,protoA,f2,all,f1_C75_pstar,0.875,13
B1,protoA,f2,all,fn_C75_pstar,0.0,13
B1,protoA,f2,all,fp_C75_pstar,2.0,13
B1,protoA,f2,all,bss_cond_C90,0.6491220096213924,13
B1,protoA,f2,all,brier_clim_C90,0.44882390336935774,13
B1,protoA,f2,all,brier_climcond_C90,0.4056193005997208,13
B1,protoA,f2,all,precision_C90_p05,0.7777777777777778,13
B1,protoA,f2,all,recall_C90_p05,1.0,13
B1,protoA,f2,all,f1_C90_p05,0.875,13
B1,protoA,f2,all,fn_C90_p05,0.0,13
B1,protoA,f2,all,fp_C90_p05,2.0,13
B1,protoA,f2,all,precision_C90_pstar,0.7777777777777778,13
B1,protoA,f2,all,recall_C90_pstar,1.0,13
B1,protoA,f2,all,f1_C90_pstar,0.875,13
B1,protoA,f2,all,fn_C90_pstar,0.0,13
B1,protoA,f2,all,fp_C90_pstar,2.0,13
B1,protoA,f2,op,brier_mean_platt,0.00445924735543543,8
B1,protoA,f2,op,brier_platt_C50,0.000029055131223664437,8
B1,protoA,f2,op,brier_platt_C75,0.000029055135845161236,8
B1,protoA,f2,op,brier_platt_C90,0.013319631799237463,8
B1,protoA,f2,op,bss_cond_C50,0.9998389907985599,8
B1,protoA,f2,op,brier_clim_C50,0.3325392140327205,8
B1,protoA,f2,op,brier_climcond_C50,0.18045634015811046,8
B1,protoA,f2,op,precision_C50_p05,1.0,8
B1,protoA,f2,op,recall_C50_p05,1.0,8
B1,protoA,f2,op,f1_C50_p05,1.0,8
B1,protoA,f2,op,fn_C50_p05,0.0,8
B1,protoA,f2,op,fp_C50_p05,0.0,8
B1,protoA,f2,op,precision_C50_pstar,1.0,8
B1,protoA,f2,op,recall_C50_pstar,1.0,8
B1,protoA,f2,op,f1_C50_pstar,1.0,8
B1,protoA,f2,op,fn_C50_pstar,0.0,8
B1,protoA,f2,op,fp_C50_pstar,0.0,8
B1,protoA,f2,op,bss_cond_C75,0.9999386750246348,8
B1,protoA,f2,op,brier_clim_C75,0.572039973013999,8
B1,protoA,f2,op,brier_climcond_C75,0.4737896048415807,8
B1,protoA,f2,op,precision_C75_p05,1.0,8
B1,protoA,f2,op,recall_C75_p05,1.0,8
B1,protoA,f2,op,f1_C75_p05,1.0,8
B1,protoA,f2,op,fn_C75_p05,0.0,8
B1,protoA,f2,op,fp_C75_p05,0.0,8
B1,protoA,f2,op,precision_C75_pstar,1.0,8
B1,protoA,f2,op,recall_C75_pstar,1.0,8
B1,protoA,f2,op,f1_C75_pstar,1.0,8
B1,protoA,f2,op,fn_C75_pstar,0.0,8
B1,protoA,f2,op,fp_C75_pstar,0.0,8
B1,protoA,f2,op,bss_cond_C90,0.9797921438163337,8
B1,protoA,f2,op,brier_clim_C90,0.7241735537190082,8
B1,protoA,f2,op,brier_climcond_C90,0.6591313634745462,8
B1,protoA,f2,op,precision_C90_p05,1.0,8
B1,protoA,f2,op,recall_C90_p05,1.0,8
B1,protoA,f2,op,f1_C90_p05,1.0,8
B1,protoA,f2,op,fn_C90_p05,0.0,8
B1,protoA,f2,op,fp_C90_p05,0.0,8
B1,protoA,f2,op,precision_C90_pstar,1.0,8
B1,protoA,f2,op,recall_C90_pstar,1.0,8
B1,protoA,f2,op,f1_C90_pstar,1.0,8
B1,protoA,f2,op,fn_C90_pstar,0.0,8
B1,protoA,f2,op,fp_C90_pstar,0.0,8
B1,protoA,f2,nonop,brier_mean_platt,0.38147848052349254,5
B1,protoA,f2,nonop,brier_platt_C50,0.3978536772963155,5
B1,protoA,f2,nonop,brier_platt_C75,0.3978536740146055,5
B1,protoA,f2,nonop,brier_platt_C90,0.34872809025955653,5
B1,protoA,f2,nonop,bss_cond_C50,NaN,5
B1,protoA,f2,nonop,brier_clim_C50,0.16208466857817508,5
B1,protoA,f2,nonop,brier_climcond_C50,0.0,5
B1,protoA,f2,nonop,precision_C50_p05,0.0,5
B1,protoA,f2,nonop,recall_C50_p05,NaN,5
B1,protoA,f2,nonop,f1_C50_p05,NaN,5
B1,protoA,f2,nonop,fn_C50_p05,0.0,5
B1,protoA,f2,nonop,fp_C50_p05,2.0,5
B1,protoA,f2,nonop,precision_C50_pstar,0.0,5
B1,protoA,f2,nonop,recall_C50_pstar,NaN,5
B1,protoA,f2,nonop,f1_C50_pstar,NaN,5
B1,protoA,f2,nonop,fn_C50_pstar,0.0,5
B1,protoA,f2,nonop,fp_C50_pstar,2.0,5
B1,protoA,f2,nonop,bss_cond_C75,NaN,5
B1,protoA,f2,nonop,brier_clim_C75,0.0379490639230899,5
B1,protoA,f2,nonop,brier_climcond_C75,0.0,5
B1,protoA,f2,nonop,precision_C75_p05,0.0,5
B1,protoA,f2,nonop,recall_C75_p05,NaN,5
B1,protoA,f2,nonop,f1_C75_p05,NaN,5
B1,protoA,f2,nonop,fn_C75_p05,0.0,5
B1,protoA,f2,nonop,fp_C75_p05,2.0,5
B1,protoA,f2,nonop,precision_C75_pstar,0.0,5
B1,protoA,f2,nonop,recall_C75_pstar,NaN,5
B1,protoA,f2,nonop,f1_C75_pstar,NaN,5
B1,protoA,f2,nonop,fn_C75_pstar,0.0,5
B1,protoA,f2,nonop,fp_C75_pstar,2.0,5
B1,protoA,f2,nonop,bss_cond_C90,NaN,5
B1,protoA,f2,nonop,brier_clim_C90,0.008264462809917356,5
B1,protoA,f2,nonop,brier_climcond_C90,0.0,5
B1,protoA,f2,nonop,precision_C90_p05,0.0,5
B1,protoA,f2,nonop,recall_C90_p05,NaN,5
B1,protoA,f2,nonop,f1_C90_p05,NaN,5
B1,protoA,f2,nonop,fn_C90_p05,0.0,5
B1,protoA,f2,nonop,fp_C90_p05,2.0,5
B1,protoA,f2,nonop,precision_C90_pstar,0.0,5
B1,protoA,f2,nonop,recall_C90_pstar,NaN,5
B1,protoA,f2,nonop,f1_C90_pstar,NaN,5
B1,protoA,f2,nonop,fn_C90_pstar,0.0,5
B1,protoA,f2,nonop,fp_C90_pstar,2.0,5
B1,protoA,f3,all,brier_mean_platt,0.28410550511906796,14
B1,protoA,f3,all,brier_platt_C50,0.41918480480631487,14
B1,protoA,f3,all,brier_platt_C75,0.2902745676937461,14
B1,protoA,f3,all,brier_platt_C90,0.14285714285714285,14
B1,protoA,f3,all,bss_cond_C50,-2.9304609437610623,14
B1,protoA,f3,all,brier_clim_C50,0.24571428571428575,14
B1,protoA,f3,all,brier_climcond_C50,0.1066502913536641,14
B1,protoA,f3,all,precision_C50_p05,0.0,14
B1,protoA,f3,all,recall_C50_p05,0.0,14
B1,protoA,f3,all,f1_C50_p05,0.0,14
B1,protoA,f3,all,fn_C50_p05,6.0,14
B1,protoA,f3,all,fp_C50_p05,1.0,14
B1,protoA,f3,all,precision_C50_pstar,0.0,14
B1,protoA,f3,all,recall_C50_pstar,0.0,14
B1,protoA,f3,all,f1_C50_pstar,0.0,14
B1,protoA,f3,all,fn_C50_pstar,6.0,14
B1,protoA,f3,all,fp_C50_pstar,1.0,14
B1,protoA,f3,all,bss_cond_C75,-0.8579141576898894,14
B1,protoA,f3,all,brier_clim_C75,0.20964726631393302,14
B1,protoA,f3,all,brier_climcond_C75,0.15623680270280646,14
B1,protoA,f3,all,precision_C75_p05,NaN,14
B1,protoA,f3,all,recall_C75_p05,0.0,14
B1,protoA,f3,all,f1_C75_p05,0.0,14
B1,protoA,f3,all,fn_C75_p05,4.0,14
B1,protoA,f3,all,fp_C75_p05,0.0,14
B1,protoA,f3,all,precision_C75_pstar,NaN,14
B1,protoA,f3,all,recall_C75_pstar,0.0,14
B1,protoA,f3,all,f1_C75_pstar,0.0,14
B1,protoA,f3,all,fn_C75_pstar,4.0,14
B1,protoA,f3,all,fp_C75_pstar,0.0,14
B1,protoA,f3,all,bss_cond_C90,-0.25328393398450655,14
B1,protoA,f3,all,brier_clim_C90,0.12536155202821872,14
B1,protoA,f3,all,brier_climcond_C90,0.11398625561485008,14
B1,protoA,f3,all,precision_C90_p05,NaN,14
B1,protoA,f3,all,recall_C90_p05,0.0,14
B1,protoA,f3,all,f1_C90_p05,0.0,14
B1,protoA,f3,all,fn_C90_p05,2.0,14
B1,protoA,f3,all,fp_C90_p05,0.0,14
B1,protoA,f3,all,precision_C90_pstar,NaN,14
B1,protoA,f3,all,recall_C90_pstar,0.0,14
B1,protoA,f3,all,f1_C90_pstar,0.0,14
B1,protoA,f3,all,fn_C90_pstar,2.0,14
B1,protoA,f3,all,fp_C90_pstar,0.0,14
B1,protoA,f3,op,brier_mean_platt,0.4971846333306411,8
B1,protoA,f3,op,brier_platt_C50,0.7335734074694593,8
B1,protoA,f3,op,brier_platt_C75,0.507980492522464,8
B1,protoA,f3,op,brier_platt_C90,0.25,8
B1,protoA,f3,op,bss_cond_C50,-2.930460938716046,8
B1,protoA,f3,op,brier_clim_C50,0.31,8
B1,protoA,f3,op,brier_climcond_C50,0.1866380098689122,8
B1,protoA,f3,op,precision_C50_p05,0.0,8
B1,protoA,f3,op,recall_C50_p05,0.0,8
B1,protoA,f3,op,f1_C50_p05,0.0,8
B1,protoA,f3,op,fn_C50_p05,6.0,8
B1,protoA,f3,op,fp_C50_p05,1.0,8
B1,protoA,f3,op,precision_C50_pstar,0.0,8
B1,protoA,f3,op,recall_C50_pstar,0.0,8
B1,protoA,f3,op,f1_C50_pstar,0.0,8
B1,protoA,f3,op,fn_C50_pstar,6.0,8
B1,protoA,f3,op,fp_C50_pstar,1.0,8
B1,protoA,f3,op,bss_cond_C75,-0.8579141542460633,8
B1,protoA,f3,op,brier_clim_C75,0.33345679012345675,8
B1,protoA,f3,op,brier_climcond_C75,0.2734144047299113,8
B1,protoA,f3,op,precision_C75_p05,NaN,8
B1,protoA,f3,op,recall_C75_p05,0.0,8
B1,protoA,f3,op,f1_C75_p05,0.0,8
B1,protoA,f3,op,fn_C75_p05,4.0,8
B1,protoA,f3,op,fp_C75_p05,0.0,8
B1,protoA,f3,op,precision_C75_pstar,NaN,8
B1,protoA,f3,op,recall_C75_pstar,0.0,8
B1,protoA,f3,op,f1_C75_pstar,0.0,8
B1,protoA,f3,op,fn_C75_pstar,4.0,8
B1,protoA,f3,op,fp_C75_pstar,0.0,8
B1,protoA,f3,op,bss_cond_C90,-0.25328393398450655,8
B1,protoA,f3,op,brier_clim_C90,0.2134567901234568,8
B1,protoA,f3,op,brier_climcond_C90,0.19947594732598764,8
B1,protoA,f3,op,precision_C90_p05,NaN,8
B1,protoA,f3,op,recall_C90_p05,0.0,8
B1,protoA,f3,op,f1_C90_p05,0.0,8
B1,protoA,f3,op,fn_C90_p05,2.0,8
B1,protoA,f3,op,fp_C90_p05,0.0,8
B1,protoA,f3,op,precision_C90_pstar,NaN,8
B1,protoA,f3,op,recall_C90_pstar,0.0,8
B1,protoA,f3,op,f1_C90_pstar,0.0,8
B1,protoA,f3,op,fn_C90_pstar,2.0,8
B1,protoA,f3,op,fp_C90_pstar,0.0,8
B1,protoA,f3,nonop,brier_mean_platt,8.369703905230769e-10,6
B1,protoA,f3,nonop,brier_platt_C50,1.255455585784615e-9,6
B1,protoA,f3,nonop,brier_platt_C75,1.255455585784615e-9,6
B1,protoA,f3,nonop,brier_platt_C90,2.2557089222068196e-29,6
B1,protoA,f3,nonop,bss_cond_C50,NaN,6
B1,protoA,f3,nonop,brier_clim_C50,0.16000000000000003,6
B1,protoA,f3,nonop,brier_climcond_C50,0.0,6
B1,protoA,f3,nonop,precision_C50_p05,NaN,6
B1,protoA,f3,nonop,recall_C50_p05,NaN,6
B1,protoA,f3,nonop,f1_C50_p05,NaN,6
B1,protoA,f3,nonop,fn_C50_p05,0.0,6
B1,protoA,f3,nonop,fp_C50_p05,0.0,6
B1,protoA,f3,nonop,precision_C50_pstar,NaN,6
B1,protoA,f3,nonop,recall_C50_pstar,NaN,6
B1,protoA,f3,nonop,f1_C50_pstar,NaN,6
B1,protoA,f3,nonop,fn_C50_pstar,0.0,6
B1,protoA,f3,nonop,fp_C50_pstar,0.0,6
B1,protoA,f3,nonop,bss_cond_C75,NaN,6
B1,protoA,f3,nonop,brier_clim_C75,0.04456790123456789,6
B1,protoA,f3,nonop,brier_climcond_C75,0.0,6
B1,protoA,f3,nonop,precision_C75_p05,NaN,6
B1,protoA,f3,nonop,recall_C75_p05,NaN,6
B1,protoA,f3,nonop,f1_C75_p05,NaN,6
B1,protoA,f3,nonop,fn_C75_p05,0.0,6
B1,protoA,f3,nonop,fp_C75_p05,0.0,6
B1,protoA,f3,nonop,precision_C75_pstar,NaN,6
B1,protoA,f3,nonop,recall_C75_pstar,NaN,6
B1,protoA,f3,nonop,f1_C75_pstar,NaN,6
B1,protoA,f3,nonop,fn_C75_pstar,0.0,6
B1,protoA,f3,nonop,fp_C75_pstar,0.0,6
B1,protoA,f3,nonop,bss_cond_C90,NaN,6
B1,protoA,f3,nonop,brier_clim_C90,0.007901234567901235,6
B1,protoA,f3,nonop,brier_climcond_C90,0.0,6
B1,protoA,f3,nonop,precision_C90_p05,NaN,6
B1,protoA,f3,nonop,recall_C90_p05,NaN,6
B1,protoA,f3,nonop,f1_C90_p05,NaN,6
B1,protoA,f3,nonop,fn_C90_p05,0.0,6
B1,protoA,f3,nonop,fp_C90_p05,0.0,6
B1,protoA,f3,nonop,precision_C90_pstar,NaN,6
B1,protoA,f3,nonop,recall_C90_pstar,NaN,6
B1,protoA,f3,nonop,f1_C90_pstar,NaN,6
B1,protoA,f3,nonop,fn_C90_pstar,0.0,6
B1,protoA,f3,nonop,fp_C90_pstar,0.0,6
B1,protoA,f4,all,brier_mean_platt,0.10145135489559574,12
B1,protoA,f4,all,brier_platt_C50,0.0825842201004421,12
B1,protoA,f4,all,brier_platt_C75,0.2133912093784108,12
B1,protoA,f4,all,brier_platt_C90,0.008378635207934389,12
B1,protoA,f4,all,bss_cond_C50,0.4726943629730599,12
B1,protoA,f4,all,brier_clim_C50,0.3402366863905326,12
B1,protoA,f4,all,brier_climcond_C50,0.1566154698555268,12
B1,protoA,f4,all,precision_C50_p05,1.0,12
B1,protoA,f4,all,recall_C50_p05,0.9,12
B1,protoA,f4,all,f1_C50_p05,0.9473684210526315,12
B1,protoA,f4,all,fn_C50_p05,1.0,12
B1,protoA,f4,all,fp_C50_p05,0.0,12
B1,protoA,f4,all,precision_C50_pstar,1.0,12
B1,protoA,f4,all,recall_C50_pstar,0.9,12
B1,protoA,f4,all,f1_C50_pstar,0.9473684210526315,12
B1,protoA,f4,all,fn_C50_pstar,1.0,12
B1,protoA,f4,all,fp_C50_pstar,0.0,12
B1,protoA,f4,all,bss_cond_C75,-0.5089206703591802,12
B1,protoA,f4,all,brier_clim_C75,0.13954635108481264,12
B1,protoA,f4,all,brier_climcond_C75,0.1414197668374545,12
B1,protoA,f4,all,precision_C75_p05,0.2,12
B1,protoA,f4,all,recall_C75_p05,0.5,12
B1,protoA,f4,all,f1_C75_p05,0.2857142857142857,12
B1,protoA,f4,all,fn_C75_p05,1.0,12
B1,protoA,f4,all,fp_C75_p05,4.0,12
B1,protoA,f4,all,precision_C75_pstar,0.2,12
B1,protoA,f4,all,recall_C75_pstar,0.5,12
B1,protoA,f4,all,f1_C75_pstar,0.2857142857142857,12
B1,protoA,f4,all,fn_C75_pstar,1.0,12
B1,protoA,f4,all,fp_C75_pstar,4.0,12
B1,protoA,f4,all,bss_cond_C90,0.29478074784217234,12
B1,protoA,f4,all,brier_clim_C90,0.005917159763313611,12
B1,protoA,f4,all,brier_climcond_C90,0.011880894037276305,12
B1,protoA,f4,all,precision_C90_p05,NaN,12
B1,protoA,f4,all,recall_C90_p05,NaN,12
B1,protoA,f4,all,f1_C90_p05,NaN,12
B1,protoA,f4,all,fn_C90_p05,0.0,12
B1,protoA,f4,all,fp_C90_p05,0.0,12
B1,protoA,f4,all,precision_C90_pstar,NaN,12
B1,protoA,f4,all,recall_C90_pstar,NaN,12
B1,protoA,f4,all,f1_C90_pstar,NaN,12
B1,protoA,f4,all,fn_C90_pstar,0.0,12
B1,protoA,f4,all,fp_C90_pstar,0.0,12
B1,protoA,f4,op,brier_mean_platt,0.11067420534064687,11
B1,protoA,f4,op,brier_platt_C50,0.09009187647320654,11
B1,protoA,f4,op,brier_platt_C75,0.23279041023099056,11
B1,protoA,f4,op,brier_platt_C90,0.009140329317743594,11
B1,protoA,f4,op,bss_cond_C50,0.47269436297307754,11
B1,protoA,f4,op,brier_clim_C50,0.3577192038730501,11
B1,protoA,f4,op,brier_climcond_C50,0.17085323984239287,11
B1,protoA,f4,op,precision_C50_p05,1.0,11
B1,protoA,f4,op,recall_C50_p05,0.9,11
B1,protoA,f4,op,f1_C50_p05,0.9473684210526315,11
B1,protoA,f4,op,fn_C50_p05,1.0,11
B1,protoA,f4,op,fp_C50_p05,0.0,11
B1,protoA,f4,op,precision_C50_pstar,1.0,11
B1,protoA,f4,op,recall_C50_pstar,0.9,11
B1,protoA,f4,op,f1_C50_pstar,0.9473684210526315,11
B1,protoA,f4,op,fn_C50_pstar,1.0,11
B1,protoA,f4,op,fp_C50_pstar,0.0,11
B1,protoA,f4,op,bss_cond_C75,-0.5089206703591604,11
B1,protoA,f4,op,brier_clim_C75,0.14887036040882198,11
B1,protoA,f4,op,brier_climcond_C75,0.1542761092772231,11
B1,protoA,f4,op,precision_C75_p05,0.2,11
B1,protoA,f4,op,recall_C75_p05,0.5,11
B1,protoA,f4,op,f1_C75_p05,0.2857142857142857,11
B1,protoA,f4,op,fn_C75_p05,1.0,11
B1,protoA,f4,op,fp_C75_p05,4.0,11
B1,protoA,f4,op,precision_C75_pstar,0.2,11
B1,protoA,f4,op,recall_C75_pstar,0.5,11
B1,protoA,f4,op,f1_C75_pstar,0.2857142857142857,11
B1,protoA,f4,op,fn_C75_pstar,1.0,11
B1,protoA,f4,op,fp_C75_pstar,4.0,11
B1,protoA,f4,op,bss_cond_C90,0.2947807478424047,11
B1,protoA,f4,op,brier_clim_C90,0.005917159763313611,11
B1,protoA,f4,op,brier_climcond_C90,0.012960975313392332,11
B1,protoA,f4,op,precision_C90_p05,NaN,11
B1,protoA,f4,op,recall_C90_p05,NaN,11
B1,protoA,f4,op,f1_C90_p05,NaN,11
B1,protoA,f4,op,fn_C90_p05,0.0,11
B1,protoA,f4,op,fp_C90_p05,0.0,11
B1,protoA,f4,op,precision_C90_pstar,NaN,11
B1,protoA,f4,op,recall_C90_pstar,NaN,11
B1,protoA,f4,op,f1_C90_pstar,NaN,11
B1,protoA,f4,op,fn_C90_pstar,0.0,11
B1,protoA,f4,op,fp_C90_pstar,0.0,11
B1,protoA,f4,nonop,brier_mean_platt,3.3127592181615096e-14,1
B1,protoA,f4,nonop,brier_platt_C50,3.3127592181615096e-14,1
B1,protoA,f4,nonop,brier_platt_C75,3.3127592181615096e-14,1
B1,protoA,f4,nonop,brier_platt_C90,3.3127592181615096e-14,1
B1,protoA,f4,nonop,bss_cond_C50,NaN,1
B1,protoA,f4,nonop,brier_clim_C50,0.14792899408284024,1
B1,protoA,f4,nonop,brier_climcond_C50,0.0,1
B1,protoA,f4,nonop,precision_C50_p05,NaN,1
B1,protoA,f4,nonop,recall_C50_p05,NaN,1
B1,protoA,f4,nonop,f1_C50_p05,NaN,1
B1,protoA,f4,nonop,fn_C50_p05,0.0,1
B1,protoA,f4,nonop,fp_C50_p05,0.0,1
B1,protoA,f4,nonop,precision_C50_pstar,NaN,1
B1,protoA,f4,nonop,recall_C50_pstar,NaN,1
B1,protoA,f4,nonop,f1_C50_pstar,NaN,1
B1,protoA,f4,nonop,fn_C50_pstar,0.0,1
B1,protoA,f4,nonop,fp_C50_pstar,0.0,1
B1,protoA,f4,nonop,bss_cond_C75,NaN,1
B1,protoA,f4,nonop,brier_clim_C75,0.03698224852071006,1
B1,protoA,f4,nonop,brier_climcond_C75,0.0,1
B1,protoA,f4,nonop,precision_C75_p05,NaN,1
B1,protoA,f4,nonop,recall_C75_p05,NaN,1
B1,protoA,f4,nonop,f1_C75_p05,NaN,1
B1,protoA,f4,nonop,fn_C75_p05,0.0,1
B1,protoA,f4,nonop,fp_C75_p05,0.0,1
B1,protoA,f4,nonop,precision_C75_pstar,NaN,1
B1,protoA,f4,nonop,recall_C75_pstar,NaN,1
B1,protoA,f4,nonop,f1_C75_pstar,NaN,1
B1,protoA,f4,nonop,fn_C75_pstar,0.0,1
B1,protoA,f4,nonop,fp_C75_pstar,0.0,1
B1,protoA,f4,nonop,bss_cond_C90,NaN,1
B1,protoA,f4,nonop,brier_clim_C90,0.00591715976331361,1
B1,protoA,f4,nonop,brier_climcond_C90,0.0,1
B1,protoA,f4,nonop,precision_C90_p05,NaN,1
B1,protoA,f4,nonop,recall_C90_p05,NaN,1
B1,protoA,f4,nonop,f1_C90_p05,NaN,1
B1,protoA,f4,nonop,fn_C90_p05,0.0,1
B1,protoA,f4,nonop,fp_C90_p05,0.0,1
B1,protoA,f4,nonop,precision_C90_pstar,NaN,1
B1,protoA,f4,nonop,recall_C90_pstar,NaN,1
B1,protoA,f4,nonop,f1_C90_pstar,NaN,1
B1,protoA,f4,nonop,fn_C90_pstar,0.0,1
B1,protoA,f4,nonop,fp_C90_pstar,0.0,1
B1,protoA,pooled,all,brier_mean_platt,0.20072903167212616,51
B1,protoA,pooled,all,brier_platt_C50,0.1746310237881783,51
B1,protoA,pooled,all,brier_platt_C75,0.27448297559949136,51
B1,protoA,pooled,all,brier_platt_C90,0.1530730956287089,51
B1,protoA,pooled,all,bss_cond_C50,-0.31886180844119805,51
B1,protoA,pooled,all,brier_clim_C50,0.2865662562154306,51
B1,protoA,pooled,all,brier_climcond_C50,0.13241040317528027,51
B1,protoA,pooled,all,precision_C50_p05,0.8888888888888888,51
B1,protoA,pooled,all,recall_C50_p05,0.7741935483870968,51
B1,protoA,pooled,all,f1_C50_p05,0.8275862068965517,51
B1,protoA,pooled,all,fn_C50_p05,7.0,51
B1,protoA,pooled,all,fp_C50_p05,3.0,51
B1,protoA,pooled,all,precision_C50_pstar,0.88,51
B1,protoA,pooled,all,recall_C50_pstar,0.7096774193548387,51
B1,protoA,pooled,all,f1_C50_pstar,0.7857142857142857,51
B1,protoA,pooled,all,fn_C50_pstar,9.0,51
B1,protoA,pooled,all,fp_C50_pstar,3.0,51
B1,protoA,pooled,all,bss_cond_C75,-0.16639879257510404,51
B1,protoA,pooled,all,brier_clim_C75,0.28404344293174416,51
B1,protoA,pooled,all,brier_climcond_C75,0.235325154095457,51
B1,protoA,pooled,all,precision_C75_p05,0.6,51
B1,protoA,pooled,all,recall_C75_p05,0.42857142857142855,51
B1,protoA,pooled,all,f1_C75_p05,0.5,51
B1,protoA,pooled,all,fn_C75_p05,12.0,51
B1,protoA,pooled,all,fp_C75_p05,6.0,51
B1,protoA,pooled,all,precision_C75_pstar,0.625,51
B1,protoA,pooled,all,recall_C75_pstar,0.47619047619047616,51
B1,protoA,pooled,all,f1_C75_pstar,0.5405405405405406,51
B1,protoA,pooled,all,fn_C75_pstar,11.0,51
B1,protoA,pooled,all,fp_C75_pstar,6.0,51
B1,protoA,pooled,all,bss_cond_C90,0.2362298847280787,51
B1,protoA,pooled,all,brier_clim_C90,0.21796862139473777,51
B1,protoA,pooled,all,brier_climcond_C90,0.20041775996198943,51
B1,protoA,pooled,all,precision_C90_p05,0.7777777777777778,51
B1,protoA,pooled,all,recall_C90_p05,0.5384615384615384,51
B1,protoA,pooled,all,f1_C90_p05,0.6363636363636364,51
B1,protoA,pooled,all,fn_C90_p05,6.0,51
B1,protoA,pooled,all,fp_C90_p05,2.0,51
B1,protoA,pooled,all,precision_C90_pstar,0.7777777777777778,51
B1,protoA,pooled,all,recall_C90_pstar,0.5384615384615384,51
B1,protoA,pooled,all,f1_C90_pstar,0.6363636363636364,51
B1,protoA,pooled,all,fn_C90_pstar,6.0,51
B1,protoA,pooled,all,fp_C90_pstar,2.0,51
B1,protoA,pooled,op,brier_mean_platt,0.22512941101727324,37
B1,protoA,pooled,op,brier_platt_C50,0.18694361673466864,37
B1,protoA,pooled,op,brier_platt_C75,0.32457738859373664,37
B1,protoA,pooled,op,brier_platt_C90,0.16386722772341433,37
B1,protoA,pooled,op,bss_cond_C50,-0.024283273127030824,37
B1,protoA,pooled,op,brier_clim_C50,0.3351532092391234,37
B1,protoA,pooled,op,brier_climcond_C50,0.1825116368091701,37
B1,protoA,pooled,op,precision_C50_p05,0.96,37
B1,protoA,pooled,op,recall_C50_p05,0.7741935483870968,37
B1,protoA,pooled,op,f1_C50_p05,0.8571428571428571,37
B1,protoA,pooled,op,fn_C50_p05,7.0,37
B1,protoA,pooled,op,fp_C50_p05,1.0,37
B1,protoA,pooled,op,precision_C50_pstar,0.9565217391304348,37
B1,protoA,pooled,op,recall_C50_pstar,0.7096774193548387,37
B1,protoA,pooled,op,f1_C50_pstar,0.8148148148148148,37
B1,protoA,pooled,op,fn_C50_pstar,9.0,37
B1,protoA,pooled,op,fp_C50_pstar,1.0,37
B1,protoA,pooled,op,bss_cond_C75,-0.0006482910788887519,37
B1,protoA,pooled,op,brier_clim_C75,0.37565674456450343,37
B1,protoA,pooled,op,brier_climcond_C75,0.32436710429373805,37
B1,protoA,pooled,op,precision_C75_p05,0.6923076923076923,37
B1,protoA,pooled,op,recall_C75_p05,0.42857142857142855,37
B1,protoA,pooled,op,f1_C75_p05,0.5294117647058824,37
B1,protoA,pooled,op,fn_C75_p05,12.0,37
B1,protoA,pooled,op,fp_C75_p05,4.0,37
B1,protoA,pooled,op,precision_C75_pstar,0.7142857142857143,37
B1,protoA,pooled,op,recall_C75_pstar,0.47619047619047616,37
B1,protoA,pooled,op,f1_C75_pstar,0.5714285714285714,37
B1,protoA,pooled,op,fn_C75_pstar,11.0,37
B1,protoA,pooled,op,fp_C75_pstar,4.0,37
B1,protoA,pooled,op,bss_cond_C90,0.4068187011249105,37
B1,protoA,pooled,op,brier_clim_C90,0.29756536460499167,37
B1,protoA,pooled,op,brier_climcond_C90,0.27625150697463413,37
B1,protoA,pooled,op,precision_C90_p05,1.0,37
B1,protoA,pooled,op,recall_C90_p05,0.5384615384615384,37
B1,protoA,pooled,op,f1_C90_p05,0.7,37
B1,protoA,pooled,op,fn_C90_p05,6.0,37
B1,protoA,pooled,op,fp_C90_p05,0.0,37
B1,protoA,pooled,op,precision_C90_pstar,1.0,37
B1,protoA,pooled,op,recall_C90_pstar,0.5384615384615384,37
B1,protoA,pooled,op,f1_C90_pstar,0.7,37
B1,protoA,pooled,op,fn_C90_pstar,6.0,37
B1,protoA,pooled,op,fp_C90_pstar,0.0,37
B1,protoA,pooled,nonop,brier_mean_platt,0.1362423148313805,14
B1,protoA,pooled,nonop,brier_platt_C50,0.1420905995724538,14
B1,protoA,pooled,nonop,brier_platt_C75,0.14209059840041446,14
B1,protoA,pooled,nonop,brier_platt_C90,0.12454574652127319,14
B1,protoA,pooled,nonop,bss_cond_C50,NaN,14
B1,protoA,pooled,nonop,brier_clim_C50,0.15815788036709977,14
B1,protoA,pooled,nonop,brier_climcond_C50,0.0,14
B1,protoA,pooled,nonop,precision_C50_p05,0.0,14
B1,protoA,pooled,nonop,recall_C50_p05,NaN,14
B1,protoA,pooled,nonop,f1_C50_p05,NaN,14
B1,protoA,pooled,nonop,fn_C50_p05,0.0,14
B1,protoA,pooled,nonop,fp_C50_p05,2.0,14
B1,protoA,pooled,nonop,precision_C50_pstar,0.0,14
B1,protoA,pooled,nonop,recall_C50_pstar,NaN,14
B1,protoA,pooled,nonop,f1_C50_pstar,NaN,14
B1,protoA,pooled,nonop,fn_C50_pstar,0.0,14
B1,protoA,pooled,nonop,fp_C50_pstar,2.0,14
B1,protoA,pooled,nonop,bss_cond_C75,NaN,14
B1,protoA,pooled,nonop,brier_clim_C75,0.04192257433088031,14
B1,protoA,pooled,nonop,brier_climcond_C75,0.0,14
B1,protoA,pooled,nonop,precision_C75_p05,0.0,14
B1,protoA,pooled,nonop,recall_C75_p05,NaN,14
B1,protoA,pooled,nonop,f1_C75_p05,NaN,14
B1,protoA,pooled,nonop,fn_C75_p05,0.0,14
B1,protoA,pooled,nonop,fp_C75_p05,2.0,14
B1,protoA,pooled,nonop,precision_C75_pstar,0.0,14
B1,protoA,pooled,nonop,recall_C75_pstar,NaN,14
B1,protoA,pooled,nonop,f1_C75_pstar,NaN,14
B1,protoA,pooled,nonop,fn_C75_pstar,0.0,14
B1,protoA,pooled,nonop,fp_C75_pstar,2.0,14
B1,protoA,pooled,nonop,bss_cond_C90,NaN,14
B1,protoA,pooled,nonop,brier_clim_C90,0.007605800053352501,14
B1,protoA,pooled,nonop,brier_climcond_C90,0.0,14
B1,protoA,pooled,nonop,precision_C90_p05,0.0,14
B1,protoA,pooled,nonop,recall_C90_p05,NaN,14
B1,protoA,pooled,nonop,f1_C90_p05,NaN,14
B1,protoA,pooled,nonop,fn_C90_p05,0.0,14
B1,protoA,pooled,nonop,fp_C90_p05,2.0,14
B1,protoA,pooled,nonop,precision_C90_pstar,0.0,14
B1,protoA,pooled,nonop,recall_C90_pstar,NaN,14
B1,protoA,pooled,nonop,f1_C90_pstar,NaN,14
B1,protoA,pooled,nonop,fn_C90_pstar,0.0,14
B1,protoA,pooled,nonop,fp_C90_pstar,2.0,14
B4,protoA,f1,all,brier_mean_platt,0.14743517052910018,12
B4,protoA,f1,all,brier_platt_C50,1.8089059661922e-7,12
B4,protoA,f1,all,brier_platt_C75,0.26238038984517636,12
B4,protoA,f1,all,brier_platt_C90,0.17992494085152755,12
B4,protoA,f1,all,bss_cond_C50,0.9999988792347022,12
B4,protoA,f1,all,brier_clim_C50,0.3017751479289941,12
B4,protoA,f1,all,brier_climcond_C50,0.16139917695473252,12
B4,protoA,f1,all,precision_C50_p05,1.0,12
B4,protoA,f1,all,recall_C50_p05,1.0,12
B4,protoA,f1,all,f1_C50_p05,1.0,12
B4,protoA,f1,all,fn_C50_p05,0.0,12
B4,protoA,f1,all,fp_C50_p05,0.0,12
B4,protoA,f1,all,precision_C50_pstar,1.0,12
B4,protoA,f1,all,recall_C50_pstar,1.0,12
B4,protoA,f1,all,f1_C50_pstar,1.0,12
B4,protoA,f1,all,fn_C50_pstar,0.0,12
B4,protoA,f1,all,fp_C50_pstar,0.0,12
B4,protoA,f1,all,bss_cond_C75,0.2723301217487122,12
B4,protoA,f1,all,brier_clim_C75,0.42587771203155816,12
B4,protoA,f1,all,brier_climcond_C75,0.3605761316872429,12
B4,protoA,f1,all,precision_C75_p05,NaN,12
B4,protoA,f1,all,recall_C75_p05,0.0,12
B4,protoA,f1,all,f1_C75_p05,0.0,12
B4,protoA,f1,all,fn_C75_p05,8.0,12
B4,protoA,f1,all,fp_C75_p05,0.0,12
B4,protoA,f1,all,precision_C75_pstar,1.0,12
B4,protoA,f1,all,recall_C75_pstar,1.0,12
B4,protoA,f1,all,f1_C75_pstar,1.0,12
B4,protoA,f1,all,fn_C75_pstar,0.0,12
B4,protoA,f1,all,fp_C75_pstar,0.0,12
B4,protoA,f1,all,bss_cond_C90,0.32735752881659697,12
B4,protoA,f1,all,brier_clim_C90,0.28796844181459574,12
B4,protoA,f1,all,brier_climcond_C90,0.2674897119341564,12
B4,protoA,f1,all,precision_C90_p05,NaN,12
B4,protoA,f1,all,recall_C90_p05,0.0,12
B4,protoA,f1,all,f1_C90_p05,0.0,12
B4,protoA,f1,all,fn_C90_p05,4.0,12
B4,protoA,f1,all,fp_C90_p05,0.0,12
B4,protoA,f1,all,precision_C90_pstar,0.6666666666666666,12
B4,protoA,f1,all,recall_C90_pstar,0.5,12
B4,protoA,f1,all,f1_C90_pstar,0.5714285714285714,12
B4,protoA,f1,all,fn_C90_pstar,2.0,12
B4,protoA,f1,all,fp_C90_pstar,1.0,12
B4,protoA,f1,op,brier_mean_platt,0.1769222046349202,10
B4,protoA,f1,op,brier_platt_C50,2.1706871594300418e-7,10
B4,protoA,f1,op,brier_platt_C75,0.3148564678142116,10
B4,protoA,f1,op,brier_platt_C90,0.21590992902183306,10
B4,protoA,f1,op,bss_cond_C50,0.9999988792347022,10
B4,protoA,f1,op,brier_clim_C50,0.3325443786982249,10
B4,protoA,f1,op,brier_climcond_C50,0.19367901234567902,10
B4,protoA,f1,op,precision_C50_p05,1.0,10
B4,protoA,f1,op,recall_C50_p05,1.0,10
B4,protoA,f1,op,f1_C50_p05,1.0,10
B4,protoA,f1,op,fn_C50_p05,0.0,10
B4,protoA,f1,op,fp_C50_p05,0.0,10
B4,protoA,f1,op,precision_C50_pstar,1.0,10
B4,protoA,f1,op,recall_C50_pstar,1.0,10
B4,protoA,f1,op,f1_C50_pstar,1.0,10
B4,protoA,f1,op,fn_C50_pstar,0.0,10
B4,protoA,f1,op,fp_C50_pstar,0.0,10
B4,protoA,f1,op,bss_cond_C75,0.2723301217487123,10
B4,protoA,f1,op,brier_clim_C75,0.5017751479289941,10
B4,protoA,f1,op,brier_climcond_C75,0.4326913580246915,10
B4,protoA,f1,op,precision_C75_p05,NaN,10
B4,protoA,f1,op,recall_C75_p05,0.0,10
B4,protoA,f1,op,f1_C75_p05,0.0,10
B4,protoA,f1,op,fn_C75_p05,8.0,10
B4,protoA,f1,op,fp_C75_p05,0.0,10
B4,protoA,f1,op,precision_C75_pstar,1.0,10
B4,protoA,f1,op,recall_C75_pstar,1.0,10
B4,protoA,f1,op,f1_C75_pstar,1.0,10
B4,protoA,f1,op,fn_C75_pstar,0.0,10
B4,protoA,f1,op,fp_C75_pstar,0.0,10
B4,protoA,f1,op,bss_cond_C90,0.32735752881659697,10
B4,protoA,f1,op,brier_clim_C90,0.3443786982248521,10
B4,protoA,f1,op,brier_climcond_C90,0.32098765432098764,10
B4,protoA,f1,op,precision_C90_p05,NaN,10
B4,protoA,f1,op,recall_C90_p05,0.0,10
B4,protoA,f1,op,f1_C90_p05,0.0,10
B4,protoA,f1,op,fn_C90_p05,4.0,10
B4,protoA,f1,op,fp_C90_p05,0.0,10
B4,protoA,f1,op,precision_C90_pstar,0.6666666666666666,10
B4,protoA,f1,op,recall_C90_pstar,0.5,10
B4,protoA,f1,op,f1_C90_pstar,0.5714285714285714,10
B4,protoA,f1,op,fn_C90_pstar,2.0,10
B4,protoA,f1,op,fp_C90_pstar,1.0,10
B4,protoA,f1,nonop,brier_mean_platt,2.9890429614966724e-19,2
B4,protoA,f1,nonop,brier_platt_C50,2.9890429614966724e-19,2
B4,protoA,f1,nonop,brier_platt_C75,2.9890429614966724e-19,2
B4,protoA,f1,nonop,brier_platt_C90,2.9890429614966724e-19,2
B4,protoA,f1,nonop,bss_cond_C50,NaN,2
B4,protoA,f1,nonop,brier_clim_C50,0.14792899408284024,2
B4,protoA,f1,nonop,brier_climcond_C50,0.0,2
B4,protoA,f1,nonop,precision_C50_p05,NaN,2
B4,protoA,f1,nonop,recall_C50_p05,NaN,2
B4,protoA,f1,nonop,f1_C50_p05,NaN,2
B4,protoA,f1,nonop,fn_C50_p05,0.0,2
B4,protoA,f1,nonop,fp_C50_p05,0.0,2
B4,protoA,f1,nonop,precision_C50_pstar,NaN,2
B4,protoA,f1,nonop,recall_C50_pstar,NaN,2
B4,protoA,f1,nonop,f1_C50_pstar,NaN,2
B4,protoA,f1,nonop,fn_C50_pstar,0.0,2
B4,protoA,f1,nonop,fp_C50_pstar,0.0,2
B4,protoA,f1,nonop,bss_cond_C75,NaN,2
B4,protoA,f1,nonop,brier_clim_C75,0.0463905325443787,2
B4,protoA,f1,nonop,brier_climcond_C75,0.0,2
B4,protoA,f1,nonop,precision_C75_p05,NaN,2
B4,protoA,f1,nonop,recall_C75_p05,NaN,2
B4,protoA,f1,nonop,f1_C75_p05,NaN,2
B4,protoA,f1,nonop,fn_C75_p05,0.0,2
B4,protoA,f1,nonop,fp_C75_p05,0.0,2
B4,protoA,f1,nonop,precision_C75_pstar,NaN,2
B4,protoA,f1,nonop,recall_C75_pstar,NaN,2
B4,protoA,f1,nonop,f1_C75_pstar,NaN,2
B4,protoA,f1,nonop,fn_C75_pstar,0.0,2
B4,protoA,f1,nonop,fp_C75_pstar,0.0,2
B4,protoA,f1,nonop,bss_cond_C90,NaN,2
B4,protoA,f1,nonop,brier_clim_C90,0.00591715976331361,2
B4,protoA,f1,nonop,brier_climcond_C90,0.0,2
B4,protoA,f1,nonop,precision_C90_p05,NaN,2
B4,protoA,f1,nonop,recall_C90_p05,NaN,2
B4,protoA,f1,nonop,f1_C90_p05,NaN,2
B4,protoA,f1,nonop,fn_C90_p05,0.0,2
B4,protoA,f1,nonop,fp_C90_p05,0.0,2
B4,protoA,f1,nonop,precision_C90_pstar,NaN,2
B4,protoA,f1,nonop,recall_C90_pstar,NaN,2
B4,protoA,f1,nonop,f1_C90_pstar,NaN,2
B4,protoA,f1,nonop,fn_C90_pstar,0.0,2
B4,protoA,f1,nonop,fp_C90_pstar,0.0,2
B4,protoA,f2,all,brier_mean_platt,0.19598365965937845,13
B4,protoA,f2,all,brier_platt_C50,0.1538205121700358,13
B4,protoA,f2,all,brier_platt_C75,0.1536271083369877,13
B4,protoA,f2,all,brier_platt_C90,0.28050335847111185,13
B4,protoA,f2,all,bss_cond_C50,-0.3851457480369056,13
B4,protoA,f2,all,brier_clim_C50,0.26697977347328,13
B4,protoA,f2,all,brier_climcond_C50,0.11105005548191413,13
B4,protoA,f2,all,precision_C50_p05,0.7777777777777778,13
B4,protoA,f2,all,recall_C50_p05,1.0,13
B4,protoA,f2,all,f1_C50_p05,0.875,13
B4,protoA,f2,all,fn_C50_p05,0.0,13
B4,protoA,f2,all,fp_C50_p05,2.0,13
B4,protoA,f2,all,precision_C50_pstar,0.7777777777777778,13
B4,protoA,f2,all,recall_C50_pstar,1.0,13
B4,protoA,f2,all,f1_C50_pstar,0.875,13
B4,protoA,f2,all,fn_C50_pstar,0.0,13
B4,protoA,f2,all,fp_C50_pstar,2.0,13
B4,protoA,f2,all,bss_cond_C75,0.4730909068148982,13
B4,protoA,f2,all,brier_clim_C75,0.3666203925944187,13
B4,protoA,f2,all,brier_climcond_C75,0.29156283374866504,13
B4,protoA,f2,all,precision_C75_p05,0.7777777777777778,13
B4,protoA,f2,all,recall_C75_p05,1.0,13
B4,protoA,f2,all,f1_C75_p05,0.875,13
B4,protoA,f2,all,fn_C75_p05,0.0,13
B4,protoA,f2,all,fp_C75_p05,2.0,13
B4,protoA,f2,all,precision_C75_pstar,0.7777777777777778,13
B4,protoA,f2,all,recall_C75_pstar,1.0,13
B4,protoA,f2,all,f1_C75_pstar,0.875,13
B4,protoA,f2,all,fn_C75_pstar,0.0,13
B4,protoA,f2,all,fp_C75_pstar,2.0,13
B4,protoA,f2,all,bss_cond_C90,0.30845657971309826,13
B4,protoA,f2,all,brier_clim_C90,0.44882390336935774,13
B4,protoA,f2,all,brier_climcond_C90,0.4056193005997208,13
B4,protoA,f2,all,precision_C90_p05,NaN,13
B4,protoA,f2,all,recall_C90_p05,0.0,13
B4,protoA,f2,all,f1_C90_p05,0.0,13
B4,protoA,f2,all,fn_C90_p05,7.0,13
B4,protoA,f2,all,fp_C90_p05,0.0,13
B4,protoA,f2,all,precision_C90_pstar,0.7777777777777778,13
B4,protoA,f2,all,recall_C90_pstar,1.0,13
B4,protoA,f2,all,f1_C90_pstar,0.875,13
B4,protoA,f2,all,fn_C90_pstar,0.0,13
B4,protoA,f2,all,fp_C90_pstar,2.0,13
B4,protoA,f2,op,brier_mean_platt,0.14566139234570163,8
B4,protoA,f2,op,brier_platt_C50,9.439193500561314e-10,8
B4,protoA,f2,op,brier_platt_C75,1.7058488451976066e-7,8
B4,protoA,f2,op,brier_platt_C90,0.4369840055083011,8
B4,protoA,f2,op,bss_cond_C50,0.9999999947692647,8
B4,protoA,f2,op,brier_clim_C50,0.3325392140327205,8
B4,protoA,f2,op,brier_climcond_C50,0.18045634015811046,8
B4,protoA,f2,op,precision_C50_p05,1.0,8
B4,protoA,f2,op,recall_C50_p05,1.0,8
B4,protoA,f2,op,f1_C50_p05,1.0,8
B4,protoA,f2,op,fn_C50_p05,0.0,8
B4,protoA,f2,op,fp_C50_p05,0.0,8
B4,protoA,f2,op,precision_C50_pstar,1.0,8
B4,protoA,f2,op,recall_C50_pstar,1.0,8
B4,protoA,f2,op,f1_C50_pstar,1.0,8
B4,protoA,f2,op,fn_C50_pstar,0.0,8
B4,protoA,f2,op,fp_C50_pstar,0.0,8
B4,protoA,f2,op,bss_cond_C75,0.9999996399564642,8
B4,protoA,f2,op,brier_clim_C75,0.572039973013999,8
B4,protoA,f2,op,brier_climcond_C75,0.4737896048415807,8
B4,protoA,f2,op,precision_C75_p05,1.0,8
B4,protoA,f2,op,recall_C75_p05,1.0,8
B4,protoA,f2,op,f1_C75_p05,1.0,8
B4,protoA,f2,op,fn_C75_p05,0.0,8
B4,protoA,f2,op,fp_C75_p05,0.0,8
B4,protoA,f2,op,precision_C75_pstar,1.0,8
B4,protoA,f2,op,recall_C75_pstar,1.0,8
B4,protoA,f2,op,f1_C75_pstar,1.0,8
B4,protoA,f2,op,fn_C75_pstar,0.0,8
B4,protoA,f2,op,fp_C75_pstar,0.0,8
B4,protoA,f2,op,bss_cond_C90,0.3370304771953456,8
B4,protoA,f2,op,brier_clim_C90,0.7241735537190082,8
B4,protoA,f2,op,brier_climcond_C90,0.6591313634745462,8
B4,protoA,f2,op,precision_C90_p05,NaN,8
B4,protoA,f2,op,recall_C90_p05,0.0,8
B4,protoA,f2,op,f1_C90_p05,0.0,8
B4,protoA,f2,op,fn_C90_p05,7.0,8
B4,protoA,f2,op,fp_C90_p05,0.0,8
B4,protoA,f2,op,precision_C90_pstar,1.0,8
B4,protoA,f2,op,recall_C90_pstar,1.0,8
B4,protoA,f2,op,f1_C90_pstar,1.0,8
B4,protoA,f2,op,fn_C90_pstar,0.0,8
B4,protoA,f2,op,fp_C90_pstar,0.0,8
B4,protoA,f2,nonop,brier_mean_platt,0.27649928736126134,5
B4,protoA,f2,nonop,brier_platt_C50,0.3999333301318221,5
B4,protoA,f2,nonop,brier_platt_C75,0.39943020874035273,5
B4,protoA,f2,nonop,brier_platt_C90,0.030134323211609037,5
B4,protoA,f2,nonop,bss_cond_C50,NaN,5
B4,protoA,f2,nonop,brier_clim_C50,0.16208466857817508,5
B4,protoA,f2,nonop,brier_climcond_C50,0.0,5
B4,protoA,f2,nonop,precision_C50_p05,0.0,5
B4,protoA,f2,nonop,recall_C50_p05,NaN,5
B4,protoA,f2,nonop,f1_C50_p05,NaN,5
B4,protoA,f2,nonop,fn_C50_p05,0.0,5
B4,protoA,f2,nonop,fp_C50_p05,2.0,5
B4,protoA,f2,nonop,precision_C50_pstar,0.0,5
B4,protoA,f2,nonop,recall_C50_pstar,NaN,5
B4,protoA,f2,nonop,f1_C50_pstar,NaN,5
B4,protoA,f2,nonop,fn_C50_pstar,0.0,5
B4,protoA,f2,nonop,fp_C50_pstar,2.0,5
B4,protoA,f2,nonop,bss_cond_C75,NaN,5
B4,protoA,f2,nonop,brier_clim_C75,0.0379490639230899,5
B4,protoA,f2,nonop,brier_climcond_C75,0.0,5
B4,protoA,f2,nonop,precision_C75_p05,0.0,5
B4,protoA,f2,nonop,recall_C75_p05,NaN,5
B4,protoA,f2,nonop,f1_C75_p05,NaN,5
B4,protoA,f2,nonop,fn_C75_p05,0.0,5
B4,protoA,f2,nonop,fp_C75_p05,2.0,5
B4,protoA,f2,nonop,precision_C75_pstar,0.0,5
B4,protoA,f2,nonop,recall_C75_pstar,NaN,5
B4,protoA,f2,nonop,f1_C75_pstar,NaN,5
B4,protoA,f2,nonop,fn_C75_pstar,0.0,5
B4,protoA,f2,nonop,fp_C75_pstar,2.0,5
B4,protoA,f2,nonop,bss_cond_C90,NaN,5
B4,protoA,f2,nonop,brier_clim_C90,0.008264462809917356,5
B4,protoA,f2,nonop,brier_climcond_C90,0.0,5
B4,protoA,f2,nonop,precision_C90_p05,NaN,5
B4,protoA,f2,nonop,recall_C90_p05,NaN,5
B4,protoA,f2,nonop,f1_C90_p05,NaN,5
B4,protoA,f2,nonop,fn_C90_p05,0.0,5
B4,protoA,f2,nonop,fp_C90_p05,0.0,5
B4,protoA,f2,nonop,precision_C90_pstar,0.0,5
B4,protoA,f2,nonop,recall_C90_pstar,NaN,5
B4,protoA,f2,nonop,f1_C90_pstar,NaN,5
B4,protoA,f2,nonop,fn_C90_pstar,0.0,5
B4,protoA,f2,nonop,fp_C90_pstar,2.0,5
B4,protoA,f3,all,brier_mean_platt,0.1805433625165828,14
B4,protoA,f3,all,brier_platt_C50,0.14861923670759472,14
B4,protoA,f3,all,brier_platt_C75,0.2518305559350485,14
B4,protoA,f3,all,brier_platt_C90,0.14118029490710518,14
B4,protoA,f3,all,bss_cond_C50,-0.3935192752053247,14
B4,protoA,f3,all,brier_clim_C50,0.24571428571428575,14
B4,protoA,f3,all,brier_climcond_C50,0.1066502913536641,14
B4,protoA,f3,all,precision_C50_p05,0.6,14
B4,protoA,f3,all,recall_C50_p05,1.0,14
B4,protoA,f3,all,f1_C50_p05,0.75,14
B4,protoA,f3,all,fn_C50_p05,0.0,14
B4,protoA,f3,all,fp_C50_p05,4.0,14
B4,protoA,f3,all,precision_C50_pstar,NaN,14
B4,protoA,f3,all,recall_C50_pstar,0.0,14
B4,protoA,f3,all,f1_C50_pstar,0.0,14
B4,protoA,f3,all,fn_C50_pstar,6.0,14
B4,protoA,f3,all,fp_C50_pstar,0.0,14
B4,protoA,f3,all,bss_cond_C75,-0.6118516993341216,14
B4,protoA,f3,all,brier_clim_C75,0.20964726631393302,14
B4,protoA,f3,all,brier_climcond_C75,0.15623680270280646,14
B4,protoA,f3,all,precision_C75_p05,NaN,14
B4,protoA,f3,all,recall_C75_p05,0.0,14
B4,protoA,f3,all,f1_C75_p05,0.0,14
B4,protoA,f3,all,fn_C75_p05,4.0,14
B4,protoA,f3,all,fp_C75_p05,0.0,14
B4,protoA,f3,all,precision_C75_pstar,NaN,14
B4,protoA,f3,all,recall_C75_pstar,0.0,14
B4,protoA,f3,all,f1_C75_pstar,0.0,14
B4,protoA,f3,all,fn_C75_pstar,4.0,14
B4,protoA,f3,all,fp_C75_pstar,0.0,14
B4,protoA,f3,all,bss_cond_C90,-0.238572967815887,14
B4,protoA,f3,all,brier_clim_C90,0.12536155202821872,14
B4,protoA,f3,all,brier_climcond_C90,0.11398625561485008,14
B4,protoA,f3,all,precision_C90_p05,NaN,14
B4,protoA,f3,all,recall_C90_p05,0.0,14
B4,protoA,f3,all,f1_C90_p05,0.0,14
B4,protoA,f3,all,fn_C90_p05,2.0,14
B4,protoA,f3,all,fp_C90_p05,0.0,14
B4,protoA,f3,all,precision_C90_pstar,NaN,14
B4,protoA,f3,all,recall_C90_pstar,0.0,14
B4,protoA,f3,all,f1_C90_pstar,0.0,14
B4,protoA,f3,all,fn_C90_pstar,2.0,14
B4,protoA,f3,all,fp_C90_pstar,0.0,14
B4,protoA,f3,op,brier_mean_platt,0.2807213878260916,8
B4,protoA,f3,op,brier_platt_C50,0.15440894011129772,8
B4,protoA,f3,op,brier_platt_C75,0.44068981229445436,8
B4,protoA,f3,op,brier_platt_C90,0.2470654110725226,8
B4,protoA,f3,op,bss_cond_C50,0.1726822407732006,8
B4,protoA,f3,op,brier_clim_C50,0.31,8
B4,protoA,f3,op,brier_climcond_C50,0.1866380098689122,8
B4,protoA,f3,op,precision_C50_p05,0.8571428571428571,8
B4,protoA,f3,op,recall_C50_p05,1.0,8
B4,protoA,f3,op,f1_C50_p05,0.9230769230769231,8
B4,protoA,f3,op,fn_C50_p05,0.0,8
B4,protoA,f3,op,fp_C50_p05,1.0,8
B4,protoA,f3,op,precision_C50_pstar,NaN,8
B4,protoA,f3,op,recall_C50_pstar,0.0,8
B4,protoA,f3,op,f1_C50_pstar,0.0,8
B4,protoA,f3,op,fn_C50_pstar,6.0,8
B4,protoA,f3,op,fp_C50_pstar,0.0,8
B4,protoA,f3,op,bss_cond_C75,-0.6118017363780954,8
B4,protoA,f3,op,brier_clim_C75,0.33345679012345675,8
B4,protoA,f3,op,brier_climcond_C75,0.2734144047299113,8
B4,protoA,f3,op,precision_C75_p05,NaN,8
B4,protoA,f3,op,recall_C75_p05,0.0,8
B4,protoA,f3,op,f1_C75_p05,0.0,8
B4,protoA,f3,op,fn_C75_p05,4.0,8
B4,protoA,f3,op,fp_C75_p05,0.0,8
B4,protoA,f3,op,precision_C75_pstar,NaN,8
B4,protoA,f3,op,recall_C75_pstar,0.0,8
B4,protoA,f3,op,f1_C75_pstar,0.0,8
B4,protoA,f3,op,fn_C75_pstar,4.0,8
B4,protoA,f3,op,fp_C75_pstar,0.0,8
B4,protoA,f3,op,bss_cond_C90,-0.23857244136188172,8
B4,protoA,f3,op,brier_clim_C90,0.2134567901234568,8
B4,protoA,f3,op,brier_climcond_C90,0.19947594732598764,8
B4,protoA,f3,op,precision_C90_p05,NaN,8
B4,protoA,f3,op,recall_C90_p05,0.0,8
B4,protoA,f3,op,f1_C90_p05,0.0,8
B4,protoA,f3,op,fn_C90_p05,2.0,8
B4,protoA,f3,op,fp_C90_p05,0.0,8
B4,protoA,f3,op,precision_C90_pstar,NaN,8
B4,protoA,f3,op,recall_C90_pstar,0.0,8
B4,protoA,f3,op,f1_C90_pstar,0.0,8
B4,protoA,f3,op,fn_C90_pstar,2.0,8
B4,protoA,f3,op,fp_C90_pstar,0.0,8
B4,protoA,f3,nonop,brier_mean_platt,0.046972662103904377,6
B4,protoA,f3,nonop,brier_platt_C50,0.1408996321693241,6
B4,protoA,f3,nonop,brier_platt_C75,0.00001821412250717129,6
B4,protoA,f3,nonop,brier_platt_C90,1.4001988188466667e-7,6
B4,protoA,f3,nonop,bss_cond_C50,NaN,6
B4,protoA,f3,nonop,brier_clim_C50,0.16000000000000003,6
B4,protoA,f3,nonop,brier_climcond_C50,0.0,6
B4,protoA,f3,nonop,precision_C50_p05,0.0,6
B4,protoA,f3,nonop,recall_C50_p05,NaN,6
B4,protoA,f3,nonop,f1_C50_p05,NaN,6
B4,protoA,f3,nonop,fn_C50_p05,0.0,6
B4,protoA,f3,nonop,fp_C50_p05,3.0,6
B4,protoA,f3,nonop,precision_C50_pstar,NaN,6
B4,protoA,f3,nonop,recall_C50_pstar,NaN,6
B4,protoA,f3,nonop,f1_C50_pstar,NaN,6
B4,protoA,f3,nonop,fn_C50_pstar,0.0,6
B4,protoA,f3,nonop,fp_C50_pstar,0.0,6
B4,protoA,f3,nonop,bss_cond_C75,NaN,6
B4,protoA,f3,nonop,brier_clim_C75,0.04456790123456789,6
B4,protoA,f3,nonop,brier_climcond_C75,0.0,6
B4,protoA,f3,nonop,precision_C75_p05,NaN,6
B4,protoA,f3,nonop,recall_C75_p05,NaN,6
B4,protoA,f3,nonop,f1_C75_p05,NaN,6
B4,protoA,f3,nonop,fn_C75_p05,0.0,6
B4,protoA,f3,nonop,fp_C75_p05,0.0,6
B4,protoA,f3,nonop,precision_C75_pstar,NaN,6
B4,protoA,f3,nonop,recall_C75_pstar,NaN,6
B4,protoA,f3,nonop,f1_C75_pstar,NaN,6
B4,protoA,f3,nonop,fn_C75_pstar,0.0,6
B4,protoA,f3,nonop,fp_C75_pstar,0.0,6
B4,protoA,f3,nonop,bss_cond_C90,NaN,6
B4,protoA,f3,nonop,brier_clim_C90,0.007901234567901235,6
B4,protoA,f3,nonop,brier_climcond_C90,0.0,6
B4,protoA,f3,nonop,precision_C90_p05,NaN,6
B4,protoA,f3,nonop,recall_C90_p05,NaN,6
B4,protoA,f3,nonop,f1_C90_p05,NaN,6
B4,protoA,f3,nonop,fn_C90_p05,0.0,6
B4,protoA,f3,nonop,fp_C90_p05,0.0,6
B4,protoA,f3,nonop,precision_C90_pstar,NaN,6
B4,protoA,f3,nonop,recall_C90_pstar,NaN,6
B4,protoA,f3,nonop,f1_C90_pstar,NaN,6
B4,protoA,f3,nonop,fn_C90_pstar,0.0,6
B4,protoA,f3,nonop,fp_C90_pstar,0.0,6
B4,protoA,f4,all,brier_mean_platt,0.13444005619048535,12
B4,protoA,f4,all,brier_platt_C50,1.2644252906214543e-7,12
B4,protoA,f4,all,brier_platt_C75,0.35536446063739785,12
B4,protoA,f4,all,brier_platt_C90,0.047955581491529196,12
B4,protoA,f4,all,bss_cond_C50,0.9999991926561969,12
B4,protoA,f4,all,brier_clim_C50,0.3402366863905326,12
B4,protoA,f4,all,brier_climcond_C50,0.1566154698555268,12
B4,protoA,f4,all,precision_C50_p05,1.0,12
B4,protoA,f4,all,recall_C50_p05,1.0,12
B4,protoA,f4,all,f1_C50_p05,1.0,12
B4,protoA,f4,all,fn_C50_p05,0.0,12
B4,protoA,f4,all,fp_C50_p05,0.0,12
B4,protoA,f4,all,precision_C50_pstar,1.0,12
B4,protoA,f4,all,recall_C50_pstar,1.0,12
B4,protoA,f4,all,f1_C50_pstar,1.0,12
B4,protoA,f4,all,fn_C50_pstar,0.0,12
B4,protoA,f4,all,fp_C50_pstar,0.0,12
B4,protoA,f4,all,bss_cond_C75,-1.5128344402225453,12
B4,protoA,f4,all,brier_clim_C75,0.13954635108481264,12
B4,protoA,f4,all,brier_climcond_C75,0.1414197668374545,12
B4,protoA,f4,all,precision_C75_p05,0.2,12
B4,protoA,f4,all,recall_C75_p05,1.0,12
B4,protoA,f4,all,f1_C75_p05,0.3333333333333333,12
B4,protoA,f4,all,fn_C75_p05,0.0,12
B4,protoA,f4,all,fp_C75_p05,8.0,12
B4,protoA,f4,all,precision_C75_pstar,0.2,12
B4,protoA,f4,all,recall_C75_pstar,1.0,12
B4,protoA,f4,all,f1_C75_pstar,0.3333333333333333,12
B4,protoA,f4,all,fn_C75_pstar,0.0,12
B4,protoA,f4,all,fp_C75_pstar,8.0,12
B4,protoA,f4,all,bss_cond_C90,-3.036361349665148,12
B4,protoA,f4,all,brier_clim_C90,0.005917159763313611,12
B4,protoA,f4,all,brier_climcond_C90,0.011880894037276305,12
B4,protoA,f4,all,precision_C90_p05,NaN,12
B4,protoA,f4,all,recall_C90_p05,NaN,12
B4,protoA,f4,all,f1_C90_p05,NaN,12
B4,protoA,f4,all,fn_C90_p05,0.0,12
B4,protoA,f4,all,fp_C90_p05,0.0,12
B4,protoA,f4,all,precision_C90_pstar,0.0,12
B4,protoA,f4,all,recall_C90_pstar,NaN,12
B4,protoA,f4,all,f1_C90_pstar,NaN,12
B4,protoA,f4,all,fn_C90_pstar,0.0,12
B4,protoA,f4,all,fp_C90_pstar,10.0,12
B4,protoA,f4,op,brier_mean_platt,0.14666187942607103,11
B4,protoA,f4,op,brier_platt_C50,1.378828459999855e-7,11
B4,protoA,f4,op,brier_platt_C75,0.3876703206408847,11
B4,protoA,f4,op,brier_platt_C90,0.052315179754482515,11
B4,protoA,f4,op,bss_cond_C50,0.9999991929749408,11
B4,protoA,f4,op,brier_clim_C50,0.3577192038730501,11
B4,protoA,f4,op,brier_climcond_C50,0.17085323984239287,11
B4,protoA,f4,op,precision_C50_p05,1.0,11
B4,protoA,f4,op,recall_C50_p05,1.0,11
B4,protoA,f4,op,f1_C50_p05,1.0,11
B4,protoA,f4,op,fn_C50_p05,0.0,11
B4,protoA,f4,op,fp_C50_p05,0.0,11
B4,protoA,f4,op,precision_C50_pstar,1.0,11
B4,protoA,f4,op,recall_C50_pstar,1.0,11
B4,protoA,f4,op,f1_C50_pstar,1.0,11
B4,protoA,f4,op,fn_C50_pstar,0.0,11
B4,protoA,f4,op,fp_C50_pstar,0.0,11
B4,protoA,f4,op,bss_cond_C75,-1.5128344398695521,11
B4,protoA,f4,op,brier_clim_C75,0.14887036040882198,11
B4,protoA,f4,op,brier_climcond_C75,0.1542761092772231,11
B4,protoA,f4,op,precision_C75_p05,0.2,11
B4,protoA,f4,op,recall_C75_p05,1.0,11
B4,protoA,f4,op,f1_C75_p05,0.3333333333333333,11
B4,protoA,f4,op,fn_C75_p05,0.0,11
B4,protoA,f4,op,fp_C75_p05,8.0,11
B4,protoA,f4,op,precision_C75_pstar,0.2,11
B4,protoA,f4,op,recall_C75_pstar,1.0,11
B4,protoA,f4,op,f1_C75_pstar,0.3333333333333333,11
B4,protoA,f4,op,fn_C75_pstar,0.0,11
B4,protoA,f4,op,fp_C75_pstar,8.0,11
B4,protoA,f4,op,bss_cond_C90,-3.0363613454634253,11
B4,protoA,f4,op,brier_clim_C90,0.005917159763313611,11
B4,protoA,f4,op,brier_climcond_C90,0.012960975313392332,11
B4,protoA,f4,op,precision_C90_p05,NaN,11
B4,protoA,f4,op,recall_C90_p05,NaN,11
B4,protoA,f4,op,f1_C90_p05,NaN,11
B4,protoA,f4,op,fn_C90_p05,0.0,11
B4,protoA,f4,op,fp_C90_p05,0.0,11
B4,protoA,f4,op,precision_C90_pstar,0.0,11
B4,protoA,f4,op,recall_C90_pstar,NaN,11
B4,protoA,f4,op,f1_C90_pstar,NaN,11
B4,protoA,f4,op,fn_C90_pstar,0.0,11
B4,protoA,f4,op,fp_C90_pstar,10.0,11
B4,protoA,f4,nonop,brier_mean_platt,5.99042745904358e-10,1
B4,protoA,f4,nonop,brier_platt_C50,5.99042745904358e-10,1
B4,protoA,f4,nonop,brier_platt_C75,5.99042745904358e-10,1
B4,protoA,f4,nonop,brier_platt_C90,5.99042745904358e-10,1
B4,protoA,f4,nonop,bss_cond_C50,NaN,1
B4,protoA,f4,nonop,brier_clim_C50,0.14792899408284024,1
B4,protoA,f4,nonop,brier_climcond_C50,0.0,1
B4,protoA,f4,nonop,precision_C50_p05,NaN,1
B4,protoA,f4,nonop,recall_C50_p05,NaN,1
B4,protoA,f4,nonop,f1_C50_p05,NaN,1
B4,protoA,f4,nonop,fn_C50_p05,0.0,1
B4,protoA,f4,nonop,fp_C50_p05,0.0,1
B4,protoA,f4,nonop,precision_C50_pstar,NaN,1
B4,protoA,f4,nonop,recall_C50_pstar,NaN,1
B4,protoA,f4,nonop,f1_C50_pstar,NaN,1
B4,protoA,f4,nonop,fn_C50_pstar,0.0,1
B4,protoA,f4,nonop,fp_C50_pstar,0.0,1
B4,protoA,f4,nonop,bss_cond_C75,NaN,1
B4,protoA,f4,nonop,brier_clim_C75,0.03698224852071006,1
B4,protoA,f4,nonop,brier_climcond_C75,0.0,1
B4,protoA,f4,nonop,precision_C75_p05,NaN,1
B4,protoA,f4,nonop,recall_C75_p05,NaN,1
B4,protoA,f4,nonop,f1_C75_p05,NaN,1
B4,protoA,f4,nonop,fn_C75_p05,0.0,1
B4,protoA,f4,nonop,fp_C75_p05,0.0,1
B4,protoA,f4,nonop,precision_C75_pstar,NaN,1
B4,protoA,f4,nonop,recall_C75_pstar,NaN,1
B4,protoA,f4,nonop,f1_C75_pstar,NaN,1
B4,protoA,f4,nonop,fn_C75_pstar,0.0,1
B4,protoA,f4,nonop,fp_C75_pstar,0.0,1
B4,protoA,f4,nonop,bss_cond_C90,NaN,1
B4,protoA,f4,nonop,brier_clim_C90,0.00591715976331361,1
B4,protoA,f4,nonop,brier_climcond_C90,0.0,1
B4,protoA,f4,nonop,precision_C90_p05,NaN,1
B4,protoA,f4,nonop,recall_C90_p05,NaN,1
B4,protoA,f4,nonop,f1_C90_p05,NaN,1
B4,protoA,f4,nonop,fn_C90_p05,0.0,1
B4,protoA,f4,nonop,fp_C90_p05,0.0,1
B4,protoA,f4,nonop,precision_C90_pstar,NaN,1
B4,protoA,f4,nonop,recall_C90_pstar,NaN,1
B4,protoA,f4,nonop,f1_C90_pstar,NaN,1
B4,protoA,f4,nonop,fn_C90_pstar,0.0,1
B4,protoA,f4,nonop,fp_C90_pstar,0.0,1
B4,protoA,pooled,all,brier_mean_platt,0.16584112493017855,51
B4,protoA,pooled,all,brier_platt_C50,0.08000666000224119,51
B4,protoA,pooled,all,brier_platt_C75,0.25364153720122373,51
B4,protoA,pooled,all,brier_platt_C90,0.16387517758707068,51
B4,protoA,pooled,all,bss_cond_C50,0.3957675674748067,51
B4,protoA,pooled,all,brier_clim_C50,0.2865662562154306,51
B4,protoA,pooled,all,brier_climcond_C50,0.13241040317528027,51
B4,protoA,pooled,all,precision_C50_p05,0.8378378378378378,51
B4,protoA,pooled,all,recall_C50_p05,1.0,51
B4,protoA,pooled,all,f1_C50_p05,0.9117647058823529,51
B4,protoA,pooled,all,fn_C50_p05,0.0,51
B4,protoA,pooled,all,fp_C50_p05,6.0,51
B4,protoA,pooled,all,precision_C50_pstar,0.9259259259259259,51
B4,protoA,pooled,all,recall_C50_pstar,0.8064516129032258,51
B4,protoA,pooled,all,f1_C50_pstar,0.8620689655172413,51
B4,protoA,pooled,all,fn_C50_pstar,6.0,51
B4,protoA,pooled,all,fp_C50_pstar,2.0,51
B4,protoA,pooled,all,bss_cond_C75,-0.07783436146539979,51
B4,protoA,pooled,all,brier_clim_C75,0.28404344293174416,51
B4,protoA,pooled,all,brier_climcond_C75,0.235325154095457,51
B4,protoA,pooled,all,precision_C75_p05,0.47368421052631576,51
B4,protoA,pooled,all,recall_C75_p05,0.42857142857142855,51
B4,protoA,pooled,all,f1_C75_p05,0.45,51
B4,protoA,pooled,all,fn_C75_p05,12.0,51
B4,protoA,pooled,all,fp_C75_p05,10.0,51
B4,protoA,pooled,all,precision_C75_pstar,0.6296296296296297,51
B4,protoA,pooled,all,recall_C75_pstar,0.8095238095238095,51
B4,protoA,pooled,all,f1_C75_pstar,0.7083333333333334,51
B4,protoA,pooled,all,fn_C75_pstar,4.0,51
B4,protoA,pooled,all,fp_C75_pstar,10.0,51
B4,protoA,pooled,all,bss_cond_C90,0.18233205670919228,51
B4,protoA,pooled,all,brier_clim_C90,0.21796862139473777,51
B4,protoA,pooled,all,brier_climcond_C90,0.20041775996198943,51
B4,protoA,pooled,all,precision_C90_p05,NaN,51
B4,protoA,pooled,all,recall_C90_p05,0.0,51
B4,protoA,pooled,all,f1_C90_p05,0.0,51
B4,protoA,pooled,all,fn_C90_p05,13.0,51
B4,protoA,pooled,all,fp_C90_p05,0.0,51
B4,protoA,pooled,all,precision_C90_pstar,0.4090909090909091,51
B4,protoA,pooled,all,recall_C90_pstar,0.6923076923076923,51
B4,protoA,pooled,all,f1_C90_pstar,0.5142857142857142,51
B4,protoA,pooled,all,fn_C90_pstar,4.0,51
B4,protoA,pooled,all,fp_C90_pstar,13.0,51
B4,protoA,pooled,op,brier_mean_platt,0.1836098638219008,37
B4,protoA,pooled,op,brier_platt_C50,0.03338581664432979,37
B4,protoA,pooled,op,brier_platt_C75,0.29563400184396105,37
B4,protoA,pooled,op,brier_platt_C90,0.22180977297741156,37
B4,protoA,pooled,op,bss_cond_C50,0.8170756822523201,37
B4,protoA,pooled,op,brier_clim_C50,0.3351532092391234,37
B4,protoA,pooled,op,brier_climcond_C50,0.1825116368091701,37
B4,protoA,pooled,op,precision_C50_p05,0.96875,37
B4,protoA,pooled,op,recall_C50_p05,1.0,37
B4,protoA,pooled,op,f1_C50_p05,0.9841269841269841,37
B4,protoA,pooled,op,fn_C50_p05,0.0,37
B4,protoA,pooled,op,fp_C50_p05,1.0,37
B4,protoA,pooled,op,precision_C50_pstar,1.0,37
B4,protoA,pooled,op,recall_C50_pstar,0.8064516129032258,37
B4,protoA,pooled,op,f1_C50_pstar,0.8928571428571429,37
B4,protoA,pooled,op,fn_C50_pstar,6.0,37
B4,protoA,pooled,op,fp_C50_pstar,0.0,37
B4,protoA,pooled,op,bss_cond_C75,0.08858204814677229,37
B4,protoA,pooled,op,brier_clim_C75,0.37565674456450343,37
B4,protoA,pooled,op,brier_climcond_C75,0.32436710429373805,37
B4,protoA,pooled,op,precision_C75_p05,0.5294117647058824,37
B4,protoA,pooled,op,recall_C75_p05,0.42857142857142855,37
B4,protoA,pooled,op,f1_C75_p05,0.47368421052631576,37
B4,protoA,pooled,op,fn_C75_p05,12.0,37
B4,protoA,pooled,op,fp_C75_p05,8.0,37
B4,protoA,pooled,op,precision_C75_pstar,0.68,37
B4,protoA,pooled,op,recall_C75_pstar,0.8095238095238095,37
B4,protoA,pooled,op,f1_C75_pstar,0.7391304347826086,37
B4,protoA,pooled,op,fn_C75_pstar,4.0,37
B4,protoA,pooled,op,fp_C75_pstar,8.0,37
B4,protoA,pooled,op,bss_cond_C90,0.19707307516053296,37
B4,protoA,pooled,op,brier_clim_C90,0.29756536460499167,37
B4,protoA,pooled,op,brier_climcond_C90,0.27625150697463413,37
B4,protoA,pooled,op,precision_C90_p05,NaN,37
B4,protoA,pooled,op,recall_C90_p05,0.0,37
B4,protoA,pooled,op,f1_C90_p05,0.0,37
B4,protoA,pooled,op,fn_C90_p05,13.0,37
B4,protoA,pooled,op,fp_C90_p05,0.0,37
B4,protoA,pooled,op,precision_C90_pstar,0.45,37
B4,protoA,pooled,op,recall_C90_pstar,0.6923076923076923,37
B4,protoA,pooled,op,f1_C90_pstar,0.5454545454545454,37
B4,protoA,pooled,op,fn_C90_pstar,4.0,37
B4,protoA,pooled,op,fp_C90_pstar,11.0,37
B4,protoA,pooled,nonop,brier_mean_platt,0.11888088643062682,14
B4,protoA,pooled,nonop,brier_platt_C50,0.20321888887672127,14
B4,protoA,pooled,nonop,brier_platt_C75,0.14266145207398925,14
B4,protoA,pooled,nonop,brier_platt_C90,0.010762318341169948,14
B4,protoA,pooled,nonop,bss_cond_C50,NaN,14
B4,protoA,pooled,nonop,brier_clim_C50,0.15815788036709977,14
B4,protoA,pooled,nonop,brier_climcond_C50,0.0,14
B4,protoA,pooled,nonop,precision_C50_p05,0.0,14
B4,protoA,pooled,nonop,recall_C50_p05,NaN,14
B4,protoA,pooled,nonop,f1_C50_p05,NaN,14
B4,protoA,pooled,nonop,fn_C50_p05,0.0,14
B4,protoA,pooled,nonop,fp_C50_p05,5.0,14
B4,protoA,pooled,nonop,precision_C50_pstar,0.0,14
B4,protoA,pooled,nonop,recall_C50_pstar,NaN,14
B4,protoA,pooled,nonop,f1_C50_pstar,NaN,14
B4,protoA,pooled,nonop,fn_C50_pstar,0.0,14
B4,protoA,pooled,nonop,fp_C50_pstar,2.0,14
B4,protoA,pooled,nonop,bss_cond_C75,NaN,14
B4,protoA,pooled,nonop,brier_clim_C75,0.04192257433088031,14
B4,protoA,pooled,nonop,brier_climcond_C75,0.0,14
B4,protoA,pooled,nonop,precision_C75_p05,0.0,14
B4,protoA,pooled,nonop,recall_C75_p05,NaN,14
B4,protoA,pooled,nonop,f1_C75_p05,NaN,14
B4,protoA,pooled,nonop,fn_C75_p05,0.0,14
B4,protoA,pooled,nonop,fp_C75_p05,2.0,14
B4,protoA,pooled,nonop,precision_C75_pstar,0.0,14
B4,protoA,pooled,nonop,recall_C75_pstar,NaN,14
B4,protoA,pooled,nonop,f1_C75_pstar,NaN,14
B4,protoA,pooled,nonop,fn_C75_pstar,0.0,14
B4,protoA,pooled,nonop,fp_C75_pstar,2.0,14
B4,protoA,pooled,nonop,bss_cond_C90,NaN,14
B4,protoA,pooled,nonop,brier_clim_C90,0.007605800053352501,14
B4,protoA,pooled,nonop,brier_climcond_C90,0.0,14
B4,protoA,pooled,nonop,precision_C90_p05,NaN,14
B4,protoA,pooled,nonop,recall_C90_p05,NaN,14
B4,protoA,pooled,nonop,f1_C90_p05,NaN,14
B4,protoA,pooled,nonop,fn_C90_p05,0.0,14
B4,protoA,pooled,nonop,fp_C90_p05,0.0,14
B4,protoA,pooled,nonop,precision_C90_pstar,0.0,14
B4,protoA,pooled,nonop,recall_C90_pstar,NaN,14
B4,protoA,pooled,nonop,f1_C90_pstar,NaN,14
B4,protoA,pooled,nonop,fn_C90_pstar,0.0,14
B4,protoA,pooled,nonop,fp_C90_pstar,2.0,14
B4,K2,f1,all,brier_mean_platt,0.14561405457853505,12
B4,K2,f1,all,brier_platt_C50,2.787475565161801e-7,12
B4,K2,f1,all,brier_platt_C75,0.26303139635711065,12
B4,K2,f1,all,brier_platt_C90,0.17381048863093795,12
B4,K2,f1,all,bss_cond_C50,0.9999982729307436,12
B4,K2,f1,all,brier_clim_C50,0.3017751479289941,12
B4,K2,f1,all,brier_climcond_C50,0.16139917695473252,12
B4,K2,f1,all,precision_C50_p05,1.0,12
B4,K2,f1,all,recall_C50_p05,1.0,12
B4,K2,f1,all,f1_C50_p05,1.0,12
B4,K2,f1,all,fn_C50_p05,0.0,12
B4,K2,f1,all,fp_C50_p05,0.0,12
B4,K2,f1,all,precision_C50_pstar,1.0,12
B4,K2,f1,all,recall_C50_pstar,1.0,12
B4,K2,f1,all,f1_C50_pstar,1.0,12
B4,K2,f1,all,fn_C50_pstar,0.0,12
B4,K2,f1,all,fp_C50_pstar,0.0,12
B4,K2,f1,all,bss_cond_C75,0.27052465972634254,12
B4,K2,f1,all,brier_clim_C75,0.42587771203155816,12
B4,K2,f1,all,brier_climcond_C75,0.3605761316872429,12
B4,K2,f1,all,precision_C75_p05,NaN,12
B4,K2,f1,all,recall_C75_p05,0.0,12
B4,K2,f1,all,f1_C75_p05,0.0,12
B4,K2,f1,all,fn_C75_p05,8.0,12
B4,K2,f1,all,fp_C75_p05,0.0,12
B4,K2,f1,all,precision_C75_pstar,1.0,12
B4,K2,f1,all,recall_C75_pstar,1.0,12
B4,K2,f1,all,f1_C75_pstar,1.0,12
B4,K2,f1,all,fn_C75_pstar,0.0,12
B4,K2,f1,all,fp_C75_pstar,0.0,12
B4,K2,f1,all,bss_cond_C90,0.3502161732720319,12
B4,K2,f1,all,brier_clim_C90,0.28796844181459574,12
B4,K2,f1,all,brier_climcond_C90,0.2674897119341564,12
B4,K2,f1,all,precision_C90_p05,NaN,12
B4,K2,f1,all,recall_C90_p05,0.0,12
B4,K2,f1,all,f1_C90_p05,0.0,12
B4,K2,f1,all,fn_C90_p05,4.0,12
B4,K2,f1,all,fp_C90_p05,0.0,12
B4,K2,f1,all,precision_C90_pstar,0.5,12
B4,K2,f1,all,recall_C90_pstar,1.0,12
B4,K2,f1,all,f1_C90_pstar,0.6666666666666666,12
B4,K2,f1,all,fn_C90_pstar,0.0,12
B4,K2,f1,all,fp_C90_pstar,4.0,12
B4,K2,f1,op,brier_mean_platt,0.17473686549424206,10
B4,K2,f1,op,brier_platt_C50,3.3449706781941606e-7,10
B4,K2,f1,op,brier_platt_C75,0.31563767562853273,10
B4,K2,f1,op,brier_platt_C90,0.20857258635712564,10
B4,K2,f1,op,bss_cond_C50,0.9999982729307436,10
B4,K2,f1,op,brier_clim_C50,0.3325443786982249,10
B4,K2,f1,op,brier_climcond_C50,0.19367901234567902,10
B4,K2,f1,op,precision_C50_p05,1.0,10
B4,K2,f1,op,recall_C50_p05,1.0,10
B4,K2,f1,op,f1_C50_p05,1.0,10
B4,K2,f1,op,fn_C50_p05,0.0,10
B4,K2,f1,op,fp_C50_p05,0.0,10
B4,K2,f1,op,precision_C50_pstar,1.0,10
B4,K2,f1,op,recall_C50_pstar,1.0,10
B4,K2,f1,op,f1_C50_pstar,1.0,10
B4,K2,f1,op,fn_C50_pstar,0.0,10
B4,K2,f1,op,fp_C50_pstar,0.0,10
B4,K2,f1,op,bss_cond_C75,0.27052465972634265,10
B4,K2,f1,op,brier_clim_C75,0.5017751479289941,10
B4,K2,f1,op,brier_climcond_C75,0.4326913580246915,10
B4,K2,f1,op,precision_C75_p05,NaN,10
B4,K2,f1,op,recall_C75_p05,0.0,10
B4,K2,f1,op,f1_C75_p05,0.0,10
B4,K2,f1,op,fn_C75_p05,8.0,10
B4,K2,f1,op,fp_C75_p05,0.0,10
B4,K2,f1,op,precision_C75_pstar,1.0,10
B4,K2,f1,op,recall_C75_pstar,1.0,10
B4,K2,f1,op,f1_C75_pstar,1.0,10
B4,K2,f1,op,fn_C75_pstar,0.0,10
B4,K2,f1,op,fp_C75_pstar,0.0,10
B4,K2,f1,op,bss_cond_C90,0.3502161732720316,10
B4,K2,f1,op,brier_clim_C90,0.3443786982248521,10
B4,K2,f1,op,brier_climcond_C90,0.32098765432098764,10
B4,K2,f1,op,precision_C90_p05,NaN,10
B4,K2,f1,op,recall_C90_p05,0.0,10
B4,K2,f1,op,f1_C90_p05,0.0,10
B4,K2,f1,op,fn_C90_p05,4.0,10
B4,K2,f1,op,fp_C90_p05,0.0,10
B4,K2,f1,op,precision_C90_pstar,0.5,10
B4,K2,f1,op,recall_C90_pstar,1.0,10
B4,K2,f1,op,f1_C90_pstar,0.6666666666666666,10
B4,K2,f1,op,fn_C90_pstar,0.0,10
B4,K2,f1,op,fp_C90_pstar,4.0,10
B4,K2,f1,nonop,brier_mean_platt,4.93526417781555e-22,2
B4,K2,f1,nonop,brier_platt_C50,4.93526417781555e-22,2
B4,K2,f1,nonop,brier_platt_C75,4.93526417781555e-22,2
B4,K2,f1,nonop,brier_platt_C90,4.93526417781555e-22,2
B4,K2,f1,nonop,bss_cond_C50,NaN,2
B4,K2,f1,nonop,brier_clim_C50,0.14792899408284024,2
B4,K2,f1,nonop,brier_climcond_C50,0.0,2
B4,K2,f1,nonop,precision_C50_p05,NaN,2
B4,K2,f1,nonop,recall_C50_p05,NaN,2
B4,K2,f1,nonop,f1_C50_p05,NaN,2
B4,K2,f1,nonop,fn_C50_p05,0.0,2
B4,K2,f1,nonop,fp_C50_p05,0.0,2
B4,K2,f1,nonop,precision_C50_pstar,NaN,2
B4,K2,f1,nonop,recall_C50_pstar,NaN,2
B4,K2,f1,nonop,f1_C50_pstar,NaN,2
B4,K2,f1,nonop,fn_C50_pstar,0.0,2
B4,K2,f1,nonop,fp_C50_pstar,0.0,2
B4,K2,f1,nonop,bss_cond_C75,NaN,2
B4,K2,f1,nonop,brier_clim_C75,0.0463905325443787,2
B4,K2,f1,nonop,brier_climcond_C75,0.0,2
B4,K2,f1,nonop,precision_C75_p05,NaN,2
B4,K2,f1,nonop,recall_C75_p05,NaN,2
B4,K2,f1,nonop,f1_C75_p05,NaN,2
B4,K2,f1,nonop,fn_C75_p05,0.0,2
B4,K2,f1,nonop,fp_C75_p05,0.0,2
B4,K2,f1,nonop,precision_C75_pstar,NaN,2
B4,K2,f1,nonop,recall_C75_pstar,NaN,2
B4,K2,f1,nonop,f1_C75_pstar,NaN,2
B4,K2,f1,nonop,fn_C75_pstar,0.0,2
B4,K2,f1,nonop,fp_C75_pstar,0.0,2
B4,K2,f1,nonop,bss_cond_C90,NaN,2
B4,K2,f1,nonop,brier_clim_C90,0.00591715976331361,2
B4,K2,f1,nonop,brier_climcond_C90,0.0,2
B4,K2,f1,nonop,precision_C90_p05,NaN,2
B4,K2,f1,nonop,recall_C90_p05,NaN,2
B4,K2,f1,nonop,f1_C90_p05,NaN,2
B4,K2,f1,nonop,fn_C90_p05,0.0,2
B4,K2,f1,nonop,fp_C90_p05,0.0,2
B4,K2,f1,nonop,precision_C90_pstar,NaN,2
B4,K2,f1,nonop,recall_C90_pstar,NaN,2
B4,K2,f1,nonop,f1_C90_pstar,NaN,2
B4,K2,f1,nonop,fn_C90_pstar,0.0,2
B4,K2,f1,nonop,fp_C90_pstar,0.0,2
B4,K2,f2,all,brier_mean_platt,0.0012873214683982311,13
B4,K2,f2,all,brier_platt_C50,2.811306435469495e-9,13
B4,K2,f2,all,brier_platt_C75,2.044696870211603e-8,13
B4,K2,f2,all,brier_platt_C90,0.0038619411469195558,13
B4,K2,f2,all,bss_cond_C50,0.9999999746843311,13
B4,K2,f2,all,brier_clim_C50,0.26697977347328,13
B4,K2,f2,all,brier_climcond_C50,0.11105005548191413,13
B4,K2,f2,all,precision_C50_p05,1.0,13
B4,K2,f2,all,recall_C50_p05,1.0,13
B4,K2,f2,all,f1_C50_p05,1.0,13
B4,K2,f2,all,fn_C50_p05,0.0,13
B4,K2,f2,all,fp_C50_p05,0.0,13
B4,K2,f2,all,precision_C50_pstar,1.0,13
B4,K2,f2,all,recall_C50_pstar,1.0,13
B4,K2,f2,all,f1_C50_pstar,1.0,13
B4,K2,f2,all,fn_C50_pstar,0.0,13
B4,K2,f2,all,fp_C50_pstar,0.0,13
B4,K2,f2,all,bss_cond_C75,0.9999999298711415,13
B4,K2,f2,all,brier_clim_C75,0.3666203925944187,13
B4,K2,f2,all,brier_climcond_C75,0.29156283374866504,13
B4,K2,f2,all,precision_C75_p05,1.0,13
B4,K2,f2,all,recall_C75_p05,1.0,13
B4,K2,f2,all,f1_C75_p05,1.0,13
B4,K2,f2,all,fn_C75_p05,0.0,13
B4,K2,f2,all,fp_C75_p05,0.0,13
B4,K2,f2,all,precision_C75_pstar,1.0,13
B4,K2,f2,all,recall_C75_pstar,1.0,13
B4,K2,f2,all,f1_C75_pstar,1.0,13
B4,K2,f2,all,fn_C75_pstar,0.0,13
B4,K2,f2,all,fp_C75_pstar,0.0,13
B4,K2,f2,all,bss_cond_C90,0.9904789019131743,13
B4,K2,f2,all,brier_clim_C90,0.44882390336935774,13
B4,K2,f2,all,brier_climcond_C90,0.4056193005997208,13
B4,K2,f2,all,precision_C90_p05,1.0,13
B4,K2,f2,all,recall_C90_p05,1.0,13
B4,K2,f2,all,f1_C90_p05,1.0,13
B4,K2,f2,all,fn_C90_p05,0.0,13
B4,K2,f2,all,fp_C90_p05,0.0,13
B4,K2,f2,all,precision_C90_pstar,1.0,13
B4,K2,f2,all,recall_C90_pstar,1.0,13
B4,K2,f2,all,f1_C90_pstar,1.0,13
B4,K2,f2,all,fn_C90_pstar,0.0,13
B4,K2,f2,all,fp_C90_pstar,0.0,13
B4,K2,f2,op,brier_mean_platt,0.0020918973861471252,8
B4,K2,f2,op,brier_platt_C50,4.568372957637785e-9,8
B4,K2,f2,op,brier_platt_C75,3.322632414093841e-8,8
B4,K2,f2,op,brier_platt_C90,0.006275654363744278,8
B4,K2,f2,op,bss_cond_C50,0.9999999746843311,8
B4,K2,f2,op,brier_clim_C50,0.3325392140327205,8
B4,K2,f2,op,brier_climcond_C50,0.18045634015811046,8
B4,K2,f2,op,precision_C50_p05,1.0,8
B4,K2,f2,op,recall_C50_p05,1.0,8
B4,K2,f2,op,f1_C50_p05,1.0,8
B4,K2,f2,op,fn_C50_p05,0.0,8
B4,K2,f2,op,fp_C50_p05,0.0,8
B4,K2,f2,op,precision_C50_pstar,1.0,8
B4,K2,f2,op,recall_C50_pstar,1.0,8
B4,K2,f2,op,f1_C50_pstar,1.0,8
B4,K2,f2,op,fn_C50_pstar,0.0,8
B4,K2,f2,op,fp_C50_pstar,0.0,8
B4,K2,f2,op,bss_cond_C75,0.9999999298711415,8
B4,K2,f2,op,brier_clim_C75,0.572039973013999,8
B4,K2,f2,op,brier_climcond_C75,0.4737896048415807,8
B4,K2,f2,op,precision_C75_p05,1.0,8
B4,K2,f2,op,recall_C75_p05,1.0,8
B4,K2,f2,op,f1_C75_p05,1.0,8
B4,K2,f2,op,fn_C75_p05,0.0,8
B4,K2,f2,op,fp_C75_p05,0.0,8
B4,K2,f2,op,precision_C75_pstar,1.0,8
B4,K2,f2,op,recall_C75_pstar,1.0,8
B4,K2,f2,op,f1_C75_pstar,1.0,8
B4,K2,f2,op,fn_C75_pstar,0.0,8
B4,K2,f2,op,fp_C75_pstar,0.0,8
B4,K2,f2,op,bss_cond_C90,0.9904789019131743,8
B4,K2,f2,op,brier_clim_C90,0.7241735537190082,8
B4,K2,f2,op,brier_climcond_C90,0.6591313634745462,8
B4,K2,f2,op,precision_C90_p05,1.0,8
B4,K2,f2,op,recall_C90_p05,1.0,8
B4,K2,f2,op,f1_C90_p05,1.0,8
B4,K2,f2,op,fn_C90_p05,0.0,8
B4,K2,f2,op,fp_C90_p05,0.0,8
B4,K2,f2,op,precision_C90_pstar,1.0,8
B4,K2,f2,op,recall_C90_pstar,1.0,8
B4,K2,f2,op,f1_C90_pstar,1.0,8
B4,K2,f2,op,fn_C90_pstar,0.0,8
B4,K2,f2,op,fp_C90_pstar,0.0,8
B4,K2,f2,nonop,brier_mean_platt,1.5297086616331964e-22,5
B4,K2,f2,nonop,brier_platt_C50,2.2945629924497945e-22,5
B4,K2,f2,nonop,brier_platt_C75,2.2945629924497945e-22,5
B4,K2,f2,nonop,brier_platt_C90,2.908565554356053e-55,5
B4,K2,f2,nonop,bss_cond_C50,NaN,5
B4,K2,f2,nonop,brier_clim_C50,0.16208466857817508,5
B4,K2,f2,nonop,brier_climcond_C50,0.0,5
B4,K2,f2,nonop,precision_C50_p05,NaN,5
B4,K2,f2,nonop,recall_C50_p05,NaN,5
B4,K2,f2,nonop,f1_C50_p05,NaN,5
B4,K2,f2,nonop,fn_C50_p05,0.0,5
B4,K2,f2,nonop,fp_C50_p05,0.0,5
B4,K2,f2,nonop,precision_C50_pstar,NaN,5
B4,K2,f2,nonop,recall_C50_pstar,NaN,5
B4,K2,f2,nonop,f1_C50_pstar,NaN,5
B4,K2,f2,nonop,fn_C50_pstar,0.0,5
B4,K2,f2,nonop,fp_C50_pstar,0.0,5
B4,K2,f2,nonop,bss_cond_C75,NaN,5
B4,K2,f2,nonop,brier_clim_C75,0.0379490639230899,5
B4,K2,f2,nonop,brier_climcond_C75,0.0,5
B4,K2,f2,nonop,precision_C75_p05,NaN,5
B4,K2,f2,nonop,recall_C75_p05,NaN,5
B4,K2,f2,nonop,f1_C75_p05,NaN,5
B4,K2,f2,nonop,fn_C75_p05,0.0,5
B4,K2,f2,nonop,fp_C75_p05,0.0,5
B4,K2,f2,nonop,precision_C75_pstar,NaN,5
B4,K2,f2,nonop,recall_C75_pstar,NaN,5
B4,K2,f2,nonop,f1_C75_pstar,NaN,5
B4,K2,f2,nonop,fn_C75_pstar,0.0,5
B4,K2,f2,nonop,fp_C75_pstar,0.0,5
B4,K2,f2,nonop,bss_cond_C90,NaN,5
B4,K2,f2,nonop,brier_clim_C90,0.008264462809917356,5
B4,K2,f2,nonop,brier_climcond_C90,0.0,5
B4,K2,f2,nonop,precision_C90_p05,NaN,5
B4,K2,f2,nonop,recall_C90_p05,NaN,5
B4,K2,f2,nonop,f1_C90_p05,NaN,5
B4,K2,f2,nonop,fn_C90_p05,0.0,5
B4,K2,f2,nonop,fp_C90_p05,0.0,5
B4,K2,f2,nonop,precision_C90_pstar,NaN,5
B4,K2,f2,nonop,recall_C90_pstar,NaN,5
B4,K2,f2,nonop,f1_C90_pstar,NaN,5
B4,K2,f2,nonop,fn_C90_pstar,0.0,5
B4,K2,f2,nonop,fp_C90_pstar,0.0,5
B4,K2,f3,all,brier_mean_platt,0.21390085771769998,14
B4,K2,f3,all,brier_platt_C50,0.07142302603370292,14
B4,K2,f3,all,brier_platt_C75,0.21397388692747493,14
B4,K2,f3,all,brier_platt_C90,0.35630566019192217,14
B4,K2,f3,all,bss_cond_C50,0.33030632052512354,14
B4,K2,f3,all,brier_clim_C50,0.24571428571428575,14
B4,K2,f3,all,brier_climcond_C50,0.1066502913536641,14
B4,K2,f3,all,precision_C50_p05,0.8571428571428571,14
B4,K2,f3,all,recall_C50_p05,1.0,14
B4,K2,f3,all,f1_C50_p05,0.9230769230769231,14
B4,K2,f3,all,fn_C50_p05,0.0,14
B4,K2,f3,all,fp_C50_p05,1.0,14
B4,K2,f3,all,precision_C50_pstar,0.8571428571428571,14
B4,K2,f3,all,recall_C50_pstar,1.0,14
B4,K2,f3,all,f1_C50_pstar,0.9230769230769231,14
B4,K2,f3,all,fn_C50_pstar,0.0,14
B4,K2,f3,all,fp_C50_pstar,1.0,14
B4,K2,f3,all,bss_cond_C75,-0.36954855210712356,14
B4,K2,f3,all,brier_clim_C75,0.20964726631393302,14
B4,K2,f3,all,brier_climcond_C75,0.15623680270280646,14
B4,K2,f3,all,precision_C75_p05,0.5714285714285714,14
B4,K2,f3,all,recall_C75_p05,1.0,14
B4,K2,f3,all,f1_C75_p05,0.7272727272727273,14
B4,K2,f3,all,fn_C75_p05,0.0,14
B4,K2,f3,all,fp_C75_p05,3.0,14
B4,K2,f3,all,precision_C75_pstar,0.5714285714285714,14
B4,K2,f3,all,recall_C75_pstar,1.0,14
B4,K2,f3,all,f1_C75_pstar,0.7272727272727273,14
B4,K2,f3,all,fn_C75_pstar,0.0,14
B4,K2,f3,all,fp_C75_pstar,3.0,14
B4,K2,f3,all,bss_cond_C90,-2.125865116543953,14
B4,K2,f3,all,brier_clim_C90,0.12536155202821872,14
B4,K2,f3,all,brier_climcond_C90,0.11398625561485008,14
B4,K2,f3,all,precision_C90_p05,0.2857142857142857,14
B4,K2,f3,all,recall_C90_p05,1.0,14
B4,K2,f3,all,f1_C90_p05,0.4444444444444444,14
B4,K2,f3,all,fn_C90_p05,0.0,14
B4,K2,f3,all,fp_C90_p05,5.0,14
B4,K2,f3,all,precision_C90_pstar,0.2857142857142857,14
B4,K2,f3,all,recall_C90_pstar,1.0,14
B4,K2,f3,all,f1_C90_pstar,0.4444444444444444,14
B4,K2,f3,all,fn_C90_pstar,0.0,14
B4,K2,f3,all,fp_C90_pstar,5.0,14
B4,K2,f3,op,brier_mean_platt,0.374326501005975,8
B4,K2,f3,op,brier_platt_C50,0.1249902955589801,8
B4,K2,f3,op,brier_platt_C75,0.3744543021230811,8
B4,K2,f3,op,brier_platt_C90,0.6235349053358639,8
B4,K2,f3,op,bss_cond_C50,0.33030632052512365,8
B4,K2,f3,op,brier_clim_C50,0.31,8
B4,K2,f3,op,brier_climcond_C50,0.1866380098689122,8
B4,K2,f3,op,precision_C50_p05,0.8571428571428571,8
B4,K2,f3,op,recall_C50_p05,1.0,8
B4,K2,f3,op,f1_C50_p05,0.9230769230769231,8
B4,K2,f3,op,fn_C50_p05,0.0,8
B4,K2,f3,op,fp_C50_p05,1.0,8
B4,K2,f3,op,precision_C50_pstar,0.8571428571428571,8
B4,K2,f3,op,recall_C50_pstar,1.0,8
B4,K2,f3,op,f1_C50_pstar,0.9230769230769231,8
B4,K2,f3,op,fn_C50_pstar,0.0,8
B4,K2,f3,op,fp_C50_pstar,1.0,8
B4,K2,f3,op,bss_cond_C75,-0.36954855210712356,8
B4,K2,f3,op,brier_clim_C75,0.33345679012345675,8
B4,K2,f3,op,brier_climcond_C75,0.2734144047299113,8
B4,K2,f3,op,precision_C75_p05,0.5714285714285714,8
B4,K2,f3,op,recall_C75_p05,1.0,8
B4,K2,f3,op,f1_C75_p05,0.7272727272727273,8
B4,K2,f3,op,fn_C75_p05,0.0,8
B4,K2,f3,op,fp_C75_p05,3.0,8
B4,K2,f3,op,precision_C75_pstar,0.5714285714285714,8
B4,K2,f3,op,recall_C75_pstar,1.0,8
B4,K2,f3,op,f1_C75_pstar,0.7272727272727273,8
B4,K2,f3,op,fn_C75_pstar,0.0,8
B4,K2,f3,op,fp_C75_pstar,3.0,8
B4,K2,f3,op,bss_cond_C90,-2.1258651165439533,8
B4,K2,f3,op,brier_clim_C90,0.2134567901234568,8
B4,K2,f3,op,brier_climcond_C90,0.19947594732598764,8
B4,K2,f3,op,precision_C90_p05,0.2857142857142857,8
B4,K2,f3,op,recall_C90_p05,1.0,8
B4,K2,f3,op,f1_C90_p05,0.4444444444444444,8
B4,K2,f3,op,fn_C90_p05,0.0,8
B4,K2,f3,op,fp_C90_p05,5.0,8
B4,K2,f3,op,precision_C90_pstar,0.2857142857142857,8
B4,K2,f3,op,recall_C90_pstar,1.0,8
B4,K2,f3,op,f1_C90_pstar,0.4444444444444444,8
B4,K2,f3,op,fn_C90_pstar,0.0,8
B4,K2,f3,op,fp_C90_pstar,5.0,8
B4,K2,f3,nonop,brier_mean_platt,1.5057797139219738e-20,6
B4,K2,f3,nonop,brier_platt_C50,3.182503381086223e-20,6
B4,K2,f3,nonop,brier_platt_C75,6.674178803398491e-21,6
B4,K2,f3,nonop,brier_platt_C90,6.674178803398491e-21,6
B4,K2,f3,nonop,bss_cond_C50,NaN,6
B4,K2,f3,nonop,brier_clim_C50,0.16000000000000003,6
B4,K2,f3,nonop,brier_climcond_C50,0.0,6
B4,K2,f3,nonop,precision_C50_p05,NaN,6
B4,K2,f3,nonop,recall_C50_p05,NaN,6
B4,K2,f3,nonop,f1_C50_p05,NaN,6
B4,K2,f3,nonop,fn_C50_p05,0.0,6
B4,K2,f3,nonop,fp_C50_p05,0.0,6
B4,K2,f3,nonop,precision_C50_pstar,NaN,6
B4,K2,f3,nonop,recall_C50_pstar,NaN,6
B4,K2,f3,nonop,f1_C50_pstar,NaN,6
B4,K2,f3,nonop,fn_C50_pstar,0.0,6
B4,K2,f3,nonop,fp_C50_pstar,0.0,6
B4,K2,f3,nonop,bss_cond_C75,NaN,6
B4,K2,f3,nonop,brier_clim_C75,0.04456790123456789,6
B4,K2,f3,nonop,brier_climcond_C75,0.0,6
B4,K2,f3,nonop,precision_C75_p05,NaN,6
B4,K2,f3,nonop,recall_C75_p05,NaN,6
B4,K2,f3,nonop,f1_C75_p05,NaN,6
B4,K2,f3,nonop,fn_C75_p05,0.0,6
B4,K2,f3,nonop,fp_C75_p05,0.0,6
B4,K2,f3,nonop,precision_C75_pstar,NaN,6
B4,K2,f3,nonop,recall_C75_pstar,NaN,6
B4,K2,f3,nonop,f1_C75_pstar,NaN,6
B4,K2,f3,nonop,fn_C75_pstar,0.0,6
B4,K2,f3,nonop,fp_C75_pstar,0.0,6
B4,K2,f3,nonop,bss_cond_C90,NaN,6
B4,K2,f3,nonop,brier_clim_C90,0.007901234567901235,6
B4,K2,f3,nonop,brier_climcond_C90,0.0,6
B4,K2,f3,nonop,precision_C90_p05,NaN,6
B4,K2,f3,nonop,recall_C90_p05,NaN,6
B4,K2,f3,nonop,f1_C90_p05,NaN,6
B4,K2,f3,nonop,fn_C90_p05,0.0,6
B4,K2,f3,nonop,fp_C90_p05,0.0,6
B4,K2,f3,nonop,precision_C90_pstar,NaN,6
B4,K2,f3,nonop,recall_C90_pstar,NaN,6
B4,K2,f3,nonop,f1_C90_pstar,NaN,6
B4,K2,f3,nonop,fn_C90_pstar,0.0,6
B4,K2,f3,nonop,fp_C90_pstar,0.0,6
B4,K2,f4,all,brier_mean_platt,0.14459185571140235,12
B4,K2,f4,all,brier_platt_C50,4.421181190444994e-13,12
B4,K2,f4,all,brier_platt_C75,0.39742078469915376,12
B4,K2,f4,all,brier_platt_C90,0.03635478243461117,12
B4,K2,f4,all,bss_cond_C50,0.999999999997177,12
B4,K2,f4,all,brier_clim_C50,0.3402366863905326,12
B4,K2,f4,all,brier_climcond_C50,0.1566154698555268,12
B4,K2,f4,all,precision_C50_p05,1.0,12
B4,K2,f4,all,recall_C50_p05,1.0,12
B4,K2,f4,all,f1_C50_p05,1.0,12
B4,K2,f4,all,fn_C50_p05,0.0,12
B4,K2,f4,all,fp_C50_p05,0.0,12
B4,K2,f4,all,precision_C50_pstar,1.0,12
B4,K2,f4,all,recall_C50_pstar,1.0,12
B4,K2,f4,all,f1_C50_pstar,1.0,12
B4,K2,f4,all,fn_C50_pstar,0.0,12
B4,K2,f4,all,fp_C50_pstar,0.0,12
B4,K2,f4,all,bss_cond_C75,-1.810220901834342,12
B4,K2,f4,all,brier_clim_C75,0.13954635108481264,12
B4,K2,f4,all,brier_climcond_C75,0.1414197668374545,12
B4,K2,f4,all,precision_C75_p05,0.2,12
B4,K2,f4,all,recall_C75_p05,1.0,12
B4,K2,f4,all,f1_C75_p05,0.3333333333333333,12
B4,K2,f4,all,fn_C75_p05,0.0,12
B4,K2,f4,all,fp_C75_p05,8.0,12
B4,K2,f4,all,precision_C75_pstar,0.125,12
B4,K2,f4,all,recall_C75_pstar,0.5,12
B4,K2,f4,all,f1_C75_pstar,0.2,12
B4,K2,f4,all,fn_C75_pstar,1.0,12
B4,K2,f4,all,fp_C75_pstar,7.0,12
B4,K2,f4,all,bss_cond_C90,-2.059936594043179,12
B4,K2,f4,all,brier_clim_C90,0.005917159763313611,12
B4,K2,f4,all,brier_climcond_C90,0.011880894037276305,12
B4,K2,f4,all,precision_C90_p05,NaN,12
B4,K2,f4,all,recall_C90_p05,NaN,12
B4,K2,f4,all,f1_C90_p05,NaN,12
B4,K2,f4,all,fn_C90_p05,0.0,12
B4,K2,f4,all,fp_C90_p05,0.0,12
B4,K2,f4,all,precision_C90_pstar,0.0,12
B4,K2,f4,all,recall_C90_pstar,NaN,12
B4,K2,f4,all,f1_C90_pstar,NaN,12
B4,K2,f4,all,fn_C90_pstar,0.0,12
B4,K2,f4,all,fp_C90_pstar,1.0,12
B4,K2,f4,op,brier_mean_platt,0.1577365698669844,11
B4,K2,f4,op,brier_platt_C50,4.823106668161139e-13,11
B4,K2,f4,op,brier_platt_C75,0.43354994694453136,11
B4,K2,f4,op,brier_platt_C90,0.03965976265593946,11
B4,K2,f4,op,bss_cond_C50,0.999999999997177,11
B4,K2,f4,op,brier_clim_C50,0.3577192038730501,11
B4,K2,f4,op,brier_climcond_C50,0.17085323984239287,11
B4,K2,f4,op,precision_C50_p05,1.0,11
B4,K2,f4,op,recall_C50_p05,1.0,11
B4,K2,f4,op,f1_C50_p05,1.0,11
B4,K2,f4,op,fn_C50_p05,0.0,11
B4,K2,f4,op,fp_C50_p05,0.0,11
B4,K2,f4,op,precision_C50_pstar,1.0,11
B4,K2,f4,op,recall_C50_pstar,1.0,11
B4,K2,f4,op,f1_C50_pstar,1.0,11
B4,K2,f4,op,fn_C50_pstar,0.0,11
B4,K2,f4,op,fp_C50_pstar,0.0,11
B4,K2,f4,op,bss_cond_C75,-1.8102209018343416,11
B4,K2,f4,op,brier_clim_C75,0.14887036040882198,11
B4,K2,f4,op,brier_climcond_C75,0.1542761092772231,11
B4,K2,f4,op,precision_C75_p05,0.2,11
B4,K2,f4,op,recall_C75_p05,1.0,11
B4,K2,f4,op,f1_C75_p05,0.3333333333333333,11
B4,K2,f4,op,fn_C75_p05,0.0,11
B4,K2,f4,op,fp_C75_p05,8.0,11
B4,K2,f4,op,precision_C75_pstar,0.125,11
B4,K2,f4,op,recall_C75_pstar,0.5,11
B4,K2,f4,op,f1_C75_pstar,0.2,11
B4,K2,f4,op,fn_C75_pstar,1.0,11
B4,K2,f4,op,fp_C75_pstar,7.0,11
B4,K2,f4,op,bss_cond_C90,-2.059936594043179,11
B4,K2,f4,op,brier_clim_C90,0.005917159763313611,11
B4,K2,f4,op,brier_climcond_C90,0.012960975313392332,11
B4,K2,f4,op,precision_C90_p05,NaN,11
B4,K2,f4,op,recall_C90_p05,NaN,11
B4,K2,f4,op,f1_C90_p05,NaN,11
B4,K2,f4,op,fn_C90_p05,0.0,11
B4,K2,f4,op,fp_C90_p05,0.0,11
B4,K2,f4,op,precision_C90_pstar,0.0,11
B4,K2,f4,op,recall_C90_pstar,NaN,11
B4,K2,f4,op,f1_C90_pstar,NaN,11
B4,K2,f4,op,fn_C90_pstar,0.0,11
B4,K2,f4,op,fp_C90_pstar,1.0,11
B4,K2,f4,nonop,brier_mean_platt,3.118557999305047e-20,1
B4,K2,f4,nonop,brier_platt_C50,9.355673977914764e-20,1
B4,K2,f4,nonop,brier_platt_C75,2.0000377387587294e-28,1
B4,K2,f4,nonop,brier_platt_C90,5.967254708973534e-118,1
B4,K2,f4,nonop,bss_cond_C50,NaN,1
B4,K2,f4,nonop,brier_clim_C50,0.14792899408284024,1
B4,K2,f4,nonop,brier_climcond_C50,0.0,1
B4,K2,f4,nonop,precision_C50_p05,NaN,1
B4,K2,f4,nonop,recall_C50_p05,NaN,1
B4,K2,f4,nonop,f1_C50_p05,NaN,1
B4,K2,f4,nonop,fn_C50_p05,0.0,1
B4,K2,f4,nonop,fp_C50_p05,0.0,1
B4,K2,f4,nonop,precision_C50_pstar,NaN,1
B4,K2,f4,nonop,recall_C50_pstar,NaN,1
B4,K2,f4,nonop,f1_C50_pstar,NaN,1
B4,K2,f4,nonop,fn_C50_pstar,0.0,1
B4,K2,f4,nonop,fp_C50_pstar,0.0,1
B4,K2,f4,nonop,bss_cond_C75,NaN,1
B4,K2,f4,nonop,brier_clim_C75,0.03698224852071006,1
B4,K2,f4,nonop,brier_climcond_C75,0.0,1
B4,K2,f4,nonop,precision_C75_p05,NaN,1
B4,K2,f4,nonop,recall_C75_p05,NaN,1
B4,K2,f4,nonop,f1_C75_p05,NaN,1
B4,K2,f4,nonop,fn_C75_p05,0.0,1
B4,K2,f4,nonop,fp_C75_p05,0.0,1
B4,K2,f4,nonop,precision_C75_pstar,NaN,1
B4,K2,f4,nonop,recall_C75_pstar,NaN,1
B4,K2,f4,nonop,f1_C75_pstar,NaN,1
B4,K2,f4,nonop,fn_C75_pstar,0.0,1
B4,K2,f4,nonop,fp_C75_pstar,0.0,1
B4,K2,f4,nonop,bss_cond_C90,NaN,1
B4,K2,f4,nonop,brier_clim_C90,0.00591715976331361,1
B4,K2,f4,nonop,brier_climcond_C90,0.0,1
B4,K2,f4,nonop,precision_C90_p05,NaN,1
B4,K2,f4,nonop,recall_C90_p05,NaN,1
B4,K2,f4,nonop,f1_C90_p05,NaN,1
B4,K2,f4,nonop,fn_C90_p05,0.0,1
B4,K2,f4,nonop,fp_C90_p05,0.0,1
B4,K2,f4,nonop,precision_C90_pstar,NaN,1
B4,K2,f4,nonop,recall_C90_pstar,NaN,1
B4,K2,f4,nonop,f1_C90_pstar,NaN,1
B4,K2,f4,nonop,fn_C90_pstar,0.0,1
B4,K2,f4,nonop,fp_C90_pstar,0.0,1
B4,K2,pooled,all,brier_mean_platt,0.12732976687482797,51
B4,K2,pooled,all,brier_platt_C50,0.019606387176368787,51
B4,K2,pooled,all,brier_platt_C75,0.21413844814647873,51
B4,K2,pooled,all,brier_platt_C90,0.14824446530163635,51
B4,K2,pooled,all,bss_cond_C50,0.8519271393621954,51
B4,K2,pooled,all,brier_clim_C50,0.2865662562154306,51
B4,K2,pooled,all,brier_climcond_C50,0.13241040317528027,51
B4,K2,pooled,all,precision_C50_p05,0.96875,51
B4,K2,pooled,all,recall_C50_p05,1.0,51
B4,K2,pooled,all,f1_C50_p05,0.9841269841269841,51
B4,K2,pooled,all,fn_C50_p05,0.0,51
B4,K2,pooled,all,fp_C50_p05,1.0,51
B4,K2,pooled,all,precision_C50_pstar,0.96875,51
B4,K2,pooled,all,recall_C50_pstar,1.0,51
B4,K2,pooled,all,f1_C50_pstar,0.9841269841269841,51
B4,K2,pooled,all,fn_C50_pstar,0.0,51
B4,K2,pooled,all,fp_C50_pstar,1.0,51
B4,K2,pooled,all,bss_cond_C75,0.09003162467019632,51
B4,K2,pooled,all,brier_clim_C75,0.28404344293174416,51
B4,K2,pooled,all,brier_climcond_C75,0.235325154095457,51
B4,K2,pooled,all,precision_C75_p05,0.5416666666666666,51
B4,K2,pooled,all,recall_C75_p05,0.6190476190476191,51
B4,K2,pooled,all,f1_C75_p05,0.5777777777777777,51
B4,K2,pooled,all,fn_C75_p05,8.0,51
B4,K2,pooled,all,fp_C75_p05,11.0,51
B4,K2,pooled,all,precision_C75_pstar,0.6666666666666666,51
B4,K2,pooled,all,recall_C75_pstar,0.9523809523809523,51
B4,K2,pooled,all,f1_C75_pstar,0.7843137254901961,51
B4,K2,pooled,all,fn_C75_pstar,1.0,51
B4,K2,pooled,all,fp_C75_pstar,10.0,51
B4,K2,pooled,all,bss_cond_C90,0.26032271127193574,51
B4,K2,pooled,all,brier_clim_C90,0.21796862139473777,51
B4,K2,pooled,all,brier_climcond_C90,0.20041775996198943,51
B4,K2,pooled,all,precision_C90_p05,0.6428571428571429,51
B4,K2,pooled,all,recall_C90_p05,0.6923076923076923,51
B4,K2,pooled,all,f1_C90_p05,0.6666666666666666,51
B4,K2,pooled,all,fn_C90_p05,4.0,51
B4,K2,pooled,all,fp_C90_p05,5.0,51
B4,K2,pooled,all,precision_C90_pstar,0.5652173913043478,51
B4,K2,pooled,all,recall_C90_pstar,1.0,51
B4,K2,pooled,all,f1_C90_pstar,0.7222222222222222,51
B4,K2,pooled,all,fn_C90_pstar,0.0,51
B4,K2,pooled,all,fp_C90_pstar,10.0,51
B4,K2,pooled,op,brier_mean_platt,0.17550859758422233,37
B4,K2,pooled,op,brier_platt_C50,0.02702502016202184,37
B4,K2,pooled,op,brier_platt_C75,0.2951638069046058,37
B4,K2,pooled,op,brier_platt_C90,0.20433696568603932,37
B4,K2,pooled,op,bss_cond_C50,0.8519271393621954,37
B4,K2,pooled,op,brier_clim_C50,0.3351532092391234,37
B4,K2,pooled,op,brier_climcond_C50,0.1825116368091701,37
B4,K2,pooled,op,precision_C50_p05,0.96875,37
B4,K2,pooled,op,recall_C50_p05,1.0,37
B4,K2,pooled,op,f1_C50_p05,0.9841269841269841,37
B4,K2,pooled,op,fn_C50_p05,0.0,37
B4,K2,pooled,op,fp_C50_p05,1.0,37
B4,K2,pooled,op,precision_C50_pstar,0.96875,37
B4,K2,pooled,op,recall_C50_pstar,1.0,37
B4,K2,pooled,op,f1_C50_pstar,0.9841269841269841,37
B4,K2,pooled,op,fn_C50_pstar,0.0,37
B4,K2,pooled,op,fp_C50_pstar,1.0,37
B4,K2,pooled,op,bss_cond_C75,0.09003162467019632,37
B4,K2,pooled,op,brier_clim_C75,0.37565674456450343,37
B4,K2,pooled,op,brier_climcond_C75,0.32436710429373805,37
B4,K2,pooled,op,precision_C75_p05,0.5416666666666666,37
B4,K2,pooled,op,recall_C75_p05,0.6190476190476191,37
B4,K2,pooled,op,f1_C75_p05,0.5777777777777777,37
B4,K2,pooled,op,fn_C75_p05,8.0,37
B4,K2,pooled,op,fp_C75_p05,11.0,37
B4,K2,pooled,op,precision_C75_pstar,0.6666666666666666,37
B4,K2,pooled,op,recall_C75_pstar,0.9523809523809523,37
B4,K2,pooled,op,f1_C75_pstar,0.7843137254901961,37
B4,K2,pooled,op,fn_C75_pstar,1.0,37
B4,K2,pooled,op,fp_C75_pstar,10.0,37
B4,K2,pooled,op,bss_cond_C90,0.26032271127193574,37
B4,K2,pooled,op,brier_clim_C90,0.29756536460499167,37
B4,K2,pooled,op,brier_climcond_C90,0.27625150697463413,37
B4,K2,pooled,op,precision_C90_p05,0.6428571428571429,37
B4,K2,pooled,op,recall_C90_p05,0.6923076923076923,37
B4,K2,pooled,op,f1_C90_p05,0.6666666666666666,37
B4,K2,pooled,op,fn_C90_p05,4.0,37
B4,K2,pooled,op,fp_C90_p05,5.0,37
B4,K2,pooled,op,precision_C90_pstar,0.5652173913043478,37
B4,K2,pooled,op,recall_C90_pstar,1.0,37
B4,K2,pooled,op,f1_C90_pstar,0.7222222222222222,37
B4,K2,pooled,op,fn_C90_pstar,0.0,37
B4,K2,pooled,op,fp_C90_pstar,10.0,37
B4,K2,pooled,nonop,brier_mean_platt,8.806019285339186e-21,14
B4,K2,pooled,nonop,brier_platt_C50,2.047437692686493e-20,14
B4,K2,pooled,nonop,brier_platt_C75,3.012814810870195e-21,14
B4,K2,pooled,nonop,brier_platt_C90,2.930866118282432e-21,14
B4,K2,pooled,nonop,bss_cond_C50,NaN,14
B4,K2,pooled,nonop,brier_clim_C50,0.15815788036709977,14
B4,K2,pooled,nonop,brier_climcond_C50,0.0,14
B4,K2,pooled,nonop,precision_C50_p05,NaN,14
B4,K2,pooled,nonop,recall_C50_p05,NaN,14
B4,K2,pooled,nonop,f1_C50_p05,NaN,14
B4,K2,pooled,nonop,fn_C50_p05,0.0,14
B4,K2,pooled,nonop,fp_C50_p05,0.0,14
B4,K2,pooled,nonop,precision_C50_pstar,NaN,14
B4,K2,pooled,nonop,recall_C50_pstar,NaN,14
B4,K2,pooled,nonop,f1_C50_pstar,NaN,14
B4,K2,pooled,nonop,fn_C50_pstar,0.0,14
B4,K2,pooled,nonop,fp_C50_pstar,0.0,14
B4,K2,pooled,nonop,bss_cond_C75,NaN,14
B4,K2,pooled,nonop,brier_clim_C75,0.04192257433088031,14
B4,K2,pooled,nonop,brier_climcond_C75,0.0,14
B4,K2,pooled,nonop,precision_C75_p05,NaN,14
B4,K2,pooled,nonop,recall_C75_p05,NaN,14
B4,K2,pooled,nonop,f1_C75_p05,NaN,14
B4,K2,pooled,nonop,fn_C75_p05,0.0,14
B4,K2,pooled,nonop,fp_C75_p05,0.0,14
B4,K2,pooled,nonop,precision_C75_pstar,NaN,14
B4,K2,pooled,nonop,recall_C75_pstar,NaN,14
B4,K2,pooled,nonop,f1_C75_pstar,NaN,14
B4,K2,pooled,nonop,fn_C75_pstar,0.0,14
B4,K2,pooled,nonop,fp_C75_pstar,0.0,14
B4,K2,pooled,nonop,bss_cond_C90,NaN,14
B4,K2,pooled,nonop,brier_clim_C90,0.007605800053352501,14
B4,K2,pooled,nonop,brier_climcond_C90,0.0,14
B4,K2,pooled,nonop,precision_C90_p05,NaN,14
B4,K2,pooled,nonop,recall_C90_p05,NaN,14
B4,K2,pooled,nonop,f1_C90_p05,NaN,14
B4,K2,pooled,nonop,fn_C90_p05,0.0,14
B4,K2,pooled,nonop,fp_C90_p05,0.0,14
B4,K2,pooled,nonop,precision_C90_pstar,NaN,14
B4,K2,pooled,nonop,recall_C90_pstar,NaN,14
B4,K2,pooled,nonop,f1_C90_pstar,NaN,14
B4,K2,pooled,nonop,fn_C90_pstar,0.0,14
B4,K2,pooled,nonop,fp_C90_pstar,0.0,14
B4,re,f1,all,brier_mean_platt,0.08637002499963015,12
B4,re,f1,all,brier_platt_C50,0.00001822556534769525,12
B4,re,f1,all,brier_platt_C75,0.0001789195628673617,12
B4,re,f1,all,brier_platt_C90,0.25891292987067543,12
B4,re,f1,all,bss_cond_C50,0.9998870777057753,12
B4,re,f1,all,brier_clim_C50,0.3017751479289941,12
B4,re,f1,all,brier_climcond_C50,0.16139917695473252,12
B4,re,f1,all,precision_C50_p05,1.0,12
B4,re,f1,all,recall_C50_p05,1.0,12
B4,re,f1,all,f1_C50_p05,1.0,12
B4,re,f1,all,fn_C50_p05,0.0,12
B4,re,f1,all,fp_C50_p05,0.0,12
B4,re,f1,all,precision_C50_pstar,1.0,12
B4,re,f1,all,recall_C50_pstar,1.0,12
B4,re,f1,all,f1_C50_pstar,1.0,12
B4,re,f1,all,fn_C50_pstar,0.0,12
B4,re,f1,all,fp_C50_pstar,0.0,12
B4,re,f1,all,bss_cond_C75,0.9995037953232507,12
B4,re,f1,all,brier_clim_C75,0.42587771203155816,12
B4,re,f1,all,brier_climcond_C75,0.3605761316872429,12
B4,re,f1,all,precision_C75_p05,1.0,12
B4,re,f1,all,recall_C75_p05,1.0,12
B4,re,f1,all,f1_C75_p05,1.0,12
B4,re,f1,all,fn_C75_p05,0.0,12
B4,re,f1,all,fp_C75_p05,0.0,12
B4,re,f1,all,precision_C75_pstar,1.0,12
B4,re,f1,all,recall_C75_pstar,1.0,12
B4,re,f1,all,f1_C75_pstar,1.0,12
B4,re,f1,all,fn_C75_pstar,0.0,12
B4,re,f1,all,fp_C75_pstar,0.0,12
B4,re,f1,all,bss_cond_C90,0.03206396986809035,12
B4,re,f1,all,brier_clim_C90,0.28796844181459574,12
B4,re,f1,all,brier_climcond_C90,0.2674897119341564,12
B4,re,f1,all,precision_C90_p05,0.5,12
B4,re,f1,all,recall_C90_p05,1.0,12
B4,re,f1,all,f1_C90_p05,0.6666666666666666,12
B4,re,f1,all,fn_C90_p05,0.0,12
B4,re,f1,all,fp_C90_p05,4.0,12
B4,re,f1,all,precision_C90_pstar,0.5,12
B4,re,f1,all,recall_C90_pstar,1.0,12
B4,re,f1,all,f1_C90_pstar,0.6666666666666666,12
B4,re,f1,all,fn_C90_pstar,0.0,12
B4,re,f1,all,fp_C90_pstar,4.0,12
B4,re,f1,op,brier_mean_platt,0.10364402999955617,10
B4,re,f1,op,brier_platt_C50,0.00002187067841720283,10
B4,re,f1,op,brier_platt_C75,0.00021470347544083404,10
B4,re,f1,op,brier_platt_C90,0.3106955158448105,10
B4,re,f1,op,bss_cond_C50,0.9998870777057756,10
B4,re,f1,op,brier_clim_C50,0.3325443786982249,10
B4,re,f1,op,brier_climcond_C50,0.19367901234567902,10
B4,re,f1,op,precision_C50_p05,1.0,10
B4,re,f1,op,recall_C50_p05,1.0,10
B4,re,f1,op,f1_C50_p05,1.0,10
B4,re,f1,op,fn_C50_p05,0.0,10
B4,re,f1,op,fp_C50_p05,0.0,10
B4,re,f1,op,precision_C50_pstar,1.0,10
B4,re,f1,op,recall_C50_pstar,1.0,10
B4,re,f1,op,f1_C50_pstar,1.0,10
B4,re,f1,op,fn_C50_pstar,0.0,10
B4,re,f1,op,fp_C50_pstar,0.0,10
B4,re,f1,op,bss_cond_C75,0.9995037953232507,10
B4,re,f1,op,brier_clim_C75,0.5017751479289941,10
B4,re,f1,op,brier_climcond_C75,0.4326913580246915,10
B4,re,f1,op,precision_C75_p05,1.0,10
B4,re,f1,op,recall_C75_p05,1.0,10
B4,re,f1,op,f1_C75_p05,1.0,10
B4,re,f1,op,fn_C75_p05,0.0,10
B4,re,f1,op,fp_C75_p05,0.0,10
B4,re,f1,op,precision_C75_pstar,1.0,10
B4,re,f1,op,recall_C75_pstar,1.0,10
B4,re,f1,op,f1_C75_pstar,1.0,10
B4,re,f1,op,fn_C75_pstar,0.0,10
B4,re,f1,op,fp_C75_pstar,0.0,10
B4,re,f1,op,bss_cond_C90,0.03206396986809035,10
B4,re,f1,op,brier_clim_C90,0.3443786982248521,10
B4,re,f1,op,brier_climcond_C90,0.32098765432098764,10
B4,re,f1,op,precision_C90_p05,0.5,10
B4,re,f1,op,recall_C90_p05,1.0,10
B4,re,f1,op,f1_C90_p05,0.6666666666666666,10
B4,re,f1,op,fn_C90_p05,0.0,10
B4,re,f1,op,fp_C90_p05,4.0,10
B4,re,f1,op,precision_C90_pstar,0.5,10
B4,re,f1,op,recall_C90_pstar,1.0,10
B4,re,f1,op,f1_C90_pstar,0.6666666666666666,10
B4,re,f1,op,fn_C90_pstar,0.0,10
B4,re,f1,op,fp_C90_pstar,4.0,10
B4,re,f1,nonop,brier_mean_platt,5.2448422869454945e-17,2
B4,re,f1,nonop,brier_platt_C50,1.5734526860836483e-16,2
B4,re,f1,nonop,brier_platt_C75,2.562670307102743e-72,2
B4,re,f1,nonop,brier_platt_C90,2.562670307102743e-72,2
B4,re,f1,nonop,bss_cond_C50,NaN,2
B4,re,f1,nonop,brier_clim_C50,0.14792899408284024,2
B4,re,f1,nonop,brier_climcond_C50,0.0,2
B4,re,f1,nonop,precision_C50_p05,NaN,2
B4,re,f1,nonop,recall_C50_p05,NaN,2
B4,re,f1,nonop,f1_C50_p05,NaN,2
B4,re,f1,nonop,fn_C50_p05,0.0,2
B4,re,f1,nonop,fp_C50_p05,0.0,2
B4,re,f1,nonop,precision_C50_pstar,NaN,2
B4,re,f1,nonop,recall_C50_pstar,NaN,2
B4,re,f1,nonop,f1_C50_pstar,NaN,2
B4,re,f1,nonop,fn_C50_pstar,0.0,2
B4,re,f1,nonop,fp_C50_pstar,0.0,2
B4,re,f1,nonop,bss_cond_C75,NaN,2
B4,re,f1,nonop,brier_clim_C75,0.0463905325443787,2
B4,re,f1,nonop,brier_climcond_C75,0.0,2
B4,re,f1,nonop,precision_C75_p05,NaN,2
B4,re,f1,nonop,recall_C75_p05,NaN,2
B4,re,f1,nonop,f1_C75_p05,NaN,2
B4,re,f1,nonop,fn_C75_p05,0.0,2
B4,re,f1,nonop,fp_C75_p05,0.0,2
B4,re,f1,nonop,precision_C75_pstar,NaN,2
B4,re,f1,nonop,recall_C75_pstar,NaN,2
B4,re,f1,nonop,f1_C75_pstar,NaN,2
B4,re,f1,nonop,fn_C75_pstar,0.0,2
B4,re,f1,nonop,fp_C75_pstar,0.0,2
B4,re,f1,nonop,bss_cond_C90,NaN,2
B4,re,f1,nonop,brier_clim_C90,0.00591715976331361,2
B4,re,f1,nonop,brier_climcond_C90,0.0,2
B4,re,f1,nonop,precision_C90_p05,NaN,2
B4,re,f1,nonop,recall_C90_p05,NaN,2
B4,re,f1,nonop,f1_C90_p05,NaN,2
B4,re,f1,nonop,fn_C90_p05,0.0,2
B4,re,f1,nonop,fp_C90_p05,0.0,2
B4,re,f1,nonop,precision_C90_pstar,NaN,2
B4,re,f1,nonop,recall_C90_pstar,NaN,2
B4,re,f1,nonop,f1_C90_pstar,NaN,2
B4,re,f1,nonop,fn_C90_pstar,0.0,2
B4,re,f1,nonop,fp_C90_pstar,0.0,2
B4,re,f2,all,brier_mean_platt,0.03263669999710117,13
B4,re,f2,all,brier_platt_C50,3.938111310851718e-7,13
B4,re,f2,all,brier_platt_C75,7.702550642091229e-7,13
B4,re,f2,all,brier_platt_C90,0.09790893592510824,13
B4,re,f2,all,bss_cond_C50,0.9999964537511541,13
B4,re,f2,all,brier_clim_C50,0.26697977347328,13
B4,re,f2,all,brier_climcond_C50,0.11105005548191413,13
B4,re,f2,all,precision_C50_p05,1.0,13
B4,re,f2,all,recall_C50_p05,1.0,13
B4,re,f2,all,f1_C50_p05,1.0,13
B4,re,f2,all,fn_C50_p05,0.0,13
B4,re,f2,all,fp_C50_p05,0.0,13
B4,re,f2,all,precision_C50_pstar,1.0,13
B4,re,f2,all,recall_C50_pstar,1.0,13
B4,re,f2,all,f1_C50_pstar,1.0,13
B4,re,f2,all,fn_C50_pstar,0.0,13
B4,re,f2,all,fp_C50_pstar,0.0,13
B4,re,f2,all,bss_cond_C75,0.9999973581850118,13
B4,re,f2,all,brier_clim_C75,0.3666203925944187,13
B4,re,f2,all,brier_climcond_C75,0.29156283374866504,13
B4,re,f2,all,precision_C75_p05,1.0,13
B4,re,f2,all,recall_C75_p05,1.0,13
B4,re,f2,all,f1_C75_p05,1.0,13
B4,re,f2,all,fn_C75_p05,0.0,13
B4,re,f2,all,fp_C75_p05,0.0,13
B4,re,f2,all,precision_C75_pstar,1.0,13
B4,re,f2,all,recall_C75_pstar,1.0,13
B4,re,f2,all,f1_C75_pstar,1.0,13
B4,re,f2,all,fn_C75_pstar,0.0,13
B4,re,f2,all,fp_C75_pstar,0.0,13
B4,re,f2,all,bss_cond_C90,0.7586186461533098,13
B4,re,f2,all,brier_clim_C90,0.44882390336935774,13
B4,re,f2,all,brier_climcond_C90,0.4056193005997208,13
B4,re,f2,all,precision_C90_p05,1.0,13
B4,re,f2,all,recall_C90_p05,0.8571428571428571,13
B4,re,f2,all,f1_C90_p05,0.9230769230769231,13
B4,re,f2,all,fn_C90_p05,1.0,13
B4,re,f2,all,fp_C90_p05,0.0,13
B4,re,f2,all,precision_C90_pstar,1.0,13
B4,re,f2,all,recall_C90_pstar,1.0,13
B4,re,f2,all,f1_C90_pstar,1.0,13
B4,re,f2,all,fn_C90_pstar,0.0,13
B4,re,f2,all,fp_C90_pstar,0.0,13
B4,re,f2,op,brier_mean_platt,0.053034637495285517,8
B4,re,f2,op,brier_platt_C50,6.399430821610578e-7,8
B4,re,f2,op,brier_platt_C75,1.2516644734874785e-6,8
B4,re,f2,op,brier_platt_C90,0.1591020208783009,8
B4,re,f2,op,bss_cond_C50,0.9999964537511866,8
B4,re,f2,op,brier_clim_C50,0.3325392140327205,8
B4,re,f2,op,brier_climcond_C50,0.18045634015811046,8
B4,re,f2,op,precision_C50_p05,1.0,8
B4,re,f2,op,recall_C50_p05,1.0,8
B4,re,f2,op,f1_C50_p05,1.0,8
B4,re,f2,op,fn_C50_p05,0.0,8
B4,re,f2,op,fp_C50_p05,0.0,8
B4,re,f2,op,precision_C50_pstar,1.0,8
B4,re,f2,op,recall_C50_pstar,1.0,8
B4,re,f2,op,f1_C50_pstar,1.0,8
B4,re,f2,op,fn_C50_pstar,0.0,8
B4,re,f2,op,fp_C50_pstar,0.0,8
B4,re,f2,op,bss_cond_C75,0.9999973581850241,8
B4,re,f2,op,brier_clim_C75,0.572039973013999,8
B4,re,f2,op,brier_climcond_C75,0.4737896048415807,8
B4,re,f2,op,precision_C75_p05,1.0,8
B4,re,f2,op,recall_C75_p05,1.0,8
B4,re,f2,op,f1_C75_p05,1.0,8
B4,re,f2,op,fn_C75_p05,0.0,8
B4,re,f2,op,fp_C75_p05,0.0,8
B4,re,f2,op,precision_C75_pstar,1.0,8
B4,re,f2,op,recall_C75_pstar,1.0,8
B4,re,f2,op,f1_C75_pstar,1.0,8
B4,re,f2,op,fn_C75_pstar,0.0,8
B4,re,f2,op,fp_C75_pstar,0.0,8
B4,re,f2,op,bss_cond_C90,0.7586186461533097,8
B4,re,f2,op,brier_clim_C90,0.7241735537190082,8
B4,re,f2,op,brier_climcond_C90,0.6591313634745462,8
B4,re,f2,op,precision_C90_p05,1.0,8
B4,re,f2,op,recall_C90_p05,0.8571428571428571,8
B4,re,f2,op,f1_C90_p05,0.9230769230769231,8
B4,re,f2,op,fn_C90_p05,1.0,8
B4,re,f2,op,fp_C90_p05,0.0,8
B4,re,f2,op,precision_C90_pstar,1.0,8
B4,re,f2,op,recall_C90_pstar,1.0,8
B4,re,f2,op,f1_C90_pstar,1.0,8
B4,re,f2,op,fn_C90_pstar,0.0,8
B4,re,f2,op,fp_C90_pstar,0.0,8
B4,re,f2,nonop,brier_mean_platt,6.2425029007695924e-15,5
B4,re,f2,nonop,brier_platt_C50,9.363754351154387e-15,5
B4,re,f2,nonop,brier_platt_C75,9.363754351154387e-15,5
B4,re,f2,nonop,brier_platt_C90,9.520705761587456e-44,5
B4,re,f2,nonop,bss_cond_C50,NaN,5
B4,re,f2,nonop,brier_clim_C50,0.16208466857817508,5
B4,re,f2,nonop,brier_climcond_C50,0.0,5
B4,re,f2,nonop,precision_C50_p05,NaN,5
B4,re,f2,nonop,recall_C50_p05,NaN,5
B4,re,f2,nonop,f1_C50_p05,NaN,5
B4,re,f2,nonop,fn_C50_p05,0.0,5
B4,re,f2,nonop,fp_C50_p05,0.0,5
B4,re,f2,nonop,precision_C50_pstar,NaN,5
B4,re,f2,nonop,recall_C50_pstar,NaN,5
B4,re,f2,nonop,f1_C50_pstar,NaN,5
B4,re,f2,nonop,fn_C50_pstar,0.0,5
B4,re,f2,nonop,fp_C50_pstar,0.0,5
B4,re,f2,nonop,bss_cond_C75,NaN,5
B4,re,f2,nonop,brier_clim_C75,0.0379490639230899,5
B4,re,f2,nonop,brier_climcond_C75,0.0,5
B4,re,f2,nonop,precision_C75_p05,NaN,5
B4,re,f2,nonop,recall_C75_p05,NaN,5
B4,re,f2,nonop,f1_C75_p05,NaN,5
B4,re,f2,nonop,fn_C75_p05,0.0,5
B4,re,f2,nonop,fp_C75_p05,0.0,5
B4,re,f2,nonop,precision_C75_pstar,NaN,5
B4,re,f2,nonop,recall_C75_pstar,NaN,5
B4,re,f2,nonop,f1_C75_pstar,NaN,5
B4,re,f2,nonop,fn_C75_pstar,0.0,5
B4,re,f2,nonop,fp_C75_pstar,0.0,5
B4,re,f2,nonop,bss_cond_C90,NaN,5
B4,re,f2,nonop,brier_clim_C90,0.008264462809917356,5
B4,re,f2,nonop,brier_climcond_C90,0.0,5
B4,re,f2,nonop,precision_C90_p05,NaN,5
B4,re,f2,nonop,recall_C90_p05,NaN,5
B4,re,f2,nonop,f1_C90_p05,NaN,5
B4,re,f2,nonop,fn_C90_p05,0.0,5
B4,re,f2,nonop,fp_C90_p05,0.0,5
B4,re,f2,nonop,precision_C90_pstar,NaN,5
B4,re,f2,nonop,recall_C90_pstar,NaN,5
B4,re,f2,nonop,f1_C90_pstar,NaN,5
B4,re,f2,nonop,fn_C90_pstar,0.0,5
B4,re,f2,nonop,fp_C90_pstar,0.0,5
B4,re,f3,all,brier_mean_platt,0.21382356041105113,14
B4,re,f3,all,brier_platt_C50,0.07133540944501496,14
B4,re,f3,all,brier_platt_C75,0.2138972410095758,14
B4,re,f3,all,brier_platt_C90,0.3562380307785626,14
B4,re,f3,all,bss_cond_C50,0.331127852164427,14
B4,re,f3,all,brier_clim_C50,0.24571428571428575,14
B4,re,f3,all,brier_climcond_C50,0.1066502913536641,14
B4,re,f3,all,precision_C50_p05,0.8571428571428571,14
B4,re,f3,all,recall_C50_p05,1.0,14
B4,re,f3,all,f1_C50_p05,0.9230769230769231,14
B4,re,f3,all,fn_C50_p05,0.0,14
B4,re,f3,all,fp_C50_p05,1.0,14
B4,re,f3,all,precision_C50_pstar,0.8571428571428571,14
B4,re,f3,all,recall_C50_pstar,1.0,14
B4,re,f3,all,f1_C50_pstar,0.9230769230769231,14
B4,re,f3,all,fn_C50_pstar,0.0,14
B4,re,f3,all,fp_C50_pstar,1.0,14
B4,re,f3,all,bss_cond_C75,-0.36905797679725305,14
B4,re,f3,all,brier_clim_C75,0.20964726631393302,14
B4,re,f3,all,brier_climcond_C75,0.15623680270280646,14
B4,re,f3,all,precision_C75_p05,0.5714285714285714,14
B4,re,f3,all,recall_C75_p05,1.0,14
B4,re,f3,all,f1_C75_p05,0.7272727272727273,14
B4,re,f3,all,fn_C75_p05,0.0,14
B4,re,f3,all,fp_C75_p05,3.0,14
B4,re,f3,all,precision_C75_pstar,0.5714285714285714,14
B4,re,f3,all,recall_C75_pstar,1.0,14
B4,re,f3,all,f1_C75_pstar,0.7272727272727273,14
B4,re,f3,all,fn_C75_pstar,0.0,14
B4,re,f3,all,fp_C75_pstar,3.0,14
B4,re,f3,all,bss_cond_C90,-2.1252718045433543,14
B4,re,f3,all,brier_clim_C90,0.12536155202821872,14
B4,re,f3,all,brier_climcond_C90,0.11398625561485008,14
B4,re,f3,all,precision_C90_p05,0.2857142857142857,14
B4,re,f3,all,recall_C90_p05,1.0,14
B4,re,f3,all,f1_C90_p05,0.4444444444444444,14
B4,re,f3,all,fn_C90_p05,0.0,14
B4,re,f3,all,fp_C90_p05,5.0,14
B4,re,f3,all,precision_C90_pstar,0.2857142857142857,14
B4,re,f3,all,recall_C90_pstar,1.0,14
B4,re,f3,all,f1_C90_pstar,0.4444444444444444,14
B4,re,f3,all,fn_C90_pstar,0.0,14
B4,re,f3,all,fp_C90_pstar,5.0,14
B4,re,f3,op,brier_mean_platt,0.3741912307193393,8
B4,re,f3,op,brier_platt_C50,0.12483696652877603,8
B4,re,f3,op,brier_platt_C75,0.37432017176675747,8
B4,re,f3,op,brier_platt_C90,0.6234165538624845,8
B4,re,f3,op,bss_cond_C50,0.33112785216442786,8
B4,re,f3,op,brier_clim_C50,0.31,8
B4,re,f3,op,brier_climcond_C50,0.1866380098689122,8
B4,re,f3,op,precision_C50_p05,0.8571428571428571,8
B4,re,f3,op,recall_C50_p05,1.0,8
B4,re,f3,op,f1_C50_p05,0.9230769230769231,8
B4,re,f3,op,fn_C50_p05,0.0,8
B4,re,f3,op,fp_C50_p05,1.0,8
B4,re,f3,op,precision_C50_pstar,0.8571428571428571,8
B4,re,f3,op,recall_C50_pstar,1.0,8
B4,re,f3,op,f1_C50_pstar,0.9230769230769231,8
B4,re,f3,op,fn_C50_pstar,0.0,8
B4,re,f3,op,fp_C50_pstar,1.0,8
B4,re,f3,op,bss_cond_C75,-0.3690579767972524,8
B4,re,f3,op,brier_clim_C75,0.33345679012345675,8
B4,re,f3,op,brier_climcond_C75,0.2734144047299113,8
B4,re,f3,op,precision_C75_p05,0.5714285714285714,8
B4,re,f3,op,recall_C75_p05,1.0,8
B4,re,f3,op,f1_C75_p05,0.7272727272727273,8
B4,re,f3,op,fn_C75_p05,0.0,8
B4,re,f3,op,fp_C75_p05,3.0,8
B4,re,f3,op,precision_C75_pstar,0.5714285714285714,8
B4,re,f3,op,recall_C75_pstar,1.0,8
B4,re,f3,op,f1_C75_pstar,0.7272727272727273,8
B4,re,f3,op,fn_C75_pstar,0.0,8
B4,re,f3,op,fp_C75_pstar,3.0,8
B4,re,f3,op,bss_cond_C90,-2.1252718045433543,8
B4,re,f3,op,brier_clim_C90,0.2134567901234568,8
B4,re,f3,op,brier_climcond_C90,0.19947594732598764,8
B4,re,f3,op,precision_C90_p05,0.2857142857142857,8
B4,re,f3,op,recall_C90_p05,1.0,8
B4,re,f3,op,f1_C90_p05,0.4444444444444444,8
B4,re,f3,op,fn_C90_p05,0.0,8
B4,re,f3,op,fp_C90_p05,5.0,8
B4,re,f3,op,precision_C90_pstar,0.2857142857142857,8
B4,re,f3,op,recall_C90_pstar,1.0,8
B4,re,f3,op,f1_C90_pstar,0.4444444444444444,8
B4,re,f3,op,fn_C90_pstar,0.0,8
B4,re,f3,op,fp_C90_pstar,5.0,8
B4,re,f3,nonop,brier_mean_platt,1.7046408119145377e-16,6
B4,re,f3,nonop,brier_platt_C50,1.7046408119145377e-16,6
B4,re,f3,nonop,brier_platt_C75,1.7046408119145377e-16,6
B4,re,f3,nonop,brier_platt_C90,1.7046408119145377e-16,6
B4,re,f3,nonop,bss_cond_C50,NaN,6
B4,re,f3,nonop,brier_clim_C50,0.16000000000000003,6
B4,re,f3,nonop,brier_climcond_C50,0.0,6
B4,re,f3,nonop,precision_C50_p05,NaN,6
B4,re,f3,nonop,recall_C50_p05,NaN,6
B4,re,f3,nonop,f1_C50_p05,NaN,6
B4,re,f3,nonop,fn_C50_p05,0.0,6
B4,re,f3,nonop,fp_C50_p05,0.0,6
B4,re,f3,nonop,precision_C50_pstar,NaN,6
B4,re,f3,nonop,recall_C50_pstar,NaN,6
B4,re,f3,nonop,f1_C50_pstar,NaN,6
B4,re,f3,nonop,fn_C50_pstar,0.0,6
B4,re,f3,nonop,fp_C50_pstar,0.0,6
B4,re,f3,nonop,bss_cond_C75,NaN,6
B4,re,f3,nonop,brier_clim_C75,0.04456790123456789,6
B4,re,f3,nonop,brier_climcond_C75,0.0,6
B4,re,f3,nonop,precision_C75_p05,NaN,6
B4,re,f3,nonop,recall_C75_p05,NaN,6
B4,re,f3,nonop,f1_C75_p05,NaN,6
B4,re,f3,nonop,fn_C75_p05,0.0,6
B4,re,f3,nonop,fp_C75_p05,0.0,6
B4,re,f3,nonop,precision_C75_pstar,NaN,6
B4,re,f3,nonop,recall_C75_pstar,NaN,6
B4,re,f3,nonop,f1_C75_pstar,NaN,6
B4,re,f3,nonop,fn_C75_pstar,0.0,6
B4,re,f3,nonop,fp_C75_pstar,0.0,6
B4,re,f3,nonop,bss_cond_C90,NaN,6
B4,re,f3,nonop,brier_clim_C90,0.007901234567901235,6
B4,re,f3,nonop,brier_climcond_C90,0.0,6
B4,re,f3,nonop,precision_C90_p05,NaN,6
B4,re,f3,nonop,recall_C90_p05,NaN,6
B4,re,f3,nonop,f1_C90_p05,NaN,6
B4,re,f3,nonop,fn_C90_p05,0.0,6
B4,re,f3,nonop,fp_C90_p05,0.0,6
B4,re,f3,nonop,precision_C90_pstar,NaN,6
B4,re,f3,nonop,recall_C90_pstar,NaN,6
B4,re,f3,nonop,f1_C90_pstar,NaN,6
B4,re,f3,nonop,fn_C90_pstar,0.0,6
B4,re,f3,nonop,fp_C90_pstar,0.0,6
B4,re,f4,all,brier_mean_platt,0.23915461867314533,12
B4,re,f4,all,brier_platt_C50,2.241860658238571e-7,12
B4,re,f4,all,brier_platt_C75,0.5835629407325,12
B4,re,f4,all,brier_platt_C90,0.1339006911008702,12
B4,re,f4,all,bss_cond_C50,0.9999985685573333,12
B4,re,f4,all,brier_clim_C50,0.3402366863905326,12
B4,re,f4,all,brier_climcond_C50,0.1566154698555268,12
B4,re,f4,all,precision_C50_p05,1.0,12
B4,re,f4,all,recall_C50_p05,1.0,12
B4,re,f4,all,f1_C50_p05,1.0,12
B4,re,f4,all,fn_C50_p05,0.0,12
B4,re,f4,all,fp_C50_p05,0.0,12
B4,re,f4,all,precision_C50_pstar,1.0,12
B4,re,f4,all,recall_C50_pstar,1.0,12
B4,re,f4,all,f1_C50_pstar,1.0,12
B4,re,f4,all,fn_C50_pstar,0.0,12
B4,re,f4,all,fp_C50_pstar,0.0,12
B4,re,f4,all,bss_cond_C75,-3.126459502675022,12
B4,re,f4,all,brier_clim_C75,0.13954635108481264,12
B4,re,f4,all,brier_climcond_C75,0.1414197668374545,12
B4,re,f4,all,precision_C75_p05,0.2,12
B4,re,f4,all,recall_C75_p05,1.0,12
B4,re,f4,all,f1_C75_p05,0.3333333333333333,12
B4,re,f4,all,fn_C75_p05,0.0,12
B4,re,f4,all,fp_C75_p05,8.0,12
B4,re,f4,all,precision_C75_pstar,0.2,12
B4,re,f4,all,recall_C75_pstar,1.0,12
B4,re,f4,all,f1_C75_pstar,0.3333333333333333,12
B4,re,f4,all,fn_C75_pstar,0.0,12
B4,re,f4,all,fp_C75_pstar,8.0,12
B4,re,f4,all,bss_cond_C90,-10.270253794096368,12
B4,re,f4,all,brier_clim_C90,0.005917159763313611,12
B4,re,f4,all,brier_climcond_C90,0.011880894037276305,12
B4,re,f4,all,precision_C90_p05,0.0,12
B4,re,f4,all,recall_C90_p05,NaN,12
B4,re,f4,all,f1_C90_p05,NaN,12
B4,re,f4,all,fn_C90_p05,0.0,12
B4,re,f4,all,fp_C90_p05,1.0,12
B4,re,f4,all,precision_C90_pstar,0.0,12
B4,re,f4,all,recall_C90_pstar,NaN,12
B4,re,f4,all,f1_C90_pstar,NaN,12
B4,re,f4,all,fn_C90_pstar,0.0,12
B4,re,f4,all,fp_C90_pstar,10.0,12
B4,re,f4,op,brier_mean_platt,0.2608959476434313,11
B4,re,f4,op,brier_platt_C50,2.4456661726122304e-7,11
B4,re,f4,op,brier_platt_C75,0.6366141171627273,11
B4,re,f4,op,brier_platt_C90,0.14607348120094932,11
B4,re,f4,op,bss_cond_C50,0.9999985685573333,11
B4,re,f4,op,brier_clim_C50,0.3577192038730501,11
B4,re,f4,op,brier_climcond_C50,0.17085323984239287,11
B4,re,f4,op,precision_C50_p05,1.0,11
B4,re,f4,op,recall_C50_p05,1.0,11
B4,re,f4,op,f1_C50_p05,1.0,11
B4,re,f4,op,fn_C50_p05,0.0,11
B4,re,f4,op,fp_C50_p05,0.0,11
B4,re,f4,op,precision_C50_pstar,1.0,11
B4,re,f4,op,recall_C50_pstar,1.0,11
B4,re,f4,op,f1_C50_pstar,1.0,11
B4,re,f4,op,fn_C50_pstar,0.0,11
B4,re,f4,op,fp_C50_pstar,0.0,11
B4,re,f4,op,bss_cond_C75,-3.1264595026750213,11
B4,re,f4,op,brier_clim_C75,0.14887036040882198,11
B4,re,f4,op,brier_climcond_C75,0.1542761092772231,11
B4,re,f4,op,precision_C75_p05,0.2,11
B4,re,f4,op,recall_C75_p05,1.0,11
B4,re,f4,op,f1_C75_p05,0.3333333333333333,11
B4,re,f4,op,fn_C75_p05,0.0,11
B4,re,f4,op,fp_C75_p05,8.0,11
B4,re,f4,op,precision_C75_pstar,0.2,11
B4,re,f4,op,recall_C75_pstar,1.0,11
B4,re,f4,op,f1_C75_pstar,0.3333333333333333,11
B4,re,f4,op,fn_C75_pstar,0.0,11
B4,re,f4,op,fp_C75_pstar,8.0,11
B4,re,f4,op,bss_cond_C90,-10.27025379409637,11
B4,re,f4,op,brier_clim_C90,0.005917159763313611,11
B4,re,f4,op,brier_climcond_C90,0.012960975313392332,11
B4,re,f4,op,precision_C90_p05,0.0,11
B4,re,f4,op,recall_C90_p05,NaN,11
B4,re,f4,op,f1_C90_p05,NaN,11
B4,re,f4,op,fn_C90_p05,0.0,11
B4,re,f4,op,fp_C90_p05,1.0,11
B4,re,f4,op,precision_C90_pstar,0.0,11
B4,re,f4,op,recall_C90_pstar,NaN,11
B4,re,f4,op,f1_C90_pstar,NaN,11
B4,re,f4,op,fn_C90_pstar,0.0,11
B4,re,f4,op,fp_C90_pstar,10.0,11
B4,re,f4,nonop,brier_mean_platt,4.277241356739524e-18,1
B4,re,f4,nonop,brier_platt_C50,1.2831724070218574e-17,1
B4,re,f4,nonop,brier_platt_C75,4.7799947491688444e-91,1
B4,re,f4,nonop,brier_platt_C90,4.7799947491688444e-91,1
B4,re,f4,nonop,bss_cond_C50,NaN,1
B4,re,f4,nonop,brier_clim_C50,0.14792899408284024,1
B4,re,f4,nonop,brier_climcond_C50,0.0,1
B4,re,f4,nonop,precision_C50_p05,NaN,1
B4,re,f4,nonop,recall_C50_p05,NaN,1
B4,re,f4,nonop,f1_C50_p05,NaN,1
B4,re,f4,nonop,fn_C50_p05,0.0,1
B4,re,f4,nonop,fp_C50_p05,0.0,1
B4,re,f4,nonop,precision_C50_pstar,NaN,1
B4,re,f4,nonop,recall_C50_pstar,NaN,1
B4,re,f4,nonop,f1_C50_pstar,NaN,1
B4,re,f4,nonop,fn_C50_pstar,0.0,1
B4,re,f4,nonop,fp_C50_pstar,0.0,1
B4,re,f4,nonop,bss_cond_C75,NaN,1
B4,re,f4,nonop,brier_clim_C75,0.03698224852071006,1
B4,re,f4,nonop,brier_climcond_C75,0.0,1
B4,re,f4,nonop,precision_C75_p05,NaN,1
B4,re,f4,nonop,recall_C75_p05,NaN,1
B4,re,f4,nonop,f1_C75_p05,NaN,1
B4,re,f4,nonop,fn_C75_p05,0.0,1
B4,re,f4,nonop,fp_C75_p05,0.0,1
B4,re,f4,nonop,precision_C75_pstar,NaN,1
B4,re,f4,nonop,recall_C75_pstar,NaN,1
B4,re,f4,nonop,f1_C75_pstar,NaN,1
B4,re,f4,nonop,fn_C75_pstar,0.0,1
B4,re,f4,nonop,fp_C75_pstar,0.0,1
B4,re,f4,nonop,bss_cond_C90,NaN,1
B4,re,f4,nonop,brier_clim_C90,0.00591715976331361,1
B4,re,f4,nonop,brier_climcond_C90,0.0,1
B4,re,f4,nonop,precision_C90_p05,NaN,1
B4,re,f4,nonop,recall_C90_p05,NaN,1
B4,re,f4,nonop,f1_C90_p05,NaN,1
B4,re,f4,nonop,fn_C90_p05,0.0,1
B4,re,f4,nonop,fp_C90_p05,0.0,1
B4,re,f4,nonop,precision_C90_pstar,NaN,1
B4,re,f4,nonop,recall_C90_pstar,NaN,1
B4,re,f4,nonop,f1_C90_pstar,NaN,1
B4,re,f4,nonop,fn_C90_pstar,0.0,1
B4,re,f4,nonop,fp_C90_pstar,0.0,1
B4,re,pooled,all,brier_mean_platt,0.14360985627039877,51
B4,re,pooled,all,brier_platt_C50,0.019586710760625015,51
B4,re,pooled,all,brier_platt_C75,0.19606811198028043,51
B4,re,pooled,all,brier_platt_C90,0.21517474607029083,51
B4,re,pooled,all,bss_cond_C50,0.8520757410979498,51
B4,re,pooled,all,brier_clim_C50,0.2865662562154306,51
B4,re,pooled,all,brier_climcond_C50,0.13241040317528027,51
B4,re,pooled,all,precision_C50_p05,0.96875,51
B4,re,pooled,all,recall_C50_p05,1.0,51
B4,re,pooled,all,f1_C50_p05,0.9841269841269841,51
B4,re,pooled,all,fn_C50_p05,0.0,51
B4,re,pooled,all,fp_C50_p05,1.0,51
B4,re,pooled,all,precision_C50_pstar,0.96875,51
B4,re,pooled,all,recall_C50_pstar,1.0,51
B4,re,pooled,all,f1_C50_pstar,0.9841269841269841,51
B4,re,pooled,all,fn_C50_pstar,0.0,51
B4,re,pooled,all,fp_C50_pstar,1.0,51
B4,re,pooled,all,bss_cond_C75,0.16682042455713175,51
B4,re,pooled,all,brier_clim_C75,0.28404344293174416,51
B4,re,pooled,all,brier_climcond_C75,0.235325154095457,51
B4,re,pooled,all,precision_C75_p05,0.65625,51
B4,re,pooled,all,recall_C75_p05,1.0,51
B4,re,pooled,all,f1_C75_p05,0.7924528301886793,51
B4,re,pooled,all,fn_C75_p05,0.0,51
B4,re,pooled,all,fp_C75_p05,11.0,51
B4,re,pooled,all,precision_C75_pstar,0.65625,51
B4,re,pooled,all,recall_C75_pstar,1.0,51
B4,re,pooled,all,f1_C75_pstar,0.7924528301886793,51
B4,re,pooled,all,fn_C75_pstar,0.0,51
B4,re,pooled,all,fp_C75_pstar,11.0,51
B4,re,pooled,all,bss_cond_C90,-0.07363112985146714,51
B4,re,pooled,all,brier_clim_C90,0.21796862139473777,51
B4,re,pooled,all,brier_climcond_C90,0.20041775996198943,51
B4,re,pooled,all,precision_C90_p05,0.5454545454545454,51
B4,re,pooled,all,recall_C90_p05,0.9230769230769231,51
B4,re,pooled,all,f1_C90_p05,0.6857142857142857,51
B4,re,pooled,all,fn_C90_p05,1.0,51
B4,re,pooled,all,fp_C90_p05,10.0,51
B4,re,pooled,all,precision_C90_pstar,0.40625,51
B4,re,pooled,all,recall_C90_pstar,1.0,51
B4,re,pooled,all,f1_C90_pstar,0.5777777777777777,51
B4,re,pooled,all,fn_C90_pstar,0.0,51
B4,re,pooled,all,fp_C90_pstar,19.0,51
B4,re,pooled,op,brier_mean_platt,0.1979487208051434,37
B4,re,pooled,op,brier_platt_C50,0.02699789861599534,37
B4,re,pooled,op,brier_platt_C75,0.27025604624308797,37
B4,re,pooled,op,brier_platt_C90,0.29659221755634674,37
B4,re,pooled,op,bss_cond_C50,0.8520757410979569,37
B4,re,pooled,op,brier_clim_C50,0.3351532092391234,37
B4,re,pooled,op,brier_climcond_C50,0.1825116368091701,37
B4,re,pooled,op,precision_C50_p05,0.96875,37
B4,re,pooled,op,recall_C50_p05,1.0,37
B4,re,pooled,op,f1_C50_p05,0.9841269841269841,37
B4,re,pooled,op,fn_C50_p05,0.0,37
B4,re,pooled,op,fp_C50_p05,1.0,37
B4,re,pooled,op,precision_C50_pstar,0.96875,37
B4,re,pooled,op,recall_C50_pstar,1.0,37
B4,re,pooled,op,f1_C50_pstar,0.9841269841269841,37
B4,re,pooled,op,fn_C50_pstar,0.0,37
B4,re,pooled,op,fp_C50_pstar,1.0,37
B4,re,pooled,op,bss_cond_C75,0.16682042455713564,37
B4,re,pooled,op,brier_clim_C75,0.37565674456450343,37
B4,re,pooled,op,brier_climcond_C75,0.32436710429373805,37
B4,re,pooled,op,precision_C75_p05,0.65625,37
B4,re,pooled,op,recall_C75_p05,1.0,37
B4,re,pooled,op,f1_C75_p05,0.7924528301886793,37
B4,re,pooled,op,fn_C75_p05,0.0,37
B4,re,pooled,op,fp_C75_p05,11.0,37
B4,re,pooled,op,precision_C75_pstar,0.65625,37
B4,re,pooled,op,recall_C75_pstar,1.0,37
B4,re,pooled,op,f1_C75_pstar,0.7924528301886793,37
B4,re,pooled,op,fn_C75_pstar,0.0,37
B4,re,pooled,op,fp_C75_pstar,11.0,37
B4,re,pooled,op,bss_cond_C90,-0.07363112985146647,37
B4,re,pooled,op,brier_clim_C90,0.29756536460499167,37
B4,re,pooled,op,brier_climcond_C90,0.27625150697463413,37
B4,re,pooled,op,precision_C90_p05,0.5454545454545454,37
B4,re,pooled,op,recall_C90_p05,0.9230769230769231,37
B4,re,pooled,op,f1_C90_p05,0.6857142857142857,37
B4,re,pooled,op,fn_C90_p05,1.0,37
B4,re,pooled,op,fp_C90_p05,10.0,37
B4,re,pooled,op,precision_C90_pstar,0.40625,37
B4,re,pooled,op,recall_C90_pstar,1.0,37
B4,re,pooled,op,f1_C90_pstar,0.5777777777777777,37
B4,re,pooled,op,fn_C90_pstar,0.0,37
B4,re,pooled,op,fp_C90_pstar,19.0,37
B4,re,pooled,nonop,brier_mean_platt,2.3103195055780226e-15,14
B4,re,pooled,nonop,brier_platt_C50,3.440648464586257e-15,14
B4,re,pooled,nonop,brier_platt_C75,3.417254017351474e-15,14
B4,re,pooled,nonop,brier_platt_C90,7.305603479633732e-17,14
B4,re,pooled,nonop,bss_cond_C50,NaN,14
B4,re,pooled,nonop,brier_clim_C50,0.15815788036709977,14
B4,re,pooled,nonop,brier_climcond_C50,0.0,14
B4,re,pooled,nonop,precision_C50_p05,NaN,14
B4,re,pooled,nonop,recall_C50_p05,NaN,14
B4,re,pooled,nonop,f1_C50_p05,NaN,14
B4,re,pooled,nonop,fn_C50_p05,0.0,14
B4,re,pooled,nonop,fp_C50_p05,0.0,14
B4,re,pooled,nonop,precision_C50_pstar,NaN,14
B4,re,pooled,nonop,recall_C50_pstar,NaN,14
B4,re,pooled,nonop,f1_C50_pstar,NaN,14
B4,re,pooled,nonop,fn_C50_pstar,0.0,14
B4,re,pooled,nonop,fp_C50_pstar,0.0,14
B4,re,pooled,nonop,bss_cond_C75,NaN,14
B4,re,pooled,nonop,brier_clim_C75,0.04192257433088031,14
B4,re,pooled,nonop,brier_climcond_C75,0.0,14
B4,re,pooled,nonop,precision_C75_p05,NaN,14
B4,re,pooled,nonop,recall_C75_p05,NaN,14
B4,re,pooled,nonop,f1_C75_p05,NaN,14
B4,re,pooled,nonop,fn_C75_p05,0.0,14
B4,re,pooled,nonop,fp_C75_p05,0.0,14
B4,re,pooled,nonop,precision_C75_pstar,NaN,14
B4,re,pooled,nonop,recall_C75_pstar,NaN,14
B4,re,pooled,nonop,f1_C75_pstar,NaN,14
B4,re,pooled,nonop,fn_C75_pstar,0.0,14
B4,re,pooled,nonop,fp_C75_pstar,0.0,14
B4,re,pooled,nonop,bss_cond_C90,NaN,14
B4,re,pooled,nonop,brier_clim_C90,0.007605800053352501,14
B4,re,pooled,nonop,brier_climcond_C90,0.0,14
B4,re,pooled,nonop,precision_C90_p05,NaN,14
B4,re,pooled,nonop,recall_C90_p05,NaN,14
B4,re,pooled,nonop,f1_C90_p05,NaN,14
B4,re,pooled,nonop,fn_C90_p05,0.0,14
B4,re,pooled,nonop,fp_C90_p05,0.0,14
B4,re,pooled,nonop,precision_C90_pstar,NaN,14
B4,re,pooled,nonop,recall_C90_pstar,NaN,14
B4,re,pooled,nonop,f1_C90_pstar,NaN,14
B4,re,pooled,nonop,fn_C90_pstar,0.0,14
B4,re,pooled,nonop,fp_C90_pstar,0.0,14
B1,AWstar,f1,all,brier_mean_platt,0.2922807063019231,12
B1,AWstar,f1,all,brier_platt_C50,8.201523544453754e-13,12
B1,AWstar,f1,all,brier_platt_C75,0.5447807492981079,12
B1,AWstar,f1,all,brier_platt_C90,0.3320613696068411,12
B1,AWstar,f1,all,bss_cond_C50,0.9999999999949185,12
B1,AWstar,f1,all,brier_clim_C50,0.3017751479289941,12
B1,AWstar,f1,all,brier_climcond_C50,0.16139917695473252,12
B1,AWstar,f1,all,precision_C50_p05,1.0,12
B1,AWstar,f1,all,recall_C50_p05,1.0,12
B1,AWstar,f1,all,f1_C50_p05,1.0,12
B1,AWstar,f1,all,fn_C50_p05,0.0,12
B1,AWstar,f1,all,fp_C50_p05,0.0,12
B1,AWstar,f1,all,precision_C50_pstar,1.0,12
B1,AWstar,f1,all,recall_C50_pstar,1.0,12
B1,AWstar,f1,all,f1_C50_pstar,1.0,12
B1,AWstar,f1,all,fn_C50_pstar,0.0,12
B1,AWstar,f1,all,fp_C50_pstar,0.0,12
B1,AWstar,f1,all,bss_cond_C75,-0.5108619274074435,12
B1,AWstar,f1,all,brier_clim_C75,0.42587771203155816,12
B1,AWstar,f1,all,brier_climcond_C75,0.3605761316872429,12
B1,AWstar,f1,all,precision_C75_p05,NaN,12
B1,AWstar,f1,all,recall_C75_p05,0.0,12
B1,AWstar,f1,all,f1_C75_p05,0.0,12
B1,AWstar,f1,all,fn_C75_p05,8.0,12
B1,AWstar,f1,all,fp_C75_p05,0.0,12
B1,AWstar,f1,all,precision_C75_pstar,NaN,12
B1,AWstar,f1,all,recall_C75_pstar,0.0,12
B1,AWstar,f1,all,f1_C75_pstar,0.0,12
B1,AWstar,f1,all,fn_C75_pstar,8.0,12
B1,AWstar,f1,all,fp_C75_pstar,0.0,12
B1,AWstar,f1,all,bss_cond_C90,-0.24139865868403665,12
B1,AWstar,f1,all,brier_clim_C90,0.28796844181459574,12
B1,AWstar,f1,all,brier_climcond_C90,0.2674897119341564,12
B1,AWstar,f1,all,precision_C90_p05,NaN,12
B1,AWstar,f1,all,recall_C90_p05,0.0,12
B1,AWstar,f1,all,f1_C90_p05,0.0,12
B1,AWstar,f1,all,fn_C90_p05,4.0,12
B1,AWstar,f1,all,fp_C90_p05,0.0,12
B1,AWstar,f1,all,precision_C90_pstar,NaN,12
B1,AWstar,f1,all,recall_C90_pstar,0.0,12
B1,AWstar,f1,all,f1_C90_pstar,0.0,12
B1,AWstar,f1,all,fn_C90_pstar,4.0,12
B1,AWstar,f1,all,fp_C90_pstar,0.0,12
B1,AWstar,f1,op,brier_mean_platt,0.35073684756230766,10
B1,AWstar,f1,op,brier_platt_C50,9.841508547976482e-13,10
B1,AWstar,f1,op,brier_platt_C75,0.6537368991577297,10
B1,AWstar,f1,op,brier_platt_C90,0.39847364352820924,10
B1,AWstar,f1,op,bss_cond_C50,0.9999999999949186,10
B1,AWstar,f1,op,brier_clim_C50,0.3325443786982249,10
B1,AWstar,f1,op,brier_climcond_C50,0.19367901234567902,10
B1,AWstar,f1,op,precision_C50_p05,1.0,10
B1,AWstar,f1,op,recall_C50_p05,1.0,10
B1,AWstar,f1,op,f1_C50_p05,1.0,10
B1,AWstar,f1,op,fn_C50_p05,0.0,10
B1,AWstar,f1,op,fp_C50_p05,0.0,10
B1,AWstar,f1,op,precision_C50_pstar,1.0,10
B1,AWstar,f1,op,recall_C50_pstar,1.0,10
B1,AWstar,f1,op,f1_C50_pstar,1.0,10
B1,AWstar,f1,op,fn_C50_pstar,0.0,10
B1,AWstar,f1,op,fp_C50_pstar,0.0,10
B1,AWstar,f1,op,bss_cond_C75,-0.5108619274074437,10
B1,AWstar,f1,op,brier_clim_C75,0.5017751479289941,10
B1,AWstar,f1,op,brier_climcond_C75,0.4326913580246915,10
B1,AWstar,f1,op,precision_C75_p05,NaN,10
B1,AWstar,f1,op,recall_C75_p05,0.0,10
B1,AWstar,f1,op,f1_C75_p05,0.0,10
B1,AWstar,f1,op,fn_C75_p05,8.0,10
B1,AWstar,f1,op,fp_C75_p05,0.0,10
B1,AWstar,f1,op,precision_C75_pstar,NaN,10
B1,AWstar,f1,op,recall_C75_pstar,0.0,10
B1,AWstar,f1,op,f1_C75_pstar,0.0,10
B1,AWstar,f1,op,fn_C75_pstar,8.0,10
B1,AWstar,f1,op,fp_C75_pstar,0.0,10
B1,AWstar,f1,op,bss_cond_C90,-0.24139865868403665,10
B1,AWstar,f1,op,brier_clim_C90,0.3443786982248521,10
B1,AWstar,f1,op,brier_climcond_C90,0.32098765432098764,10
B1,AWstar,f1,op,precision_C90_p05,NaN,10
B1,AWstar,f1,op,recall_C90_p05,0.0,10
B1,AWstar,f1,op,f1_C90_p05,0.0,10
B1,AWstar,f1,op,fn_C90_p05,4.0,10
B1,AWstar,f1,op,fp_C90_p05,0.0,10
B1,AWstar,f1,op,precision_C90_pstar,NaN,10
B1,AWstar,f1,op,recall_C90_pstar,0.0,10
B1,AWstar,f1,op,f1_C90_pstar,0.0,10
B1,AWstar,f1,op,fn_C90_pstar,4.0,10
B1,AWstar,f1,op,fp_C90_pstar,0.0,10
B1,AWstar,f1,nonop,brier_mean_platt,1.5985268401091972e-16,2
B1,AWstar,f1,nonop,brier_platt_C50,1.5985268401091972e-16,2
B1,AWstar,f1,nonop,brier_platt_C75,1.5985268401091972e-16,2
B1,AWstar,f1,nonop,brier_platt_C90,1.5985268401091972e-16,2
B1,AWstar,f1,nonop,bss_cond_C50,NaN,2
B1,AWstar,f1,nonop,brier_clim_C50,0.14792899408284024,2
B1,AWstar,f1,nonop,brier_climcond_C50,0.0,2
B1,AWstar,f1,nonop,precision_C50_p05,NaN,2
B1,AWstar,f1,nonop,recall_C50_p05,NaN,2
B1,AWstar,f1,nonop,f1_C50_p05,NaN,2
B1,AWstar,f1,nonop,fn_C50_p05,0.0,2
B1,AWstar,f1,nonop,fp_C50_p05,0.0,2
B1,AWstar,f1,nonop,precision_C50_pstar,NaN,2
B1,AWstar,f1,nonop,recall_C50_pstar,NaN,2
B1,AWstar,f1,nonop,f1_C50_pstar,NaN,2
B1,AWstar,f1,nonop,fn_C50_pstar,0.0,2
B1,AWstar,f1,nonop,fp_C50_pstar,0.0,2
B1,AWstar,f1,nonop,bss_cond_C75,NaN,2
B1,AWstar,f1,nonop,brier_clim_C75,0.0463905325443787,2
B1,AWstar,f1,nonop,brier_climcond_C75,0.0,2
B1,AWstar,f1,nonop,precision_C75_p05,NaN,2
B1,AWstar,f1,nonop,recall_C75_p05,NaN,2
B1,AWstar,f1,nonop,f1_C75_p05,NaN,2
B1,AWstar,f1,nonop,fn_C75_p05,0.0,2
B1,AWstar,f1,nonop,fp_C75_p05,0.0,2
B1,AWstar,f1,nonop,precision_C75_pstar,NaN,2
B1,AWstar,f1,nonop,recall_C75_pstar,NaN,2
B1,AWstar,f1,nonop,f1_C75_pstar,NaN,2
B1,AWstar,f1,nonop,fn_C75_pstar,0.0,2
B1,AWstar,f1,nonop,fp_C75_pstar,0.0,2
B1,AWstar,f1,nonop,bss_cond_C90,NaN,2
B1,AWstar,f1,nonop,brier_clim_C90,0.00591715976331361,2
B1,AWstar,f1,nonop,brier_climcond_C90,0.0,2
B1,AWstar,f1,nonop,precision_C90_p05,NaN,2
B1,AWstar,f1,nonop,recall_C90_p05,NaN,2
B1,AWstar,f1,nonop,f1_C90_p05,NaN,2
B1,AWstar,f1,nonop,fn_C90_p05,0.0,2
B1,AWstar,f1,nonop,fp_C90_p05,0.0,2
B1,AWstar,f1,nonop,precision_C90_pstar,NaN,2
B1,AWstar,f1,nonop,recall_C90_pstar,NaN,2
B1,AWstar,f1,nonop,f1_C90_pstar,NaN,2
B1,AWstar,f1,nonop,fn_C90_pstar,0.0,2
B1,AWstar,f1,nonop,fp_C90_pstar,0.0,2
B1,AWstar,f2,all,brier_mean_platt,0.03528051460889284,13
B1,AWstar,f2,all,brier_platt_C50,1.4964607655617588e-14,13
B1,AWstar,f2,all,brier_platt_C75,1.503727893416347e-14,13
B1,AWstar,f2,all,brier_platt_C90,0.10584154382664851,13
B1,AWstar,f2,all,bss_cond_C50,0.9999999999998652,13
B1,AWstar,f2,all,brier_clim_C50,0.26697977347328,13
B1,AWstar,f2,all,brier_climcond_C50,0.11105005548191413,13
B1,AWstar,f2,all,precision_C50_p05,1.0,13
B1,AWstar,f2,all,recall_C50_p05,1.0,13
B1,AWstar,f2,all,f1_C50_p05,1.0,13
B1,AWstar,f2,all,fn_C50_p05,0.0,13
B1,AWstar,f2,all,fp_C50_p05,0.0,13
B1,AWstar,f2,all,precision_C50_pstar,1.0,13
B1,AWstar,f2,all,recall_C50_pstar,1.0,13
B1,AWstar,f2,all,f1_C50_pstar,1.0,13
B1,AWstar,f2,all,fn_C50_pstar,0.0,13
B1,AWstar,f2,all,fp_C50_pstar,0.0,13
B1,AWstar,f2,all,bss_cond_C75,0.9999999999999484,13
B1,AWstar,f2,all,brier_clim_C75,0.3666203925944187,13
B1,AWstar,f2,all,brier_climcond_C75,0.29156283374866504,13
B1,AWstar,f2,all,precision_C75_p05,1.0,13
B1,AWstar,f2,all,recall_C75_p05,1.0,13
B1,AWstar,f2,all,f1_C75_p05,1.0,13
B1,AWstar,f2,all,fn_C75_p05,0.0,13
B1,AWstar,f2,all,fp_C75_p05,0.0,13
B1,AWstar,f2,all,precision_C75_pstar,1.0,13
B1,AWstar,f2,all,recall_C75_pstar,1.0,13
B1,AWstar,f2,all,f1_C75_pstar,1.0,13
B1,AWstar,f2,all,fn_C75_pstar,0.0,13
B1,AWstar,f2,all,fp_C75_pstar,0.0,13
B1,AWstar,f2,all,bss_cond_C90,0.7390618649798999,13
B1,AWstar,f2,all,brier_clim_C90,0.44882390336935774,13
B1,AWstar,f2,all,brier_climcond_C90,0.4056193005997208,13
B1,AWstar,f2,all,precision_C90_p05,1.0,13
B1,AWstar,f2,all,recall_C90_p05,0.7142857142857143,13
B1,AWstar,f2,all,f1_C90_p05,0.8333333333333334,13
B1,AWstar,f2,all,fn_C90_p05,2.0,13
B1,AWstar,f2,all,fp_C90_p05,0.0,13
B1,AWstar,f2,all,precision_C90_pstar,1.0,13
B1,AWstar,f2,all,recall_C90_pstar,0.8571428571428571,13
B1,AWstar,f2,all,f1_C90_pstar,0.9230769230769231,13
B1,AWstar,f2,all,fn_C90_pstar,1.0,13
B1,AWstar,f2,all,fp_C90_pstar,0.0,13
B1,AWstar,f2,op,brier_mean_platt,0.05733083623945086,8
B1,AWstar,f2,op,brier_platt_C50,2.4317481040975502e-14,8
B1,AWstar,f2,op,brier_platt_C75,2.443557186861256e-14,8
B1,AWstar,f2,op,brier_platt_C90,0.17199250871830385,8
B1,AWstar,f2,op,bss_cond_C50,0.9999999999998652,8
B1,AWstar,f2,op,brier_clim_C50,0.3325392140327205,8
B1,AWstar,f2,op,brier_climcond_C50,0.18045634015811046,8
B1,AWstar,f2,op,precision_C50_p05,1.0,8
B1,AWstar,f2,op,recall_C50_p05,1.0,8
B1,AWstar,f2,op,f1_C50_p05,1.0,8
B1,AWstar,f2,op,fn_C50_p05,0.0,8
B1,AWstar,f2,op,fp_C50_p05,0.0,8
B1,AWstar,f2,op,precision_C50_pstar,1.0,8
B1,AWstar,f2,op,recall_C50_pstar,1.0,8
B1,AWstar,f2,op,f1_C50_pstar,1.0,8
B1,AWstar,f2,op,fn_C50_pstar,0.0,8
B1,AWstar,f2,op,fp_C50_pstar,0.0,8
B1,AWstar,f2,op,bss_cond_C75,0.9999999999999484,8
B1,AWstar,f2,op,brier_clim_C75,0.572039973013999,8
B1,AWstar,f2,op,brier_climcond_C75,0.4737896048415807,8
B1,AWstar,f2,op,precision_C75_p05,1.0,8
B1,AWstar,f2,op,recall_C75_p05,1.0,8
B1,AWstar,f2,op,f1_C75_p05,1.0,8
B1,AWstar,f2,op,fn_C75_p05,0.0,8
B1,AWstar,f2,op,fp_C75_p05,0.0,8
B1,AWstar,f2,op,precision_C75_pstar,1.0,8
B1,AWstar,f2,op,recall_C75_pstar,1.0,8
B1,AWstar,f2,op,f1_C75_pstar,1.0,8
B1,AWstar,f2,op,fn_C75_pstar,0.0,8
B1,AWstar,f2,op,fp_C75_pstar,0.0,8
B1,AWstar,f2,op,bss_cond_C90,0.7390618649798999,8
B1,AWstar,f2,op,brier_clim_C90,0.7241735537190082,8
B1,AWstar,f2,op,brier_climcond_C90,0.6591313634745462,8
B1,AWstar,f2,op,precision_C90_p05,1.0,8
B1,AWstar,f2,op,recall_C90_p05,0.7142857142857143,8
B1,AWstar,f2,op,f1_C90_p05,0.8333333333333334,8
B1,AWstar,f2,op,fn_C90_p05,2.0,8
B1,AWstar,f2,op,fp_C90_p05,0.0,8
B1,AWstar,f2,op,precision_C90_pstar,1.0,8
B1,AWstar,f2,op,recall_C90_pstar,0.8571428571428571,8
B1,AWstar,f2,op,f1_C90_pstar,0.9230769230769231,8
B1,AWstar,f2,op,fn_C90_pstar,1.0,8
B1,AWstar,f2,op,fp_C90_pstar,0.0,8
B1,AWstar,f2,nonop,brier_mean_platt,1.0239044927244922e-20,5
B1,AWstar,f2,nonop,brier_platt_C50,1.0239044927244921e-20,5
B1,AWstar,f2,nonop,brier_platt_C75,1.0239044927244921e-20,5
B1,AWstar,f2,nonop,brier_platt_C90,1.0239044927244921e-20,5
B1,AWstar,f2,nonop,bss_cond_C50,NaN,5
B1,AWstar,f2,nonop,brier_clim_C50,0.16208466857817508,5
B1,AWstar,f2,nonop,brier_climcond_C50,0.0,5
B1,AWstar,f2,nonop,precision_C50_p05,NaN,5
B1,AWstar,f2,nonop,recall_C50_p05,NaN,5
B1,AWstar,f2,nonop,f1_C50_p05,NaN,5
B1,AWstar,f2,nonop,fn_C50_p05,0.0,5
B1,AWstar,f2,nonop,fp_C50_p05,0.0,5
B1,AWstar,f2,nonop,precision_C50_pstar,NaN,5
B1,AWstar,f2,nonop,recall_C50_pstar,NaN,5
B1,AWstar,f2,nonop,f1_C50_pstar,NaN,5
B1,AWstar,f2,nonop,fn_C50_pstar,0.0,5
B1,AWstar,f2,nonop,fp_C50_pstar,0.0,5
B1,AWstar,f2,nonop,bss_cond_C75,NaN,5
B1,AWstar,f2,nonop,brier_clim_C75,0.0379490639230899,5
B1,AWstar,f2,nonop,brier_climcond_C75,0.0,5
B1,AWstar,f2,nonop,precision_C75_p05,NaN,5
B1,AWstar,f2,nonop,recall_C75_p05,NaN,5
B1,AWstar,f2,nonop,f1_C75_p05,NaN,5
B1,AWstar,f2,nonop,fn_C75_p05,0.0,5
B1,AWstar,f2,nonop,fp_C75_p05,0.0,5
B1,AWstar,f2,nonop,precision_C75_pstar,NaN,5
B1,AWstar,f2,nonop,recall_C75_pstar,NaN,5
B1,AWstar,f2,nonop,f1_C75_pstar,NaN,5
B1,AWstar,f2,nonop,fn_C75_pstar,0.0,5
B1,AWstar,f2,nonop,fp_C75_pstar,0.0,5
B1,AWstar,f2,nonop,bss_cond_C90,NaN,5
B1,AWstar,f2,nonop,brier_clim_C90,0.008264462809917356,5
B1,AWstar,f2,nonop,brier_climcond_C90,0.0,5
B1,AWstar,f2,nonop,precision_C90_p05,NaN,5
B1,AWstar,f2,nonop,recall_C90_p05,NaN,5
B1,AWstar,f2,nonop,f1_C90_p05,NaN,5
B1,AWstar,f2,nonop,fn_C90_p05,0.0,5
B1,AWstar,f2,nonop,fp_C90_p05,0.0,5
B1,AWstar,f2,nonop,precision_C90_pstar,NaN,5
B1,AWstar,f2,nonop,recall_C90_pstar,NaN,5
B1,AWstar,f2,nonop,f1_C90_pstar,NaN,5
B1,AWstar,f2,nonop,fn_C90_pstar,0.0,5
B1,AWstar,f2,nonop,fp_C90_pstar,0.0,5
B1,AWstar,f3,all,brier_mean_platt,0.15998876375389295,14
B1,AWstar,f3,all,brier_platt_C50,0.12425896940646355,14
B1,AWstar,f3,all,brier_platt_C75,0.2128166194597279,14
B1,AWstar,f3,all,brier_platt_C90,0.1428907023954873,14
B1,AWstar,f3,all,bss_cond_C50,-0.16510670368829228,14
B1,AWstar,f3,all,brier_clim_C50,0.24571428571428575,14
B1,AWstar,f3,all,brier_climcond_C50,0.1066502913536641,14
B1,AWstar,f3,all,precision_C50_p05,0.8333333333333334,14
B1,AWstar,f3,all,recall_C50_p05,0.8333333333333334,14
B1,AWstar,f3,all,f1_C50_p05,0.8333333333333334,14
B1,AWstar,f3,all,fn_C50_p05,1.0,14
B1,AWstar,f3,all,fp_C50_p05,1.0,14
B1,AWstar,f3,all,precision_C50_pstar,0.8333333333333334,14
B1,AWstar,f3,all,recall_C50_pstar,0.8333333333333334,14
B1,AWstar,f3,all,f1_C50_pstar,0.8333333333333334,14
B1,AWstar,f3,all,fn_C50_pstar,1.0,14
B1,AWstar,f3,all,fp_C50_pstar,1.0,14
B1,AWstar,f3,all,bss_cond_C75,-0.3621414146867019,14
B1,AWstar,f3,all,brier_clim_C75,0.20964726631393302,14
B1,AWstar,f3,all,brier_climcond_C75,0.15623680270280646,14
B1,AWstar,f3,all,precision_C75_p05,0.6666666666666666,14
B1,AWstar,f3,all,recall_C75_p05,0.5,14
B1,AWstar,f3,all,f1_C75_p05,0.5714285714285714,14
B1,AWstar,f3,all,fn_C75_p05,2.0,14
B1,AWstar,f3,all,fp_C75_p05,1.0,14
B1,AWstar,f3,all,precision_C75_pstar,1.0,14
B1,AWstar,f3,all,recall_C75_pstar,0.25,14
B1,AWstar,f3,all,f1_C75_pstar,0.4,14
B1,AWstar,f3,all,fn_C75_pstar,3.0,14
B1,AWstar,f3,all,fp_C75_pstar,0.0,14
B1,AWstar,f3,all,bss_cond_C90,-0.25357835139617957,14
B1,AWstar,f3,all,brier_clim_C90,0.12536155202821872,14
B1,AWstar,f3,all,brier_climcond_C90,0.11398625561485008,14
B1,AWstar,f3,all,precision_C90_p05,NaN,14
B1,AWstar,f3,all,recall_C90_p05,0.0,14
B1,AWstar,f3,all,f1_C90_p05,0.0,14
B1,AWstar,f3,all,fn_C90_p05,2.0,14
B1,AWstar,f3,all,fp_C90_p05,0.0,14
B1,AWstar,f3,all,precision_C90_pstar,NaN,14
B1,AWstar,f3,all,recall_C90_pstar,0.0,14
B1,AWstar,f3,all,f1_C90_pstar,0.0,14
B1,AWstar,f3,all,fn_C90_pstar,2.0,14
B1,AWstar,f3,all,fp_C90_pstar,0.0,14
B1,AWstar,f3,op,brier_mean_platt,0.27998031584088373,8
B1,AWstar,f3,op,brier_platt_C50,0.21745315884041136,8
B1,AWstar,f3,op,brier_platt_C75,0.372429059490307,8
B1,AWstar,f3,op,brier_platt_C90,0.2500587291919327,8
B1,AWstar,f3,op,bss_cond_C50,-0.1651065021168121,8
B1,AWstar,f3,op,brier_clim_C50,0.31,8
B1,AWstar,f3,op,brier_climcond_C50,0.1866380098689122,8
B1,AWstar,f3,op,precision_C50_p05,0.8333333333333334,8
B1,AWstar,f3,op,recall_C50_p05,0.8333333333333334,8
B1,AWstar,f3,op,f1_C50_p05,0.8333333333333334,8
B1,AWstar,f3,op,fn_C50_p05,1.0,8
B1,AWstar,f3,op,fp_C50_p05,1.0,8
B1,AWstar,f3,op,precision_C50_pstar,0.8333333333333334,8
B1,AWstar,f3,op,recall_C50_pstar,0.8333333333333334,8
B1,AWstar,f3,op,f1_C50_pstar,0.8333333333333334,8
B1,AWstar,f3,op,fn_C50_pstar,1.0,8
B1,AWstar,f3,op,fp_C50_pstar,1.0,8
B1,AWstar,f3,op,bss_cond_C75,-0.36214132484426353,8
B1,AWstar,f3,op,brier_clim_C75,0.33345679012345675,8
B1,AWstar,f3,op,brier_climcond_C75,0.2734144047299113,8
B1,AWstar,f3,op,precision_C75_p05,0.6666666666666666,8
B1,AWstar,f3,op,recall_C75_p05,0.5,8
B1,AWstar,f3,op,f1_C75_p05,0.5714285714285714,8
B1,AWstar,f3,op,fn_C75_p05,2.0,8
B1,AWstar,f3,op,fp_C75_p05,1.0,8
B1,AWstar,f3,op,precision_C75_pstar,1.0,8
B1,AWstar,f3,op,recall_C75_pstar,0.25,8
B1,AWstar,f3,op,f1_C75_pstar,0.4,8
B1,AWstar,f3,op,fn_C75_pstar,3.0,8
B1,AWstar,f3,op,fp_C75_pstar,0.0,8
B1,AWstar,f3,op,bss_cond_C90,-0.25357835139532736,8
B1,AWstar,f3,op,brier_clim_C90,0.2134567901234568,8
B1,AWstar,f3,op,brier_climcond_C90,0.19947594732598764,8
B1,AWstar,f3,op,precision_C90_p05,NaN,8
B1,AWstar,f3,op,recall_C90_p05,0.0,8
B1,AWstar,f3,op,f1_C90_p05,0.0,8
B1,AWstar,f3,op,fn_C90_p05,2.0,8
B1,AWstar,f3,op,fp_C90_p05,0.0,8
B1,AWstar,f3,op,precision_C90_pstar,NaN,8
B1,AWstar,f3,op,recall_C90_pstar,0.0,8
B1,AWstar,f3,op,f1_C90_pstar,0.0,8
B1,AWstar,f3,op,fn_C90_pstar,2.0,8
B1,AWstar,f3,op,fp_C90_pstar,0.0,8
B1,AWstar,f3,nonop,brier_mean_platt,2.7637905189091505e-8,6
B1,AWstar,f3,nonop,brier_platt_C50,5.016119982482046e-8,6
B1,AWstar,f3,nonop,brier_platt_C75,3.2752289043569135e-8,6
B1,AWstar,f3,nonop,brier_platt_C90,2.266988849229276e-13,6
B1,AWstar,f3,nonop,bss_cond_C50,NaN,6
B1,AWstar,f3,nonop,brier_clim_C50,0.16000000000000003,6
B1,AWstar,f3,nonop,brier_climcond_C50,0.0,6
B1,AWstar,f3,nonop,precision_C50_p05,NaN,6
B1,AWstar,f3,nonop,recall_C50_p05,NaN,6
B1,AWstar,f3,nonop,f1_C50_p05,NaN,6
B1,AWstar,f3,nonop,fn_C50_p05,0.0,6
B1,AWstar,f3,nonop,fp_C50_p05,0.0,6
B1,AWstar,f3,nonop,precision_C50_pstar,NaN,6
B1,AWstar,f3,nonop,recall_C50_pstar,NaN,6
B1,AWstar,f3,nonop,f1_C50_pstar,NaN,6
B1,AWstar,f3,nonop,fn_C50_pstar,0.0,6
B1,AWstar,f3,nonop,fp_C50_pstar,0.0,6
B1,AWstar,f3,nonop,bss_cond_C75,NaN,6
B1,AWstar,f3,nonop,brier_clim_C75,0.04456790123456789,6
B1,AWstar,f3,nonop,brier_climcond_C75,0.0,6
B1,AWstar,f3,nonop,precision_C75_p05,NaN,6
B1,AWstar,f3,nonop,recall_C75_p05,NaN,6
B1,AWstar,f3,nonop,f1_C75_p05,NaN,6
B1,AWstar,f3,nonop,fn_C75_p05,0.0,6
B1,AWstar,f3,nonop,fp_C75_p05,0.0,6
B1,AWstar,f3,nonop,precision_C75_pstar,NaN,6
B1,AWstar,f3,nonop,recall_C75_pstar,NaN,6
B1,AWstar,f3,nonop,f1_C75_pstar,NaN,6
B1,AWstar,f3,nonop,fn_C75_pstar,0.0,6
B1,AWstar,f3,nonop,fp_C75_pstar,0.0,6
B1,AWstar,f3,nonop,bss_cond_C90,NaN,6
B1,AWstar,f3,nonop,brier_clim_C90,0.007901234567901235,6
B1,AWstar,f3,nonop,brier_climcond_C90,0.0,6
B1,AWstar,f3,nonop,precision_C90_p05,NaN,6
B1,AWstar,f3,nonop,recall_C90_p05,NaN,6
B1,AWstar,f3,nonop,f1_C90_p05,NaN,6
B1,AWstar,f3,nonop,fn_C90_p05,0.0,6
B1,AWstar,f3,nonop,fp_C90_p05,0.0,6
B1,AWstar,f3,nonop,precision_C90_pstar,NaN,6
B1,AWstar,f3,nonop,recall_C90_pstar,NaN,6
B1,AWstar,f3,nonop,f1_C90_pstar,NaN,6
B1,AWstar,f3,nonop,fn_C90_pstar,0.0,6
B1,AWstar,f3,nonop,fp_C90_pstar,0.0,6
B1,AWstar,f4,all,brier_mean_platt,0.06406045876238739,12
B1,AWstar,f4,all,brier_platt_C50,0.000015203250354289054,12
B1,AWstar,f4,all,brier_platt_C75,0.17680239447820137,12
B1,AWstar,f4,all,brier_platt_C90,0.015363778558606508,12
B1,AWstar,f4,all,bss_cond_C50,0.9999029262539115,12
B1,AWstar,f4,all,brier_clim_C50,0.3402366863905326,12
B1,AWstar,f4,all,brier_climcond_C50,0.1566154698555268,12
B1,AWstar,f4,all,precision_C50_p05,1.0,12
B1,AWstar,f4,all,recall_C50_p05,1.0,12
B1,AWstar,f4,all,f1_C50_p05,1.0,12
B1,AWstar,f4,all,fn_C50_p05,0.0,12
B1,AWstar,f4,all,fp_C50_p05,0.0,12
B1,AWstar,f4,all,precision_C50_pstar,1.0,12
B1,AWstar,f4,all,recall_C50_pstar,0.7,12
B1,AWstar,f4,all,f1_C50_pstar,0.8235294117647058,12
B1,AWstar,f4,all,fn_C50_pstar,3.0,12
B1,AWstar,f4,all,fp_C50_pstar,0.0,12
B1,AWstar,f4,all,bss_cond_C75,-0.25019577129847104,12
B1,AWstar,f4,all,brier_clim_C75,0.13954635108481264,12
B1,AWstar,f4,all,brier_climcond_C75,0.1414197668374545,12
B1,AWstar,f4,all,precision_C75_p05,0.3333333333333333,12
B1,AWstar,f4,all,recall_C75_p05,0.5,12
B1,AWstar,f4,all,f1_C75_p05,0.4,12
B1,AWstar,f4,all,fn_C75_p05,1.0,12
B1,AWstar,f4,all,fp_C75_p05,2.0,12
B1,AWstar,f4,all,precision_C75_pstar,NaN,12
B1,AWstar,f4,all,recall_C75_pstar,0.0,12
B1,AWstar,f4,all,f1_C75_pstar,0.0,12
B1,AWstar,f4,all,fn_C75_pstar,2.0,12
B1,AWstar,f4,all,fp_C75_pstar,0.0,12
B1,AWstar,f4,all,bss_cond_C90,-0.2931500365547115,12
B1,AWstar,f4,all,brier_clim_C90,0.005917159763313611,12
B1,AWstar,f4,all,brier_climcond_C90,0.011880894037276305,12
B1,AWstar,f4,all,precision_C90_p05,NaN,12
B1,AWstar,f4,all,recall_C90_p05,NaN,12
B1,AWstar,f4,all,f1_C90_p05,NaN,12
B1,AWstar,f4,all,fn_C90_p05,0.0,12
B1,AWstar,f4,all,fp_C90_p05,0.0,12
B1,AWstar,f4,all,precision_C90_pstar,0.0,12
B1,AWstar,f4,all,recall_C90_pstar,NaN,12
B1,AWstar,f4,all,f1_C90_pstar,NaN,12
B1,AWstar,f4,all,fn_C90_pstar,0.0,12
B1,AWstar,f4,all,fp_C90_pstar,3.0,12
B1,AWstar,f4,op,brier_mean_platt,0.06988413683169534,11
B1,AWstar,f4,op,brier_platt_C50,0.000016585364022860786,11
B1,AWstar,f4,op,brier_platt_C75,0.19287533943076515,11
B1,AWstar,f4,op,brier_platt_C90,0.01676048570029801,11
B1,AWstar,f4,op,bss_cond_C50,0.9999029262539115,11
B1,AWstar,f4,op,brier_clim_C50,0.3577192038730501,11
B1,AWstar,f4,op,brier_climcond_C50,0.17085323984239287,11
B1,AWstar,f4,op,precision_C50_p05,1.0,11
B1,AWstar,f4,op,recall_C50_p05,1.0,11
B1,AWstar,f4,op,f1_C50_p05,1.0,11
B1,AWstar,f4,op,fn_C50_p05,0.0,11
B1,AWstar,f4,op,fp_C50_p05,0.0,11
B1,AWstar,f4,op,precision_C50_pstar,1.0,11
B1,AWstar,f4,op,recall_C50_pstar,0.7,11
B1,AWstar,f4,op,f1_C50_pstar,0.8235294117647058,11
B1,AWstar,f4,op,fn_C50_pstar,3.0,11
B1,AWstar,f4,op,fp_C50_pstar,0.0,11
B1,AWstar,f4,op,bss_cond_C75,-0.25019577129847104,11
B1,AWstar,f4,op,brier_clim_C75,0.14887036040882198,11
B1,AWstar,f4,op,brier_climcond_C75,0.1542761092772231,11
B1,AWstar,f4,op,precision_C75_p05,0.3333333333333333,11
B1,AWstar,f4,op,recall_C75_p05,0.5,11
B1,AWstar,f4,op,f1_C75_p05,0.4,11
B1,AWstar,f4,op,fn_C75_p05,1.0,11
B1,AWstar,f4,op,fp_C75_p05,2.0,11
B1,AWstar,f4,op,precision_C75_pstar,NaN,11
B1,AWstar,f4,op,recall_C75_pstar,0.0,11
B1,AWstar,f4,op,f1_C75_pstar,0.0,11
B1,AWstar,f4,op,fn_C75_pstar,2.0,11
B1,AWstar,f4,op,fp_C75_pstar,0.0,11
B1,AWstar,f4,op,bss_cond_C90,-0.2931500365547115,11
B1,AWstar,f4,op,brier_clim_C90,0.005917159763313611,11
B1,AWstar,f4,op,brier_climcond_C90,0.012960975313392332,11
B1,AWstar,f4,op,precision_C90_p05,NaN,11
B1,AWstar,f4,op,recall_C90_p05,NaN,11
B1,AWstar,f4,op,f1_C90_p05,NaN,11
B1,AWstar,f4,op,fn_C90_p05,0.0,11
B1,AWstar,f4,op,fp_C90_p05,0.0,11
B1,AWstar,f4,op,precision_C90_pstar,0.0,11
B1,AWstar,f4,op,recall_C90_pstar,NaN,11
B1,AWstar,f4,op,f1_C90_pstar,NaN,11
B1,AWstar,f4,op,fn_C90_pstar,0.0,11
B1,AWstar,f4,op,fp_C90_pstar,3.0,11
B1,AWstar,f4,nonop,brier_mean_platt,2.0568895666171023e-23,1
B1,AWstar,f4,nonop,brier_platt_C50,2.0568895666171023e-23,1
B1,AWstar,f4,nonop,brier_platt_C75,2.0568895666171023e-23,1
B1,AWstar,f4,nonop,brier_platt_C90,2.0568895666171023e-23,1
B1,AWstar,f4,nonop,bss_cond_C50,NaN,1
B1,AWstar,f4,nonop,brier_clim_C50,0.14792899408284024,1
B1,AWstar,f4,nonop,brier_climcond_C50,0.0,1
B1,AWstar,f4,nonop,precision_C50_p05,NaN,1
B1,AWstar,f4,nonop,recall_C50_p05,NaN,1
B1,AWstar,f4,nonop,f1_C50_p05,NaN,1
B1,AWstar,f4,nonop,fn_C50_p05,0.0,1
B1,AWstar,f4,nonop,fp_C50_p05,0.0,1
B1,AWstar,f4,nonop,precision_C50_pstar,NaN,1
B1,AWstar,f4,nonop,recall_C50_pstar,NaN,1
B1,AWstar,f4,nonop,f1_C50_pstar,NaN,1
B1,AWstar,f4,nonop,fn_C50_pstar,0.0,1
B1,AWstar,f4,nonop,fp_C50_pstar,0.0,1
B1,AWstar,f4,nonop,bss_cond_C75,NaN,1
B1,AWstar,f4,nonop,brier_clim_C75,0.03698224852071006,1
B1,AWstar,f4,nonop,brier_climcond_C75,0.0,1
B1,AWstar,f4,nonop,precision_C75_p05,NaN,1
B1,AWstar,f4,nonop,recall_C75_p05,NaN,1
B1,AWstar,f4,nonop,f1_C75_p05,NaN,1
B1,AWstar,f4,nonop,fn_C75_p05,0.0,1
B1,AWstar,f4,nonop,fp_C75_p05,0.0,1
B1,AWstar,f4,nonop,precision_C75_pstar,NaN,1
B1,AWstar,f4,nonop,recall_C75_pstar,NaN,1
B1,AWstar,f4,nonop,f1_C75_pstar,NaN,1
B1,AWstar,f4,nonop,fn_C75_pstar,0.0,1
B1,AWstar,f4,nonop,fp_C75_pstar,0.0,1
B1,AWstar,f4,nonop,bss_cond_C90,NaN,1
B1,AWstar,f4,nonop,brier_clim_C90,0.00591715976331361,1
B1,AWstar,f4,nonop,brier_climcond_C90,0.0,1
B1,AWstar,f4,nonop,precision_C90_p05,NaN,1
B1,AWstar,f4,nonop,recall_C90_p05,NaN,1
B1,AWstar,f4,nonop,f1_C90_p05,NaN,1
B1,AWstar,f4,nonop,fn_C90_p05,0.0,1
B1,AWstar,f4,nonop,fp_C90_p05,0.0,1
B1,AWstar,f4,nonop,precision_C90_pstar,NaN,1
B1,AWstar,f4,nonop,recall_C90_pstar,NaN,1
B1,AWstar,f4,nonop,f1_C90_pstar,NaN,1
B1,AWstar,f4,nonop,fn_C90_pstar,0.0,1
B1,AWstar,f4,nonop,fp_C90_pstar,0.0,1
B1,AWstar,pooled,all,brier_mean_platt,0.1367565365341536,51
B1,AWstar,pooled,all,brier_platt_C50,0.03411388256283878,51
B1,AWstar,pooled,all,brier_platt_C75,0.2282045176029823,51
B1,AWstar,pooled,all,brier_platt_C90,0.14795120943663964,51
B1,AWstar,pooled,all,bss_cond_C50,0.7423625202796187,51
B1,AWstar,pooled,all,brier_clim_C50,0.2865662562154306,51
B1,AWstar,pooled,all,brier_climcond_C50,0.13241040317528027,51
B1,AWstar,pooled,all,precision_C50_p05,0.967741935483871,51
B1,AWstar,pooled,all,recall_C50_p05,0.967741935483871,51
B1,AWstar,pooled,all,f1_C50_p05,0.967741935483871,51
B1,AWstar,pooled,all,fn_C50_p05,1.0,51
B1,AWstar,pooled,all,fp_C50_p05,1.0,51
B1,AWstar,pooled,all,precision_C50_pstar,0.9642857142857143,51
B1,AWstar,pooled,all,recall_C50_pstar,0.8709677419354839,51
B1,AWstar,pooled,all,f1_C50_pstar,0.9152542372881356,51
B1,AWstar,pooled,all,fn_C50_pstar,4.0,51
B1,AWstar,pooled,all,fp_C50_pstar,1.0,51
B1,AWstar,pooled,all,bss_cond_C75,0.030258713820224714,51
B1,AWstar,pooled,all,brier_clim_C75,0.28404344293174416,51
B1,AWstar,pooled,all,brier_climcond_C75,0.235325154095457,51
B1,AWstar,pooled,all,precision_C75_p05,0.7692307692307693,51
B1,AWstar,pooled,all,recall_C75_p05,0.47619047619047616,51
B1,AWstar,pooled,all,f1_C75_p05,0.5882352941176471,51
B1,AWstar,pooled,all,fn_C75_p05,11.0,51
B1,AWstar,pooled,all,fp_C75_p05,3.0,51
B1,AWstar,pooled,all,precision_C75_pstar,1.0,51
B1,AWstar,pooled,all,recall_C75_pstar,0.38095238095238093,51
B1,AWstar,pooled,all,f1_C75_pstar,0.5517241379310345,51
B1,AWstar,pooled,all,fn_C75_pstar,13.0,51
B1,AWstar,pooled,all,fp_C75_pstar,0.0,51
B1,AWstar,pooled,all,bss_cond_C90,0.2617859342171094,51
B1,AWstar,pooled,all,brier_clim_C90,0.21796862139473777,51
B1,AWstar,pooled,all,brier_climcond_C90,0.20041775996198943,51
B1,AWstar,pooled,all,precision_C90_p05,1.0,51
B1,AWstar,pooled,all,recall_C90_p05,0.38461538461538464,51
B1,AWstar,pooled,all,f1_C90_p05,0.5555555555555556,51
B1,AWstar,pooled,all,fn_C90_p05,8.0,51
B1,AWstar,pooled,all,fp_C90_p05,0.0,51
B1,AWstar,pooled,all,precision_C90_pstar,0.6666666666666666,51
B1,AWstar,pooled,all,recall_C90_pstar,0.46153846153846156,51
B1,AWstar,pooled,all,f1_C90_pstar,0.5454545454545454,51
B1,AWstar,pooled,all,fn_C90_pstar,7.0,51
B1,AWstar,pooled,all,fp_C90_pstar,3.0,51
B1,AWstar,pooled,op,brier_mean_platt,0.18850224857876763,37
B1,AWstar,pooled,op,brier_platt_C50,0.04702182999290752,37
B1,AWstar,pooled,op,brier_platt_C75,0.3145521676010368,37
B1,AWstar,pooled,op,brier_platt_C90,0.20393274814235846,37
B1,AWstar,pooled,op,bss_cond_C50,0.7423625648480023,37
B1,AWstar,pooled,op,brier_clim_C50,0.3351532092391234,37
B1,AWstar,pooled,op,brier_climcond_C50,0.1825116368091701,37
B1,AWstar,pooled,op,precision_C50_p05,0.967741935483871,37
B1,AWstar,pooled,op,recall_C50_p05,0.967741935483871,37
B1,AWstar,pooled,op,f1_C50_p05,0.967741935483871,37
B1,AWstar,pooled,op,fn_C50_p05,1.0,37
B1,AWstar,pooled,op,fp_C50_p05,1.0,37
B1,AWstar,pooled,op,precision_C50_pstar,0.9642857142857143,37
B1,AWstar,pooled,op,recall_C50_pstar,0.8709677419354839,37
B1,AWstar,pooled,op,f1_C50_pstar,0.9152542372881356,37
B1,AWstar,pooled,op,fn_C50_pstar,4.0,37
B1,AWstar,pooled,op,fp_C50_pstar,1.0,37
B1,AWstar,pooled,op,bss_cond_C75,0.030258730194209438,37
B1,AWstar,pooled,op,brier_clim_C75,0.37565674456450343,37
B1,AWstar,pooled,op,brier_climcond_C75,0.32436710429373805,37
B1,AWstar,pooled,op,precision_C75_p05,0.7692307692307693,37
B1,AWstar,pooled,op,recall_C75_p05,0.47619047619047616,37
B1,AWstar,pooled,op,f1_C75_p05,0.5882352941176471,37
B1,AWstar,pooled,op,fn_C75_p05,11.0,37
B1,AWstar,pooled,op,fp_C75_p05,3.0,37
B1,AWstar,pooled,op,precision_C75_pstar,1.0,37
B1,AWstar,pooled,op,recall_C75_pstar,0.38095238095238093,37
B1,AWstar,pooled,op,f1_C75_pstar,0.5517241379310345,37
B1,AWstar,pooled,op,fn_C75_pstar,13.0,37
B1,AWstar,pooled,op,fp_C75_pstar,0.0,37
B1,AWstar,pooled,op,bss_cond_C90,0.2617859342172425,37
B1,AWstar,pooled,op,brier_clim_C90,0.29756536460499167,37
B1,AWstar,pooled,op,brier_climcond_C90,0.27625150697463413,37
B1,AWstar,pooled,op,precision_C90_p05,1.0,37
B1,AWstar,pooled,op,recall_C90_p05,0.38461538461538464,37
B1,AWstar,pooled,op,f1_C90_p05,0.5555555555555556,37
B1,AWstar,pooled,op,fn_C90_p05,8.0,37
B1,AWstar,pooled,op,fp_C90_p05,0.0,37
B1,AWstar,pooled,op,precision_C90_pstar,0.6666666666666666,37
B1,AWstar,pooled,op,recall_C90_pstar,0.46153846153846156,37
B1,AWstar,pooled,op,f1_C90_pstar,0.5454545454545454,37
B1,AWstar,pooled,op,fn_C90_pstar,7.0,37
B1,AWstar,pooled,op,fp_C90_pstar,3.0,37
B1,AWstar,pooled,nonop,brier_mean_platt,1.18448165324504e-8,14
B1,AWstar,pooled,nonop,brier_platt_C50,2.149765709061995e-8,14
B1,AWstar,pooled,nonop,brier_platt_C75,1.4036695327226526e-8,14
B1,AWstar,pooled,nonop,brier_platt_C90,9.717950472295578e-14,14
B1,AWstar,pooled,nonop,bss_cond_C50,NaN,14
B1,AWstar,pooled,nonop,brier_clim_C50,0.15815788036709977,14
B1,AWstar,pooled,nonop,brier_climcond_C50,0.0,14
B1,AWstar,pooled,nonop,precision_C50_p05,NaN,14
B1,AWstar,pooled,nonop,recall_C50_p05,NaN,14
B1,AWstar,pooled,nonop,f1_C50_p05,NaN,14
B1,AWstar,pooled,nonop,fn_C50_p05,0.0,14
B1,AWstar,pooled,nonop,fp_C50_p05,0.0,14
B1,AWstar,pooled,nonop,precision_C50_pstar,NaN,14
B1,AWstar,pooled,nonop,recall_C50_pstar,NaN,14
B1,AWstar,pooled,nonop,f1_C50_pstar,NaN,14
B1,AWstar,pooled,nonop,fn_C50_pstar,0.0,14
B1,AWstar,pooled,nonop,fp_C50_pstar,0.0,14
B1,AWstar,pooled,nonop,bss_cond_C75,NaN,14
B1,AWstar,pooled,nonop,brier_clim_C75,0.04192257433088031,14
B1,AWstar,pooled,nonop,brier_climcond_C75,0.0,14
B1,AWstar,pooled,nonop,precision_C75_p05,NaN,14
B1,AWstar,pooled,nonop,recall_C75_p05,NaN,14
B1,AWstar,pooled,nonop,f1_C75_p05,NaN,14
B1,AWstar,pooled,nonop,fn_C75_p05,0.0,14
B1,AWstar,pooled,nonop,fp_C75_p05,0.0,14
B1,AWstar,pooled,nonop,precision_C75_pstar,NaN,14
B1,AWstar,pooled,nonop,recall_C75_pstar,NaN,14
B1,AWstar,pooled,nonop,f1_C75_pstar,NaN,14
B1,AWstar,pooled,nonop,fn_C75_pstar,0.0,14
B1,AWstar,pooled,nonop,fp_C75_pstar,0.0,14
B1,AWstar,pooled,nonop,bss_cond_C90,NaN,14
B1,AWstar,pooled,nonop,brier_clim_C90,0.007605800053352501,14
B1,AWstar,pooled,nonop,brier_climcond_C90,0.0,14
B1,AWstar,pooled,nonop,precision_C90_p05,NaN,14
B1,AWstar,pooled,nonop,recall_C90_p05,NaN,14
B1,AWstar,pooled,nonop,f1_C90_p05,NaN,14
B1,AWstar,pooled,nonop,fn_C90_p05,0.0,14
B1,AWstar,pooled,nonop,fp_C90_p05,0.0,14
B1,AWstar,pooled,nonop,precision_C90_pstar,NaN,14
B1,AWstar,pooled,nonop,recall_C90_pstar,NaN,14
B1,AWstar,pooled,nonop,f1_C90_pstar,NaN,14
B1,AWstar,pooled,nonop,fn_C90_pstar,0.0,14
B1,AWstar,pooled,nonop,fp_C90_pstar,0.0,14
B4,B,f2,all,brier_mean_platt,0.16952670941830217,13
B4,B,f2,all,brier_platt_C50,3.5188568041597286e-7,13
B4,B,f2,all,brier_platt_C75,1.341045448506237e-8,13
B4,B,f2,all,brier_platt_C90,0.5085797629587716,13
B4,B,f2,all,bss_cond_C50,0.9999968312876667,13
B4,B,f2,all,brier_clim_C50,0.26697977347328,13
B4,B,f2,all,brier_climcond_C50,0.11105005548191413,13
B4,B,f2,all,precision_C50_p05,1.0,13
B4,B,f2,all,recall_C50_p05,1.0,13
B4,B,f2,all,f1_C50_p05,1.0,13
B4,B,f2,all,fn_C50_p05,0.0,13
B4,B,f2,all,fp_C50_p05,0.0,13
B4,B,f2,all,precision_C50_pstar,1.0,13
B4,B,f2,all,recall_C50_pstar,1.0,13
B4,B,f2,all,f1_C50_pstar,1.0,13
B4,B,f2,all,fn_C50_pstar,0.0,13
B4,B,f2,all,fp_C50_pstar,0.0,13
B4,B,f2,all,bss_cond_C75,0.9999999540049247,13
B4,B,f2,all,brier_clim_C75,0.3666203925944187,13
B4,B,f2,all,brier_climcond_C75,0.29156283374866504,13
B4,B,f2,all,precision_C75_p05,1.0,13
B4,B,f2,all,recall_C75_p05,1.0,13
B4,B,f2,all,f1_C75_p05,1.0,13
B4,B,f2,all,fn_C75_p05,0.0,13
B4,B,f2,all,fp_C75_p05,0.0,13
B4,B,f2,all,precision_C75_pstar,1.0,13
B4,B,f2,all,recall_C75_pstar,1.0,13
B4,B,f2,all,f1_C75_pstar,1.0,13
B4,B,f2,all,fn_C75_pstar,0.0,13
B4,B,f2,all,fp_C75_pstar,0.0,13
B4,B,f2,all,bss_cond_C90,-0.2538352149585106,13
B4,B,f2,all,brier_clim_C90,0.44882390336935774,13
B4,B,f2,all,brier_climcond_C90,0.4056193005997208,13
B4,B,f2,all,precision_C90_p05,NaN,13
B4,B,f2,all,recall_C90_p05,0.0,13
B4,B,f2,all,f1_C90_p05,0.0,13
B4,B,f2,all,fn_C90_p05,7.0,13
B4,B,f2,all,fp_C90_p05,0.0,13
B4,B,f2,all,precision_C90_pstar,NaN,13
B4,B,f2,all,recall_C90_pstar,0.0,13
B4,B,f2,all,f1_C90_pstar,0.0,13
B4,B,f2,all,fn_C90_pstar,7.0,13
B4,B,f2,all,fp_C90_pstar,0.0,13
B4,B,f2,op,brier_mean_platt,0.275480902804741,8
B4,B,f2,op,brier_platt_C50,5.718142306759416e-7,8
B4,B,f2,op,brier_platt_C75,2.1791988538226348e-8,8
B4,B,f2,op,brier_platt_C90,0.8264421148080039,8
B4,B,f2,op,bss_cond_C50,0.9999968312876667,8
B4,B,f2,op,brier_clim_C50,0.3325392140327205,8
B4,B,f2,op,brier_climcond_C50,0.18045634015811046,8
B4,B,f2,op,precision_C50_p05,1.0,8
B4,B,f2,op,recall_C50_p05,1.0,8
B4,B,f2,op,f1_C50_p05,1.0,8
B4,B,f2,op,fn_C50_p05,0.0,8
B4,B,f2,op,fp_C50_p05,0.0,8
B4,B,f2,op,precision_C50_pstar,1.0,8
B4,B,f2,op,recall_C50_pstar,1.0,8
B4,B,f2,op,f1_C50_pstar,1.0,8
B4,B,f2,op,fn_C50_pstar,0.0,8
B4,B,f2,op,fp_C50_pstar,0.0,8
B4,B,f2,op,bss_cond_C75,0.9999999540049247,8
B4,B,f2,op,brier_clim_C75,0.572039973013999,8
B4,B,f2,op,brier_climcond_C75,0.4737896048415807,8
B4,B,f2,op,precision_C75_p05,1.0,8
B4,B,f2,op,recall_C75_p05,1.0,8
B4,B,f2,op,f1_C75_p05,1.0,8
B4,B,f2,op,fn_C75_p05,0.0,8
B4,B,f2,op,fp_C75_p05,0.0,8
B4,B,f2,op,precision_C75_pstar,1.0,8
B4,B,f2,op,recall_C75_pstar,1.0,8
B4,B,f2,op,f1_C75_pstar,1.0,8
B4,B,f2,op,fn_C75_pstar,0.0,8
B4,B,f2,op,fp_C75_pstar,0.0,8
B4,B,f2,op,bss_cond_C90,-0.2538352149585108,8
B4,B,f2,op,brier_clim_C90,0.7241735537190082,8
B4,B,f2,op,brier_climcond_C90,0.6591313634745462,8
B4,B,f2,op,precision_C90_p05,NaN,8
B4,B,f2,op,recall_C90_p05,0.0,8
B4,B,f2,op,f1_C90_p05,0.0,8
B4,B,f2,op,fn_C90_p05,7.0,8
B4,B,f2,op,fp_C90_p05,0.0,8
B4,B,f2,op,precision_C90_pstar,NaN,8
B4,B,f2,op,recall_C90_pstar,0.0,8
B4,B,f2,op,f1_C90_pstar,0.0,8
B4,B,f2,op,fn_C90_pstar,7.0,8
B4,B,f2,op,fp_C90_pstar,0.0,8
B4,B,f2,nonop,brier_mean_platt,7.587092324355158e-21,5
B4,B,f2,nonop,brier_platt_C50,2.2759097183637153e-20,5
B4,B,f2,nonop,brier_platt_C75,2.179789428323265e-24,5
B4,B,f2,nonop,brier_platt_C90,1.332879480464309e-165,5
B4,B,f2,nonop,bss_cond_C50,NaN,5
B4,B,f2,nonop,brier_clim_C50,0.16208466857817508,5
B4,B,f2,nonop,brier_climcond_C50,0.0,5
B4,B,f2,nonop,precision_C50_p05,NaN,5
B4,B,f2,nonop,recall_C50_p05,NaN,5
B4,B,f2,nonop,f1_C50_p05,NaN,5
B4,B,f2,nonop,fn_C50_p05,0.0,5
B4,B,f2,nonop,fp_C50_p05,0.0,5
B4,B,f2,nonop,precision_C50_pstar,NaN,5
B4,B,f2,nonop,recall_C50_pstar,NaN,5
B4,B,f2,nonop,f1_C50_pstar,NaN,5
B4,B,f2,nonop,fn_C50_pstar,0.0,5
B4,B,f2,nonop,fp_C50_pstar,0.0,5
B4,B,f2,nonop,bss_cond_C75,NaN,5
B4,B,f2,nonop,brier_clim_C75,0.0379490639230899,5
B4,B,f2,nonop,brier_climcond_C75,0.0,5
B4,B,f2,nonop,precision_C75_p05,NaN,5
B4,B,f2,nonop,recall_C75_p05,NaN,5
B4,B,f2,nonop,f1_C75_p05,NaN,5
B4,B,f2,nonop,fn_C75_p05,0.0,5
B4,B,f2,nonop,fp_C75_p05,0.0,5
B4,B,f2,nonop,precision_C75_pstar,NaN,5
B4,B,f2,nonop,recall_C75_pstar,NaN,5
B4,B,f2,nonop,f1_C75_pstar,NaN,5
B4,B,f2,nonop,fn_C75_pstar,0.0,5
B4,B,f2,nonop,fp_C75_pstar,0.0,5
B4,B,f2,nonop,bss_cond_C90,NaN,5
B4,B,f2,nonop,brier_clim_C90,0.008264462809917356,5
B4,B,f2,nonop,brier_climcond_C90,0.0,5
B4,B,f2,nonop,precision_C90_p05,NaN,5
B4,B,f2,nonop,recall_C90_p05,NaN,5
B4,B,f2,nonop,f1_C90_p05,NaN,5
B4,B,f2,nonop,fn_C90_p05,0.0,5
B4,B,f2,nonop,fp_C90_p05,0.0,5
B4,B,f2,nonop,precision_C90_pstar,NaN,5
B4,B,f2,nonop,recall_C90_pstar,NaN,5
B4,B,f2,nonop,f1_C90_pstar,NaN,5
B4,B,f2,nonop,fn_C90_pstar,0.0,5
B4,B,f2,nonop,fp_C90_pstar,0.0,5
B4,B,f3,all,brier_mean_platt,0.2161632206547062,14
B4,B,f3,all,brier_platt_C50,0.07765400904903985,14
B4,B,f3,all,brier_platt_C75,0.21437781808160958,14
B4,B,f3,all,brier_platt_C90,0.3564578348334692,14
B4,B,f3,all,bss_cond_C50,0.27188188552124426,14
B4,B,f3,all,brier_clim_C50,0.24571428571428575,14
B4,B,f3,all,brier_climcond_C50,0.1066502913536641,14
B4,B,f3,all,precision_C50_p05,0.8571428571428571,14
B4,B,f3,all,recall_C50_p05,1.0,14
B4,B,f3,all,f1_C50_p05,0.9230769230769231,14
B4,B,f3,all,fn_C50_p05,0.0,14
B4,B,f3,all,fp_C50_p05,1.0,14
B4,B,f3,all,precision_C50_pstar,0.8571428571428571,14
B4,B,f3,all,recall_C50_pstar,1.0,14
B4,B,f3,all,f1_C50_pstar,0.9230769230769231,14
B4,B,f3,all,fn_C50_pstar,0.0,14
B4,B,f3,all,fp_C50_pstar,1.0,14
B4,B,f3,all,bss_cond_C75,-0.37213392986157623,14
B4,B,f3,all,brier_clim_C75,0.20964726631393302,14
B4,B,f3,all,brier_climcond_C75,0.15623680270280646,14
B4,B,f3,all,precision_C75_p05,0.5714285714285714,14
B4,B,f3,all,recall_C75_p05,1.0,14
B4,B,f3,all,f1_C75_p05,0.7272727272727273,14
B4,B,f3,all,fn_C75_p05,0.0,14
B4,B,f3,all,fp_C75_p05,3.0,14
B4,B,f3,all,precision_C75_pstar,0.5714285714285714,14
B4,B,f3,all,recall_C75_pstar,1.0,14
B4,B,f3,all,f1_C75_pstar,0.7272727272727273,14
B4,B,f3,all,fn_C75_pstar,0.0,14
B4,B,f3,all,fp_C75_pstar,3.0,14
B4,B,f3,all,bss_cond_C90,-2.1272001427778284,14
B4,B,f3,all,brier_clim_C90,0.12536155202821872,14
B4,B,f3,all,brier_climcond_C90,0.11398625561485008,14
B4,B,f3,all,precision_C90_p05,0.2857142857142857,14
B4,B,f3,all,recall_C90_p05,1.0,14
B4,B,f3,all,f1_C90_p05,0.4444444444444444,14
B4,B,f3,all,fn_C90_p05,0.0,14
B4,B,f3,all,fp_C90_p05,5.0,14
B4,B,f3,all,precision_C90_pstar,0.2857142857142857,14
B4,B,f3,all,recall_C90_pstar,1.0,14
B4,B,f3,all,f1_C90_pstar,0.4444444444444444,14
B4,B,f3,all,fn_C90_pstar,0.0,14
B4,B,f3,all,fp_C90_pstar,5.0,14
B4,B,f3,op,brier_mean_platt,0.3782856361346921,8
B4,B,f3,op,brier_platt_C50,0.13589451580268866,8
B4,B,f3,op,brier_platt_C75,0.3751611816428167,8
B4,B,f3,op,brier_platt_C90,0.6238012109585711,8
B4,B,f3,op,bss_cond_C50,0.2718818856987596,8
B4,B,f3,op,brier_clim_C50,0.31,8
B4,B,f3,op,brier_climcond_C50,0.1866380098689122,8
B4,B,f3,op,precision_C50_p05,0.8571428571428571,8
B4,B,f3,op,recall_C50_p05,1.0,8
B4,B,f3,op,f1_C50_p05,0.9230769230769231,8
B4,B,f3,op,fn_C50_p05,0.0,8
B4,B,f3,op,fp_C50_p05,1.0,8
B4,B,f3,op,precision_C50_pstar,0.8571428571428571,8
B4,B,f3,op,recall_C50_pstar,1.0,8
B4,B,f3,op,f1_C50_pstar,0.9230769230769231,8
B4,B,f3,op,fn_C50_pstar,0.0,8
B4,B,f3,op,fp_C50_pstar,1.0,8
B4,B,f3,op,bss_cond_C75,-0.37213392986157623,8
B4,B,f3,op,brier_clim_C75,0.33345679012345675,8
B4,B,f3,op,brier_climcond_C75,0.2734144047299113,8
B4,B,f3,op,precision_C75_p05,0.5714285714285714,8
B4,B,f3,op,recall_C75_p05,1.0,8
B4,B,f3,op,f1_C75_p05,0.7272727272727273,8
B4,B,f3,op,fn_C75_p05,0.0,8
B4,B,f3,op,fp_C75_p05,3.0,8
B4,B,f3,op,precision_C75_pstar,0.5714285714285714,8
B4,B,f3,op,recall_C75_pstar,1.0,8
B4,B,f3,op,f1_C75_pstar,0.7272727272727273,8
B4,B,f3,op,fn_C75_pstar,0.0,8
B4,B,f3,op,fp_C75_pstar,3.0,8
B4,B,f3,op,bss_cond_C90,-2.1272001427778284,8
B4,B,f3,op,brier_clim_C90,0.2134567901234568,8
B4,B,f3,op,brier_climcond_C90,0.19947594732598764,8
B4,B,f3,op,precision_C90_p05,0.2857142857142857,8
B4,B,f3,op,recall_C90_p05,1.0,8
B4,B,f3,op,f1_C90_p05,0.4444444444444444,8
B4,B,f3,op,fn_C90_p05,0.0,8
B4,B,f3,op,fp_C90_p05,5.0,8
B4,B,f3,op,precision_C90_pstar,0.2857142857142857,8
B4,B,f3,op,recall_C90_pstar,1.0,8
B4,B,f3,op,f1_C90_pstar,0.4444444444444444,8
B4,B,f3,op,fn_C90_pstar,0.0,8
B4,B,f3,op,fp_C90_pstar,5.0,8
B4,B,f3,nonop,brier_mean_platt,1.4724922442805333e-11,6
B4,B,f3,nonop,brier_platt_C50,4.41747673282252e-11,6
B4,B,f3,nonop,brier_platt_C75,9.539978679372441e-23,6
B4,B,f3,nonop,brier_platt_C90,9.539978679372441e-23,6
B4,B,f3,nonop,bss_cond_C50,NaN,6
B4,B,f3,nonop,brier_clim_C50,0.16000000000000003,6
B4,B,f3,nonop,brier_climcond_C50,0.0,6
B4,B,f3,nonop,precision_C50_p05,NaN,6
B4,B,f3,nonop,recall_C50_p05,NaN,6
B4,B,f3,nonop,f1_C50_p05,NaN,6
B4,B,f3,nonop,fn_C50_p05,0.0,6
B4,B,f3,nonop,fp_C50_p05,0.0,6
B4,B,f3,nonop,precision_C50_pstar,NaN,6
B4,B,f3,nonop,recall_C50_pstar,NaN,6
B4,B,f3,nonop,f1_C50_pstar,NaN,6
B4,B,f3,nonop,fn_C50_pstar,0.0,6
B4,B,f3,nonop,fp_C50_pstar,0.0,6
B4,B,f3,nonop,bss_cond_C75,NaN,6
B4,B,f3,nonop,brier_clim_C75,0.04456790123456789,6
B4,B,f3,nonop,brier_climcond_C75,0.0,6
B4,B,f3,nonop,precision_C75_p05,NaN,6
B4,B,f3,nonop,recall_C75_p05,NaN,6
B4,B,f3,nonop,f1_C75_p05,NaN,6
B4,B,f3,nonop,fn_C75_p05,0.0,6
B4,B,f3,nonop,fp_C75_p05,0.0,6
B4,B,f3,nonop,precision_C75_pstar,NaN,6
B4,B,f3,nonop,recall_C75_pstar,NaN,6
B4,B,f3,nonop,f1_C75_pstar,NaN,6
B4,B,f3,nonop,fn_C75_pstar,0.0,6
B4,B,f3,nonop,fp_C75_pstar,0.0,6
B4,B,f3,nonop,bss_cond_C90,NaN,6
B4,B,f3,nonop,brier_clim_C90,0.007901234567901235,6
B4,B,f3,nonop,brier_climcond_C90,0.0,6
B4,B,f3,nonop,precision_C90_p05,NaN,6
B4,B,f3,nonop,recall_C90_p05,NaN,6
B4,B,f3,nonop,f1_C90_p05,NaN,6
B4,B,f3,nonop,fn_C90_p05,0.0,6
B4,B,f3,nonop,fp_C90_p05,0.0,6
B4,B,f3,nonop,precision_C90_pstar,NaN,6
B4,B,f3,nonop,recall_C90_pstar,NaN,6
B4,B,f3,nonop,f1_C90_pstar,NaN,6
B4,B,f3,nonop,fn_C90_pstar,0.0,6
B4,B,f3,nonop,fp_C90_pstar,0.0,6
B4,B,f4,all,brier_mean_platt,0.1419052094304292,12
B4,B,f4,all,brier_platt_C50,5.853242399984061e-19,12
B4,B,f4,all,brier_platt_C75,0.35704313152168865,12
B4,B,f4,all,brier_platt_C90,0.06867249676959904,12
B4,B,f4,all,bss_cond_C50,1.0,12
B4,B,f4,all,brier_clim_C50,0.3402366863905326,12
B4,B,f4,all,brier_climcond_C50,0.1566154698555268,12
B4,B,f4,all,precision_C50_p05,1.0,12
B4,B,f4,all,recall_C50_p05,1.0,12
B4,B,f4,all,f1_C50_p05,1.0,12
B4,B,f4,all,fn_C50_p05,0.0,12
B4,B,f4,all,fp_C50_p05,0.0,12
B4,B,f4,all,precision_C50_pstar,1.0,12
B4,B,f4,all,recall_C50_pstar,1.0,12
B4,B,f4,all,f1_C50_pstar,1.0,12
B4,B,f4,all,fn_C50_pstar,0.0,12
B4,B,f4,all,fp_C50_pstar,0.0,12
B4,B,f4,all,bss_cond_C75,-1.5247045692846322,12
B4,B,f4,all,brier_clim_C75,0.13954635108481264,12
B4,B,f4,all,brier_climcond_C75,0.1414197668374545,12
B4,B,f4,all,precision_C75_p05,0.2,12
B4,B,f4,all,recall_C75_p05,1.0,12
B4,B,f4,all,f1_C75_p05,0.3333333333333333,12
B4,B,f4,all,fn_C75_p05,0.0,12
B4,B,f4,all,fp_C75_p05,8.0,12
B4,B,f4,all,precision_C75_pstar,0.2,12
B4,B,f4,all,recall_C75_pstar,1.0,12
B4,B,f4,all,f1_C75_pstar,0.3333333333333333,12
B4,B,f4,all,fn_C75_pstar,0.0,12
B4,B,f4,all,fp_C75_pstar,8.0,12
B4,B,f4,all,bss_cond_C90,-4.780078212476189,12
B4,B,f4,all,brier_clim_C90,0.005917159763313611,12
B4,B,f4,all,brier_climcond_C90,0.011880894037276305,12
B4,B,f4,all,precision_C90_p05,NaN,12
B4,B,f4,all,recall_C90_p05,NaN,12
B4,B,f4,all,f1_C90_p05,NaN,12
B4,B,f4,all,fn_C90_p05,0.0,12
B4,B,f4,all,fp_C90_p05,0.0,12
B4,B,f4,all,precision_C90_pstar,0.0,12
B4,B,f4,all,recall_C90_pstar,NaN,12
B4,B,f4,all,f1_C90_pstar,NaN,12
B4,B,f4,all,fn_C90_pstar,0.0,12
B4,B,f4,all,fp_C90_pstar,10.0,12
B4,B,f4,op,brier_mean_platt,0.15480568301501368,11
B4,B,f4,op,brier_platt_C50,6.385352240576487e-19,11
B4,B,f4,op,brier_platt_C75,0.38950159802366036,11
B4,B,f4,op,brier_platt_C90,0.07491545102138075,11
B4,B,f4,op,bss_cond_C50,1.0,11
B4,B,f4,op,brier_clim_C50,0.3577192038730501,11
B4,B,f4,op,brier_climcond_C50,0.17085323984239287,11
B4,B,f4,op,precision_C50_p05,1.0,11
B4,B,f4,op,recall_C50_p05,1.0,11
B4,B,f4,op,f1_C50_p05,1.0,11
B4,B,f4,op,fn_C50_p05,0.0,11
B4,B,f4,op,fp_C50_p05,0.0,11
B4,B,f4,op,precision_C50_pstar,1.0,11
B4,B,f4,op,recall_C50_pstar,1.0,11
B4,B,f4,op,f1_C50_pstar,1.0,11
B4,B,f4,op,fn_C50_pstar,0.0,11
B4,B,f4,op,fp_C50_pstar,0.0,11
B4,B,f4,op,bss_cond_C75,-1.5247045692846317,11
B4,B,f4,op,brier_clim_C75,0.14887036040882198,11
B4,B,f4,op,brier_climcond_C75,0.1542761092772231,11
B4,B,f4,op,precision_C75_p05,0.2,11
B4,B,f4,op,recall_C75_p05,1.0,11
B4,B,f4,op,f1_C75_p05,0.3333333333333333,11
B4,B,f4,op,fn_C75_p05,0.0,11
B4,B,f4,op,fp_C75_p05,8.0,11
B4,B,f4,op,precision_C75_pstar,0.2,11
B4,B,f4,op,recall_C75_pstar,1.0,11
B4,B,f4,op,f1_C75_pstar,0.3333333333333333,11
B4,B,f4,op,fn_C75_pstar,0.0,11
B4,B,f4,op,fp_C75_pstar,8.0,11
B4,B,f4,op,bss_cond_C90,-4.780078212476188,11
B4,B,f4,op,brier_clim_C90,0.005917159763313611,11
B4,B,f4,op,brier_climcond_C90,0.012960975313392332,11
B4,B,f4,op,precision_C90_p05,NaN,11
B4,B,f4,op,recall_C90_p05,NaN,11
B4,B,f4,op,f1_C90_p05,NaN,11
B4,B,f4,op,fn_C90_p05,0.0,11
B4,B,f4,op,fp_C90_p05,0.0,11
B4,B,f4,op,precision_C90_pstar,0.0,11
B4,B,f4,op,recall_C90_pstar,NaN,11
B4,B,f4,op,f1_C90_pstar,NaN,11
B4,B,f4,op,fn_C90_pstar,0.0,11
B4,B,f4,op,fp_C90_pstar,10.0,11
B4,B,f4,nonop,brier_mean_platt,3.4153467373932516e-24,1
B4,B,f4,nonop,brier_platt_C50,3.4153467373932516e-24,1
B4,B,f4,nonop,brier_platt_C75,3.4153467373932516e-24,1
B4,B,f4,nonop,brier_platt_C90,3.4153467373932516e-24,1
B4,B,f4,nonop,bss_cond_C50,NaN,1
B4,B,f4,nonop,brier_clim_C50,0.14792899408284024,1
B4,B,f4,nonop,brier_climcond_C50,0.0,1
B4,B,f4,nonop,precision_C50_p05,NaN,1
B4,B,f4,nonop,recall_C50_p05,NaN,1
B4,B,f4,nonop,f1_C50_p05,NaN,1
B4,B,f4,nonop,fn_C50_p05,0.0,1
B4,B,f4,nonop,fp_C50_p05,0.0,1
B4,B,f4,nonop,precision_C50_pstar,NaN,1
B4,B,f4,nonop,recall_C50_pstar,NaN,1
B4,B,f4,nonop,f1_C50_pstar,NaN,1
B4,B,f4,nonop,fn_C50_pstar,0.0,1
B4,B,f4,nonop,fp_C50_pstar,0.0,1
B4,B,f4,nonop,bss_cond_C75,NaN,1
B4,B,f4,nonop,brier_clim_C75,0.03698224852071006,1
B4,B,f4,nonop,brier_climcond_C75,0.0,1
B4,B,f4,nonop,precision_C75_p05,NaN,1
B4,B,f4,nonop,recall_C75_p05,NaN,1
B4,B,f4,nonop,f1_C75_p05,NaN,1
B4,B,f4,nonop,fn_C75_p05,0.0,1
B4,B,f4,nonop,fp_C75_p05,0.0,1
B4,B,f4,nonop,precision_C75_pstar,NaN,1
B4,B,f4,nonop,recall_C75_pstar,NaN,1
B4,B,f4,nonop,f1_C75_pstar,NaN,1
B4,B,f4,nonop,fn_C75_pstar,0.0,1
B4,B,f4,nonop,fp_C75_pstar,0.0,1
B4,B,f4,nonop,bss_cond_C90,NaN,1
B4,B,f4,nonop,brier_clim_C90,0.00591715976331361,1
B4,B,f4,nonop,brier_climcond_C90,0.0,1
B4,B,f4,nonop,precision_C90_p05,NaN,1
B4,B,f4,nonop,recall_C90_p05,NaN,1
B4,B,f4,nonop,f1_C90_p05,NaN,1
B4,B,f4,nonop,fn_C90_p05,0.0,1
B4,B,f4,nonop,fp_C90_p05,0.0,1
B4,B,f4,nonop,precision_C90_pstar,NaN,1
B4,B,f4,nonop,recall_C90_pstar,NaN,1
B4,B,f4,nonop,f1_C90_pstar,NaN,1
B4,B,f4,nonop,fn_C90_pstar,0.0,1
B4,B,f4,nonop,fp_C90_pstar,0.0,1
B4,B,pooled,all,brier_mean_platt,0.17776909807099908,39
B4,B,pooled,all,brier_platt_C50,0.02787591541539496,39
B4,B,pooled,all,brier_platt_C75,0.1868155693779155,39
B4,B,pooled,all,brier_platt_C90,0.31861580941968687,39
B4,B,pooled,all,bss_cond_C50,0.7742672342954036,39
B4,B,pooled,all,brier_clim_C50,0.2818865972266419,39
B4,B,pooled,all,brier_climcond_C50,0.12349078047391035,39
B4,B,pooled,all,precision_C50_p05,0.9583333333333334,39
B4,B,pooled,all,recall_C50_p05,1.0,39
B4,B,pooled,all,f1_C50_p05,0.9787234042553191,39
B4,B,pooled,all,fn_C50_p05,0.0,39
B4,B,pooled,all,fp_C50_p05,1.0,39
B4,B,pooled,all,precision_C50_pstar,0.9583333333333334,39
B4,B,pooled,all,recall_C50_pstar,1.0,39
B4,B,pooled,all,f1_C50_pstar,0.9787234042553191,39
B4,B,pooled,all,fn_C50_pstar,0.0,39
B4,B,pooled,all,fp_C50_pstar,1.0,39
B4,B,pooled,all,bss_cond_C75,0.050668251460151525,39
B4,B,pooled,all,brier_clim_C75,0.24040212936257058,39
B4,B,pooled,all,brier_climcond_C75,0.1967863917595229,39
B4,B,pooled,all,precision_C75_p05,0.5416666666666666,39
B4,B,pooled,all,recall_C75_p05,1.0,39
B4,B,pooled,all,f1_C75_p05,0.7027027027027027,39
B4,B,pooled,all,fn_C75_p05,0.0,39
B4,B,pooled,all,fp_C75_p05,11.0,39
B4,B,pooled,all,precision_C75_pstar,0.5416666666666666,39
B4,B,pooled,all,recall_C75_pstar,1.0,39
B4,B,pooled,all,f1_C75_pstar,0.7027027027027027,39
B4,B,pooled,all,fn_C75_pstar,0.0,39
B4,B,pooled,all,fp_C75_pstar,11.0,39
B4,B,pooled,all,bss_cond_C90,-0.7722515890265338,39
B4,B,pooled,all,brier_clim_C90,0.19643021511170458,39
B4,B,pooled,all,brier_climcond_C90,0.17978023627824583,39
B4,B,pooled,all,precision_C90_p05,0.2857142857142857,39
B4,B,pooled,all,recall_C90_p05,0.2222222222222222,39
B4,B,pooled,all,f1_C90_p05,0.25,39
B4,B,pooled,all,fn_C90_p05,7.0,39
B4,B,pooled,all,fp_C90_p05,5.0,39
B4,B,pooled,all,precision_C90_pstar,0.11764705882352941,39
B4,B,pooled,all,recall_C90_pstar,0.2222222222222222,39
B4,B,pooled,all,f1_C90_pstar,0.15384615384615385,39
B4,B,pooled,all,fn_C90_pstar,7.0,39
B4,B,pooled,all,fp_C90_pstar,15.0,39
B4,B,pooled,op,brier_mean_platt,0.2567775860992821,27
B4,B,pooled,op,brier_platt_C50,0.04026521114575388,27
B4,B,pooled,op,brier_platt_C75,0.26984471132365573,27
B4,B,pooled,op,brier_platt_C90,0.46022283582843654,27
B4,B,pooled,op,bss_cond_C50,0.7742672343504369,27
B4,B,pooled,op,brier_clim_C50,0.33611944277278943,27
B4,B,pooled,op,brier_climcond_C50,0.17837557179564825,27
B4,B,pooled,op,precision_C50_p05,0.9583333333333334,27
B4,B,pooled,op,recall_C50_p05,1.0,27
B4,B,pooled,op,f1_C50_p05,0.9787234042553191,27
B4,B,pooled,op,fn_C50_p05,0.0,27
B4,B,pooled,op,fp_C50_p05,1.0,27
B4,B,pooled,op,precision_C50_pstar,0.9583333333333334,27
B4,B,pooled,op,recall_C50_pstar,1.0,27
B4,B,pooled,op,f1_C50_pstar,0.9787234042553191,27
B4,B,pooled,op,fn_C50_pstar,0.0,27
B4,B,pooled,op,fp_C50_pstar,1.0,27
B4,B,pooled,op,bss_cond_C75,0.05066825146015119,27
B4,B,pooled,op,brier_clim_C75,0.32894622479987734,27
B4,B,pooled,op,brier_climcond_C75,0.28424701031931077,27
B4,B,pooled,op,precision_C75_p05,0.5416666666666666,27
B4,B,pooled,op,recall_C75_p05,1.0,27
B4,B,pooled,op,f1_C75_p05,0.7027027027027027,27
B4,B,pooled,op,fn_C75_p05,0.0,27
B4,B,pooled,op,fp_C75_p05,11.0,27
B4,B,pooled,op,precision_C75_pstar,0.5416666666666666,27
B4,B,pooled,op,recall_C75_pstar,1.0,27
B4,B,pooled,op,f1_C75_pstar,0.7027027027027027,27
B4,B,pooled,op,fn_C75_pstar,0.0,27
B4,B,pooled,op,fp_C75_pstar,11.0,27
B4,B,pooled,op,bss_cond_C90,-0.7722515890265338,27
B4,B,pooled,op,brier_clim_C90,0.2802270928939322,27
B4,B,pooled,op,brier_climcond_C90,0.2596825635130217,27
B4,B,pooled,op,precision_C90_p05,0.2857142857142857,27
B4,B,pooled,op,recall_C90_p05,0.2222222222222222,27
B4,B,pooled,op,f1_C90_p05,0.25,27
B4,B,pooled,op,fn_C90_p05,7.0,27
B4,B,pooled,op,fp_C90_p05,5.0,27
B4,B,pooled,op,precision_C90_pstar,0.11764705882352941,27
B4,B,pooled,op,recall_C90_pstar,0.2222222222222222,27
B4,B,pooled,op,f1_C90_pstar,0.15384615384615385,27
B4,B,pooled,op,fn_C90_pstar,7.0,27
B4,B,pooled,op,fp_C90_pstar,15.0,27
B4,B,pooled,nonop,brier_mean_platt,7.362461224564238e-12,12
B4,B,pooled,nonop,brier_platt_C50,2.2087383673595846e-11,12
B4,B,pooled,nonop,brier_platt_C75,4.8892751220113e-23,12
B4,B,pooled,nonop,brier_platt_C90,4.798450562497831e-23,12
B4,B,pooled,nonop,bss_cond_C50,NaN,12
B4,B,pooled,nonop,brier_clim_C50,0.15986269474780967,12
B4,B,pooled,nonop,brier_climcond_C50,0.0,12
B4,B,pooled,nonop,precision_C50_p05,NaN,12
B4,B,pooled,nonop,recall_C50_p05,NaN,12
B4,B,pooled,nonop,f1_C50_p05,NaN,12
B4,B,pooled,nonop,fn_C50_p05,0.0,12
B4,B,pooled,nonop,fp_C50_p05,0.0,12
B4,B,pooled,nonop,precision_C50_pstar,NaN,12
B4,B,pooled,nonop,recall_C50_pstar,NaN,12
B4,B,pooled,nonop,f1_C50_pstar,NaN,12
B4,B,pooled,nonop,fn_C50_pstar,0.0,12
B4,B,pooled,nonop,fp_C50_pstar,0.0,12
B4,B,pooled,nonop,bss_cond_C75,NaN,12
B4,B,pooled,nonop,brier_clim_C75,0.04117791462863058,12
B4,B,pooled,nonop,brier_climcond_C75,0.0,12
B4,B,pooled,nonop,precision_C75_p05,NaN,12
B4,B,pooled,nonop,recall_C75_p05,NaN,12
B4,B,pooled,nonop,f1_C75_p05,NaN,12
B4,B,pooled,nonop,fn_C75_p05,0.0,12
B4,B,pooled,nonop,fp_C75_p05,0.0,12
B4,B,pooled,nonop,precision_C75_pstar,NaN,12
B4,B,pooled,nonop,recall_C75_pstar,NaN,12
B4,B,pooled,nonop,f1_C75_pstar,NaN,12
B4,B,pooled,nonop,fn_C75_pstar,0.0,12
B4,B,pooled,nonop,fp_C75_pstar,0.0,12
B4,B,pooled,nonop,bss_cond_C90,NaN,12
B4,B,pooled,nonop,brier_clim_C90,0.007887240101692316,12
B4,B,pooled,nonop,brier_climcond_C90,0.0,12
B4,B,pooled,nonop,precision_C90_p05,NaN,12
B4,B,pooled,nonop,recall_C90_p05,NaN,12
B4,B,pooled,nonop,f1_C90_p05,NaN,12
B4,B,pooled,nonop,fn_C90_p05,0.0,12
B4,B,pooled,nonop,fp_C90_p05,0.0,12
B4,B,pooled,nonop,precision_C90_pstar,NaN,12
B4,B,pooled,nonop,recall_C90_pstar,NaN,12
B4,B,pooled,nonop,f1_C90_pstar,NaN,12
B4,B,pooled,nonop,fn_C90_pstar,0.0,12
B4,B,pooled,nonop,fp_C90_pstar,0.0,12
B4,H,f1,all,brier_mean_platt,0.14195231973143654,12
B4,H,f1,all,brier_platt_C50,0.01712666921108006,12
B4,H,f1,all,brier_platt_C75,0.23783176955838284,12
B4,H,f1,all,brier_platt_C90,0.17089852042484668,12
B4,H,f1,all,bss_cond_C50,0.8938862667442006,12
B4,H,f1,all,brier_clim_C50,0.3017751479289941,12
B4,H,f1,all,brier_climcond_C50,0.16139917695473252,12
B4,H,f1,all,precision_C50_p05,1.0,12
B4,H,f1,all,recall_C50_p05,1.0,12
B4,H,f1,all,f1_C50_p05,1.0,12
B4,H,f1,all,fn_C50_p05,0.0,12
B4,H,f1,all,fp_C50_p05,0.0,12
B4,H,f1,all,precision_C50_pstar,1.0,12
B4,H,f1,all,recall_C50_pstar,1.0,12
B4,H,f1,all,f1_C50_pstar,1.0,12
B4,H,f1,all,fn_C50_pstar,0.0,12
B4,H,f1,all,fp_C50_pstar,0.0,12
B4,H,f1,all,bss_cond_C75,0.3404117781021797,12
B4,H,f1,all,brier_clim_C75,0.42587771203155816,12
B4,H,f1,all,brier_climcond_C75,0.3605761316872429,12
B4,H,f1,all,precision_C75_p05,1.0,12
B4,H,f1,all,recall_C75_p05,0.125,12
B4,H,f1,all,f1_C75_p05,0.2222222222222222,12
B4,H,f1,all,fn_C75_p05,7.0,12
B4,H,f1,all,fp_C75_p05,0.0,12
B4,H,f1,all,precision_C75_pstar,1.0,12
B4,H,f1,all,recall_C75_pstar,1.0,12
B4,H,f1,all,f1_C75_pstar,1.0,12
B4,H,f1,all,fn_C75_pstar,0.0,12
B4,H,f1,all,fp_C75_pstar,0.0,12
B4,H,f1,all,bss_cond_C90,0.36110245441172706,12
B4,H,f1,all,brier_clim_C90,0.28796844181459574,12
B4,H,f1,all,brier_climcond_C90,0.2674897119341564,12
B4,H,f1,all,precision_C90_p05,NaN,12
B4,H,f1,all,recall_C90_p05,0.0,12
B4,H,f1,all,f1_C90_p05,0.0,12
B4,H,f1,all,fn_C90_p05,4.0,12
B4,H,f1,all,fp_C90_p05,0.0,12
B4,H,f1,all,precision_C90_pstar,0.5,12
B4,H,f1,all,recall_C90_pstar,1.0,12
B4,H,f1,all,f1_C90_pstar,0.6666666666666666,12
B4,H,f1,all,fn_C90_pstar,0.0,12
B4,H,f1,all,fp_C90_pstar,4.0,12
B4,H,f1,op,brier_mean_platt,0.17034278297408284,10
B4,H,f1,op,brier_platt_C50,0.020552002349655075,10
B4,H,f1,op,brier_platt_C75,0.28539812276641846,10
B4,H,f1,op,brier_platt_C90,0.20507822380617508,10
B4,H,f1,op,bss_cond_C50,0.8938862703772271,10
B4,H,f1,op,brier_clim_C50,0.3325443786982249,10
B4,H,f1,op,brier_climcond_C50,0.19367901234567902,10
B4,H,f1,op,precision_C50_p05,1.0,10
B4,H,f1,op,recall_C50_p05,1.0,10
B4,H,f1,op,f1_C50_p05,1.0,10
B4,H,f1,op,fn_C50_p05,0.0,10
B4,H,f1,op,fp_C50_p05,0.0,10
B4,H,f1,op,precision_C50_pstar,1.0,10
B4,H,f1,op,recall_C50_pstar,1.0,10
B4,H,f1,op,f1_C50_pstar,1.0,10
B4,H,f1,op,fn_C50_pstar,0.0,10
B4,H,f1,op,fp_C50_pstar,0.0,10
B4,H,f1,op,bss_cond_C75,0.34041177972837566,10
B4,H,f1,op,brier_clim_C75,0.5017751479289941,10
B4,H,f1,op,brier_climcond_C75,0.4326913580246915,10
B4,H,f1,op,precision_C75_p05,1.0,10
B4,H,f1,op,recall_C75_p05,0.125,10
B4,H,f1,op,f1_C75_p05,0.2222222222222222,10
B4,H,f1,op,fn_C75_p05,7.0,10
B4,H,f1,op,fp_C75_p05,0.0,10
B4,H,f1,op,precision_C75_pstar,1.0,10
B4,H,f1,op,recall_C75_pstar,1.0,10
B4,H,f1,op,f1_C75_pstar,1.0,10
B4,H,f1,op,fn_C75_pstar,0.0,10
B4,H,f1,op,fp_C75_pstar,0.0,10
B4,H,f1,op,bss_cond_C90,0.3611024566038391,10
B4,H,f1,op,brier_clim_C90,0.3443786982248521,10
B4,H,f1,op,brier_climcond_C90,0.32098765432098764,10
B4,H,f1,op,precision_C90_p05,NaN,10
B4,H,f1,op,recall_C90_p05,0.0,10
B4,H,f1,op,f1_C90_p05,0.0,10
B4,H,f1,op,fn_C90_p05,4.0,10
B4,H,f1,op,fp_C90_p05,0.0,10
B4,H,f1,op,precision_C90_pstar,0.5,10
B4,H,f1,op,recall_C90_pstar,1.0,10
B4,H,f1,op,f1_C90_pstar,0.6666666666666666,10
B4,H,f1,op,fn_C90_pstar,0.0,10
B4,H,f1,op,fp_C90_pstar,4.0,10
B4,H,f1,nonop,brier_mean_platt,3.51820500536686e-9,2
B4,H,f1,nonop,brier_platt_C50,3.51820500536686e-9,2
B4,H,f1,nonop,brier_platt_C75,3.51820500536686e-9,2
B4,H,f1,nonop,brier_platt_C90,3.51820500536686e-9,2
B4,H,f1,nonop,bss_cond_C50,NaN,2
B4,H,f1,nonop,brier_clim_C50,0.14792899408284024,2
B4,H,f1,nonop,brier_climcond_C50,0.0,2
B4,H,f1,nonop,precision_C50_p05,NaN,2
B4,H,f1,nonop,recall_C50_p05,NaN,2
B4,H,f1,nonop,f1_C50_p05,NaN,2
B4,H,f1,nonop,fn_C50_p05,0.0,2
B4,H,f1,nonop,fp_C50_p05,0.0,2
B4,H,f1,nonop,precision_C50_pstar,NaN,2
B4,H,f1,nonop,recall_C50_pstar,NaN,2
B4,H,f1,nonop,f1_C50_pstar,NaN,2
B4,H,f1,nonop,fn_C50_pstar,0.0,2
B4,H,f1,nonop,fp_C50_pstar,0.0,2
B4,H,f1,nonop,bss_cond_C75,NaN,2
B4,H,f1,nonop,brier_clim_C75,0.0463905325443787,2
B4,H,f1,nonop,brier_climcond_C75,0.0,2
B4,H,f1,nonop,precision_C75_p05,NaN,2
B4,H,f1,nonop,recall_C75_p05,NaN,2
B4,H,f1,nonop,f1_C75_p05,NaN,2
B4,H,f1,nonop,fn_C75_p05,0.0,2
B4,H,f1,nonop,fp_C75_p05,0.0,2
B4,H,f1,nonop,precision_C75_pstar,NaN,2
B4,H,f1,nonop,recall_C75_pstar,NaN,2
B4,H,f1,nonop,f1_C75_pstar,NaN,2
B4,H,f1,nonop,fn_C75_pstar,0.0,2
B4,H,f1,nonop,fp_C75_pstar,0.0,2
B4,H,f1,nonop,bss_cond_C90,NaN,2
B4,H,f1,nonop,brier_clim_C90,0.00591715976331361,2
B4,H,f1,nonop,brier_climcond_C90,0.0,2
B4,H,f1,nonop,precision_C90_p05,NaN,2
B4,H,f1,nonop,recall_C90_p05,NaN,2
B4,H,f1,nonop,f1_C90_p05,NaN,2
B4,H,f1,nonop,fn_C90_p05,0.0,2
B4,H,f1,nonop,fp_C90_p05,0.0,2
B4,H,f1,nonop,precision_C90_pstar,NaN,2
B4,H,f1,nonop,recall_C90_pstar,NaN,2
B4,H,f1,nonop,f1_C90_pstar,NaN,2
B4,H,f1,nonop,fn_C90_pstar,0.0,2
B4,H,f1,nonop,fp_C90_pstar,0.0,2
B4,H,f2,all,brier_mean_platt,0.00973809509845096,13
B4,H,f2,all,brier_platt_C50,3.009211904949669e-15,13
B4,H,f2,all,brier_platt_C75,1.3693533596152179e-12,13
B4,H,f2,all,brier_platt_C90,0.029214285293980513,13
B4,H,f2,all,bss_cond_C50,0.9999999999999729,13
B4,H,f2,all,brier_clim_C50,0.26697977347328,13
B4,H,f2,all,brier_climcond_C50,0.11105005548191413,13
B4,H,f2,all,precision_C50_p05,1.0,13
B4,H,f2,all,recall_C50_p05,1.0,13
B4,H,f2,all,f1_C50_p05,1.0,13
B4,H,f2,all,fn_C50_p05,0.0,13
B4,H,f2,all,fp_C50_p05,0.0,13
B4,H,f2,all,precision_C50_pstar,1.0,13
B4,H,f2,all,recall_C50_pstar,1.0,13
B4,H,f2,all,f1_C50_pstar,1.0,13
B4,H,f2,all,fn_C50_pstar,0.0,13
B4,H,f2,all,fp_C50_pstar,0.0,13
B4,H,f2,all,bss_cond_C75,0.9999999999953034,13
B4,H,f2,all,brier_clim_C75,0.3666203925944187,13
B4,H,f2,all,brier_climcond_C75,0.29156283374866504,13
B4,H,f2,all,precision_C75_p05,1.0,13
B4,H,f2,all,recall_C75_p05,1.0,13
B4,H,f2,all,f1_C75_p05,1.0,13
B4,H,f2,all,fn_C75_p05,0.0,13
B4,H,f2,all,fp_C75_p05,0.0,13
B4,H,f2,all,precision_C75_pstar,1.0,13
B4,H,f2,all,recall_C75_pstar,1.0,13
B4,H,f2,all,f1_C75_pstar,1.0,13
B4,H,f2,all,fn_C75_pstar,0.0,13
B4,H,f2,all,fp_C75_pstar,0.0,13
B4,H,f2,all,bss_cond_C90,0.9279760966729486,13
B4,H,f2,all,brier_clim_C90,0.44882390336935774,13
B4,H,f2,all,brier_climcond_C90,0.4056193005997208,13
B4,H,f2,all,precision_C90_p05,1.0,13
B4,H,f2,all,recall_C90_p05,1.0,13
B4,H,f2,all,f1_C90_p05,1.0,13
B4,H,f2,all,fn_C90_p05,0.0,13
B4,H,f2,all,fp_C90_p05,0.0,13
B4,H,f2,all,precision_C90_pstar,1.0,13
B4,H,f2,all,recall_C90_pstar,1.0,13
B4,H,f2,all,f1_C90_pstar,1.0,13
B4,H,f2,all,fn_C90_pstar,0.0,13
B4,H,f2,all,fp_C90_pstar,0.0,13
B4,H,f2,op,brier_mean_platt,0.01582440453498281,8
B4,H,f2,op,brier_platt_C50,4.889632658078414e-15,8
B4,H,f2,op,brier_platt_C75,2.2251988726872644e-12,8
B4,H,f2,op,brier_platt_C90,0.04747321360271833,8
B4,H,f2,op,bss_cond_C50,0.9999999999999729,8
B4,H,f2,op,brier_clim_C50,0.3325392140327205,8
B4,H,f2,op,brier_climcond_C50,0.18045634015811046,8
B4,H,f2,op,precision_C50_p05,1.0,8
B4,H,f2,op,recall_C50_p05,1.0,8
B4,H,f2,op,f1_C50_p05,1.0,8
B4,H,f2,op,fn_C50_p05,0.0,8
B4,H,f2,op,fp_C50_p05,0.0,8
B4,H,f2,op,precision_C50_pstar,1.0,8
B4,H,f2,op,recall_C50_pstar,1.0,8
B4,H,f2,op,f1_C50_pstar,1.0,8
B4,H,f2,op,fn_C50_pstar,0.0,8
B4,H,f2,op,fp_C50_pstar,0.0,8
B4,H,f2,op,bss_cond_C75,0.9999999999953034,8
B4,H,f2,op,brier_clim_C75,0.572039973013999,8
B4,H,f2,op,brier_climcond_C75,0.4737896048415807,8
B4,H,f2,op,precision_C75_p05,1.0,8
B4,H,f2,op,recall_C75_p05,1.0,8
B4,H,f2,op,f1_C75_p05,1.0,8
B4,H,f2,op,fn_C75_p05,0.0,8
B4,H,f2,op,fp_C75_p05,0.0,8
B4,H,f2,op,precision_C75_pstar,1.0,8
B4,H,f2,op,recall_C75_pstar,1.0,8
B4,H,f2,op,f1_C75_pstar,1.0,8
B4,H,f2,op,fn_C75_pstar,0.0,8
B4,H,f2,op,fp_C75_pstar,0.0,8
B4,H,f2,op,bss_cond_C90,0.9279760966729486,8
B4,H,f2,op,brier_clim_C90,0.7241735537190082,8
B4,H,f2,op,brier_climcond_C90,0.6591313634745462,8
B4,H,f2,op,precision_C90_p05,1.0,8
B4,H,f2,op,recall_C90_p05,1.0,8
B4,H,f2,op,f1_C90_p05,1.0,8
B4,H,f2,op,fn_C90_p05,0.0,8
B4,H,f2,op,fp_C90_p05,0.0,8
B4,H,f2,op,precision_C90_pstar,1.0,8
B4,H,f2,op,recall_C90_pstar,1.0,8
B4,H,f2,op,f1_C90_pstar,1.0,8
B4,H,f2,op,fn_C90_pstar,0.0,8
B4,H,f2,op,fp_C90_pstar,0.0,8
B4,H,f2,nonop,brier_mean_platt,3.638725505188227e-19,5
B4,H,f2,nonop,brier_platt_C50,5.386999436777973e-19,5
B4,H,f2,nonop,brier_platt_C75,5.386999436777973e-19,5
B4,H,f2,nonop,brier_platt_C90,1.421776420087337e-20,5
B4,H,f2,nonop,bss_cond_C50,NaN,5
B4,H,f2,nonop,brier_clim_C50,0.16208466857817508,5
B4,H,f2,nonop,brier_climcond_C50,0.0,5
B4,H,f2,nonop,precision_C50_p05,NaN,5
B4,H,f2,nonop,recall_C50_p05,NaN,5
B4,H,f2,nonop,f1_C50_p05,NaN,5
B4,H,f2,nonop,fn_C50_p05,0.0,5
B4,H,f2,nonop,fp_C50_p05,0.0,5
B4,H,f2,nonop,precision_C50_pstar,NaN,5
B4,H,f2,nonop,recall_C50_pstar,NaN,5
B4,H,f2,nonop,f1_C50_pstar,NaN,5
B4,H,f2,nonop,fn_C50_pstar,0.0,5
B4,H,f2,nonop,fp_C50_pstar,0.0,5
B4,H,f2,nonop,bss_cond_C75,NaN,5
B4,H,f2,nonop,brier_clim_C75,0.0379490639230899,5
B4,H,f2,nonop,brier_climcond_C75,0.0,5
B4,H,f2,nonop,precision_C75_p05,NaN,5
B4,H,f2,nonop,recall_C75_p05,NaN,5
B4,H,f2,nonop,f1_C75_p05,NaN,5
B4,H,f2,nonop,fn_C75_p05,0.0,5
B4,H,f2,nonop,fp_C75_p05,0.0,5
B4,H,f2,nonop,precision_C75_pstar,NaN,5
B4,H,f2,nonop,recall_C75_pstar,NaN,5
B4,H,f2,nonop,f1_C75_pstar,NaN,5
B4,H,f2,nonop,fn_C75_pstar,0.0,5
B4,H,f2,nonop,fp_C75_pstar,0.0,5
B4,H,f2,nonop,bss_cond_C90,NaN,5
B4,H,f2,nonop,brier_clim_C90,0.008264462809917356,5
B4,H,f2,nonop,brier_climcond_C90,0.0,5
B4,H,f2,nonop,precision_C90_p05,NaN,5
B4,H,f2,nonop,recall_C90_p05,NaN,5
B4,H,f2,nonop,f1_C90_p05,NaN,5
B4,H,f2,nonop,fn_C90_p05,0.0,5
B4,H,f2,nonop,fp_C90_p05,0.0,5
B4,H,f2,nonop,precision_C90_pstar,NaN,5
B4,H,f2,nonop,recall_C90_pstar,NaN,5
B4,H,f2,nonop,f1_C90_pstar,NaN,5
B4,H,f2,nonop,fn_C90_pstar,0.0,5
B4,H,f2,nonop,fp_C90_pstar,0.0,5
B4,H,f3,all,brier_mean_platt,0.23847586725924358,14
B4,H,f3,all,brier_platt_C50,0.22448327063484694,14
B4,H,f3,all,brier_platt_C75,0.21608140523758537,14
B4,H,f3,all,brier_platt_C90,0.27486292590529837,14
B4,H,f3,all,bss_cond_C50,-1.1048537963242473,14
B4,H,f3,all,brier_clim_C50,0.24571428571428575,14
B4,H,f3,all,brier_climcond_C50,0.1066502913536641,14
B4,H,f3,all,precision_C50_p05,0.8,14
B4,H,f3,all,recall_C50_p05,0.6666666666666666,14
B4,H,f3,all,f1_C50_p05,0.7272727272727273,14
B4,H,f3,all,fn_C50_p05,2.0,14
B4,H,f3,all,fp_C50_p05,1.0,14
B4,H,f3,all,precision_C50_pstar,NaN,14
B4,H,f3,all,recall_C50_pstar,0.0,14
B4,H,f3,all,f1_C50_pstar,0.0,14
B4,H,f3,all,fn_C50_pstar,6.0,14
B4,H,f3,all,fp_C50_pstar,0.0,14
B4,H,f3,all,bss_cond_C75,-0.383037808630885,14
B4,H,f3,all,brier_clim_C75,0.20964726631393302,14
B4,H,f3,all,brier_climcond_C75,0.15623680270280646,14
B4,H,f3,all,precision_C75_p05,0.5,14
B4,H,f3,all,recall_C75_p05,0.5,14
B4,H,f3,all,f1_C75_p05,0.5,14
B4,H,f3,all,fn_C75_p05,2.0,14
B4,H,f3,all,fp_C75_p05,2.0,14
B4,H,f3,all,precision_C75_pstar,NaN,14
B4,H,f3,all,recall_C75_pstar,0.0,14
B4,H,f3,all,f1_C75_pstar,0.0,14
B4,H,f3,all,fn_C75_pstar,4.0,14
B4,H,f3,all,fp_C75_pstar,0.0,14
B4,H,f3,all,bss_cond_C90,-1.41136902359559,14
B4,H,f3,all,brier_clim_C90,0.12536155202821872,14
B4,H,f3,all,brier_climcond_C90,0.11398625561485008,14
B4,H,f3,all,precision_C90_p05,0.0,14
B4,H,f3,all,recall_C90_p05,0.0,14
B4,H,f3,all,f1_C90_p05,0.0,14
B4,H,f3,all,fn_C90_p05,2.0,14
B4,H,f3,all,fp_C90_p05,2.0,14
B4,H,f3,all,precision_C90_pstar,0.0,14
B4,H,f3,all,recall_C90_pstar,0.0,14
B4,H,f3,all,f1_C90_pstar,0.0,14
B4,H,f3,all,fn_C90_pstar,2.0,14
B4,H,f3,all,fp_C90_pstar,1.0,14
B4,H,f3,op,brier_mean_platt,0.41733276770057415,8
B4,H,f3,op,brier_platt_C50,0.39284572360167636,8
B4,H,f3,op,brier_platt_C75,0.37814245916577405,8
B4,H,f3,op,brier_platt_C90,0.48101012033427215,8
B4,H,f3,op,bss_cond_C50,-1.1048537962743867,8
B4,H,f3,op,brier_clim_C50,0.31,8
B4,H,f3,op,brier_climcond_C50,0.1866380098689122,8
B4,H,f3,op,precision_C50_p05,0.8,8
B4,H,f3,op,recall_C50_p05,0.6666666666666666,8
B4,H,f3,op,f1_C50_p05,0.7272727272727273,8
B4,H,f3,op,fn_C50_p05,2.0,8
B4,H,f3,op,fp_C50_p05,1.0,8
B4,H,f3,op,precision_C50_pstar,NaN,8
B4,H,f3,op,recall_C50_pstar,0.0,8
B4,H,f3,op,f1_C50_pstar,0.0,8
B4,H,f3,op,fn_C50_pstar,6.0,8
B4,H,f3,op,fp_C50_pstar,0.0,8
B4,H,f3,op,bss_cond_C75,-0.38303780863088366,8
B4,H,f3,op,brier_clim_C75,0.33345679012345675,8
B4,H,f3,op,brier_climcond_C75,0.2734144047299113,8
B4,H,f3,op,precision_C75_p05,0.5,8
B4,H,f3,op,recall_C75_p05,0.5,8
B4,H,f3,op,f1_C75_p05,0.5,8
B4,H,f3,op,fn_C75_p05,2.0,8
B4,H,f3,op,fp_C75_p05,2.0,8
B4,H,f3,op,precision_C75_pstar,NaN,8
B4,H,f3,op,recall_C75_pstar,0.0,8
B4,H,f3,op,f1_C75_pstar,0.0,8
B4,H,f3,op,fn_C75_pstar,4.0,8
B4,H,f3,op,fp_C75_pstar,0.0,8
B4,H,f3,op,bss_cond_C90,-1.41136902359559,8
B4,H,f3,op,brier_clim_C90,0.2134567901234568,8
B4,H,f3,op,brier_climcond_C90,0.19947594732598764,8
B4,H,f3,op,precision_C90_p05,0.0,8
B4,H,f3,op,recall_C90_p05,0.0,8
B4,H,f3,op,f1_C90_p05,0.0,8
B4,H,f3,op,fn_C90_p05,2.0,8
B4,H,f3,op,fp_C90_p05,2.0,8
B4,H,f3,op,precision_C90_pstar,0.0,8
B4,H,f3,op,recall_C90_pstar,0.0,8
B4,H,f3,op,f1_C90_pstar,0.0,8
B4,H,f3,op,fn_C90_pstar,2.0,8
B4,H,f3,op,fp_C90_pstar,1.0,8
B4,H,f3,nonop,brier_mean_platt,4.136036073098639e-12,6
B4,H,f3,nonop,brier_platt_C50,1.2407693000066627e-11,6
B4,H,f3,nonop,brier_platt_C75,4.152188685056191e-16,6
B4,H,f3,nonop,brier_platt_C90,3.6078460805287743e-22,6
B4,H,f3,nonop,bss_cond_C50,NaN,6
B4,H,f3,nonop,brier_clim_C50,0.16000000000000003,6
B4,H,f3,nonop,brier_climcond_C50,0.0,6
B4,H,f3,nonop,precision_C50_p05,NaN,6
B4,H,f3,nonop,recall_C50_p05,NaN,6
B4,H,f3,nonop,f1_C50_p05,NaN,6
B4,H,f3,nonop,fn_C50_p05,0.0,6
B4,H,f3,nonop,fp_C50_p05,0.0,6
B4,H,f3,nonop,precision_C50_pstar,NaN,6
B4,H,f3,nonop,recall_C50_pstar,NaN,6
B4,H,f3,nonop,f1_C50_pstar,NaN,6
B4,H,f3,nonop,fn_C50_pstar,0.0,6
B4,H,f3,nonop,fp_C50_pstar,0.0,6
B4,H,f3,nonop,bss_cond_C75,NaN,6
B4,H,f3,nonop,brier_clim_C75,0.04456790123456789,6
B4,H,f3,nonop,brier_climcond_C75,0.0,6
B4,H,f3,nonop,precision_C75_p05,NaN,6
B4,H,f3,nonop,recall_C75_p05,NaN,6
B4,H,f3,nonop,f1_C75_p05,NaN,6
B4,H,f3,nonop,fn_C75_p05,0.0,6
B4,H,f3,nonop,fp_C75_p05,0.0,6
B4,H,f3,nonop,precision_C75_pstar,NaN,6
B4,H,f3,nonop,recall_C75_pstar,NaN,6
B4,H,f3,nonop,f1_C75_pstar,NaN,6
B4,H,f3,nonop,fn_C75_pstar,0.0,6
B4,H,f3,nonop,fp_C75_pstar,0.0,6
B4,H,f3,nonop,bss_cond_C90,NaN,6
B4,H,f3,nonop,brier_clim_C90,0.007901234567901235,6
B4,H,f3,nonop,brier_climcond_C90,0.0,6
B4,H,f3,nonop,precision_C90_p05,NaN,6
B4,H,f3,nonop,recall_C90_p05,NaN,6
B4,H,f3,nonop,f1_C90_p05,NaN,6
B4,H,f3,nonop,fn_C90_p05,0.0,6
B4,H,f3,nonop,fp_C90_p05,0.0,6
B4,H,f3,nonop,precision_C90_pstar,NaN,6
B4,H,f3,nonop,recall_C90_pstar,NaN,6
B4,H,f3,nonop,f1_C90_pstar,NaN,6
B4,H,f3,nonop,fn_C90_pstar,0.0,6
B4,H,f3,nonop,fp_C90_pstar,0.0,6
B4,H,f4,all,brier_mean_platt,0.16588679788388982,12
B4,H,f4,all,brier_platt_C50,0.06739342309554147,12
B4,H,f4,all,brier_platt_C75,0.3767735364763735,12
B4,H,f4,all,brier_platt_C90,0.053493434079754563,12
B4,H,f4,all,bss_cond_C50,0.5696885936126876,12
B4,H,f4,all,brier_clim_C50,0.3402366863905326,12
B4,H,f4,all,brier_climcond_C50,0.1566154698555268,12
B4,H,f4,all,precision_C50_p05,0.9090909090909091,12
B4,H,f4,all,recall_C50_p05,1.0,12
B4,H,f4,all,f1_C50_p05,0.9523809523809523,12
B4,H,f4,all,fn_C50_p05,0.0,12
B4,H,f4,all,fp_C50_p05,1.0,12
B4,H,f4,all,precision_C50_pstar,0.9090909090909091,12
B4,H,f4,all,recall_C50_pstar,1.0,12
B4,H,f4,all,f1_C50_pstar,0.9523809523809523,12
B4,H,f4,all,fn_C50_pstar,0.0,12
B4,H,f4,all,fp_C50_pstar,1.0,12
B4,H,f4,all,bss_cond_C75,-1.6642211686675363,12
B4,H,f4,all,brier_clim_C75,0.13954635108481264,12
B4,H,f4,all,brier_climcond_C75,0.1414197668374545,12
B4,H,f4,all,precision_C75_p05,0.2,12
B4,H,f4,all,recall_C75_p05,1.0,12
B4,H,f4,all,f1_C75_p05,0.3333333333333333,12
B4,H,f4,all,fn_C75_p05,0.0,12
B4,H,f4,all,fp_C75_p05,8.0,12
B4,H,f4,all,precision_C75_pstar,0.2,12
B4,H,f4,all,recall_C75_pstar,1.0,12
B4,H,f4,all,f1_C75_pstar,0.3333333333333333,12
B4,H,f4,all,fn_C75_pstar,0.0,12
B4,H,f4,all,fp_C75_pstar,8.0,12
B4,H,f4,all,bss_cond_C90,-3.502475479700342,12
B4,H,f4,all,brier_clim_C90,0.005917159763313611,12
B4,H,f4,all,brier_climcond_C90,0.011880894037276305,12
B4,H,f4,all,precision_C90_p05,NaN,12
B4,H,f4,all,recall_C90_p05,NaN,12
B4,H,f4,all,f1_C90_p05,NaN,12
B4,H,f4,all,fn_C90_p05,0.0,12
B4,H,f4,all,fp_C90_p05,0.0,12
B4,H,f4,all,precision_C90_pstar,0.0,12
B4,H,f4,all,recall_C90_pstar,NaN,12
B4,H,f4,all,f1_C90_pstar,NaN,12
B4,H,f4,all,fn_C90_pstar,0.0,12
B4,H,f4,all,fp_C90_pstar,10.0,12
B4,H,f4,op,brier_mean_platt,0.1808628782677557,11
B4,H,f4,op,brier_platt_C50,0.07337465692099997,11
B4,H,f4,op,brier_platt_C75,0.41088023515463495,11
B4,H,f4,op,brier_platt_C90,0.05833374272763225,11
B4,H,f4,op,bss_cond_C50,0.5705398563779889,11
B4,H,f4,op,brier_clim_C50,0.3577192038730501,11
B4,H,f4,op,brier_climcond_C50,0.17085323984239287,11
B4,H,f4,op,precision_C50_p05,0.9090909090909091,11
B4,H,f4,op,recall_C50_p05,1.0,11
B4,H,f4,op,f1_C50_p05,0.9523809523809523,11
B4,H,f4,op,fn_C50_p05,0.0,11
B4,H,f4,op,fp_C50_p05,1.0,11
B4,H,f4,op,precision_C50_pstar,0.9090909090909091,11
B4,H,f4,op,recall_C50_pstar,1.0,11
B4,H,f4,op,f1_C50_pstar,0.9523809523809523,11
B4,H,f4,op,fn_C50_pstar,0.0,11
B4,H,f4,op,fp_C50_pstar,1.0,11
B4,H,f4,op,bss_cond_C75,-1.6632784368207822,11
B4,H,f4,op,brier_clim_C75,0.14887036040882198,11
B4,H,f4,op,brier_climcond_C75,0.1542761092772231,11
B4,H,f4,op,precision_C75_p05,0.2,11
B4,H,f4,op,recall_C75_p05,1.0,11
B4,H,f4,op,f1_C75_p05,0.3333333333333333,11
B4,H,f4,op,fn_C75_p05,0.0,11
B4,H,f4,op,fp_C75_p05,8.0,11
B4,H,f4,op,precision_C75_pstar,0.2,11
B4,H,f4,op,recall_C75_pstar,1.0,11
B4,H,f4,op,f1_C75_pstar,0.3333333333333333,11
B4,H,f4,op,fn_C75_pstar,0.0,11
B4,H,f4,op,fp_C75_pstar,8.0,11
B4,H,f4,op,bss_cond_C90,-3.5007216908558636,11
B4,H,f4,op,brier_clim_C90,0.005917159763313611,11
B4,H,f4,op,brier_climcond_C90,0.012960975313392332,11
B4,H,f4,op,precision_C90_p05,NaN,11
B4,H,f4,op,recall_C90_p05,NaN,11
B4,H,f4,op,f1_C90_p05,NaN,11
B4,H,f4,op,fn_C90_p05,0.0,11
B4,H,f4,op,fp_C90_p05,0.0,11
B4,H,f4,op,precision_C90_pstar,0.0,11
B4,H,f4,op,recall_C90_pstar,NaN,11
B4,H,f4,op,f1_C90_pstar,NaN,11
B4,H,f4,op,fn_C90_pstar,0.0,11
B4,H,f4,op,fp_C90_pstar,10.0,11
B4,H,f4,nonop,brier_mean_platt,0.0011499136613654214,1
B4,H,f4,nonop,brier_platt_C50,0.0015998510154980913,1
B4,H,f4,nonop,brier_platt_C75,0.0015998510154980913,1
B4,H,f4,nonop,brier_platt_C90,0.00025003895310008156,1
B4,H,f4,nonop,bss_cond_C50,NaN,1
B4,H,f4,nonop,brier_clim_C50,0.14792899408284024,1
B4,H,f4,nonop,brier_climcond_C50,0.0,1
B4,H,f4,nonop,precision_C50_p05,NaN,1
B4,H,f4,nonop,recall_C50_p05,NaN,1
B4,H,f4,nonop,f1_C50_p05,NaN,1
B4,H,f4,nonop,fn_C50_p05,0.0,1
B4,H,f4,nonop,fp_C50_p05,0.0,1
B4,H,f4,nonop,precision_C50_pstar,NaN,1
B4,H,f4,nonop,recall_C50_pstar,NaN,1
B4,H,f4,nonop,f1_C50_pstar,NaN,1
B4,H,f4,nonop,fn_C50_pstar,0.0,1
B4,H,f4,nonop,fp_C50_pstar,0.0,1
B4,H,f4,nonop,bss_cond_C75,NaN,1
B4,H,f4,nonop,brier_clim_C75,0.03698224852071006,1
B4,H,f4,nonop,brier_climcond_C75,0.0,1
B4,H,f4,nonop,precision_C75_p05,NaN,1
B4,H,f4,nonop,recall_C75_p05,NaN,1
B4,H,f4,nonop,f1_C75_p05,NaN,1
B4,H,f4,nonop,fn_C75_p05,0.0,1
B4,H,f4,nonop,fp_C75_p05,0.0,1
B4,H,f4,nonop,precision_C75_pstar,NaN,1
B4,H,f4,nonop,recall_C75_pstar,NaN,1
B4,H,f4,nonop,f1_C75_pstar,NaN,1
B4,H,f4,nonop,fn_C75_pstar,0.0,1
B4,H,f4,nonop,fp_C75_pstar,0.0,1
B4,H,f4,nonop,bss_cond_C90,NaN,1
B4,H,f4,nonop,brier_clim_C90,0.00591715976331361,1
B4,H,f4,nonop,brier_climcond_C90,0.0,1
B4,H,f4,nonop,precision_C90_p05,NaN,1
B4,H,f4,nonop,recall_C90_p05,NaN,1
B4,H,f4,nonop,f1_C90_p05,NaN,1
B4,H,f4,nonop,fn_C90_p05,0.0,1
B4,H,f4,nonop,fp_C90_p05,0.0,1
B4,H,f4,nonop,precision_C90_pstar,NaN,1
B4,H,f4,nonop,recall_C90_pstar,NaN,1
B4,H,f4,nonop,f1_C90_pstar,NaN,1
B4,H,f4,nonop,fn_C90_pstar,0.0,1
B4,H,f4,nonop,fp_C90_pstar,0.0,1
B4,H,pooled,all,brier_mean_platt,0.14037895665280764,51
B4,H,pooled,all,brier_platt_C50,0.0815099391483795,51
B4,H,pooled,all,brier_platt_C75,0.20392947736786415,51
B4,H,pooled,all,brier_platt_C90,0.13569745344217918,51
B4,H,pooled,all,bss_cond_C50,0.38441438743691847,51
B4,H,pooled,all,brier_clim_C50,0.2865662562154306,51
B4,H,pooled,all,brier_climcond_C50,0.13241040317528027,51
B4,H,pooled,all,precision_C50_p05,0.9354838709677419,51
B4,H,pooled,all,recall_C50_p05,0.9354838709677419,51
B4,H,pooled,all,f1_C50_p05,0.9354838709677419,51
B4,H,pooled,all,fn_C50_p05,2.0,51
B4,H,pooled,all,fp_C50_p05,2.0,51
B4,H,pooled,all,precision_C50_pstar,0.9615384615384616,51
B4,H,pooled,all,recall_C50_pstar,0.8064516129032258,51
B4,H,pooled,all,f1_C50_pstar,0.8771929824561403,51
B4,H,pooled,all,fn_C50_pstar,6.0,51
B4,H,pooled,all,fp_C50_pstar,1.0,51
B4,H,pooled,all,bss_cond_C75,0.1334140281274715,51
B4,H,pooled,all,brier_clim_C75,0.28404344293174416,51
B4,H,pooled,all,brier_climcond_C75,0.235325154095457,51
B4,H,pooled,all,precision_C75_p05,0.5454545454545454,51
B4,H,pooled,all,recall_C75_p05,0.5714285714285714,51
B4,H,pooled,all,f1_C75_p05,0.5581395348837209,51
B4,H,pooled,all,fn_C75_p05,9.0,51
B4,H,pooled,all,fp_C75_p05,10.0,51
B4,H,pooled,all,precision_C75_pstar,0.68,51
B4,H,pooled,all,recall_C75_pstar,0.8095238095238095,51
B4,H,pooled,all,f1_C75_pstar,0.7391304347826086,51
B4,H,pooled,all,fn_C75_pstar,4.0,51
B4,H,pooled,all,fp_C75_pstar,8.0,51
B4,H,pooled,all,bss_cond_C90,0.32292700273710717,51
B4,H,pooled,all,brier_clim_C90,0.21796862139473777,51
B4,H,pooled,all,brier_climcond_C90,0.20041775996198943,51
B4,H,pooled,all,precision_C90_p05,0.7777777777777778,51
B4,H,pooled,all,recall_C90_p05,0.5384615384615384,51
B4,H,pooled,all,f1_C90_p05,0.6363636363636364,51
B4,H,pooled,all,fn_C90_p05,6.0,51
B4,H,pooled,all,fp_C90_p05,2.0,51
B4,H,pooled,all,precision_C90_pstar,0.4230769230769231,51
B4,H,pooled,all,recall_C90_pstar,0.8461538461538461,51
B4,H,pooled,all,f1_C90_pstar,0.5641025641025641,51
B4,H,pooled,all,fn_C90_pstar,2.0,51
B4,H,pooled,all,fp_C90_pstar,15.0,51
B4,H,pooled,op,brier_mean_platt,0.1934642396910972,37
B4,H,pooled,op,brier_platt_C50,0.11230829833624324,37
B4,H,pooled,op,brier_platt_C75,0.2810487429110584,37
B4,H,pooled,op,brier_platt_C90,0.18703567782598993,37
B4,H,pooled,op,bss_cond_C50,0.3846513005980535,37
B4,H,pooled,op,brier_clim_C50,0.3351532092391234,37
B4,H,pooled,op,brier_climcond_C50,0.1825116368091701,37
B4,H,pooled,op,precision_C50_p05,0.9354838709677419,37
B4,H,pooled,op,recall_C50_p05,0.9354838709677419,37
B4,H,pooled,op,f1_C50_p05,0.9354838709677419,37
B4,H,pooled,op,fn_C50_p05,2.0,37
B4,H,pooled,op,fp_C50_p05,2.0,37
B4,H,pooled,op,precision_C50_pstar,0.9615384615384616,37
B4,H,pooled,op,recall_C50_pstar,0.8064516129032258,37
B4,H,pooled,op,f1_C50_pstar,0.8771929824561403,37
B4,H,pooled,op,fn_C50_pstar,6.0,37
B4,H,pooled,op,fp_C50_pstar,1.0,37
B4,H,pooled,op,bss_cond_C75,0.13354733204835623,37
B4,H,pooled,op,brier_clim_C75,0.37565674456450343,37
B4,H,pooled,op,brier_climcond_C75,0.32436710429373805,37
B4,H,pooled,op,precision_C75_p05,0.5454545454545454,37
B4,H,pooled,op,recall_C75_p05,0.5714285714285714,37
B4,H,pooled,op,f1_C75_p05,0.5581395348837209,37
B4,H,pooled,op,fn_C75_p05,9.0,37
B4,H,pooled,op,fp_C75_p05,10.0,37
B4,H,pooled,op,precision_C75_pstar,0.68,37
B4,H,pooled,op,recall_C75_pstar,0.8095238095238095,37
B4,H,pooled,op,f1_C75_pstar,0.7391304347826086,37
B4,H,pooled,op,fn_C75_pstar,4.0,37
B4,H,pooled,op,fp_C75_pstar,8.0,37
B4,H,pooled,op,bss_cond_C90,0.32295146595104784,37
B4,H,pooled,op,brier_clim_C90,0.29756536460499167,37
B4,H,pooled,op,brier_climcond_C90,0.27625150697463413,37
B4,H,pooled,op,precision_C90_p05,0.7777777777777778,37
B4,H,pooled,op,recall_C90_p05,0.5384615384615384,37
B4,H,pooled,op,f1_C90_p05,0.6363636363636364,37
B4,H,pooled,op,fn_C90_p05,6.0,37
B4,H,pooled,op,fp_C90_p05,2.0,37
B4,H,pooled,op,precision_C90_pstar,0.4230769230769231,37
B4,H,pooled,op,recall_C90_pstar,0.8461538461538461,37
B4,H,pooled,op,f1_C90_pstar,0.5641025641025641,37
B4,H,pooled,op,fn_C90_pstar,2.0,37
B4,H,pooled,op,fp_C90_pstar,15.0,37
B4,H,pooled,nonop,brier_mean_platt,0.00008213719447083217,14
B4,H,pooled,nonop,brier_platt_C50,0.00011427558045387591,14
B4,H,pooled,nonop,brier_platt_C75,0.00011427557513647115,14
B4,H,pooled,nonop,brier_platt_C90,0.000017860427822149454,14
B4,H,pooled,nonop,bss_cond_C50,NaN,14
B4,H,pooled,nonop,brier_clim_C50,0.15815788036709977,14
B4,H,pooled,nonop,brier_climcond_C50,0.0,14
B4,H,pooled,nonop,precision_C50_p05,NaN,14
B4,H,pooled,nonop,recall_C50_p05,NaN,14
B4,H,pooled,nonop,f1_C50_p05,NaN,14
B4,H,pooled,nonop,fn_C50_p05,0.0,14
B4,H,pooled,nonop,fp_C50_p05,0.0,14
B4,H,pooled,nonop,precision_C50_pstar,NaN,14
B4,H,pooled,nonop,recall_C50_pstar,NaN,14
B4,H,pooled,nonop,f1_C50_pstar,NaN,14
B4,H,pooled,nonop,fn_C50_pstar,0.0,14
B4,H,pooled,nonop,fp_C50_pstar,0.0,14
B4,H,pooled,nonop,bss_cond_C75,NaN,14
B4,H,pooled,nonop,brier_clim_C75,0.04192257433088031,14
B4,H,pooled,nonop,brier_climcond_C75,0.0,14
B4,H,pooled,nonop,precision_C75_p05,NaN,14
B4,H,pooled,nonop,recall_C75_p05,NaN,14
B4,H,pooled,nonop,f1_C75_p05,NaN,14
B4,H,pooled,nonop,fn_C75_p05,0.0,14
B4,H,pooled,nonop,fp_C75_p05,0.0,14
B4,H,pooled,nonop,precision_C75_pstar,NaN,14
B4,H,pooled,nonop,recall_C75_pstar,NaN,14
B4,H,pooled,nonop,f1_C75_pstar,NaN,14
B4,H,pooled,nonop,fn_C75_pstar,0.0,14
B4,H,pooled,nonop,fp_C75_pstar,0.0,14
B4,H,pooled,nonop,bss_cond_C90,NaN,14
B4,H,pooled,nonop,brier_clim_C90,0.007605800053352501,14
B4,H,pooled,nonop,brier_climcond_C90,0.0,14
B4,H,pooled,nonop,precision_C90_p05,NaN,14
B4,H,pooled,nonop,recall_C90_p05,NaN,14
B4,H,pooled,nonop,f1_C90_p05,NaN,14
B4,H,pooled,nonop,fn_C90_p05,0.0,14
B4,H,pooled,nonop,fp_C90_p05,0.0,14
B4,H,pooled,nonop,precision_C90_pstar,NaN,14
B4,H,pooled,nonop,recall_C90_pstar,NaN,14
B4,H,pooled,nonop,f1_C90_pstar,NaN,14
B4,H,pooled,nonop,fn_C90_pstar,0.0,14
B4,H,pooled,nonop,fp_C90_pstar,0.0,14
B4,IO,f1,all,brier_mean_platt,0.06838329820552931,12
B4,IO,f1,all,brier_platt_C50,1.6224535028027167e-7,12
B4,IO,f1,all,brier_platt_C75,0.02404761669575513,12
B4,IO,f1,all,brier_platt_C90,0.18110211567548254,12
B4,IO,f1,all,bss_cond_C50,0.9999989947572637,12
B4,IO,f1,all,brier_clim_C50,0.3017751479289941,12
B4,IO,f1,all,brier_climcond_C50,0.16139917695473252,12
B4,IO,f1,all,precision_C50_p05,1.0,12
B4,IO,f1,all,recall_C50_p05,1.0,12
B4,IO,f1,all,f1_C50_p05,1.0,12
B4,IO,f1,all,fn_C50_p05,0.0,12
B4,IO,f1,all,fp_C50_p05,0.0,12
B4,IO,f1,all,precision_C50_pstar,1.0,12
B4,IO,f1,all,recall_C50_pstar,1.0,12
B4,IO,f1,all,f1_C50_pstar,1.0,12
B4,IO,f1,all,fn_C50_pstar,0.0,12
B4,IO,f1,all,fp_C50_pstar,0.0,12
B4,IO,f1,all,bss_cond_C75,0.9333077966552329,12
B4,IO,f1,all,brier_clim_C75,0.42587771203155816,12
B4,IO,f1,all,brier_climcond_C75,0.3605761316872429,12
B4,IO,f1,all,precision_C75_p05,1.0,12
B4,IO,f1,all,recall_C75_p05,1.0,12
B4,IO,f1,all,f1_C75_p05,1.0,12
B4,IO,f1,all,fn_C75_p05,0.0,12
B4,IO,f1,all,fp_C75_p05,0.0,12
B4,IO,f1,all,precision_C75_pstar,1.0,12
B4,IO,f1,all,recall_C75_pstar,1.0,12
B4,IO,f1,all,f1_C75_pstar,1.0,12
B4,IO,f1,all,fn_C75_pstar,0.0,12
B4,IO,f1,all,fp_C75_pstar,0.0,12
B4,IO,f1,all,bss_cond_C90,0.32295670601319604,12
B4,IO,f1,all,brier_clim_C90,0.28796844181459574,12
B4,IO,f1,all,brier_climcond_C90,0.2674897119341564,12
B4,IO,f1,all,precision_C90_p05,NaN,12
B4,IO,f1,all,recall_C90_p05,0.0,12
B4,IO,f1,all,f1_C90_p05,0.0,12
B4,IO,f1,all,fn_C90_p05,4.0,12
B4,IO,f1,all,fp_C90_p05,0.0,12
B4,IO,f1,all,precision_C90_pstar,0.5,12
B4,IO,f1,all,recall_C90_pstar,1.0,12
B4,IO,f1,all,f1_C90_pstar,0.6666666666666666,12
B4,IO,f1,all,fn_C90_pstar,0.0,12
B4,IO,f1,all,fp_C90_pstar,4.0,12
B4,IO,f1,op,brier_mean_platt,0.0820599578466352,10
B4,IO,f1,op,brier_platt_C50,1.9469442033631319e-7,10
B4,IO,f1,op,brier_platt_C75,0.028857140034906158,10
B4,IO,f1,op,brier_platt_C90,0.21732253881057906,10
B4,IO,f1,op,bss_cond_C50,0.9999989947572637,10
B4,IO,f1,op,brier_clim_C50,0.3325443786982249,10
B4,IO,f1,op,brier_climcond_C50,0.19367901234567902,10
B4,IO,f1,op,precision_C50_p05,1.0,10
B4,IO,f1,op,recall_C50_p05,1.0,10
B4,IO,f1,op,f1_C50_p05,1.0,10
B4,IO,f1,op,fn_C50_p05,0.0,10
B4,IO,f1,op,fp_C50_p05,0.0,10
B4,IO,f1,op,precision_C50_pstar,1.0,10
B4,IO,f1,op,recall_C50_pstar,1.0,10
B4,IO,f1,op,f1_C50_pstar,1.0,10
B4,IO,f1,op,fn_C50_pstar,0.0,10
B4,IO,f1,op,fp_C50_pstar,0.0,10
B4,IO,f1,op,bss_cond_C75,0.9333077966552329,10
B4,IO,f1,op,brier_clim_C75,0.5017751479289941,10
B4,IO,f1,op,brier_climcond_C75,0.4326913580246915,10
B4,IO,f1,op,precision_C75_p05,1.0,10
B4,IO,f1,op,recall_C75_p05,1.0,10
B4,IO,f1,op,f1_C75_p05,1.0,10
B4,IO,f1,op,fn_C75_p05,0.0,10
B4,IO,f1,op,fp_C75_p05,0.0,10
B4,IO,f1,op,precision_C75_pstar,1.0,10
B4,IO,f1,op,recall_C75_pstar,1.0,10
B4,IO,f1,op,f1_C75_pstar,1.0,10
B4,IO,f1,op,fn_C75_pstar,0.0,10
B4,IO,f1,op,fp_C75_pstar,0.0,10
B4,IO,f1,op,bss_cond_C90,0.3229567060131959,10
B4,IO,f1,op,brier_clim_C90,0.3443786982248521,10
B4,IO,f1,op,brier_climcond_C90,0.32098765432098764,10
B4,IO,f1,op,precision_C90_p05,NaN,10
B4,IO,f1,op,recall_C90_p05,0.0,10
B4,IO,f1,op,f1_C90_p05,0.0,10
B4,IO,f1,op,fn_C90_p05,4.0,10
B4,IO,f1,op,fp_C90_p05,0.0,10
B4,IO,f1,op,precision_C90_pstar,0.5,10
B4,IO,f1,op,recall_C90_pstar,1.0,10
B4,IO,f1,op,f1_C90_pstar,0.6666666666666666,10
B4,IO,f1,op,fn_C90_pstar,0.0,10
B4,IO,f1,op,fp_C90_pstar,4.0,10
B4,IO,f1,nonop,brier_mean_platt,2.1477288047440818e-20,2
B4,IO,f1,nonop,brier_platt_C50,6.443186414232245e-20,2
B4,IO,f1,nonop,brier_platt_C75,3.7014940060524758e-37,2
B4,IO,f1,nonop,brier_platt_C90,3.7014940060524758e-37,2
B4,IO,f1,nonop,bss_cond_C50,NaN,2
B4,IO,f1,nonop,brier_clim_C50,0.14792899408284024,2
B4,IO,f1,nonop,brier_climcond_C50,0.0,2
B4,IO,f1,nonop,precision_C50_p05,NaN,2
B4,IO,f1,nonop,recall_C50_p05,NaN,2
B4,IO,f1,nonop,f1_C50_p05,NaN,2
B4,IO,f1,nonop,fn_C50_p05,0.0,2
B4,IO,f1,nonop,fp_C50_p05,0.0,2
B4,IO,f1,nonop,precision_C50_pstar,NaN,2
B4,IO,f1,nonop,recall_C50_pstar,NaN,2
B4,IO,f1,nonop,f1_C50_pstar,NaN,2
B4,IO,f1,nonop,fn_C50_pstar,0.0,2
B4,IO,f1,nonop,fp_C50_pstar,0.0,2
B4,IO,f1,nonop,bss_cond_C75,NaN,2
B4,IO,f1,nonop,brier_clim_C75,0.0463905325443787,2
B4,IO,f1,nonop,brier_climcond_C75,0.0,2
B4,IO,f1,nonop,precision_C75_p05,NaN,2
B4,IO,f1,nonop,recall_C75_p05,NaN,2
B4,IO,f1,nonop,f1_C75_p05,NaN,2
B4,IO,f1,nonop,fn_C75_p05,0.0,2
B4,IO,f1,nonop,fp_C75_p05,0.0,2
B4,IO,f1,nonop,precision_C75_pstar,NaN,2
B4,IO,f1,nonop,recall_C75_pstar,NaN,2
B4,IO,f1,nonop,f1_C75_pstar,NaN,2
B4,IO,f1,nonop,fn_C75_pstar,0.0,2
B4,IO,f1,nonop,fp_C75_pstar,0.0,2
B4,IO,f1,nonop,bss_cond_C90,NaN,2
B4,IO,f1,nonop,brier_clim_C90,0.00591715976331361,2
B4,IO,f1,nonop,brier_climcond_C90,0.0,2
B4,IO,f1,nonop,precision_C90_p05,NaN,2
B4,IO,f1,nonop,recall_C90_p05,NaN,2
B4,IO,f1,nonop,f1_C90_p05,NaN,2
B4,IO,f1,nonop,fn_C90_p05,0.0,2
B4,IO,f1,nonop,fp_C90_p05,0.0,2
B4,IO,f1,nonop,precision_C90_pstar,NaN,2
B4,IO,f1,nonop,recall_C90_pstar,NaN,2
B4,IO,f1,nonop,f1_C90_pstar,NaN,2
B4,IO,f1,nonop,fn_C90_pstar,0.0,2
B4,IO,f1,nonop,fp_C90_pstar,0.0,2
B4,IO,f2,all,brier_mean_platt,0.09581248971470716,13
B4,IO,f2,all,brier_platt_C50,1.954903619424844e-9,13
B4,IO,f2,all,brier_platt_C75,4.2193056241266084e-7,13
B4,IO,f2,all,brier_platt_C90,0.2874370452586554,13
B4,IO,f2,all,bss_cond_C50,0.9999999823961941,13
B4,IO,f2,all,brier_clim_C50,0.26697977347328,13
B4,IO,f2,all,brier_climcond_C50,0.11105005548191413,13
B4,IO,f2,all,precision_C50_p05,1.0,13
B4,IO,f2,all,recall_C50_p05,1.0,13
B4,IO,f2,all,f1_C50_p05,1.0,13
B4,IO,f2,all,fn_C50_p05,0.0,13
B4,IO,f2,all,fp_C50_p05,0.0,13
B4,IO,f2,all,precision_C50_pstar,1.0,13
B4,IO,f2,all,recall_C50_pstar,1.0,13
B4,IO,f2,all,f1_C50_pstar,1.0,13
B4,IO,f2,all,fn_C50_pstar,0.0,13
B4,IO,f2,all,fp_C50_pstar,0.0,13
B4,IO,f2,all,bss_cond_C75,0.9999985528657511,13
B4,IO,f2,all,brier_clim_C75,0.3666203925944187,13
B4,IO,f2,all,brier_climcond_C75,0.29156283374866504,13
B4,IO,f2,all,precision_C75_p05,1.0,13
B4,IO,f2,all,recall_C75_p05,1.0,13
B4,IO,f2,all,f1_C75_p05,1.0,13
B4,IO,f2,all,fn_C75_p05,0.0,13
B4,IO,f2,all,fp_C75_p05,0.0,13
B4,IO,f2,all,precision_C75_pstar,1.0,13
B4,IO,f2,all,recall_C75_pstar,1.0,13
B4,IO,f2,all,f1_C75_pstar,1.0,13
B4,IO,f2,all,fn_C75_pstar,0.0,13
B4,IO,f2,all,fp_C75_pstar,0.0,13
B4,IO,f2,all,bss_cond_C90,0.2913625046104297,13
B4,IO,f2,all,brier_clim_C90,0.44882390336935774,13
B4,IO,f2,all,brier_climcond_C90,0.4056193005997208,13
B4,IO,f2,all,precision_C90_p05,NaN,13
B4,IO,f2,all,recall_C90_p05,0.0,13
B4,IO,f2,all,f1_C90_p05,0.0,13
B4,IO,f2,all,fn_C90_p05,7.0,13
B4,IO,f2,all,fp_C90_p05,0.0,13
B4,IO,f2,all,precision_C90_pstar,1.0,13
B4,IO,f2,all,recall_C90_pstar,0.8571428571428571,13
B4,IO,f2,all,f1_C90_pstar,0.9230769230769231,13
B4,IO,f2,all,fn_C90_pstar,1.0,13
B4,IO,f2,all,fp_C90_pstar,0.0,13
B4,IO,f2,op,brier_mean_platt,0.15569529578639912,8
B4,IO,f2,op,brier_platt_C50,3.1767183815653347e-9,8
B4,IO,f2,op,brier_platt_C75,6.856371639205739e-7,8
B4,IO,f2,op,brier_platt_C90,0.46708519854531505,8
B4,IO,f2,op,bss_cond_C50,0.9999999823961941,8
B4,IO,f2,op,brier_clim_C50,0.3325392140327205,8
B4,IO,f2,op,brier_climcond_C50,0.18045634015811046,8
B4,IO,f2,op,precision_C50_p05,1.0,8
B4,IO,f2,op,recall_C50_p05,1.0,8
B4,IO,f2,op,f1_C50_p05,1.0,8
B4,IO,f2,op,fn_C50_p05,0.0,8
B4,IO,f2,op,fp_C50_p05,0.0,8
B4,IO,f2,op,precision_C50_pstar,1.0,8
B4,IO,f2,op,recall_C50_pstar,1.0,8
B4,IO,f2,op,f1_C50_pstar,1.0,8
B4,IO,f2,op,fn_C50_pstar,0.0,8
B4,IO,f2,op,fp_C50_pstar,0.0,8
B4,IO,f2,op,bss_cond_C75,0.9999985528657511,8
B4,IO,f2,op,brier_clim_C75,0.572039973013999,8
B4,IO,f2,op,brier_climcond_C75,0.4737896048415807,8
B4,IO,f2,op,precision_C75_p05,1.0,8
B4,IO,f2,op,recall_C75_p05,1.0,8
B4,IO,f2,op,f1_C75_p05,1.0,8
B4,IO,f2,op,fn_C75_p05,0.0,8
B4,IO,f2,op,fp_C75_p05,0.0,8
B4,IO,f2,op,precision_C75_pstar,1.0,8
B4,IO,f2,op,recall_C75_pstar,1.0,8
B4,IO,f2,op,f1_C75_pstar,1.0,8
B4,IO,f2,op,fn_C75_pstar,0.0,8
B4,IO,f2,op,fp_C75_pstar,0.0,8
B4,IO,f2,op,bss_cond_C90,0.29136250461042945,8
B4,IO,f2,op,brier_clim_C90,0.7241735537190082,8
B4,IO,f2,op,brier_climcond_C90,0.6591313634745462,8
B4,IO,f2,op,precision_C90_p05,NaN,8
B4,IO,f2,op,recall_C90_p05,0.0,8
B4,IO,f2,op,f1_C90_p05,0.0,8
B4,IO,f2,op,fn_C90_p05,7.0,8
B4,IO,f2,op,fp_C90_p05,0.0,8
B4,IO,f2,op,precision_C90_pstar,1.0,8
B4,IO,f2,op,recall_C90_pstar,0.8571428571428571,8
B4,IO,f2,op,f1_C90_pstar,0.9230769230769231,8
B4,IO,f2,op,fn_C90_pstar,1.0,8
B4,IO,f2,op,fp_C90_pstar,0.0,8
B4,IO,f2,nonop,brier_mean_platt,5.829926725926544e-23,5
B4,IO,f2,nonop,brier_platt_C50,5.829926725926544e-23,5
B4,IO,f2,nonop,brier_platt_C75,5.829926725926544e-23,5
B4,IO,f2,nonop,brier_platt_C90,5.829926725926544e-23,5
B4,IO,f2,nonop,bss_cond_C50,NaN,5
B4,IO,f2,nonop,brier_clim_C50,0.16208466857817508,5
B4,IO,f2,nonop,brier_climcond_C50,0.0,5
B4,IO,f2,nonop,precision_C50_p05,NaN,5
B4,IO,f2,nonop,recall_C50_p05,NaN,5
B4,IO,f2,nonop,f1_C50_p05,NaN,5
B4,IO,f2,nonop,fn_C50_p05,0.0,5
B4,IO,f2,nonop,fp_C50_p05,0.0,5
B4,IO,f2,nonop,precision_C50_pstar,NaN,5
B4,IO,f2,nonop,recall_C50_pstar,NaN,5
B4,IO,f2,nonop,f1_C50_pstar,NaN,5
B4,IO,f2,nonop,fn_C50_pstar,0.0,5
B4,IO,f2,nonop,fp_C50_pstar,0.0,5
B4,IO,f2,nonop,bss_cond_C75,NaN,5
B4,IO,f2,nonop,brier_clim_C75,0.0379490639230899,5
B4,IO,f2,nonop,brier_climcond_C75,0.0,5
B4,IO,f2,nonop,precision_C75_p05,NaN,5
B4,IO,f2,nonop,recall_C75_p05,NaN,5
B4,IO,f2,nonop,f1_C75_p05,NaN,5
B4,IO,f2,nonop,fn_C75_p05,0.0,5
B4,IO,f2,nonop,fp_C75_p05,0.0,5
B4,IO,f2,nonop,precision_C75_pstar,NaN,5
B4,IO,f2,nonop,recall_C75_pstar,NaN,5
B4,IO,f2,nonop,f1_C75_pstar,NaN,5
B4,IO,f2,nonop,fn_C75_pstar,0.0,5
B4,IO,f2,nonop,fp_C75_pstar,0.0,5
B4,IO,f2,nonop,bss_cond_C90,NaN,5
B4,IO,f2,nonop,brier_clim_C90,0.008264462809917356,5
B4,IO,f2,nonop,brier_climcond_C90,0.0,5
B4,IO,f2,nonop,precision_C90_p05,NaN,5
B4,IO,f2,nonop,recall_C90_p05,NaN,5
B4,IO,f2,nonop,f1_C90_p05,NaN,5
B4,IO,f2,nonop,fn_C90_p05,0.0,5
B4,IO,f2,nonop,fp_C90_p05,0.0,5
B4,IO,f2,nonop,precision_C90_pstar,NaN,5
B4,IO,f2,nonop,recall_C90_pstar,NaN,5
B4,IO,f2,nonop,f1_C90_pstar,NaN,5
B4,IO,f2,nonop,fn_C90_pstar,0.0,5
B4,IO,f2,nonop,fp_C90_pstar,0.0,5
B4,IO,f3,all,brier_mean_platt,0.21398853379548513,14
B4,IO,f3,all,brier_platt_C50,0.07142698826019307,14
B4,IO,f3,all,brier_platt_C75,0.21407684521199505,14
B4,IO,f3,all,brier_platt_C90,0.3564617679142672,14
B4,IO,f3,all,bss_cond_C50,0.3302691689483218,14
B4,IO,f3,all,brier_clim_C50,0.24571428571428575,14
B4,IO,f3,all,brier_climcond_C50,0.1066502913536641,14
B4,IO,f3,all,precision_C50_p05,0.8571428571428571,14
B4,IO,f3,all,recall_C50_p05,1.0,14
B4,IO,f3,all,f1_C50_p05,0.9230769230769231,14
B4,IO,f3,all,fn_C50_p05,0.0,14
B4,IO,f3,all,fp_C50_p05,1.0,14
B4,IO,f3,all,precision_C50_pstar,0.8571428571428571,14
B4,IO,f3,all,recall_C50_pstar,1.0,14
B4,IO,f3,all,f1_C50_pstar,0.9230769230769231,14
B4,IO,f3,all,fn_C50_pstar,0.0,14
B4,IO,f3,all,fp_C50_pstar,1.0,14
B4,IO,f3,all,bss_cond_C75,-0.370207540788017,14
B4,IO,f3,all,brier_clim_C75,0.20964726631393302,14
B4,IO,f3,all,brier_climcond_C75,0.15623680270280646,14
B4,IO,f3,all,precision_C75_p05,0.5714285714285714,14
B4,IO,f3,all,recall_C75_p05,1.0,14
B4,IO,f3,all,f1_C75_p05,0.7272727272727273,14
B4,IO,f3,all,fn_C75_p05,0.0,14
B4,IO,f3,all,fp_C75_p05,3.0,14
B4,IO,f3,all,precision_C75_pstar,0.5714285714285714,14
B4,IO,f3,all,recall_C75_pstar,1.0,14
B4,IO,f3,all,f1_C75_pstar,0.7272727272727273,14
B4,IO,f3,all,fn_C75_pstar,0.0,14
B4,IO,f3,all,fp_C75_pstar,3.0,14
B4,IO,f3,all,bss_cond_C90,-2.1272346476466546,14
B4,IO,f3,all,brier_clim_C90,0.12536155202821872,14
B4,IO,f3,all,brier_climcond_C90,0.11398625561485008,14
B4,IO,f3,all,precision_C90_p05,0.2857142857142857,14
B4,IO,f3,all,recall_C90_p05,1.0,14
B4,IO,f3,all,f1_C90_p05,0.4444444444444444,14
B4,IO,f3,all,fn_C90_p05,0.0,14
B4,IO,f3,all,fp_C90_p05,5.0,14
B4,IO,f3,all,precision_C90_pstar,0.2857142857142857,14
B4,IO,f3,all,recall_C90_pstar,1.0,14
B4,IO,f3,all,f1_C90_pstar,0.4444444444444444,14
B4,IO,f3,all,fn_C90_pstar,0.0,14
B4,IO,f3,all,fp_C90_pstar,5.0,14
B4,IO,f3,op,brier_mean_platt,0.374479934142099,8
B4,IO,f3,op,brier_platt_C50,0.12499722945533788,8
B4,IO,f3,op,brier_platt_C75,0.37463447912099135,8
B4,IO,f3,op,brier_platt_C90,0.6238080938499677,8
B4,IO,f3,op,bss_cond_C50,0.3302691689483219,8
B4,IO,f3,op,brier_clim_C50,0.31,8
B4,IO,f3,op,brier_climcond_C50,0.1866380098689122,8
B4,IO,f3,op,precision_C50_p05,0.8571428571428571,8
B4,IO,f3,op,recall_C50_p05,1.0,8
B4,IO,f3,op,f1_C50_p05,0.9230769230769231,8
B4,IO,f3,op,fn_C50_p05,0.0,8
B4,IO,f3,op,fp_C50_p05,1.0,8
B4,IO,f3,op,precision_C50_pstar,0.8571428571428571,8
B4,IO,f3,op,recall_C50_pstar,1.0,8
B4,IO,f3,op,f1_C50_pstar,0.9230769230769231,8
B4,IO,f3,op,fn_C50_pstar,0.0,8
B4,IO,f3,op,fp_C50_pstar,1.0,8
B4,IO,f3,op,bss_cond_C75,-0.370207540788017,8
B4,IO,f3,op,brier_clim_C75,0.33345679012345675,8
B4,IO,f3,op,brier_climcond_C75,0.2734144047299113,8
B4,IO,f3,op,precision_C75_p05,0.5714285714285714,8
B4,IO,f3,op,recall_C75_p05,1.0,8
B4,IO,f3,op,f1_C75_p05,0.7272727272727273,8
B4,IO,f3,op,fn_C75_p05,0.0,8
B4,IO,f3,op,fp_C75_p05,3.0,8
B4,IO,f3,op,precision_C75_pstar,0.5714285714285714,8
B4,IO,f3,op,recall_C75_pstar,1.0,8
B4,IO,f3,op,f1_C75_pstar,0.7272727272727273,8
B4,IO,f3,op,fn_C75_pstar,0.0,8
B4,IO,f3,op,fp_C75_pstar,3.0,8
B4,IO,f3,op,bss_cond_C90,-2.127234647646655,8
B4,IO,f3,op,brier_clim_C90,0.2134567901234568,8
B4,IO,f3,op,brier_climcond_C90,0.19947594732598764,8
B4,IO,f3,op,precision_C90_p05,0.2857142857142857,8
B4,IO,f3,op,recall_C90_p05,1.0,8
B4,IO,f3,op,f1_C90_p05,0.4444444444444444,8
B4,IO,f3,op,fn_C90_p05,0.0,8
B4,IO,f3,op,fp_C90_p05,5.0,8
B4,IO,f3,op,precision_C90_pstar,0.2857142857142857,8
B4,IO,f3,op,recall_C90_pstar,1.0,8
B4,IO,f3,op,f1_C90_pstar,0.4444444444444444,8
B4,IO,f3,op,fn_C90_pstar,0.0,8
B4,IO,f3,op,fp_C90_pstar,5.0,8
B4,IO,f3,nonop,brier_mean_platt,3.376818067729783e-20,6
B4,IO,f3,nonop,brier_platt_C50,3.376818067729783e-20,6
B4,IO,f3,nonop,brier_platt_C75,3.376818067729783e-20,6
B4,IO,f3,nonop,brier_platt_C90,3.376818067729783e-20,6
B4,IO,f3,nonop,bss_cond_C50,NaN,6
B4,IO,f3,nonop,brier_clim_C50,0.16000000000000003,6
B4,IO,f3,nonop,brier_climcond_C50,0.0,6
B4,IO,f3,nonop,precision_C50_p05,NaN,6
B4,IO,f3,nonop,recall_C50_p05,NaN,6
B4,IO,f3,nonop,f1_C50_p05,NaN,6
B4,IO,f3,nonop,fn_C50_p05,0.0,6
B4,IO,f3,nonop,fp_C50_p05,0.0,6
B4,IO,f3,nonop,precision_C50_pstar,NaN,6
B4,IO,f3,nonop,recall_C50_pstar,NaN,6
B4,IO,f3,nonop,f1_C50_pstar,NaN,6
B4,IO,f3,nonop,fn_C50_pstar,0.0,6
B4,IO,f3,nonop,fp_C50_pstar,0.0,6
B4,IO,f3,nonop,bss_cond_C75,NaN,6
B4,IO,f3,nonop,brier_clim_C75,0.04456790123456789,6
B4,IO,f3,nonop,brier_climcond_C75,0.0,6
B4,IO,f3,nonop,precision_C75_p05,NaN,6
B4,IO,f3,nonop,recall_C75_p05,NaN,6
B4,IO,f3,nonop,f1_C75_p05,NaN,6
B4,IO,f3,nonop,fn_C75_p05,0.0,6
B4,IO,f3,nonop,fp_C75_p05,0.0,6
B4,IO,f3,nonop,precision_C75_pstar,NaN,6
B4,IO,f3,nonop,recall_C75_pstar,NaN,6
B4,IO,f3,nonop,f1_C75_pstar,NaN,6
B4,IO,f3,nonop,fn_C75_pstar,0.0,6
B4,IO,f3,nonop,fp_C75_pstar,0.0,6
B4,IO,f3,nonop,bss_cond_C90,NaN,6
B4,IO,f3,nonop,brier_clim_C90,0.007901234567901235,6
B4,IO,f3,nonop,brier_climcond_C90,0.0,6
B4,IO,f3,nonop,precision_C90_p05,NaN,6
B4,IO,f3,nonop,recall_C90_p05,NaN,6
B4,IO,f3,nonop,f1_C90_p05,NaN,6
B4,IO,f3,nonop,fn_C90_p05,0.0,6
B4,IO,f3,nonop,fp_C90_p05,0.0,6
B4,IO,f3,nonop,precision_C90_pstar,NaN,6
B4,IO,f3,nonop,recall_C90_pstar,NaN,6
B4,IO,f3,nonop,f1_C90_pstar,NaN,6
B4,IO,f3,nonop,fn_C90_pstar,0.0,6
B4,IO,f3,nonop,fp_C90_pstar,0.0,6
B4,IO,f4,all,brier_mean_platt,0.3796156876019808,12
B4,IO,f4,all,brier_platt_C50,2.7845844435358124e-11,12
B4,IO,f4,all,brier_platt_C75,0.657846493996323,12
B4,IO,f4,all,brier_platt_C90,0.4810005687817736,12
B4,IO,f4,all,bss_cond_C50,0.9999999998222024,12
B4,IO,f4,all,brier_clim_C50,0.3402366863905326,12
B4,IO,f4,all,brier_climcond_C50,0.1566154698555268,12
B4,IO,f4,all,precision_C50_p05,1.0,12
B4,IO,f4,all,recall_C50_p05,1.0,12
B4,IO,f4,all,f1_C50_p05,1.0,12
B4,IO,f4,all,fn_C50_p05,0.0,12
B4,IO,f4,all,fp_C50_p05,0.0,12
B4,IO,f4,all,precision_C50_pstar,1.0,12
B4,IO,f4,all,recall_C50_pstar,1.0,12
B4,IO,f4,all,f1_C50_pstar,1.0,12
B4,IO,f4,all,fn_C50_pstar,0.0,12
B4,IO,f4,all,fp_C50_pstar,0.0,12
B4,IO,f4,all,bss_cond_C75,-3.651729448489621,12
B4,IO,f4,all,brier_clim_C75,0.13954635108481264,12
B4,IO,f4,all,brier_climcond_C75,0.1414197668374545,12
B4,IO,f4,all,precision_C75_p05,0.2,12
B4,IO,f4,all,recall_C75_p05,1.0,12
B4,IO,f4,all,f1_C75_p05,0.3333333333333333,12
B4,IO,f4,all,fn_C75_p05,0.0,12
B4,IO,f4,all,fp_C75_p05,8.0,12
B4,IO,f4,all,precision_C75_pstar,0.2,12
B4,IO,f4,all,recall_C75_pstar,1.0,12
B4,IO,f4,all,f1_C75_pstar,0.3333333333333333,12
B4,IO,f4,all,fn_C75_pstar,0.0,12
B4,IO,f4,all,fp_C75_pstar,8.0,12
B4,IO,f4,all,bss_cond_C90,-39.485216623650906,12
B4,IO,f4,all,brier_clim_C90,0.005917159763313611,12
B4,IO,f4,all,brier_climcond_C90,0.011880894037276305,12
B4,IO,f4,all,precision_C90_p05,0.0,12
B4,IO,f4,all,recall_C90_p05,NaN,12
B4,IO,f4,all,f1_C90_p05,NaN,12
B4,IO,f4,all,fn_C90_p05,0.0,12
B4,IO,f4,all,fp_C90_p05,7.0,12
B4,IO,f4,all,precision_C90_pstar,0.0,12
B4,IO,f4,all,recall_C90_pstar,NaN,12
B4,IO,f4,all,f1_C90_pstar,NaN,12
B4,IO,f4,all,fn_C90_pstar,0.0,12
B4,IO,f4,all,fp_C90_pstar,7.0,12
B4,IO,f4,op,brier_mean_platt,0.4141262046567063,11
B4,IO,f4,op,brier_platt_C50,3.037728481531153e-11,11
B4,IO,f4,op,brier_platt_C75,0.7176507207232614,11
B4,IO,f4,op,brier_platt_C90,0.5247278932164803,11
B4,IO,f4,op,bss_cond_C50,0.9999999998222024,11
B4,IO,f4,op,brier_clim_C50,0.3577192038730501,11
B4,IO,f4,op,brier_climcond_C50,0.17085323984239287,11
B4,IO,f4,op,precision_C50_p05,1.0,11
B4,IO,f4,op,recall_C50_p05,1.0,11
B4,IO,f4,op,f1_C50_p05,1.0,11
B4,IO,f4,op,fn_C50_p05,0.0,11
B4,IO,f4,op,fp_C50_p05,0.0,11
B4,IO,f4,op,precision_C50_pstar,1.0,11
B4,IO,f4,op,recall_C50_pstar,1.0,11
B4,IO,f4,op,f1_C50_pstar,1.0,11
B4,IO,f4,op,fn_C50_pstar,0.0,11
B4,IO,f4,op,fp_C50_pstar,0.0,11
B4,IO,f4,op,bss_cond_C75,-3.65172944848962,11
B4,IO,f4,op,brier_clim_C75,0.14887036040882198,11
B4,IO,f4,op,brier_climcond_C75,0.1542761092772231,11
B4,IO,f4,op,precision_C75_p05,0.2,11
B4,IO,f4,op,recall_C75_p05,1.0,11
B4,IO,f4,op,f1_C75_p05,0.3333333333333333,11
B4,IO,f4,op,fn_C75_p05,0.0,11
B4,IO,f4,op,fp_C75_p05,8.0,11
B4,IO,f4,op,precision_C75_pstar,0.2,11
B4,IO,f4,op,recall_C75_pstar,1.0,11
B4,IO,f4,op,f1_C75_pstar,0.3333333333333333,11
B4,IO,f4,op,fn_C75_pstar,0.0,11
B4,IO,f4,op,fp_C75_pstar,8.0,11
B4,IO,f4,op,bss_cond_C90,-39.485216623650906,11
B4,IO,f4,op,brier_clim_C90,0.005917159763313611,11
B4,IO,f4,op,brier_climcond_C90,0.012960975313392332,11
B4,IO,f4,op,precision_C90_p05,0.0,11
B4,IO,f4,op,recall_C90_p05,NaN,11
B4,IO,f4,op,f1_C90_p05,NaN,11
B4,IO,f4,op,fn_C90_p05,0.0,11
B4,IO,f4,op,fp_C90_p05,7.0,11
B4,IO,f4,op,precision_C90_pstar,0.0,11
B4,IO,f4,op,recall_C90_pstar,NaN,11
B4,IO,f4,op,f1_C90_pstar,NaN,11
B4,IO,f4,op,fn_C90_pstar,0.0,11
B4,IO,f4,op,fp_C90_pstar,7.0,11
B4,IO,f4,nonop,brier_mean_platt,8.529020650496669e-20,1
B4,IO,f4,nonop,brier_platt_C50,2.5587061951490006e-19,1
B4,IO,f4,nonop,brier_platt_C75,4.761302545720523e-142,1
B4,IO,f4,nonop,brier_platt_C90,6.846535620068099e-197,1
B4,IO,f4,nonop,bss_cond_C50,NaN,1
B4,IO,f4,nonop,brier_clim_C50,0.14792899408284024,1
B4,IO,f4,nonop,brier_climcond_C50,0.0,1
B4,IO,f4,nonop,precision_C50_p05,NaN,1
B4,IO,f4,nonop,recall_C50_p05,NaN,1
B4,IO,f4,nonop,f1_C50_p05,NaN,1
B4,IO,f4,nonop,fn_C50_p05,0.0,1
B4,IO,f4,nonop,fp_C50_p05,0.0,1
B4,IO,f4,nonop,precision_C50_pstar,NaN,1
B4,IO,f4,nonop,recall_C50_pstar,NaN,1
B4,IO,f4,nonop,f1_C50_pstar,NaN,1
B4,IO,f4,nonop,fn_C50_pstar,0.0,1
B4,IO,f4,nonop,fp_C50_pstar,0.0,1
B4,IO,f4,nonop,bss_cond_C75,NaN,1
B4,IO,f4,nonop,brier_clim_C75,0.03698224852071006,1
B4,IO,f4,nonop,brier_climcond_C75,0.0,1
B4,IO,f4,nonop,precision_C75_p05,NaN,1
B4,IO,f4,nonop,recall_C75_p05,NaN,1
B4,IO,f4,nonop,f1_C75_p05,NaN,1
B4,IO,f4,nonop,fn_C75_p05,0.0,1
B4,IO,f4,nonop,fp_C75_p05,0.0,1
B4,IO,f4,nonop,precision_C75_pstar,NaN,1
B4,IO,f4,nonop,recall_C75_pstar,NaN,1
B4,IO,f4,nonop,f1_C75_pstar,NaN,1
B4,IO,f4,nonop,fn_C75_pstar,0.0,1
B4,IO,f4,nonop,fp_C75_pstar,0.0,1
B4,IO,f4,nonop,bss_cond_C90,NaN,1
B4,IO,f4,nonop,brier_clim_C90,0.00591715976331361,1
B4,IO,f4,nonop,brier_climcond_C90,0.0,1
B4,IO,f4,nonop,precision_C90_p05,NaN,1
B4,IO,f4,nonop,recall_C90_p05,NaN,1
B4,IO,f4,nonop,f1_C90_p05,NaN,1
B4,IO,f4,nonop,fn_C90_p05,0.0,1
B4,IO,f4,nonop,fp_C90_p05,0.0,1
B4,IO,f4,nonop,precision_C90_pstar,NaN,1
B4,IO,f4,nonop,recall_C90_pstar,NaN,1
B4,IO,f4,nonop,f1_C90_pstar,NaN,1
B4,IO,f4,nonop,fn_C90_pstar,0.0,1
B4,IO,f4,nonop,fp_C90_pstar,0.0,1
B4,IO,pooled,all,brier_mean_platt,0.18857626802192362,51
B4,IO,pooled,all,brier_platt_C50,0.01960744722225105,51
B4,IO,pooled,all,brier_platt_C75,0.21921197345823884,51
B4,IO,pooled,all,brier_platt_C90,0.3269093833852811,51
B4,IO,pooled,all,bss_cond_C50,0.8519191336023998,51
B4,IO,pooled,all,brier_clim_C50,0.2865662562154306,51
B4,IO,pooled,all,brier_climcond_C50,0.13241040317528027,51
B4,IO,pooled,all,precision_C50_p05,0.96875,51
B4,IO,pooled,all,recall_C50_p05,1.0,51
B4,IO,pooled,all,f1_C50_p05,0.9841269841269841,51
B4,IO,pooled,all,fn_C50_p05,0.0,51
B4,IO,pooled,all,fp_C50_p05,1.0,51
B4,IO,pooled,all,precision_C50_pstar,0.96875,51
B4,IO,pooled,all,recall_C50_pstar,1.0,51
B4,IO,pooled,all,f1_C50_pstar,0.9841269841269841,51
B4,IO,pooled,all,fn_C50_pstar,0.0,51
B4,IO,pooled,all,fp_C50_pstar,1.0,51
B4,IO,pooled,all,bss_cond_C75,0.06847198591733228,51
B4,IO,pooled,all,brier_clim_C75,0.28404344293174416,51
B4,IO,pooled,all,brier_climcond_C75,0.235325154095457,51
B4,IO,pooled,all,precision_C75_p05,0.65625,51
B4,IO,pooled,all,recall_C75_p05,1.0,51
B4,IO,pooled,all,f1_C75_p05,0.7924528301886793,51
B4,IO,pooled,all,fn_C75_p05,0.0,51
B4,IO,pooled,all,fp_C75_p05,11.0,51
B4,IO,pooled,all,precision_C75_pstar,0.65625,51
B4,IO,pooled,all,recall_C75_pstar,1.0,51
B4,IO,pooled,all,f1_C75_pstar,0.7924528301886793,51
B4,IO,pooled,all,fn_C75_pstar,0.0,51
B4,IO,pooled,all,fp_C75_pstar,11.0,51
B4,IO,pooled,all,bss_cond_C90,-0.6311397924379638,51
B4,IO,pooled,all,brier_clim_C90,0.21796862139473777,51
B4,IO,pooled,all,brier_climcond_C90,0.20041775996198943,51
B4,IO,pooled,all,precision_C90_p05,0.14285714285714285,51
B4,IO,pooled,all,recall_C90_p05,0.15384615384615385,51
B4,IO,pooled,all,f1_C90_p05,0.14814814814814814,51
B4,IO,pooled,all,fn_C90_p05,11.0,51
B4,IO,pooled,all,fp_C90_p05,12.0,51
B4,IO,pooled,all,precision_C90_pstar,0.42857142857142855,51
B4,IO,pooled,all,recall_C90_pstar,0.9230769230769231,51
B4,IO,pooled,all,f1_C90_pstar,0.5853658536585366,51
B4,IO,pooled,all,fn_C90_pstar,1.0,51
B4,IO,pooled,all,fp_C90_pstar,16.0,51
B4,IO,pooled,op,brier_mean_platt,0.25992945051670563,37
B4,IO,pooled,op,brier_platt_C50,0.027026481306346044,37
B4,IO,pooled,op,brier_platt_C75,0.30215704449649133,37
B4,IO,pooled,op,brier_platt_C90,0.45060482574727934,37
B4,IO,pooled,op,bss_cond_C50,0.8519191336023998,37
B4,IO,pooled,op,brier_clim_C50,0.3351532092391234,37
B4,IO,pooled,op,brier_climcond_C50,0.1825116368091701,37
B4,IO,pooled,op,precision_C50_p05,0.96875,37
B4,IO,pooled,op,recall_C50_p05,1.0,37
B4,IO,pooled,op,f1_C50_p05,0.9841269841269841,37
B4,IO,pooled,op,fn_C50_p05,0.0,37
B4,IO,pooled,op,fp_C50_p05,1.0,37
B4,IO,pooled,op,precision_C50_pstar,0.96875,37
B4,IO,pooled,op,recall_C50_pstar,1.0,37
B4,IO,pooled,op,f1_C50_pstar,0.9841269841269841,37
B4,IO,pooled,op,fn_C50_pstar,0.0,37
B4,IO,pooled,op,fp_C50_pstar,1.0,37
B4,IO,pooled,op,bss_cond_C75,0.06847198591733239,37
B4,IO,pooled,op,brier_clim_C75,0.37565674456450343,37
B4,IO,pooled,op,brier_climcond_C75,0.32436710429373805,37
B4,IO,pooled,op,precision_C75_p05,0.65625,37
B4,IO,pooled,op,recall_C75_p05,1.0,37
B4,IO,pooled,op,f1_C75_p05,0.7924528301886793,37
B4,IO,pooled,op,fn_C75_p05,0.0,37
B4,IO,pooled,op,fp_C75_p05,11.0,37
B4,IO,pooled,op,precision_C75_pstar,0.65625,37
B4,IO,pooled,op,recall_C75_pstar,1.0,37
B4,IO,pooled,op,f1_C75_pstar,0.7924528301886793,37
B4,IO,pooled,op,fn_C75_pstar,0.0,37
B4,IO,pooled,op,fp_C75_pstar,11.0,37
B4,IO,pooled,op,bss_cond_C90,-0.6311397924379634,37
B4,IO,pooled,op,brier_clim_C90,0.29756536460499167,37
B4,IO,pooled,op,brier_climcond_C90,0.27625150697463413,37
B4,IO,pooled,op,precision_C90_p05,0.14285714285714285,37
B4,IO,pooled,op,recall_C90_p05,0.15384615384615385,37
B4,IO,pooled,op,f1_C90_p05,0.14814814814814814,37
B4,IO,pooled,op,fn_C90_p05,11.0,37
B4,IO,pooled,op,fp_C90_p05,12.0,37
B4,IO,pooled,op,precision_C90_pstar,0.42857142857142855,37
B4,IO,pooled,op,recall_C90_pstar,0.9230769230769231,37
B4,IO,pooled,op,f1_C90_pstar,0.5853658536585366,37
B4,IO,pooled,op,fn_C90_pstar,1.0,37
B4,IO,pooled,op,fp_C90_pstar,16.0,37
B4,IO,pooled,nonop,brier_mean_platt,2.3653240214280832e-20,14
B4,IO,pooled,nonop,brier_platt_C50,4.1973923442830595e-20,14
B4,IO,pooled,nonop,brier_platt_C75,1.449289860000595e-20,14
B4,IO,pooled,nonop,brier_platt_C90,1.449289860000595e-20,14
B4,IO,pooled,nonop,bss_cond_C50,NaN,14
B4,IO,pooled,nonop,brier_clim_C50,0.15815788036709977,14
B4,IO,pooled,nonop,brier_climcond_C50,0.0,14
B4,IO,pooled,nonop,precision_C50_p05,NaN,14
B4,IO,pooled,nonop,recall_C50_p05,NaN,14
B4,IO,pooled,nonop,f1_C50_p05,NaN,14
B4,IO,pooled,nonop,fn_C50_p05,0.0,14
B4,IO,pooled,nonop,fp_C50_p05,0.0,14
B4,IO,pooled,nonop,precision_C50_pstar,NaN,14
B4,IO,pooled,nonop,recall_C50_pstar,NaN,14
B4,IO,pooled,nonop,f1_C50_pstar,NaN,14
B4,IO,pooled,nonop,fn_C50_pstar,0.0,14
B4,IO,pooled,nonop,fp_C50_pstar,0.0,14
B4,IO,pooled,nonop,bss_cond_C75,NaN,14
B4,IO,pooled,nonop,brier_clim_C75,0.04192257433088031,14
B4,IO,pooled,nonop,brier_climcond_C75,0.0,14
B4,IO,pooled,nonop,precision_C75_p05,NaN,14
B4,IO,pooled,nonop,recall_C75_p05,NaN,14
B4,IO,pooled,nonop,f1_C75_p05,NaN,14
B4,IO,pooled,nonop,fn_C75_p05,0.0,14
B4,IO,pooled,nonop,fp_C75_p05,0.0,14
B4,IO,pooled,nonop,precision_C75_pstar,NaN,14
B4,IO,pooled,nonop,recall_C75_pstar,NaN,14
B4,IO,pooled,nonop,f1_C75_pstar,NaN,14
B4,IO,pooled,nonop,fn_C75_pstar,0.0,14
B4,IO,pooled,nonop,fp_C75_pstar,0.0,14
B4,IO,pooled,nonop,bss_cond_C90,NaN,14
B4,IO,pooled,nonop,brier_clim_C90,0.007605800053352501,14
B4,IO,pooled,nonop,brier_climcond_C90,0.0,14
B4,IO,pooled,nonop,precision_C90_p05,NaN,14
B4,IO,pooled,nonop,recall_C90_p05,NaN,14
B4,IO,pooled,nonop,f1_C90_p05,NaN,14
B4,IO,pooled,nonop,fn_C90_p05,0.0,14
B4,IO,pooled,nonop,fp_C90_p05,0.0,14
B4,IO,pooled,nonop,precision_C90_pstar,NaN,14
B4,IO,pooled,nonop,recall_C90_pstar,NaN,14
B4,IO,pooled,nonop,f1_C90_pstar,NaN,14
B4,IO,pooled,nonop,fn_C90_pstar,0.0,14
B4,IO,pooled,nonop,fp_C90_pstar,0.0,14
B4,KAN,f1,all,brier_mean_platt,0.08017025369062035,12
B4,KAN,f1,all,brier_platt_C50,1.7277514537056527e-7,12
B4,KAN,f1,all,brier_platt_C75,0.001178910963863732,12
B4,KAN,f1,all,brier_platt_C90,0.239331677332852,12
B4,KAN,f1,all,bss_cond_C50,0.9999989295165649,12
B4,KAN,f1,all,brier_clim_C50,0.3017751479289941,12
B4,KAN,f1,all,brier_climcond_C50,0.16139917695473252,12
B4,KAN,f1,all,precision_C50_p05,1.0,12
B4,KAN,f1,all,recall_C50_p05,1.0,12
B4,KAN,f1,all,f1_C50_p05,1.0,12
B4,KAN,f1,all,fn_C50_p05,0.0,12
B4,KAN,f1,all,fp_C50_p05,0.0,12
B4,KAN,f1,all,precision_C50_pstar,1.0,12
B4,KAN,f1,all,recall_C50_pstar,1.0,12
B4,KAN,f1,all,f1_C50_pstar,1.0,12
B4,KAN,f1,all,fn_C50_pstar,0.0,12
B4,KAN,f1,all,fp_C50_pstar,0.0,12
B4,KAN,f1,all,bss_cond_C75,0.9967304797509828,12
B4,KAN,f1,all,brier_clim_C75,0.42587771203155816,12
B4,KAN,f1,all,brier_climcond_C75,0.3605761316872429,12
B4,KAN,f1,all,precision_C75_p05,1.0,12
B4,KAN,f1,all,recall_C75_p05,1.0,12
B4,KAN,f1,all,f1_C75_p05,1.0,12
B4,KAN,f1,all,fn_C75_p05,0.0,12
B4,KAN,f1,all,fp_C75_p05,0.0,12
B4,KAN,f1,all,precision_C75_pstar,1.0,12
B4,KAN,f1,all,recall_C75_pstar,1.0,12
B4,KAN,f1,all,f1_C75_pstar,1.0,12
B4,KAN,f1,all,fn_C75_pstar,0.0,12
B4,KAN,f1,all,fp_C75_pstar,0.0,12
B4,KAN,f1,all,bss_cond_C90,0.10526772935564566,12
B4,KAN,f1,all,brier_clim_C90,0.28796844181459574,12
B4,KAN,f1,all,brier_climcond_C90,0.2674897119341564,12
B4,KAN,f1,all,precision_C90_p05,0.5,12
B4,KAN,f1,all,recall_C90_p05,1.0,12
B4,KAN,f1,all,f1_C90_p05,0.6666666666666666,12
B4,KAN,f1,all,fn_C90_p05,0.0,12
B4,KAN,f1,all,fp_C90_p05,4.0,12
B4,KAN,f1,all,precision_C90_pstar,0.5,12
B4,KAN,f1,all,recall_C90_pstar,1.0,12
B4,KAN,f1,all,f1_C90_pstar,0.6666666666666666,12
B4,KAN,f1,all,fn_C90_pstar,0.0,12
B4,KAN,f1,all,fp_C90_pstar,4.0,12
B4,KAN,f1,op,brier_mean_platt,0.09620430442874442,10
B4,KAN,f1,op,brier_platt_C50,2.0733017440745068e-7,10
B4,KAN,f1,op,brier_platt_C75,0.0014146931566364784,10
B4,KAN,f1,op,brier_platt_C90,0.28719801279942236,10
B4,KAN,f1,op,bss_cond_C50,0.9999989295165651,10
B4,KAN,f1,op,brier_clim_C50,0.3325443786982249,10
B4,KAN,f1,op,brier_climcond_C50,0.19367901234567902,10
B4,KAN,f1,op,precision_C50_p05,1.0,10
B4,KAN,f1,op,recall_C50_p05,1.0,10
B4,KAN,f1,op,f1_C50_p05,1.0,10
B4,KAN,f1,op,fn_C50_p05,0.0,10
B4,KAN,f1,op,fp_C50_p05,0.0,10
B4,KAN,f1,op,precision_C50_pstar,1.0,10
B4,KAN,f1,op,recall_C50_pstar,1.0,10
B4,KAN,f1,op,f1_C50_pstar,1.0,10
B4,KAN,f1,op,fn_C50_pstar,0.0,10
B4,KAN,f1,op,fp_C50_pstar,0.0,10
B4,KAN,f1,op,bss_cond_C75,0.9967304797509828,10
B4,KAN,f1,op,brier_clim_C75,0.5017751479289941,10
B4,KAN,f1,op,brier_climcond_C75,0.4326913580246915,10
B4,KAN,f1,op,precision_C75_p05,1.0,10
B4,KAN,f1,op,recall_C75_p05,1.0,10
B4,KAN,f1,op,f1_C75_p05,1.0,10
B4,KAN,f1,op,fn_C75_p05,0.0,10
B4,KAN,f1,op,fp_C75_p05,0.0,10
B4,KAN,f1,op,precision_C75_pstar,1.0,10
B4,KAN,f1,op,recall_C75_pstar,1.0,10
B4,KAN,f1,op,f1_C75_pstar,1.0,10
B4,KAN,f1,op,fn_C75_pstar,0.0,10
B4,KAN,f1,op,fp_C75_pstar,0.0,10
B4,KAN,f1,op,bss_cond_C90,0.10526772935564566,10
B4,KAN,f1,op,brier_clim_C90,0.3443786982248521,10
B4,KAN,f1,op,brier_climcond_C90,0.32098765432098764,10
B4,KAN,f1,op,precision_C90_p05,0.5,10
B4,KAN,f1,op,recall_C90_p05,1.0,10
B4,KAN,f1,op,f1_C90_p05,0.6666666666666666,10
B4,KAN,f1,op,fn_C90_p05,0.0,10
B4,KAN,f1,op,fp_C90_p05,4.0,10
B4,KAN,f1,op,precision_C90_pstar,0.5,10
B4,KAN,f1,op,recall_C90_pstar,1.0,10
B4,KAN,f1,op,f1_C90_pstar,0.6666666666666666,10
B4,KAN,f1,op,fn_C90_pstar,0.0,10
B4,KAN,f1,op,fp_C90_pstar,4.0,10
B4,KAN,f1,nonop,brier_mean_platt,6.204607035688701e-17,2
B4,KAN,f1,nonop,brier_platt_C50,1.86138211070661e-16,2
B4,KAN,f1,nonop,brier_platt_C75,2.962289765036091e-55,2
B4,KAN,f1,nonop,brier_platt_C90,2.962289765036091e-55,2
B4,KAN,f1,nonop,bss_cond_C50,NaN,2
B4,KAN,f1,nonop,brier_clim_C50,0.14792899408284024,2
B4,KAN,f1,nonop,brier_climcond_C50,0.0,2
B4,KAN,f1,nonop,precision_C50_p05,NaN,2
B4,KAN,f1,nonop,recall_C50_p05,NaN,2
B4,KAN,f1,nonop,f1_C50_p05,NaN,2
B4,KAN,f1,nonop,fn_C50_p05,0.0,2
B4,KAN,f1,nonop,fp_C50_p05,0.0,2
B4,KAN,f1,nonop,precision_C50_pstar,NaN,2
B4,KAN,f1,nonop,recall_C50_pstar,NaN,2
B4,KAN,f1,nonop,f1_C50_pstar,NaN,2
B4,KAN,f1,nonop,fn_C50_pstar,0.0,2
B4,KAN,f1,nonop,fp_C50_pstar,0.0,2
B4,KAN,f1,nonop,bss_cond_C75,NaN,2
B4,KAN,f1,nonop,brier_clim_C75,0.0463905325443787,2
B4,KAN,f1,nonop,brier_climcond_C75,0.0,2
B4,KAN,f1,nonop,precision_C75_p05,NaN,2
B4,KAN,f1,nonop,recall_C75_p05,NaN,2
B4,KAN,f1,nonop,f1_C75_p05,NaN,2
B4,KAN,f1,nonop,fn_C75_p05,0.0,2
B4,KAN,f1,nonop,fp_C75_p05,0.0,2
B4,KAN,f1,nonop,precision_C75_pstar,NaN,2
B4,KAN,f1,nonop,recall_C75_pstar,NaN,2
B4,KAN,f1,nonop,f1_C75_pstar,NaN,2
B4,KAN,f1,nonop,fn_C75_pstar,0.0,2
B4,KAN,f1,nonop,fp_C75_pstar,0.0,2
B4,KAN,f1,nonop,bss_cond_C90,NaN,2
B4,KAN,f1,nonop,brier_clim_C90,0.00591715976331361,2
B4,KAN,f1,nonop,brier_climcond_C90,0.0,2
B4,KAN,f1,nonop,precision_C90_p05,NaN,2
B4,KAN,f1,nonop,recall_C90_p05,NaN,2
B4,KAN,f1,nonop,f1_C90_p05,NaN,2
B4,KAN,f1,nonop,fn_C90_p05,0.0,2
B4,KAN,f1,nonop,fp_C90_p05,0.0,2
B4,KAN,f1,nonop,precision_C90_pstar,NaN,2
B4,KAN,f1,nonop,recall_C90_pstar,NaN,2
B4,KAN,f1,nonop,f1_C90_pstar,NaN,2
B4,KAN,f1,nonop,fn_C90_pstar,0.0,2
B4,KAN,f1,nonop,fp_C90_pstar,0.0,2
B4,KAN,f2,all,brier_mean_platt,0.08825122566284899,13
B4,KAN,f2,all,brier_platt_C50,2.0842466992848377e-9,13
B4,KAN,f2,all,brier_platt_C75,4.5002357334630967e-8,13
B4,KAN,f2,all,brier_platt_C90,0.2647536299019429,13
B4,KAN,f2,all,bss_cond_C50,0.9999999812314664,13
B4,KAN,f2,all,brier_clim_C50,0.26697977347328,13
B4,KAN,f2,all,brier_climcond_C50,0.11105005548191413,13
B4,KAN,f2,all,precision_C50_p05,1.0,13
B4,KAN,f2,all,recall_C50_p05,1.0,13
B4,KAN,f2,all,f1_C50_p05,1.0,13
B4,KAN,f2,all,fn_C50_p05,0.0,13
B4,KAN,f2,all,fp_C50_p05,0.0,13
B4,KAN,f2,all,precision_C50_pstar,1.0,13
B4,KAN,f2,all,recall_C50_pstar,1.0,13
B4,KAN,f2,all,f1_C50_pstar,1.0,13
B4,KAN,f2,all,fn_C50_pstar,0.0,13
B4,KAN,f2,all,fp_C50_pstar,0.0,13
B4,KAN,f2,all,bss_cond_C75,0.9999998456512554,13
B4,KAN,f2,all,brier_clim_C75,0.3666203925944187,13
B4,KAN,f2,all,brier_climcond_C75,0.29156283374866504,13
B4,KAN,f2,all,precision_C75_p05,1.0,13
B4,KAN,f2,all,recall_C75_p05,1.0,13
B4,KAN,f2,all,f1_C75_p05,1.0,13
B4,KAN,f2,all,fn_C75_p05,0.0,13
B4,KAN,f2,all,fp_C75_p05,0.0,13
B4,KAN,f2,all,precision_C75_pstar,1.0,13
B4,KAN,f2,all,recall_C75_pstar,1.0,13
B4,KAN,f2,all,f1_C75_pstar,1.0,13
B4,KAN,f2,all,fn_C75_pstar,0.0,13
B4,KAN,f2,all,fp_C75_pstar,0.0,13
B4,KAN,f2,all,bss_cond_C90,0.34728542376929206,13
B4,KAN,f2,all,brier_clim_C90,0.44882390336935774,13
B4,KAN,f2,all,brier_climcond_C90,0.4056193005997208,13
B4,KAN,f2,all,precision_C90_p05,NaN,13
B4,KAN,f2,all,recall_C90_p05,0.0,13
B4,KAN,f2,all,f1_C90_p05,0.0,13
B4,KAN,f2,all,fn_C90_p05,7.0,13
B4,KAN,f2,all,fp_C90_p05,0.0,13
B4,KAN,f2,all,precision_C90_pstar,1.0,13
B4,KAN,f2,all,recall_C90_pstar,1.0,13
B4,KAN,f2,all,f1_C90_pstar,1.0,13
B4,KAN,f2,all,fn_C90_pstar,0.0,13
B4,KAN,f2,all,fp_C90_pstar,0.0,13
B4,KAN,f2,op,brier_mean_platt,0.14340824170212962,8
B4,KAN,f2,op,brier_platt_C50,3.386900886337398e-9,8
B4,KAN,f2,op,brier_platt_C75,7.312883066877485e-8,8
B4,KAN,f2,op,brier_platt_C90,0.43022464859065723,8
B4,KAN,f2,op,bss_cond_C50,0.9999999812314664,8
B4,KAN,f2,op,brier_clim_C50,0.3325392140327205,8
B4,KAN,f2,op,brier_climcond_C50,0.18045634015811046,8
B4,KAN,f2,op,precision_C50_p05,1.0,8
B4,KAN,f2,op,recall_C50_p05,1.0,8
B4,KAN,f2,op,f1_C50_p05,1.0,8
B4,KAN,f2,op,fn_C50_p05,0.0,8
B4,KAN,f2,op,fp_C50_p05,0.0,8
B4,KAN,f2,op,precision_C50_pstar,1.0,8
B4,KAN,f2,op,recall_C50_pstar,1.0,8
B4,KAN,f2,op,f1_C50_pstar,1.0,8
B4,KAN,f2,op,fn_C50_pstar,0.0,8
B4,KAN,f2,op,fp_C50_pstar,0.0,8
B4,KAN,f2,op,bss_cond_C75,0.9999998456512554,8
B4,KAN,f2,op,brier_clim_C75,0.572039973013999,8
B4,KAN,f2,op,brier_climcond_C75,0.4737896048415807,8
B4,KAN,f2,op,precision_C75_p05,1.0,8
B4,KAN,f2,op,recall_C75_p05,1.0,8
B4,KAN,f2,op,f1_C75_p05,1.0,8
B4,KAN,f2,op,fn_C75_p05,0.0,8
B4,KAN,f2,op,fp_C75_p05,0.0,8
B4,KAN,f2,op,precision_C75_pstar,1.0,8
B4,KAN,f2,op,recall_C75_pstar,1.0,8
B4,KAN,f2,op,f1_C75_pstar,1.0,8
B4,KAN,f2,op,fn_C75_pstar,0.0,8
B4,KAN,f2,op,fp_C75_pstar,0.0,8
B4,KAN,f2,op,bss_cond_C90,0.34728542376929183,8
B4,KAN,f2,op,brier_clim_C90,0.7241735537190082,8
B4,KAN,f2,op,brier_climcond_C90,0.6591313634745462,8
B4,KAN,f2,op,precision_C90_p05,NaN,8
B4,KAN,f2,op,recall_C90_p05,0.0,8
B4,KAN,f2,op,f1_C90_p05,0.0,8
B4,KAN,f2,op,fn_C90_p05,7.0,8
B4,KAN,f2,op,fp_C90_p05,0.0,8
B4,KAN,f2,op,precision_C90_pstar,1.0,8
B4,KAN,f2,op,recall_C90_pstar,1.0,8
B4,KAN,f2,op,f1_C90_pstar,1.0,8
B4,KAN,f2,op,fn_C90_pstar,0.0,8
B4,KAN,f2,op,fp_C90_pstar,0.0,8
B4,KAN,f2,nonop,brier_mean_platt,7.395100505692067e-22,5
B4,KAN,f2,nonop,brier_platt_C50,7.395100505692067e-22,5
B4,KAN,f2,nonop,brier_platt_C75,7.395100505692067e-22,5
B4,KAN,f2,nonop,brier_platt_C90,7.395100505692067e-22,5
B4,KAN,f2,nonop,bss_cond_C50,NaN,5
B4,KAN,f2,nonop,brier_clim_C50,0.16208466857817508,5
B4,KAN,f2,nonop,brier_climcond_C50,0.0,5
B4,KAN,f2,nonop,precision_C50_p05,NaN,5
B4,KAN,f2,nonop,recall_C50_p05,NaN,5
B4,KAN,f2,nonop,f1_C50_p05,NaN,5
B4,KAN,f2,nonop,fn_C50_p05,0.0,5
B4,KAN,f2,nonop,fp_C50_p05,0.0,5
B4,KAN,f2,nonop,precision_C50_pstar,NaN,5
B4,KAN,f2,nonop,recall_C50_pstar,NaN,5
B4,KAN,f2,nonop,f1_C50_pstar,NaN,5
B4,KAN,f2,nonop,fn_C50_pstar,0.0,5
B4,KAN,f2,nonop,fp_C50_pstar,0.0,5
B4,KAN,f2,nonop,bss_cond_C75,NaN,5
B4,KAN,f2,nonop,brier_clim_C75,0.0379490639230899,5
B4,KAN,f2,nonop,brier_climcond_C75,0.0,5
B4,KAN,f2,nonop,precision_C75_p05,NaN,5
B4,KAN,f2,nonop,recall_C75_p05,NaN,5
B4,KAN,f2,nonop,f1_C75_p05,NaN,5
B4,KAN,f2,nonop,fn_C75_p05,0.0,5
B4,KAN,f2,nonop,fp_C75_p05,0.0,5
B4,KAN,f2,nonop,precision_C75_pstar,NaN,5
B4,KAN,f2,nonop,recall_C75_pstar,NaN,5
B4,KAN,f2,nonop,f1_C75_pstar,NaN,5
B4,KAN,f2,nonop,fn_C75_pstar,0.0,5
B4,KAN,f2,nonop,fp_C75_pstar,0.0,5
B4,KAN,f2,nonop,bss_cond_C90,NaN,5
B4,KAN,f2,nonop,brier_clim_C90,0.008264462809917356,5
B4,KAN,f2,nonop,brier_climcond_C90,0.0,5
B4,KAN,f2,nonop,precision_C90_p05,NaN,5
B4,KAN,f2,nonop,recall_C90_p05,NaN,5
B4,KAN,f2,nonop,f1_C90_p05,NaN,5
B4,KAN,f2,nonop,fn_C90_p05,0.0,5
B4,KAN,f2,nonop,fp_C90_p05,0.0,5
B4,KAN,f2,nonop,precision_C90_pstar,NaN,5
B4,KAN,f2,nonop,recall_C90_pstar,NaN,5
B4,KAN,f2,nonop,f1_C90_pstar,NaN,5
B4,KAN,f2,nonop,fn_C90_pstar,0.0,5
B4,KAN,f2,nonop,fp_C90_pstar,0.0,5
B4,KAN,f3,all,brier_mean_platt,0.21405190672781263,14
B4,KAN,f3,all,brier_platt_C50,0.07142223341117195,14
B4,KAN,f3,all,brier_platt_C75,0.21418076751730403,14
B4,KAN,f3,all,brier_platt_C90,0.35655271925496196,14
B4,KAN,f3,all,bss_cond_C50,0.3303137525022979,14
B4,KAN,f3,all,brier_clim_C50,0.24571428571428575,14
B4,KAN,f3,all,brier_climcond_C50,0.1066502913536641,14
B4,KAN,f3,all,precision_C50_p05,0.8571428571428571,14
B4,KAN,f3,all,recall_C50_p05,1.0,14
B4,KAN,f3,all,f1_C50_p05,0.9230769230769231,14
B4,KAN,f3,all,fn_C50_p05,0.0,14
B4,KAN,f3,all,fp_C50_p05,1.0,14
B4,KAN,f3,all,precision_C50_pstar,0.8333333333333334,14
B4,KAN,f3,all,recall_C50_pstar,0.8333333333333334,14
B4,KAN,f3,all,f1_C50_pstar,0.8333333333333334,14
B4,KAN,f3,all,fn_C50_pstar,1.0,14
B4,KAN,f3,all,fp_C50_pstar,1.0,14
B4,KAN,f3,all,bss_cond_C75,-0.3708726997231153,14
B4,KAN,f3,all,brier_clim_C75,0.20964726631393302,14
B4,KAN,f3,all,brier_climcond_C75,0.15623680270280646,14
B4,KAN,f3,all,precision_C75_p05,0.5714285714285714,14
B4,KAN,f3,all,recall_C75_p05,1.0,14
B4,KAN,f3,all,f1_C75_p05,0.7272727272727273,14
B4,KAN,f3,all,fn_C75_p05,0.0,14
B4,KAN,f3,all,fp_C75_p05,3.0,14
B4,KAN,f3,all,precision_C75_pstar,0.5714285714285714,14
B4,KAN,f3,all,recall_C75_pstar,1.0,14
B4,KAN,f3,all,f1_C75_pstar,0.7272727272727273,14
B4,KAN,f3,all,fn_C75_pstar,0.0,14
B4,KAN,f3,all,fp_C75_pstar,3.0,14
B4,KAN,f3,all,bss_cond_C90,-2.1280325626251244,14
B4,KAN,f3,all,brier_clim_C90,0.12536155202821872,14
B4,KAN,f3,all,brier_climcond_C90,0.11398625561485008,14
B4,KAN,f3,all,precision_C90_p05,0.2857142857142857,14
B4,KAN,f3,all,recall_C90_p05,1.0,14
B4,KAN,f3,all,f1_C90_p05,0.4444444444444444,14
B4,KAN,f3,all,fn_C90_p05,0.0,14
B4,KAN,f3,all,fp_C90_p05,5.0,14
B4,KAN,f3,all,precision_C90_pstar,0.2857142857142857,14
B4,KAN,f3,all,recall_C90_pstar,1.0,14
B4,KAN,f3,all,f1_C90_pstar,0.4444444444444444,14
B4,KAN,f3,all,fn_C90_pstar,0.0,14
B4,KAN,f3,all,fp_C90_pstar,5.0,14
B4,KAN,f3,op,brier_mean_platt,0.37459083677367216,8
B4,KAN,f3,op,brier_platt_C50,0.1249889084695509,8
B4,KAN,f3,op,brier_platt_C75,0.37481634315528206,8
B4,KAN,f3,op,brier_platt_C90,0.6239672586961834,8
B4,KAN,f3,op,bss_cond_C50,0.330313752502298,8
B4,KAN,f3,op,brier_clim_C50,0.31,8
B4,KAN,f3,op,brier_climcond_C50,0.1866380098689122,8
B4,KAN,f3,op,precision_C50_p05,0.8571428571428571,8
B4,KAN,f3,op,recall_C50_p05,1.0,8
B4,KAN,f3,op,f1_C50_p05,0.9230769230769231,8
B4,KAN,f3,op,fn_C50_p05,0.0,8
B4,KAN,f3,op,fp_C50_p05,1.0,8
B4,KAN,f3,op,precision_C50_pstar,0.8333333333333334,8
B4,KAN,f3,op,recall_C50_pstar,0.8333333333333334,8
B4,KAN,f3,op,f1_C50_pstar,0.8333333333333334,8
B4,KAN,f3,op,fn_C50_pstar,1.0,8
B4,KAN,f3,op,fp_C50_pstar,1.0,8
B4,KAN,f3,op,bss_cond_C75,-0.37087269972311554,8
B4,KAN,f3,op,brier_clim_C75,0.33345679012345675,8
B4,KAN,f3,op,brier_climcond_C75,0.2734144047299113,8
B4,KAN,f3,op,precision_C75_p05,0.5714285714285714,8
B4,KAN,f3,op,recall_C75_p05,1.0,8
B4,KAN,f3,op,f1_C75_p05,0.7272727272727273,8
B4,KAN,f3,op,fn_C75_p05,0.0,8
B4,KAN,f3,op,fp_C75_p05,3.0,8
B4,KAN,f3,op,precision_C75_pstar,0.5714285714285714,8
B4,KAN,f3,op,recall_C75_pstar,1.0,8
B4,KAN,f3,op,f1_C75_pstar,0.7272727272727273,8
B4,KAN,f3,op,fn_C75_pstar,0.0,8
B4,KAN,f3,op,fp_C75_pstar,3.0,8
B4,KAN,f3,op,bss_cond_C90,-2.1280325626251244,8
B4,KAN,f3,op,brier_clim_C90,0.2134567901234568,8
B4,KAN,f3,op,brier_climcond_C90,0.19947594732598764,8
B4,KAN,f3,op,precision_C90_p05,0.2857142857142857,8
B4,KAN,f3,op,recall_C90_p05,1.0,8
B4,KAN,f3,op,f1_C90_p05,0.4444444444444444,8
B4,KAN,f3,op,fn_C90_p05,0.0,8
B4,KAN,f3,op,fp_C90_p05,5.0,8
B4,KAN,f3,op,precision_C90_pstar,0.2857142857142857,8
B4,KAN,f3,op,recall_C90_pstar,1.0,8
B4,KAN,f3,op,f1_C90_pstar,0.4444444444444444,8
B4,KAN,f3,op,fn_C90_pstar,0.0,8
B4,KAN,f3,op,fp_C90_pstar,5.0,8
B4,KAN,f3,nonop,brier_mean_platt,4.164768317985389e-18,6
B4,KAN,f3,nonop,brier_platt_C50,1.2494065490333484e-17,6
B4,KAN,f3,nonop,brier_platt_C75,1.1973181134004082e-22,6
B4,KAN,f3,nonop,brier_platt_C90,1.1973181134004082e-22,6
B4,KAN,f3,nonop,bss_cond_C50,NaN,6
B4,KAN,f3,nonop,brier_clim_C50,0.16000000000000003,6
B4,KAN,f3,nonop,brier_climcond_C50,0.0,6
B4,KAN,f3,nonop,precision_C50_p05,NaN,6
B4,KAN,f3,nonop,recall_C50_p05,NaN,6
B4,KAN,f3,nonop,f1_C50_p05,NaN,6
B4,KAN,f3,nonop,fn_C50_p05,0.0,6
B4,KAN,f3,nonop,fp_C50_p05,0.0,6
B4,KAN,f3,nonop,precision_C50_pstar,NaN,6
B4,KAN,f3,nonop,recall_C50_pstar,NaN,6
B4,KAN,f3,nonop,f1_C50_pstar,NaN,6
B4,KAN,f3,nonop,fn_C50_pstar,0.0,6
B4,KAN,f3,nonop,fp_C50_pstar,0.0,6
B4,KAN,f3,nonop,bss_cond_C75,NaN,6
B4,KAN,f3,nonop,brier_clim_C75,0.04456790123456789,6
B4,KAN,f3,nonop,brier_climcond_C75,0.0,6
B4,KAN,f3,nonop,precision_C75_p05,NaN,6
B4,KAN,f3,nonop,recall_C75_p05,NaN,6
B4,KAN,f3,nonop,f1_C75_p05,NaN,6
B4,KAN,f3,nonop,fn_C75_p05,0.0,6
B4,KAN,f3,nonop,fp_C75_p05,0.0,6
B4,KAN,f3,nonop,precision_C75_pstar,NaN,6
B4,KAN,f3,nonop,recall_C75_pstar,NaN,6
B4,KAN,f3,nonop,f1_C75_pstar,NaN,6
B4,KAN,f3,nonop,fn_C75_pstar,0.0,6
B4,KAN,f3,nonop,fp_C75_pstar,0.0,6
B4,KAN,f3,nonop,bss_cond_C90,NaN,6
B4,KAN,f3,nonop,brier_clim_C90,0.007901234567901235,6
B4,KAN,f3,nonop,brier_climcond_C90,0.0,6
B4,KAN,f3,nonop,precision_C90_p05,NaN,6
B4,KAN,f3,nonop,recall_C90_p05,NaN,6
B4,KAN,f3,nonop,f1_C90_p05,NaN,6
B4,KAN,f3,nonop,fn_C90_p05,0.0,6
B4,KAN,f3,nonop,fp_C90_p05,0.0,6
B4,KAN,f3,nonop,precision_C90_pstar,NaN,6
B4,KAN,f3,nonop,recall_C90_pstar,NaN,6
B4,KAN,f3,nonop,f1_C90_pstar,NaN,6
B4,KAN,f3,nonop,fn_C90_pstar,0.0,6
B4,KAN,f3,nonop,fp_C90_pstar,0.0,6
B4,KAN,f4,all,brier_mean_platt,0.20913615048279696,12
B4,KAN,f4,all,brier_platt_C50,1.8808706656943278e-12,12
B4,KAN,f4,all,brier_platt_C75,0.5932855382637171,12
B4,KAN,f4,all,brier_platt_C90,0.034122913182792876,12
B4,KAN,f4,all,bss_cond_C50,0.9999999999879905,12
B4,KAN,f4,all,brier_clim_C50,0.3402366863905326,12
B4,KAN,f4,all,brier_climcond_C50,0.1566154698555268,12
B4,KAN,f4,all,precision_C50_p05,1.0,12
B4,KAN,f4,all,recall_C50_p05,1.0,12
B4,KAN,f4,all,f1_C50_p05,1.0,12
B4,KAN,f4,all,fn_C50_p05,0.0,12
B4,KAN,f4,all,fp_C50_p05,0.0,12
B4,KAN,f4,all,precision_C50_pstar,1.0,12
B4,KAN,f4,all,recall_C50_pstar,1.0,12
B4,KAN,f4,all,f1_C50_pstar,1.0,12
B4,KAN,f4,all,fn_C50_pstar,0.0,12
B4,KAN,f4,all,fp_C50_pstar,0.0,12
B4,KAN,f4,all,bss_cond_C75,-3.1952094217891727,12
B4,KAN,f4,all,brier_clim_C75,0.13954635108481264,12
B4,KAN,f4,all,brier_climcond_C75,0.1414197668374545,12
B4,KAN,f4,all,precision_C75_p05,0.2,12
B4,KAN,f4,all,recall_C75_p05,1.0,12
B4,KAN,f4,all,f1_C75_p05,0.3333333333333333,12
B4,KAN,f4,all,fn_C75_p05,0.0,12
B4,KAN,f4,all,fp_C75_p05,8.0,12
B4,KAN,f4,all,precision_C75_pstar,0.2,12
B4,KAN,f4,all,recall_C75_pstar,1.0,12
B4,KAN,f4,all,f1_C75_pstar,0.3333333333333333,12
B4,KAN,f4,all,fn_C75_pstar,0.0,12
B4,KAN,f4,all,fp_C75_pstar,8.0,12
B4,KAN,f4,all,bss_cond_C90,-1.8720829489541981,12
B4,KAN,f4,all,brier_clim_C90,0.005917159763313611,12
B4,KAN,f4,all,brier_climcond_C90,0.011880894037276305,12
B4,KAN,f4,all,precision_C90_p05,NaN,12
B4,KAN,f4,all,recall_C90_p05,NaN,12
B4,KAN,f4,all,f1_C90_p05,NaN,12
B4,KAN,f4,all,fn_C90_p05,0.0,12
B4,KAN,f4,all,fp_C90_p05,0.0,12
B4,KAN,f4,all,precision_C90_pstar,0.0,12
B4,KAN,f4,all,recall_C90_pstar,NaN,12
B4,KAN,f4,all,f1_C90_pstar,NaN,12
B4,KAN,f4,all,fn_C90_pstar,0.0,12
B4,KAN,f4,all,fp_C90_pstar,4.0,12
B4,KAN,f4,op,brier_mean_platt,0.22814852779941486,11
B4,KAN,f4,op,brier_platt_C50,2.0518588720251046e-12,11
B4,KAN,f4,op,brier_platt_C75,0.6472205871967823,11
B4,KAN,f4,op,brier_platt_C90,0.0372249961994104,11
B4,KAN,f4,op,bss_cond_C50,0.9999999999879905,11
B4,KAN,f4,op,brier_clim_C50,0.3577192038730501,11
B4,KAN,f4,op,brier_climcond_C50,0.17085323984239287,11
B4,KAN,f4,op,precision_C50_p05,1.0,11
B4,KAN,f4,op,recall_C50_p05,1.0,11
B4,KAN,f4,op,f1_C50_p05,1.0,11
B4,KAN,f4,op,fn_C50_p05,0.0,11
B4,KAN,f4,op,fp_C50_p05,0.0,11
B4,KAN,f4,op,precision_C50_pstar,1.0,11
B4,KAN,f4,op,recall_C50_pstar,1.0,11
B4,KAN,f4,op,f1_C50_pstar,1.0,11
B4,KAN,f4,op,fn_C50_pstar,0.0,11
B4,KAN,f4,op,fp_C50_pstar,0.0,11
B4,KAN,f4,op,bss_cond_C75,-3.1952094217891727,11
B4,KAN,f4,op,brier_clim_C75,0.14887036040882198,11
B4,KAN,f4,op,brier_climcond_C75,0.1542761092772231,11
B4,KAN,f4,op,precision_C75_p05,0.2,11
B4,KAN,f4,op,recall_C75_p05,1.0,11
B4,KAN,f4,op,f1_C75_p05,0.3333333333333333,11
B4,KAN,f4,op,fn_C75_p05,0.0,11
B4,KAN,f4,op,fp_C75_p05,8.0,11
B4,KAN,f4,op,precision_C75_pstar,0.2,11
B4,KAN,f4,op,recall_C75_pstar,1.0,11
B4,KAN,f4,op,f1_C75_pstar,0.3333333333333333,11
B4,KAN,f4,op,fn_C75_pstar,0.0,11
B4,KAN,f4,op,fp_C75_pstar,8.0,11
B4,KAN,f4,op,bss_cond_C90,-1.8720829489541972,11
B4,KAN,f4,op,brier_clim_C90,0.005917159763313611,11
B4,KAN,f4,op,brier_climcond_C90,0.012960975313392332,11
B4,KAN,f4,op,precision_C90_p05,NaN,11
B4,KAN,f4,op,recall_C90_p05,NaN,11
B4,KAN,f4,op,f1_C90_p05,NaN,11
B4,KAN,f4,op,fn_C90_p05,0.0,11
B4,KAN,f4,op,fp_C90_p05,0.0,11
B4,KAN,f4,op,precision_C90_pstar,0.0,11
B4,KAN,f4,op,recall_C90_pstar,NaN,11
B4,KAN,f4,op,f1_C90_pstar,NaN,11
B4,KAN,f4,op,fn_C90_pstar,0.0,11
B4,KAN,f4,op,fp_C90_pstar,4.0,11
B4,KAN,f4,nonop,brier_mean_platt,1.3201859326461794e-19,1
B4,KAN,f4,nonop,brier_platt_C50,3.9605577979385384e-19,1
B4,KAN,f4,nonop,brier_platt_C75,1.1120486522920468e-111,1
B4,KAN,f4,nonop,brier_platt_C90,1.1120486522920468e-111,1
B4,KAN,f4,nonop,bss_cond_C50,NaN,1
B4,KAN,f4,nonop,brier_clim_C50,0.14792899408284024,1
B4,KAN,f4,nonop,brier_climcond_C50,0.0,1
B4,KAN,f4,nonop,precision_C50_p05,NaN,1
B4,KAN,f4,nonop,recall_C50_p05,NaN,1
B4,KAN,f4,nonop,f1_C50_p05,NaN,1
B4,KAN,f4,nonop,fn_C50_p05,0.0,1
B4,KAN,f4,nonop,fp_C50_p05,0.0,1
B4,KAN,f4,nonop,precision_C50_pstar,NaN,1
B4,KAN,f4,nonop,recall_C50_pstar,NaN,1
B4,KAN,f4,nonop,f1_C50_pstar,NaN,1
B4,KAN,f4,nonop,fn_C50_pstar,0.0,1
B4,KAN,f4,nonop,fp_C50_pstar,0.0,1
B4,KAN,f4,nonop,bss_cond_C75,NaN,1
B4,KAN,f4,nonop,brier_clim_C75,0.03698224852071006,1
B4,KAN,f4,nonop,brier_climcond_C75,0.0,1
B4,KAN,f4,nonop,precision_C75_p05,NaN,1
B4,KAN,f4,nonop,recall_C75_p05,NaN,1
B4,KAN,f4,nonop,f1_C75_p05,NaN,1
B4,KAN,f4,nonop,fn_C75_p05,0.0,1
B4,KAN,f4,nonop,fp_C75_p05,0.0,1
B4,KAN,f4,nonop,precision_C75_pstar,NaN,1
B4,KAN,f4,nonop,recall_C75_pstar,NaN,1
B4,KAN,f4,nonop,f1_C75_pstar,NaN,1
B4,KAN,f4,nonop,fn_C75_pstar,0.0,1
B4,KAN,f4,nonop,fp_C75_pstar,0.0,1
B4,KAN,f4,nonop,bss_cond_C90,NaN,1
B4,KAN,f4,nonop,brier_clim_C90,0.00591715976331361,1
B4,KAN,f4,nonop,brier_climcond_C90,0.0,1
B4,KAN,f4,nonop,precision_C90_p05,NaN,1
B4,KAN,f4,nonop,recall_C90_p05,NaN,1
B4,KAN,f4,nonop,f1_C90_p05,NaN,1
B4,KAN,f4,nonop,fn_C90_p05,0.0,1
B4,KAN,f4,nonop,fp_C90_p05,0.0,1
B4,KAN,f4,nonop,precision_C90_pstar,NaN,1
B4,KAN,f4,nonop,recall_C90_pstar,NaN,1
B4,KAN,f4,nonop,f1_C90_pstar,NaN,1
B4,KAN,f4,nonop,fn_C90_pstar,0.0,1
B4,KAN,f4,nonop,fp_C90_pstar,0.0,1
B4,KAN,pooled,all,brier_mean_platt,0.1493268525075965,51
B4,KAN,pooled,all,brier_platt_C50,0.019606144474037825,51
B4,KAN,pooled,all,brier_platt_C75,0.19866872001968375,51
B4,KAN,pooled,all,brier_platt_C90,0.22970569302906788,51
B4,KAN,pooled,all,bss_cond_C50,0.8519289723173495,51
B4,KAN,pooled,all,brier_clim_C50,0.2865662562154306,51
B4,KAN,pooled,all,brier_climcond_C50,0.13241040317528027,51
B4,KAN,pooled,all,precision_C50_p05,0.96875,51
B4,KAN,pooled,all,recall_C50_p05,1.0,51
B4,KAN,pooled,all,f1_C50_p05,0.9841269841269841,51
B4,KAN,pooled,all,fn_C50_p05,0.0,51
B4,KAN,pooled,all,fp_C50_p05,1.0,51
B4,KAN,pooled,all,precision_C50_pstar,0.967741935483871,51
B4,KAN,pooled,all,recall_C50_pstar,0.967741935483871,51
B4,KAN,pooled,all,f1_C50_pstar,0.967741935483871,51
B4,KAN,pooled,all,fn_C50_pstar,1.0,51
B4,KAN,pooled,all,fp_C50_pstar,1.0,51
B4,KAN,pooled,all,bss_cond_C75,0.15576929808746243,51
B4,KAN,pooled,all,brier_clim_C75,0.28404344293174416,51
B4,KAN,pooled,all,brier_climcond_C75,0.235325154095457,51
B4,KAN,pooled,all,precision_C75_p05,0.65625,51
B4,KAN,pooled,all,recall_C75_p05,1.0,51
B4,KAN,pooled,all,f1_C75_p05,0.7924528301886793,51
B4,KAN,pooled,all,fn_C75_p05,0.0,51
B4,KAN,pooled,all,fp_C75_p05,11.0,51
B4,KAN,pooled,all,precision_C75_pstar,0.65625,51
B4,KAN,pooled,all,recall_C75_pstar,1.0,51
B4,KAN,pooled,all,f1_C75_pstar,0.7924528301886793,51
B4,KAN,pooled,all,fn_C75_pstar,0.0,51
B4,KAN,pooled,all,fp_C75_pstar,11.0,51
B4,KAN,pooled,all,bss_cond_C90,-0.14613441978711417,51
B4,KAN,pooled,all,brier_clim_C90,0.21796862139473777,51
B4,KAN,pooled,all,brier_climcond_C90,0.20041775996198943,51
B4,KAN,pooled,all,precision_C90_p05,0.4,51
B4,KAN,pooled,all,recall_C90_p05,0.46153846153846156,51
B4,KAN,pooled,all,f1_C90_p05,0.42857142857142855,51
B4,KAN,pooled,all,fn_C90_p05,7.0,51
B4,KAN,pooled,all,fp_C90_p05,9.0,51
B4,KAN,pooled,all,precision_C90_pstar,0.5,51
B4,KAN,pooled,all,recall_C90_pstar,1.0,51
B4,KAN,pooled,all,f1_C90_pstar,0.6666666666666666,51
B4,KAN,pooled,all,fn_C90_pstar,0.0,51
B4,KAN,pooled,all,fp_C90_pstar,13.0,51
B4,KAN,pooled,op,brier_mean_platt,0.20582890480776816,37
B4,KAN,pooled,op,brier_platt_C50,0.02702468562637645,37
B4,KAN,pooled,op,brier_platt_C75,0.2738406681352398,37
B4,KAN,pooled,op,brier_platt_C90,0.3166213606616881,37
B4,KAN,pooled,op,bss_cond_C50,0.8519289723173497,37
B4,KAN,pooled,op,brier_clim_C50,0.3351532092391234,37
B4,KAN,pooled,op,brier_climcond_C50,0.1825116368091701,37
B4,KAN,pooled,op,precision_C50_p05,0.96875,37
B4,KAN,pooled,op,recall_C50_p05,1.0,37
B4,KAN,pooled,op,f1_C50_p05,0.9841269841269841,37
B4,KAN,pooled,op,fn_C50_p05,0.0,37
B4,KAN,pooled,op,fp_C50_p05,1.0,37
B4,KAN,pooled,op,precision_C50_pstar,0.967741935483871,37
B4,KAN,pooled,op,recall_C50_pstar,0.967741935483871,37
B4,KAN,pooled,op,f1_C50_pstar,0.967741935483871,37
B4,KAN,pooled,op,fn_C50_pstar,1.0,37
B4,KAN,pooled,op,fp_C50_pstar,1.0,37
B4,KAN,pooled,op,bss_cond_C75,0.15576929808746232,37
B4,KAN,pooled,op,brier_clim_C75,0.37565674456450343,37
B4,KAN,pooled,op,brier_climcond_C75,0.32436710429373805,37
B4,KAN,pooled,op,precision_C75_p05,0.65625,37
B4,KAN,pooled,op,recall_C75_p05,1.0,37
B4,KAN,pooled,op,f1_C75_p05,0.7924528301886793,37
B4,KAN,pooled,op,fn_C75_p05,0.0,37
B4,KAN,pooled,op,fp_C75_p05,11.0,37
B4,KAN,pooled,op,precision_C75_pstar,0.65625,37
B4,KAN,pooled,op,recall_C75_pstar,1.0,37
B4,KAN,pooled,op,f1_C75_pstar,0.7924528301886793,37
B4,KAN,pooled,op,fn_C75_pstar,0.0,37
B4,KAN,pooled,op,fp_C75_pstar,11.0,37
B4,KAN,pooled,op,bss_cond_C90,-0.14613441978711372,37
B4,KAN,pooled,op,brier_clim_C90,0.29756536460499167,37
B4,KAN,pooled,op,brier_climcond_C90,0.27625150697463413,37
B4,KAN,pooled,op,precision_C90_p05,0.4,37
B4,KAN,pooled,op,recall_C90_p05,0.46153846153846156,37
B4,KAN,pooled,op,f1_C90_p05,0.42857142857142855,37
B4,KAN,pooled,op,fn_C90_p05,7.0,37
B4,KAN,pooled,op,fp_C90_p05,9.0,37
B4,KAN,pooled,op,precision_C90_pstar,0.5,37
B4,KAN,pooled,op,recall_C90_pstar,1.0,37
B4,KAN,pooled,op,f1_C90_pstar,0.6666666666666666,37
B4,KAN,pooled,op,fn_C90_pstar,0.0,37
B4,KAN,pooled,op,fp_C90_pstar,13.0,37
B4,KAN,pooled,nonop,brier_mean_platt,1.0658319054657415e-17,14
B4,KAN,pooled,nonop,brier_platt_C50,3.1974326315240685e-17,14
B4,KAN,pooled,nonop,brier_platt_C75,3.154243657775913e-22,14
B4,KAN,pooled,nonop,brier_platt_C90,3.154243657775913e-22,14
B4,KAN,pooled,nonop,bss_cond_C50,NaN,14
B4,KAN,pooled,nonop,brier_clim_C50,0.15815788036709977,14
B4,KAN,pooled,nonop,brier_climcond_C50,0.0,14
B4,KAN,pooled,nonop,precision_C50_p05,NaN,14
B4,KAN,pooled,nonop,recall_C50_p05,NaN,14
B4,KAN,pooled,nonop,f1_C50_p05,NaN,14
B4,KAN,pooled,nonop,fn_C50_p05,0.0,14
B4,KAN,pooled,nonop,fp_C50_p05,0.0,14
B4,KAN,pooled,nonop,precision_C50_pstar,NaN,14
B4,KAN,pooled,nonop,recall_C50_pstar,NaN,14
B4,KAN,pooled,nonop,f1_C50_pstar,NaN,14
B4,KAN,pooled,nonop,fn_C50_pstar,0.0,14
B4,KAN,pooled,nonop,fp_C50_pstar,0.0,14
B4,KAN,pooled,nonop,bss_cond_C75,NaN,14
B4,KAN,pooled,nonop,brier_clim_C75,0.04192257433088031,14
B4,KAN,pooled,nonop,brier_climcond_C75,0.0,14
B4,KAN,pooled,nonop,precision_C75_p05,NaN,14
B4,KAN,pooled,nonop,recall_C75_p05,NaN,14
B4,KAN,pooled,nonop,f1_C75_p05,NaN,14
B4,KAN,pooled,nonop,fn_C75_p05,0.0,14
B4,KAN,pooled,nonop,fp_C75_p05,0.0,14
B4,KAN,pooled,nonop,precision_C75_pstar,NaN,14
B4,KAN,pooled,nonop,recall_C75_pstar,NaN,14
B4,KAN,pooled,nonop,f1_C75_pstar,NaN,14
B4,KAN,pooled,nonop,fn_C75_pstar,0.0,14
B4,KAN,pooled,nonop,fp_C75_pstar,0.0,14
B4,KAN,pooled,nonop,bss_cond_C90,NaN,14
B4,KAN,pooled,nonop,brier_clim_C90,0.007605800053352501,14
B4,KAN,pooled,nonop,brier_climcond_C90,0.0,14
B4,KAN,pooled,nonop,precision_C90_p05,NaN,14
B4,KAN,pooled,nonop,recall_C90_p05,NaN,14
B4,KAN,pooled,nonop,f1_C90_p05,NaN,14
B4,KAN,pooled,nonop,fn_C90_p05,0.0,14
B4,KAN,pooled,nonop,fp_C90_p05,0.0,14
B4,KAN,pooled,nonop,precision_C90_pstar,NaN,14
B4,KAN,pooled,nonop,recall_C90_pstar,NaN,14
B4,KAN,pooled,nonop,f1_C90_pstar,NaN,14
B4,KAN,pooled,nonop,fn_C90_pstar,0.0,14
B4,KAN,pooled,nonop,fp_C90_pstar,0.0,14
