fold,variant,model,date,usable_peak,n_obs,M_true,M_hat_median,M_hat_mean,peak_slot_true,peak_time_mode,C50,C75,C90,risk_raw_C50,risk_raw_C75,risk_raw_C90,risk_platt_C50,risk_platt_C75,risk_platt_C90,event_C50,event_C75,event_C90,nll,n_nll,calibration_status_platt_C50,calibration_status_platt_C75,calibration_status_platt_C90,n_cal_platt_C50,n_cal_platt_C75,n_cal_platt_C90,isotonic_status
f1,main,B0,2021.07.07,true,96,203.0,193.0,193.0,35,35,181.0,189.5,198.0,1.0,1.0,0.0,0.666698260943415,0.001974879548102764,0.001974879548102764,1.0,1.0,1.0,,,ok,ok,ok,7,7,7,not_run
f1,main,B0,2021.07.08,true,96,201.0,206.0,206.0,43,55,181.0,189.5,198.0,1.0,1.0,1.0,0.666698260943415,0.001974879548102764,0.001974879548102764,1.0,1.0,1.0,,,ok,ok,ok,7,7,7,not_run
f1,main,B0,2021.07.09,true,96,192.0,187.0,187.0,59,36,181.0,189.5,198.0,1.0,0.0,0.0,0.666698260943415,0.16699021850734097,0.16699021850734097,1.0,1.0,0.0,,,ok,ok,ok,7,7,7,not_run
f1,main,B0,2021.07.10,true,96,106.0,112.0,112.0,15,16,181.0,189.5,198.0,0.0,0.0,0.0,0.2500269516916018,0.16699021850734097,0.16699021850734097,0.0,0.0,0.0,,,ok,ok,ok,7,7,7,not_run
f1,main,B0,2021.07.11,true,96,28.0,28.0,28.0,46,33,181.0,189.5,198.0,0.0,0.0,0.0,0.2500269516916018,0.16699021850734097,0.16699021850734097,0.0,0.0,0.0,,,ok,ok,ok,7,7,7,not_run
f1,main,B0,2021.07.12,true,96,198.0,185.0,185.0,34,43,181.0,189.5,198.0,1.0,0.0,0.0,0.666698260943415,0.16699021850734097,0.16699021850734097,1.0,1.0,0.0,,,ok,ok,ok,7,7,7,not_run
f1,main,B0,2021.07.13,false,0,NaN,193.0,193.0,,35,181.0,189.5,198.0,1.0,1.0,0.0,0.666698260943415,0.001974879548102764,0.001974879548102764,NaN,NaN,NaN,,,ok,ok,ok,7,7,7,not_run
f1,main,B0,2021.07.14,true,96,195.0,203.0,203.0,38,35,181.0,189.5,198.0,1.0,1.0,1.0,0.666698260943415,0.001974879548102764,0.001974879548102764,1.0,1.0,0.0,,,ok,ok,ok,7,7,7,not_run
f1,main,B0,2021.07.15,false,0,NaN,201.0,201.0,,43,181.0,189.5,198.0,1.0,1.0,1.0,0.666698260943415,0.001974879548102764,0.001974879548102764,NaN,NaN,NaN,,,ok,ok,ok,7,7,7,not_run
f1,main,B0,2021.07.16,true,96,197.0,192.0,192.0,47,59,181.0,189.5,198.0,1.0,1.0,0.0,0.666698260943415,0.001974879548102764,0.001974879548102764,1.0,1.0,0.0,,,ok,ok,ok,7,7,7,not_run
f1,main,B0,2021.07.17,true,96,110.0,106.0,106.0,5,15,181.0,189.5,198.0,0.0,0.0,0.0,0.2500269516916018,0.16699021850734097,0.16699021850734097,0.0,0.0,0.0,,,ok,ok,ok,7,7,7,not_run
f1,main,B0,2021.07.18,true,96,28.0,28.0,28.0,4,46,181.0,189.5,198.0,0.0,0.0,0.0,0.2500269516916018,0.16699021850734097,0.16699021850734097,0.0,0.0,0.0,,,ok,ok,ok,7,7,7,not_run
f1,main,B0,2021.07.19,true,96,222.0,198.0,198.0,45,34,181.0,189.5,198.0,1.0,1.0,0.0,0.666698260943415,0.001974879548102764,0.001974879548102764,1.0,1.0,1.0,,,ok,ok,ok,7,7,7,not_run
f1,main,B0,2021.07.20,true,96,201.0,222.0,222.0,34,45,181.0,189.5,198.0,1.0,1.0,1.0,0.666698260943415,0.001974879548102764,0.001974879548102764,1.0,1.0,1.0,,,ok,ok,ok,7,7,7,not_run
f1,main,B0p,2021.07.07,true,96,203.0,193.0,193.0,35,35,181.0,189.5,198.0,1.0,1.0,0.0,0.666698260943415,0.001974879548102764,0.001974879548102764,1.0,1.0,1.0,,,ok,ok,ok,7,7,7,not_run
f1,main,B0p,2021.07.08,true,96,201.0,203.0,203.0,43,35,181.0,189.5,198.0,1.0,1.0,1.0,0.666698260943415,0.001974879548102764,0.001974879548102764,1.0,1.0,1.0,,,ok,ok,ok,7,7,7,not_run
f1,main,B0p,2021.07.09,true,96,192.0,201.0,201.0,59,43,181.0,189.5,198.0,1.0,1.0,1.0,0.666698260943415,0.001974879548102764,0.001974879548102764,1.0,1.0,0.0,,,ok,ok,ok,7,7,7,not_run
f1,main,B0p,2021.07.10,true,96,106.0,112.0,112.0,15,16,181.0,189.5,198.0,0.0,0.0,0.0,0.2500269516916018,0.16699021850734097,0.16699021850734097,0.0,0.0,0.0,,,ok,ok,ok,7,7,7,not_run
f1,main,B0p,2021.07.11,true,96,28.0,28.0,28.0,46,33,181.0,189.5,198.0,0.0,0.0,0.0,0.2500269516916018,0.16699021850734097,0.16699021850734097,0.0,0.0,0.0,,,ok,ok,ok,7,7,7,not_run
f1,main,B0p,2021.07.12,true,96,198.0,192.0,192.0,34,59,181.0,189.5,198.0,1.0,1.0,0.0,0.666698260943415,0.001974879548102764,0.001974879548102764,1.0,1.0,0.0,,,ok,ok,ok,7,7,7,not_run
f1,main,B0p,2021.07.13,false,0,NaN,198.0,198.0,,34,181.0,189.5,198.0,1.0,1.0,0.0,0.666698260943415,0.001974879548102764,0.001974879548102764,NaN,NaN,NaN,,,ok,ok,ok,7,7,7,not_run
f1,main,B0p,2021.07.14,true,96,195.0,198.0,198.0,38,34,181.0,189.5,198.0,1.0,1.0,0.0,0.666698260943415,0.001974879548102764,0.001974879548102764,1.0,1.0,0.0,,,ok,ok,ok,7,7,7,not_run
f1,main,B0p,2021.07.15,false,0,NaN,195.0,195.0,,38,181.0,189.5,198.0,1.0,1.0,0.0,0.666698260943415,0.001974879548102764,0.001974879548102764,NaN,NaN,NaN,,,ok,ok,ok,7,7,7,not_run
f1,main,B0p,2021.07.16,true,96,197.0,195.0,195.0,47,38,181.0,189.5,198.0,1.0,1.0,0.0,0.666698260943415,0.001974879548102764,0.001974879548102764,1.0,1.0,0.0,,,ok,ok,ok,7,7,7,not_run
f1,main,B0p,2021.07.17,true,96,110.0,106.0,106.0,5,15,181.0,189.5,198.0,0.0,0.0,0.0,0.2500269516916018,0.16699021850734097,0.16699021850734097,0.0,0.0,0.0,,,ok,ok,ok,7,7,7,not_run
f1,main,B0p,2021.07.18,true,96,28.0,28.0,28.0,4,46,181.0,189.5,198.0,0.0,0.0,0.0,0.2500269516916018,0.16699021850734097,0.16699021850734097,0.0,0.0,0.0,,,ok,ok,ok,7,7,7,not_run
f1,main,B0p,2021.07.19,true,96,222.0,197.0,197.0,45,47,181.0,189.5,198.0,1.0,1.0,0.0,0.666698260943415,0.001974879548102764,0.001974879548102764,1.0,1.0,1.0,,,ok,ok,ok,7,7,7,not_run
f1,main,B0p,2021.07.20,true,96,201.0,222.0,222.0,34,45,181.0,189.5,198.0,1.0,1.0,1.0,0.666698260943415,0.001974879548102764,0.001974879548102764,1.0,1.0,1.0,,,ok,ok,ok,7,7,7,not_run
f1,main,BB,2021.07.07,true,96,203.0,162.13647800250303,162.13647800250303,35,35,181.0,189.5,198.0,0.0,0.0,0.0,0.42857201746383533,0.14286081088273403,0.14286081088273403,1.0,1.0,1.0,,,ok,ok,ok,7,7,7,not_run
f1,main,BB,2021.07.08,true,96,201.0,162.13647800250303,162.13647800250303,43,35,181.0,189.5,198.0,0.0,0.0,0.0,0.42857201746383533,0.14286081088273403,0.14286081088273403,1.0,1.0,1.0,,,ok,ok,ok,7,7,7,not_run
f1,main,BB,2021.07.09,true,96,192.0,162.13647800250303,162.13647800250303,59,35,181.0,189.5,198.0,0.0,0.0,0.0,0.42857201746383533,0.14286081088273403,0.14286081088273403,1.0,1.0,0.0,,,ok,ok,ok,7,7,7,not_run
f1,main,BB,2021.07.10,true,96,106.0,108.12285889036323,108.12285889036323,15,7,181.0,189.5,198.0,0.0,0.0,0.0,0.42857201746383533,0.14286081088273403,0.14286081088273403,0.0,0.0,0.0,,,ok,ok,ok,7,7,7,not_run
f1,main,BB,2021.07.11,true,96,28.0,24.92565212288896,24.92565212288896,46,46,181.0,189.5,198.0,0.0,0.0,0.0,0.42857201746383533,0.14286081088273403,0.14286081088273403,0.0,0.0,0.0,,,ok,ok,ok,7,7,7,not_run
f1,main,BB,2021.07.12,true,96,198.0,162.13647800250303,162.13647800250303,34,35,181.0,189.5,198.0,0.0,0.0,0.0,0.42857201746383533,0.14286081088273403,0.14286081088273403,1.0,1.0,0.0,,,ok,ok,ok,7,7,7,not_run
f1,main,BB,2021.07.13,false,0,NaN,162.13647800250303,162.13647800250303,,35,181.0,189.5,198.0,0.0,0.0,0.0,0.42857201746383533,0.14286081088273403,0.14286081088273403,NaN,NaN,NaN,,,ok,ok,ok,7,7,7,not_run
f1,main,BB,2021.07.14,true,96,195.0,162.13647800250303,162.13647800250303,38,35,181.0,189.5,198.0,0.0,0.0,0.0,0.42857201746383533,0.14286081088273403,0.14286081088273403,1.0,1.0,0.0,,,ok,ok,ok,7,7,7,not_run
f1,main,BB,2021.07.15,false,0,NaN,162.13647800250303,162.13647800250303,,35,181.0,189.5,198.0,0.0,0.0,0.0,0.42857201746383533,0.14286081088273403,0.14286081088273403,NaN,NaN,NaN,,,ok,ok,ok,7,7,7,not_run
f1,main,BB,2021.07.16,true,96,197.0,162.13647800250303,162.13647800250303,47,35,181.0,189.5,198.0,0.0,0.0,0.0,0.42857201746383533,0.14286081088273403,0.14286081088273403,1.0,1.0,0.0,,,ok,ok,ok,7,7,7,not_run
f1,main,BB,2021.07.17,true,96,110.0,108.12285889036323,108.12285889036323,5,7,181.0,189.5,198.0,0.0,0.0,0.0,0.42857201746383533,0.14286081088273403,0.14286081088273403,0.0,0.0,0.0,,,ok,ok,ok,7,7,7,not_run
f1,main,BB,2021.07.18,true,96,28.0,24.92565212288896,24.92565212288896,4,46,181.0,189.5,198.0,0.0,0.0,0.0,0.42857201746383533,0.14286081088273403,0.14286081088273403,0.0,0.0,0.0,,,ok,ok,ok,7,7,7,not_run
f1,main,BB,2021.07.19,true,96,222.0,162.13647800250303,162.13647800250303,45,35,181.0,189.5,198.0,0.0,0.0,0.0,0.42857201746383533,0.14286081088273403,0.14286081088273403,1.0,1.0,1.0,,,ok,ok,ok,7,7,7,not_run
f1,main,BB,2021.07.20,true,96,201.0,162.13647800250303,162.13647800250303,34,35,181.0,189.5,198.0,0.0,0.0,0.0,0.42857201746383533,0.14286081088273403,0.14286081088273403,1.0,1.0,1.0,,,ok,ok,ok,7,7,7,not_run
f1,main,B1,2021.07.07,true,96,203.0,189.78242641490652,187.67246648212176,35,35,181.0,189.5,198.0,0.6782478334174421,0.2507103613377147,0.14953385426546548,0.9999999961431317,0.4673566529099624,0.004252030189953934,1.0,1.0,1.0,,,ok,ok,ok,7,7,7,not_run
f1,main,B1,2021.07.08,true,96,201.0,195.34832033621132,191.63193237216825,43,35,181.0,189.5,198.0,0.899626541578513,0.13819516263400347,0.13301096247598504,0.9999999999999929,0.30610306948220656,0.004841296422141229,1.0,1.0,1.0,,,ok,ok,ok,7,7,7,not_run
f1,main,B1,2021.07.09,true,96,192.0,181.96360939691098,181.98738813549272,59,35,181.0,189.5,198.0,0.7223609537206557,0.03244545389943834,0.052783540528437374,0.9999999994352332,0.09267853825331387,0.012651807481944293,1.0,1.0,0.0,,,ok,ok,ok,7,7,7,not_run
f1,main,B1,2021.07.10,true,96,106.0,145.30244787281833,142.49218250807562,15,24,181.0,189.5,198.0,0.07469386023921026,0.03111400965480607,0.005356677716788346,0.000030235373811665505,0.000030235373811665505,0.000030235373811665505,0.0,0.0,0.0,,,ok,ok,ok,7,7,7,not_run
f1,main,B1,2021.07.11,true,96,28.0,94.54566211341312,86.77952304439424,46,73,181.0,189.5,198.0,0.02322242136869594,0.023450764875290048,0.00585015444069835,4.310818065395635e-10,4.310818065395635e-10,4.310818065395635e-10,0.0,0.0,0.0,,,ok,ok,ok,7,7,7,not_run
f1,main,B1,2021.07.12,true,96,198.0,177.92733720674056,179.9233779264085,34,34,181.0,189.5,198.0,0.49452957227693484,0.03912667575995775,0.03248932582651304,0.999995741518911,0.10911338135918755,0.020375033808463745,1.0,1.0,0.0,,,ok,ok,ok,7,7,7,not_run
f1,main,B1,2021.07.13,false,0,NaN,190.08695181221327,189.17890301563554,,35,181.0,189.5,198.0,0.8390383160590802,0.07495786055215929,0.05432470159184577,0.9999999999990066,0.1890016566545651,0.012293651682453027,NaN,NaN,NaN,,,ok,ok,ok,7,7,7,not_run
f1,main,B1,2021.07.14,true,96,195.0,190.7060611807879,179.62873132041818,38,34,181.0,189.5,198.0,0.7966223735452969,0.1971203295484898,0.08617187659945581,0.9999999999865092,0.39647698511261004,0.00768877617178328,1.0,1.0,0.0,,,ok,ok,ok,7,7,7,not_run
f1,main,B1,2021.07.15,false,0,NaN,190.42563677708017,189.79075290392538,,45,181.0,189.5,198.0,0.8277998845937695,0.05407209004945058,0.08453192362933384,0.9999999999979196,0.14396695074119953,0.0078435817765151,NaN,NaN,NaN,,,ok,ok,ok,7,7,7,not_run
f1,main,B1,2021.07.16,true,96,197.0,176.04984306169607,168.67780622253113,47,42,181.0,189.5,198.0,0.4737561886900694,0.052461140242053436,0.08607547499655185,0.9999909001034026,0.14032513811273745,0.007697718138109785,1.0,1.0,0.0,,,ok,ok,ok,7,7,7,not_run
f1,main,B1,2021.07.17,true,96,110.0,144.68312951878093,142.51946184377113,5,8,181.0,189.5,198.0,0.07469386023921026,0.03111400965480607,0.005356677716788346,0.000030235373811665505,0.000030235373811665505,0.000030235373811665505,0.0,0.0,0.0,,,ok,ok,ok,7,7,7,not_run
f1,main,B1,2021.07.18,true,96,28.0,94.54566211341312,86.65097575196721,4,86,181.0,189.5,198.0,0.026435662918874395,0.023450764875290048,0.00585015444069835,1.4500183157743175e-9,1.4500183157743175e-9,1.4500183157743175e-9,0.0,0.0,0.0,,,ok,ok,ok,7,7,7,not_run
f1,main,B1,2021.07.19,true,96,222.0,179.3930907990221,179.57859330413928,45,36,181.0,189.5,198.0,0.47245696283884403,0.0414218126317803,0.03341928454127573,0.9999904567140707,0.11462936250601928,0.0198253775616445,1.0,1.0,1.0,,,ok,ok,ok,7,7,7,not_run
f1,main,B1,2021.07.20,true,96,201.0,191.84947034328428,189.41568627596467,34,43,181.0,189.5,198.0,0.8088162583421519,0.12131136018945375,0.02604996986781051,0.999999999993321,0.27720628800487224,0.025202920079713954,1.0,1.0,1.0,,,ok,ok,ok,7,7,7,not_run
f1,main,B2,2021.07.07,true,96,203.0,196.82843780517578,191.85592141723632,35,35,181.0,189.5,198.0,0.7289540457634651,0.6521557268584082,0.44520248212581026,0.9994408733165028,0.5830267897230946,0.5830267897230946,1.0,1.0,1.0,3.7971417903900146,96,ok,ok,ok,7,7,7,not_run
f1,main,B2,2021.07.08,true,96,201.0,196.19477081298828,191.31243090057373,43,35,181.0,189.5,198.0,0.7285822187287283,0.6517339840266634,0.4448378633506994,0.9994387437455967,0.5825864587131412,0.5825864587131412,1.0,1.0,1.0,3.8143937587738037,96,ok,ok,ok,7,7,7,not_run
f1,main,B2,2021.07.09,true,96,192.0,196.5179901123047,191.27182864379884,59,35,181.0,189.5,198.0,0.7289543850373399,0.652156144053531,0.44520286787921404,0.9994408752567749,0.5830272253637113,0.5830272253637113,1.0,1.0,0.0,3.7843940258026123,96,ok,ok,ok,7,7,7,not_run
f1,main,B2,2021.07.10,true,96,106.0,132.26010131835938,131.77427520751954,15,7,181.0,189.5,198.0,0.000036578809237242105,1.4001137818020482e-6,3.4807235982370344e-8,0.000012594751419484728,0.000012594751419484728,0.000012594751419484728,0.0,0.0,0.0,3.158963203430176,96,ok,ok,ok,7,7,7,not_run
f1,main,B2,2021.07.11,true,96,28.0,37.576541900634766,36.93416914176941,46,86,181.0,189.5,198.0,4.3298697960381105e-15,4.3298697960381105e-15,4.3298697960381105e-15,0.000012594751419484728,0.000012594751419484728,0.000012594751419484728,0.0,0.0,0.0,1.9622673988342285,96,ok,ok,ok,7,7,7,not_run
f1,main,B2,2021.07.12,true,96,198.0,178.62137603759766,180.77190083312988,34,35,181.0,189.5,198.0,0.4848363431132344,0.40639098123482287,0.25682370795812004,0.9953463919208665,0.34379840957843333,0.34379840957843333,1.0,1.0,0.0,4.642362117767334,96,ok,ok,ok,7,7,7,not_run
f1,main,B2,2021.07.13,false,0,NaN,196.51409912109375,191.08831747436523,,35,181.0,189.5,198.0,0.7182879704190563,0.6400727782848551,0.43476774622597036,0.9993772395603675,0.5704571757456819,0.5704571757456819,NaN,NaN,NaN,NaN,0,ok,ok,ok,7,7,7,not_run
f1,main,B2,2021.07.14,true,96,195.0,194.3243179321289,188.29733023834228,38,35,181.0,189.5,198.0,0.6336831353245799,0.5541449032717038,0.36824784452012393,0.9986364620106116,0.4836675509539317,0.4836675509539317,1.0,1.0,0.0,3.8631486892700195,96,ok,ok,ok,7,7,7,not_run
f1,main,B2,2021.07.15,false,0,NaN,196.0406723022461,190.8291042480469,,35,181.0,189.5,198.0,0.7044999117578843,0.6243651713057543,0.4211346036896181,0.9992867132373815,0.5542568860750161,0.5542568860750161,NaN,NaN,NaN,NaN,0,ok,ok,ok,7,7,7,not_run
f1,main,B2,2021.07.16,true,96,197.0,192.15538024902344,186.78018908691405,47,35,181.0,189.5,198.0,0.6336831353245799,0.5541449032717038,0.36824784452012393,0.9986364620106116,0.4836675509539317,0.4836675509539317,1.0,1.0,0.0,3.7981574535369873,96,ok,ok,ok,7,7,7,not_run
f1,main,B2,2021.07.17,true,96,110.0,127.17829513549805,130.44272943115234,5,7,181.0,189.5,198.0,0.00003262501618161995,1.2448916029139667e-6,3.0848753218570835e-8,0.000012594751419484728,0.000012594751419484728,0.000012594751419484728,0.0,0.0,0.0,3.204907178878784,96,ok,ok,ok,7,7,7,not_run
f1,main,B2,2021.07.18,true,96,28.0,37.619741439819336,36.95374472141266,4,46,181.0,189.5,198.0,3.774758283725532e-15,3.774758283725532e-15,3.774758283725532e-15,0.000012594751419484728,0.000012594751419484728,0.000012594751419484728,0.0,0.0,0.0,2.033658742904663,96,ok,ok,ok,7,7,7,not_run
f1,main,B2,2021.07.19,true,96,222.0,179.47203826904297,180.9462956466675,45,35,181.0,189.5,198.0,0.4848364537669724,0.40639108876507746,0.25682378700429254,0.9953463960701979,0.3437985075625915,0.3437985075625915,1.0,1.0,1.0,4.7597222328186035,96,ok,ok,ok,7,7,7,not_run
f1,main,B2,2021.07.20,true,96,201.0,196.0658416748047,190.83724669647216,34,35,181.0,189.5,198.0,0.7287601723003734,0.6519362835504048,0.4450131154314998,0.9994397637227794,0.5827976599669729,0.5827976599669729,1.0,1.0,1.0,3.98193097114563,96,ok,ok,ok,7,7,7,not_run
f1,main,B3,2021.07.07,true,96,203.0,198.80767822265625,197.42413315582274,35,35,181.0,189.5,198.0,0.9116772560614745,0.8183243471735819,0.5341588895209314,0.9998515032484342,0.9998515032484342,0.9997608589313969,1.0,1.0,1.0,3.772289514541626,96,ok,ok,ok,7,7,7,not_run
f1,main,B3,2021.07.08,true,96,201.0,198.7995147705078,197.5641279296875,43,35,181.0,189.5,198.0,0.911649674665846,0.8182916852961044,0.5341303749950463,0.9998513466936845,0.9998513466936845,0.9997607040129525,1.0,1.0,1.0,3.821547269821167,96,ok,ok,ok,7,7,7,not_run
f1,main,B3,2021.07.09,true,96,192.0,198.4613265991211,196.9682536468506,59,35,181.0,189.5,198.0,0.9116774642958448,0.8183245982099262,0.5341591109995294,0.9998515044299339,0.9998515044299339,0.9997608601342948,1.0,1.0,0.0,3.7658679485321045,96,ok,ok,ok,7,7,7,not_run
f1,main,B3,2021.07.10,true,96,106.0,136.62757873535156,133.37445068740845,15,7,181.0,189.5,198.0,0.000049478312416750825,1.8692053856961266e-6,4.5730388253950593e-8,4.2181254045504256e-11,8.488908793081315e-40,8.488908793081315e-40,0.0,0.0,0.0,3.142644166946411,96,ok,ok,ok,7,7,7,not_run
f1,main,B3,2021.07.11,true,96,28.0,28.79024314880371,31.04675535106659,46,86,181.0,189.5,198.0,0.0,0.0,0.0,4.2181254045504256e-11,8.488908793081315e-40,8.488908793081315e-40,0.0,0.0,0.0,1.8984575271606445,96,ok,ok,ok,7,7,7,not_run
f1,main,B3,2021.07.12,true,96,198.0,197.72280883789062,194.4731430053711,34,35,181.0,189.5,198.0,0.8426492127753962,0.7460760567512777,0.4760365176280549,0.9988825070615035,0.9980432796789348,0.9980432796789348,1.0,1.0,0.0,4.622519016265869,96,ok,ok,ok,7,7,7,not_run
f1,main,B3,2021.07.13,false,0,NaN,198.84708404541016,197.22024975585938,,35,181.0,189.5,198.0,0.91048877204539,0.8169219187513912,0.5329371332742601,0.9998446469537005,0.9998446469537005,0.999754131527656,NaN,NaN,NaN,NaN,0,ok,ok,ok,7,7,7,not_run
f1,main,B3,2021.07.14,true,96,195.0,199.24071502685547,197.69391867065428,38,35,181.0,189.5,198.0,0.9009399246500034,0.8070193285599636,0.5250248132702142,0.9997808005290721,0.9997808005290721,0.9997058001807229,1.0,1.0,0.0,3.8271141052246094,96,ok,ok,ok,7,7,7,not_run
f1,main,B3,2021.07.15,false,0,NaN,198.5264434814453,197.05906971740723,,35,181.0,189.5,198.0,0.9081818403000359,0.8141782372931409,0.5305356784923019,0.9998306795484856,0.9998306795484856,0.9997403585787705,NaN,NaN,NaN,NaN,0,ok,ok,ok,7,7,7,not_run
f1,main,B3,2021.07.16,true,96,197.0,198.27940368652344,196.29682083129882,47,35,181.0,189.5,198.0,0.9009399246500034,0.8070193285599636,0.5250248132702142,0.9997808005290721,0.9997808005290721,0.9997058001807229,1.0,1.0,0.0,3.7825305461883545,96,ok,ok,ok,7,7,7,not_run
f1,main,B3,2021.07.17,true,96,110.0,122.85433578491211,129.54231496810914,5,7,181.0,189.5,198.0,0.00003724437095464772,1.40050041774753e-6,3.409872595394603e-8,4.2181254045504256e-11,8.488908793081315e-40,8.488908793081315e-40,0.0,0.0,0.0,3.1922900676727295,96,ok,ok,ok,7,7,7,not_run
f1,main,B3,2021.07.18,true,96,28.0,28.839004516601562,31.021264907836915,4,46,181.0,189.5,198.0,0.0,0.0,0.0,4.2181254045504256e-11,8.488908793081315e-40,8.488908793081315e-40,0.0,0.0,0.0,1.9636861085891724,96,ok,ok,ok,7,7,7,not_run
f1,main,B3,2021.07.19,true,96,222.0,197.3833999633789,194.16564234924317,45,35,181.0,189.5,198.0,0.842649213093577,0.7460760570841387,0.47603651789573875,0.998882507069746,0.9980432797141567,0.9980432797141567,1.0,1.0,1.0,4.737514972686768,96,ok,ok,ok,7,7,7,not_run
f1,main,B3,2021.07.20,true,96,201.0,198.8473129272461,197.32921298980713,34,35,181.0,189.5,198.0,0.9116514522908369,0.8182938684929577,0.5341323217239129,0.999851356787303,0.999851356787303,0.9997607145926157,1.0,1.0,1.0,3.987901449203491,96,ok,ok,ok,7,7,7,not_run
f1,main,B4,2021.07.07,true,96,203.0,191.2312240600586,192.5974695968628,35,35,181.0,189.5,198.0,0.777,0.5495,0.3235,0.9996770796347746,0.39089696199441304,0.3622365889171347,1.0,1.0,1.0,3.683098554611206,96,ok,ok,ok,7,7,7,not_run
f1,main,B4,2021.07.08,true,96,201.0,191.27552795410156,193.00564491271973,43,35,181.0,189.5,198.0,0.7915,0.555,0.338,0.9997549824712428,0.39624024238998107,0.37497028624874906,1.0,1.0,1.0,3.5829546451568604,96,ok,ok,ok,7,7,7,not_run
f1,main,B4,2021.07.09,true,96,192.0,190.88790893554688,192.38091928100587,59,35,181.0,189.5,198.0,0.778,0.539,0.3215,0.9996830355440084,0.3808005000092698,0.36047226494172735,1.0,1.0,0.0,3.6017723083496094,96,ok,ok,ok,7,7,7,not_run
f1,main,B4,2021.07.10,true,96,106.0,133.6285400390625,135.20105834197997,15,7,181.0,189.5,198.0,0.0055,0.0015,0.0005,2.969214300655625e-6,2.969214300655625e-6,2.969214300655625e-6,0.0,0.0,0.0,3.058687925338745,96,ok,ok,ok,7,7,7,not_run
f1,main,B4,2021.07.11,true,96,28.0,31.2393741607666,33.57750114631653,46,33,181.0,189.5,198.0,0.0,0.0,0.0,1.3825064244711463e-10,1.3825064244711463e-10,1.3825064244711463e-10,0.0,0.0,0.0,1.7684555053710938,96,ok,ok,ok,7,7,7,not_run
f1,main,B4,2021.07.12,true,96,198.0,190.23641204833984,192.17810791015626,34,35,181.0,189.5,198.0,0.7595,0.525,0.327,0.9995567873029837,0.3675477111401853,0.3653194064411539,1.0,1.0,0.0,3.79152512550354,96,ok,ok,ok,7,7,7,not_run
f1,main,B4,2021.07.13,false,0,NaN,190.8966522216797,192.63593228912353,,33,181.0,189.5,198.0,0.763,0.535,0.3275,0.9995834368890114,0.37698981304528656,0.36575932185551674,NaN,NaN,NaN,NaN,0,ok,ok,ok,7,7,7,not_run
f1,main,B4,2021.07.14,true,96,195.0,191.54683685302734,192.87464148712158,38,34,181.0,189.5,198.0,0.775,0.5575,0.331,0.999664889633672,0.3986815706098685,0.3688353751348723,1.0,1.0,0.0,3.626281976699829,96,ok,ok,ok,7,7,7,not_run
f1,main,B4,2021.07.15,false,0,NaN,190.62459564208984,192.06152651977538,,35,181.0,189.5,198.0,0.77,0.531,0.306,0.9996327349099773,0.37319853748554943,0.3467287297356533,NaN,NaN,NaN,NaN,0,ok,ok,ok,7,7,7,not_run
f1,main,B4,2021.07.16,true,96,197.0,191.15941619873047,192.12519635009767,47,35,181.0,189.5,198.0,0.7605,0.5465,0.318,0.9995645431054905,0.3879983566953967,0.35737985567400954,1.0,1.0,0.0,3.7103793621063232,96,ok,ok,ok,7,7,7,not_run
f1,main,B4,2021.07.17,true,96,110.0,130.51395416259766,132.9989965286255,5,7,181.0,189.5,198.0,0.0045,0.0005,0.0,1.5505369033843543e-6,1.5505369033843543e-6,1.5505369033843543e-6,0.0,0.0,0.0,3.123896837234497,96,ok,ok,ok,7,7,7,not_run
f1,main,B4,2021.07.18,true,96,28.0,31.54425811767578,33.661381868362426,4,33,181.0,189.5,198.0,0.0,0.0,0.0,1.3825064244711463e-10,1.3825064244711463e-10,1.3825064244711463e-10,0.0,0.0,0.0,1.8591527938842773,96,ok,ok,ok,7,7,7,not_run
f1,main,B4,2021.07.19,true,96,222.0,190.63353729248047,192.45545891571044,45,35,181.0,189.5,198.0,0.752,0.5285,0.3385,0.9994948346826272,0.37083878463753983,0.37083878463753983,1.0,1.0,1.0,3.862672805786133,96,ok,ok,ok,7,7,7,not_run
f1,main,B4,2021.07.20,true,96,201.0,191.29541015625,192.51452437591553,34,35,181.0,189.5,198.0,0.786,0.5535,0.3275,0.9997274985209269,0.3947792240877806,0.36575932185551674,1.0,1.0,1.0,3.656449317932129,96,ok,ok,ok,7,7,7,not_run
f1,copies,B1,2021.07.07,true,96,203.0,186.51062956337373,183.06764391125597,35,34,181.0,189.0,198.0,0.5630198486011361,0.5574922700144949,0.009058565982647027,0.9999920557271943,0.5440803232916201,0.2819544919829191,1.0,1.0,1.0,,,ok,ok,ok,7,7,7,not_run
f1,copies,B1,2021.07.08,true,96,201.0,188.4381793282526,188.93027674850737,43,35,181.0,189.0,198.0,0.9789237578056821,0.4946549308209873,0.05432304222626575,0.999999999997838,0.5183142220502885,0.35327448970760567,1.0,1.0,1.0,,,ok,ok,ok,7,7,7,not_run
f1,copies,B1,2021.07.09,true,96,192.0,189.36214682158788,185.27427559816235,59,43,181.0,189.0,198.0,0.9903682253683664,0.03432642659598935,0.008438314376584745,0.9999999999999243,0.21647710270193413,0.21647710270193413,1.0,1.0,0.0,,,ok,ok,ok,7,7,7,not_run
f1,copies,B1,2021.07.10,true,96,106.0,113.67962467063111,122.87632054864305,15,24,181.0,189.0,198.0,0.015814293745544106,0.0033009257647989773,0.00017180145515629491,0.001175382819021887,0.001175382819021887,0.001175382819021887,0.0,0.0,0.0,,,ok,ok,ok,7,7,7,not_run
f1,copies,B1,2021.07.11,true,96,28.0,28.0964899286556,46.26822337000791,46,82,181.0,189.0,198.0,0.029052948734285076,0.00048730463881932517,0.0004642538245998058,0.015935102873360273,0.015935102873360273,0.015935102873360273,0.0,0.0,0.0,,,ok,ok,ok,7,7,7,not_run
f1,copies,B1,2021.07.12,true,96,198.0,189.73542367019687,188.3424996689526,34,35,181.0,189.0,198.0,0.7965949811974837,0.5505347045690522,0.07722144594519355,0.9999999268683488,0.5412144944185641,0.3688619114518584,1.0,1.0,0.0,,,ok,ok,ok,7,7,7,not_run
f1,copies,B1,2021.07.13,false,0,NaN,190.49033444918578,189.97511055665157,,35,181.0,189.0,198.0,0.8644786982777103,0.0826510261777067,0.01811335048090715,0.9999999906528629,0.2880387752401388,0.2880387752401388,NaN,NaN,NaN,,,ok,ok,ok,7,7,7,not_run
f1,copies,B1,2021.07.14,true,96,195.0,182.83452540148053,182.4809666209987,38,35,181.0,189.0,198.0,0.609854981791388,0.14685589197515342,0.0005408490344193781,0.9999964835841549,0.34536988665913565,0.19115742975654196,1.0,1.0,0.0,,,ok,ok,ok,7,7,7,not_run
f1,copies,B1,2021.07.15,false,0,NaN,187.60193382805832,184.3796710416485,,54,181.0,189.0,198.0,0.9766048308916668,0.44964430913457487,0.05432304222626575,0.9999999999966086,0.49979467185401577,0.35327448970760567,NaN,NaN,NaN,,,ok,ok,ok,7,7,7,not_run
f1,copies,B1,2021.07.16,true,96,197.0,181.97686018172465,175.79486311294895,47,43,181.0,189.0,198.0,0.09939410033257065,0.005078603122989659,0.0006011153016907596,0.7990814981325453,0.11084399398289982,0.11084399398289982,1.0,1.0,0.0,,,ok,ok,ok,7,7,7,not_run
f1,copies,B1,2021.07.17,true,96,110.0,121.3356488048475,124.52047241323108,5,6,181.0,189.0,198.0,0.009604087580998106,0.00939608936442459,0.0002555571042602589,0.00013988381103291454,0.00013988381103291454,0.00013988381103291454,0.0,0.0,0.0,,,ok,ok,ok,7,7,7,not_run
f1,copies,B1,2021.07.18,true,96,28.0,31.153872913555873,50.112844478764785,4,82,181.0,189.0,198.0,0.31181487376579753,0.0009804430834806693,0.0002927645562473584,0.9993488563816068,0.059618741756426494,0.059618741756426494,0.0,0.0,0.0,,,ok,ok,ok,7,7,7,not_run
f1,copies,B1,2021.07.19,true,96,222.0,191.68748702709038,188.29578938295654,45,34,181.0,189.0,198.0,0.9471341390813107,0.42429026684077276,0.005812875038914331,0.9999999998799209,0.48922900735592434,0.2659920822380281,1.0,1.0,1.0,,,ok,ok,ok,7,7,7,not_run
f1,copies,B1,2021.07.20,true,96,201.0,185.27295197461262,182.05299577037366,34,44,181.0,189.0,198.0,0.9417266768791704,0.023833763414392216,0.0012862779485798665,0.9999999998145177,0.1914917093114211,0.1914917093114211,1.0,1.0,1.0,,,ok,ok,ok,7,7,7,not_run
f1,copies,B4,2021.07.07,true,96,203.0,197.2401351928711,197.29118241119386,35,35,181.0,189.0,198.0,0.8295,0.6875,0.483,0.9997411764007021,0.8721592385444021,0.44890433534054075,1.0,1.0,1.0,3.657144546508789,96,ok,ok,ok,7,7,7,not_run
f1,copies,B4,2021.07.08,true,96,201.0,197.02227783203125,197.2796410598755,43,33,181.0,189.0,198.0,0.836,0.697,0.476,0.9997810410168897,0.8969567862352397,0.4440289574739119,1.0,1.0,1.0,3.646953821182251,96,ok,ok,ok,7,7,7,not_run
f1,copies,B4,2021.07.09,true,96,192.0,196.12420654296875,196.67471714019774,59,33,181.0,189.0,198.0,0.828,0.6655,0.4555,0.9997311855552479,0.7974998833474691,0.42977164024201425,1.0,1.0,0.0,3.5999860763549805,96,ok,ok,ok,7,7,7,not_run
f1,copies,B4,2021.07.10,true,96,106.0,132.85799407958984,133.18222974014282,15,6,181.0,189.0,198.0,0.0045,0.0015,0.0005,5.237202647431223e-8,3.438374385734717e-17,3.438374385734717e-17,0.0,0.0,0.0,3.161081314086914,96,ok,ok,ok,7,7,7,not_run
f1,copies,B4,2021.07.11,true,96,28.0,50.83277130126953,51.21483953475952,46,33,181.0,189.0,198.0,0.0,0.0,0.0,1.6330500459505597e-12,1.9120179963070197e-21,1.9120179963070197e-21,0.0,0.0,0.0,2.307110548019409,96,ok,ok,ok,7,7,7,not_run
f1,copies,B4,2021.07.12,true,96,198.0,195.62168884277344,195.8408081665039,34,35,181.0,189.0,198.0,0.831,0.6635,0.444,0.9997508622093118,0.7894681490934643,0.4217802524331493,1.0,1.0,0.0,3.833761215209961,96,ok,ok,ok,7,7,7,not_run
f1,copies,B4,2021.07.13,false,0,NaN,196.78907775878906,196.6477210006714,,33,181.0,189.0,198.0,0.82,0.6715,0.479,0.9996724236291267,0.8203445949153617,0.44611783352873424,NaN,NaN,NaN,NaN,0,ok,ok,ok,7,7,7,not_run
f1,copies,B4,2021.07.14,true,96,195.0,196.93377685546875,197.1865070037842,38,33,181.0,189.0,198.0,0.8305,0.687,0.482,0.9997476670299432,0.8707352883547619,0.44820755845229165,1.0,1.0,0.0,3.6106622219085693,96,ok,ok,ok,7,7,7,not_run
f1,copies,B4,2021.07.15,false,0,NaN,195.6375961303711,196.4017960128784,,33,181.0,189.0,198.0,0.8345,0.654,0.4425,0.9997723183135482,0.7485320086504527,0.42073793695087985,NaN,NaN,NaN,NaN,0,ok,ok,ok,7,7,7,not_run
f1,copies,B4,2021.07.16,true,96,197.0,195.63430786132812,196.2514652633667,47,33,181.0,189.0,198.0,0.832,0.655,0.445,0.9997571536866061,0.7530529880419934,0.4224751219057964,1.0,1.0,0.0,3.6735036373138428,96,ok,ok,ok,7,7,7,not_run
f1,copies,B4,2021.07.17,true,96,110.0,129.9291000366211,130.5352481651306,5,7,181.0,189.0,198.0,0.0015,0.0,0.0,1.0097071384947702e-9,1.9120179963070197e-21,1.9120179963070197e-21,0.0,0.0,0.0,3.227490186691284,96,ok,ok,ok,7,7,7,not_run
f1,copies,B4,2021.07.18,true,96,28.0,51.04301643371582,51.41065475845337,4,46,181.0,189.0,198.0,0.0,0.0,0.0,1.6330500459505597e-12,1.9120179963070197e-21,1.9120179963070197e-21,0.0,0.0,0.0,2.3331873416900635,96,ok,ok,ok,7,7,7,not_run
f1,copies,B4,2021.07.19,true,96,222.0,196.84998321533203,196.69970249176026,45,35,181.0,189.0,198.0,0.83,0.68,0.4655,0.9997444385203204,0.8494970010385337,0.43672346784248556,1.0,1.0,1.0,3.938662528991699,96,ok,ok,ok,7,7,7,not_run
f1,copies,B4,2021.07.20,true,96,201.0,195.7844467163086,196.58411388397218,34,35,181.0,189.0,198.0,0.831,0.679,0.451,0.9997508622093118,0.846260989205419,0.42664438363305285,1.0,1.0,1.0,3.6583175659179688,96,ok,ok,ok,7,7,7,not_run
f1,suspect,B1,2021.07.07,true,96,203.0,189.78242641490652,187.67246648212176,35,35,181.0,189.5,198.0,0.6782478334174421,0.2507103613377147,0.14953385426546548,0.9999999961431317,0.4673566529099624,0.004252030189953934,1.0,1.0,1.0,,,ok,ok,ok,7,7,7,not_run
f1,suspect,B1,2021.07.08,true,96,201.0,195.34832033621132,191.63193237216825,43,35,181.0,189.5,198.0,0.899626541578513,0.13819516263400347,0.13301096247598504,0.9999999999999929,0.30610306948220656,0.004841296422141229,1.0,1.0,1.0,,,ok,ok,ok,7,7,7,not_run
f1,suspect,B1,2021.07.09,true,96,192.0,181.96360939691098,181.98738813549272,59,35,181.0,189.5,198.0,0.7223609537206557,0.03244545389943834,0.052783540528437374,0.9999999994352332,0.09267853825331387,0.012651807481944293,1.0,1.0,0.0,,,ok,ok,ok,7,7,7,not_run
f1,suspect,B1,2021.07.10,true,96,106.0,145.30244787281833,142.49218250807562,15,24,181.0,189.5,198.0,0.07469386023921026,0.03111400965480607,0.005356677716788346,0.000030235373811665505,0.000030235373811665505,0.000030235373811665505,0.0,0.0,0.0,,,ok,ok,ok,7,7,7,not_run
f1,suspect,B1,2021.07.11,true,96,28.0,94.54566211341312,86.77952304439424,46,73,181.0,189.5,198.0,0.02322242136869594,0.023450764875290048,0.00585015444069835,4.310818065395635e-10,4.310818065395635e-10,4.310818065395635e-10,0.0,0.0,0.0,,,ok,ok,ok,7,7,7,not_run
f1,suspect,B1,2021.07.12,true,96,198.0,177.92733720674056,179.9233779264085,34,34,181.0,189.5,198.0,0.49452957227693484,0.03912667575995775,0.03248932582651304,0.999995741518911,0.10911338135918755,0.020375033808463745,1.0,1.0,0.0,,,ok,ok,ok,7,7,7,not_run
f1,suspect,B1,2021.07.13,true,96,190.0,190.08695181221327,189.17890301563554,92,35,181.0,189.5,198.0,0.8390383160590802,0.07495786055215929,0.05432470159184577,0.9999999999990066,0.1890016566545651,0.012293651682453027,1.0,1.0,0.0,,,ok,ok,ok,7,7,7,not_run
f1,suspect,B1,2021.07.14,true,96,195.0,190.87183989211061,189.178184229704,38,35,181.0,189.5,198.0,0.4000081848767322,0.14264642079598533,0.03286540557751244,0.9998588497836642,0.3134751276296109,0.02014916343953355,1.0,1.0,0.0,,,ok,ok,ok,7,7,7,not_run
f1,suspect,B1,2021.07.15,true,96,202.0,189.2500534266538,189.45661839218482,73,46,181.0,189.5,198.0,0.5457320183213306,0.11346317504513763,0.08545721202176933,0.9999993464168316,0.2632387949100299,0.007755530821436299,1.0,1.0,1.0,,,ok,ok,ok,7,7,7,not_run
f1,suspect,B1,2021.07.16,true,96,197.0,181.51168362959984,181.316906811143,47,46,181.0,189.5,198.0,0.390072042592507,0.05612775239451475,0.05338157443001166,0.9997937087091505,0.14857663600523702,0.012510460664630733,1.0,1.0,0.0,,,ok,ok,ok,7,7,7,not_run
f1,suspect,B1,2021.07.17,true,96,110.0,144.68312951878093,142.51946184377113,5,17,181.0,189.5,198.0,0.07469386023921026,0.03111400965480607,0.005356677716788346,0.000030235373811665505,0.000030235373811665505,0.000030235373811665505,0.0,0.0,0.0,,,ok,ok,ok,7,7,7,not_run
f1,suspect,B1,2021.07.18,true,96,28.0,94.54566211341312,86.65097575196721,4,86,181.0,189.5,198.0,0.026435662918874395,0.023450764875290048,0.00585015444069835,1.4500183157743175e-9,1.4500183157743175e-9,1.4500183157743175e-9,0.0,0.0,0.0,,,ok,ok,ok,7,7,7,not_run
f1,suspect,B1,2021.07.19,true,96,222.0,178.58657249208423,179.66927332386655,45,46,181.0,189.5,198.0,0.1860413131134004,0.06734623201233003,0.03286540557751244,0.2877939789637782,0.17303358865227653,0.02014916343953355,1.0,1.0,1.0,,,ok,ok,ok,7,7,7,not_run
f1,suspect,B1,2021.07.20,true,96,201.0,191.27023989635285,191.75346421132818,34,46,181.0,189.5,198.0,0.8952157169325521,0.11016536794952136,0.05284481223374507,0.9999999999999891,0.25726193633887956,0.012637183943735194,1.0,1.0,1.0,,,ok,ok,ok,7,7,7,not_run
f1,suspect,B4,2021.07.07,true,96,203.0,191.2312240600586,192.5974695968628,35,35,181.0,189.5,198.0,0.777,0.5495,0.3235,0.9996770796347746,0.39089696199441304,0.3622365889171347,1.0,1.0,1.0,3.683098554611206,96,ok,ok,ok,7,7,7,not_run
f1,suspect,B4,2021.07.08,true,96,201.0,191.27552795410156,193.00564491271973,43,35,181.0,189.5,198.0,0.7915,0.555,0.338,0.9997549824712428,0.39624024238998107,0.37497028624874906,1.0,1.0,1.0,3.5829546451568604,96,ok,ok,ok,7,7,7,not_run
f1,suspect,B4,2021.07.09,true,96,192.0,190.88790893554688,192.38091928100587,59,35,181.0,189.5,198.0,0.778,0.539,0.3215,0.9996830355440084,0.3808005000092698,0.36047226494172735,1.0,1.0,0.0,3.6017723083496094,96,ok,ok,ok,7,7,7,not_run
f1,suspect,B4,2021.07.10,true,96,106.0,133.6285400390625,135.20105834197997,15,7,181.0,189.5,198.0,0.0055,0.0015,0.0005,2.969214300655625e-6,2.969214300655625e-6,2.969214300655625e-6,0.0,0.0,0.0,3.058687925338745,96,ok,ok,ok,7,7,7,not_run
f1,suspect,B4,2021.07.11,true,96,28.0,31.2393741607666,33.57750114631653,46,33,181.0,189.5,198.0,0.0,0.0,0.0,1.3825064244711463e-10,1.3825064244711463e-10,1.3825064244711463e-10,0.0,0.0,0.0,1.7684555053710938,96,ok,ok,ok,7,7,7,not_run
f1,suspect,B4,2021.07.12,true,96,198.0,190.23641204833984,192.17810791015626,34,35,181.0,189.5,198.0,0.7595,0.525,0.327,0.9995567873029837,0.3675477111401853,0.3653194064411539,1.0,1.0,0.0,3.79152512550354,96,ok,ok,ok,7,7,7,not_run
f1,suspect,B4,2021.07.13,true,96,190.0,190.8966522216797,192.63593228912353,92,33,181.0,189.5,198.0,0.763,0.535,0.3275,0.9995834368890114,0.37698981304528656,0.36575932185551674,1.0,1.0,0.0,4.687567234039307,96,ok,ok,ok,7,7,7,not_run
f1,suspect,B4,2021.07.14,true,96,195.0,193.8536148071289,195.84141275024413,38,34,181.0,189.5,198.0,0.8195,0.617,0.3965,0.9998623275911728,0.4592031170113376,0.42547059056480746,1.0,1.0,0.0,3.838928461074829,96,ok,ok,ok,7,7,7,not_run
f1,suspect,B4,2021.07.15,true,96,202.0,190.62459564208984,192.06152651977538,73,35,181.0,189.5,198.0,0.77,0.531,0.306,0.9996327349099773,0.37319853748554943,0.3467287297356533,1.0,1.0,1.0,4.450377464294434,96,ok,ok,ok,7,7,7,not_run
f1,suspect,B4,2021.07.16,true,96,197.0,193.21216583251953,194.7949264907837,47,33,181.0,189.5,198.0,0.8025,0.5965,0.3755,0.9998031763022718,0.43781335708952074,0.40748457793216797,1.0,1.0,0.0,3.958538055419922,96,ok,ok,ok,7,7,7,not_run
f1,suspect,B4,2021.07.17,true,96,110.0,130.51395416259766,132.9989965286255,5,7,181.0,189.5,198.0,0.0045,0.0005,0.0,1.5505369033843543e-6,1.5505369033843543e-6,1.5505369033843543e-6,0.0,0.0,0.0,3.123896837234497,96,ok,ok,ok,7,7,7,not_run
f1,suspect,B4,2021.07.18,true,96,28.0,31.54425811767578,33.661381868362426,4,33,181.0,189.5,198.0,0.0,0.0,0.0,1.3825064244711463e-10,1.3825064244711463e-10,1.3825064244711463e-10,0.0,0.0,0.0,1.8591527938842773,96,ok,ok,ok,7,7,7,not_run
f1,suspect,B4,2021.07.19,true,96,222.0,190.63353729248047,192.45545891571044,45,35,181.0,189.5,198.0,0.752,0.5285,0.3385,0.9994948346826272,0.37083878463753983,0.37083878463753983,1.0,1.0,1.0,3.862672805786133,96,ok,ok,ok,7,7,7,not_run
f1,suspect,B4,2021.07.20,true,96,201.0,191.29541015625,192.51452437591553,34,35,181.0,189.5,198.0,0.786,0.5535,0.3275,0.9997274985209269,0.3947792240877806,0.36575932185551674,1.0,1.0,1.0,3.656449317932129,96,ok,ok,ok,7,7,7,not_run
f1,protoA,B1,2021.07.07,true,96,203.0,185.11056232195202,182.93322248011734,35,38,181.0,189.5,198.0,0.7026040496097222,0.10717404919793891,0.09148164274875697,0.9999935147540981,0.1779711992252387,0.005819671882601442,1.0,1.0,1.0,,,ok,ok,ok,7,7,7,not_run
f1,protoA,B1,2021.07.08,true,96,201.0,188.50005893928966,186.0816622737658,43,30,181.0,189.5,198.0,0.6915912826339816,0.13541123106203037,0.04313806571997911,0.9999905382025537,0.3594962017839964,0.01388553666827976,1.0,1.0,1.0,,,ok,ok,ok,7,7,7,not_run
f1,protoA,B1,2021.07.09,true,96,192.0,175.7695260211181,179.29120517268396,59,30,181.0,189.5,198.0,0.41962335618262575,0.062407590279355274,0.021362889136214116,0.9667931577164108,0.025531908274309973,0.025531908274309973,1.0,1.0,0.0,,,ok,ok,ok,7,7,7,not_run
f1,protoA,B1,2021.07.10,true,96,106.0,112.98251301168469,121.59313027860635,15,8,181.0,189.5,198.0,0.0575865502134771,0.018109039612719816,0.001578403874124679,4.932362423570042e-7,4.932362423570042e-7,4.932362423570042e-7,0.0,0.0,0.0,,,ok,ok,ok,7,7,7,not_run
f1,protoA,B1,2021.07.11,true,96,28.0,104.27650892068799,96.30262274099113,46,59,181.0,189.5,198.0,0.03454329455157714,0.01340412757717511,0.001578403874124679,1.0225601392244476e-8,1.0225601392244476e-8,1.0225601392244476e-8,0.0,0.0,0.0,,,ok,ok,ok,7,7,7,not_run
f1,protoA,B1,2021.07.12,true,96,198.0,180.213318544976,173.86171690962587,34,34,181.0,189.5,198.0,0.5126808261470098,0.044585484227661745,0.011419560693329337,0.9977336734119707,0.007291828872013621,0.007291828872013621,1.0,1.0,0.0,,,ok,ok,ok,7,7,7,not_run
f1,protoA,B1,2021.07.13,false,0,NaN,185.3910297650693,184.46232214541615,,35,181.0,189.5,198.0,0.6841562161322561,0.08354751756542339,0.022558697761322563,0.999987841223812,0.07477521250445679,0.028427557577169547,NaN,NaN,NaN,,,ok,ok,ok,7,7,7,not_run
f1,protoA,B1,2021.07.14,true,96,195.0,182.5429189988473,175.8951517319935,38,35,181.0,189.5,198.0,0.6233552491452031,0.2013061100205424,0.03867825419329543,0.9999146341591015,0.7551632070046609,0.015694219622738932,1.0,1.0,0.0,,,ok,ok,ok,7,7,7,not_run
f1,protoA,B1,2021.07.15,false,0,NaN,184.94203291669052,183.6417862306779,,42,181.0,189.5,198.0,0.6915912826339816,0.057643179186642225,0.022804309247158764,0.9999905382025537,0.018992856474962135,0.018992856474962135,NaN,NaN,NaN,,,ok,ok,ok,7,7,7,not_run
f1,protoA,B1,2021.07.16,true,96,197.0,168.66020320478003,158.5376046906838,47,46,181.0,189.5,198.0,0.3479471899846296,0.09310920488309189,0.03786676666870099,0.7634104516567461,0.11007860080252095,0.01607061626458176,1.0,1.0,0.0,,,ok,ok,ok,7,7,7,not_run
f1,protoA,B1,2021.07.17,true,96,110.0,112.98251301168469,121.6017182399049,5,16,181.0,189.5,198.0,0.0575865502134771,0.018109039612719816,0.001578403874124679,4.932362423570042e-7,4.932362423570042e-7,4.932362423570042e-7,0.0,0.0,0.0,,,ok,ok,ok,7,7,7,not_run
f1,protoA,B1,2021.07.18,true,96,28.0,104.27650892068799,96.33024660786367,4,45,181.0,189.5,198.0,0.0462370953261203,0.01340412757717511,0.001578403874124679,9.226399724500204e-8,9.226399724500204e-8,9.226399724500204e-8,0.0,0.0,0.0,,,ok,ok,ok,7,7,7,not_run
f1,protoA,B1,2021.07.19,true,96,222.0,180.06516386172572,173.43673005580786,45,42,181.0,189.5,198.0,0.587705793520618,0.044585484227661745,0.011805644383457107,0.9997483162923717,0.007291828872013621,0.007291828872013621,1.0,1.0,1.0,,,ok,ok,ok,7,7,7,not_run
f1,protoA,B1,2021.07.20,true,96,201.0,181.632465384215,181.14129106747896,34,37,181.0,189.5,198.0,0.5415552124255099,0.12304608742083883,0.014150466384624583,0.9990194838077462,0.27461473716776574,0.0468518720053256,1.0,1.0,1.0,,,ok,ok,ok,7,7,7,not_run
f1,protoA,B4,2021.07.07,true,96,203.0,190.20291137695312,192.94026551818848,35,35,181.0,189.5,198.0,0.6975,0.515,0.349,0.9995498724774334,0.37644479003709047,0.33380465311037594,1.0,1.0,1.0,3.6884677410125732,96,ok,ok,ok,7,7,7,not_run
f1,protoA,B4,2021.07.08,true,96,201.0,192.56581115722656,195.09522074890137,43,35,181.0,189.5,198.0,0.728,0.563,0.396,0.9997197712939936,0.43013168459403756,0.38757928423325283,1.0,1.0,1.0,3.622523307800293,96,ok,ok,ok,7,7,7,not_run
f1,protoA,B4,2021.07.09,true,96,192.0,189.42599487304688,191.79407576751709,59,35,181.0,189.5,198.0,0.698,0.498,0.323,0.999553252048696,0.35818578855452504,0.3044305835148345,1.0,1.0,0.0,3.6062729358673096,96,ok,ok,ok,7,7,7,not_run
f1,protoA,B4,2021.07.10,true,96,106.0,129.2132339477539,130.473379611969,15,7,181.0,189.5,198.0,0.0065,0.003,0.002,0.000017631805964827237,0.000017631805964827237,0.000017631805964827237,0.0,0.0,0.0,3.026468276977539,96,ok,ok,ok,7,7,7,not_run
f1,protoA,B4,2021.07.11,true,96,28.0,65.5516471862793,71.22871859455108,46,75,181.0,189.5,198.0,0.0,0.0,0.0,5.467214063393414e-10,5.467214063393414e-10,5.467214063393414e-10,0.0,0.0,0.0,2.9167213439941406,96,ok,ok,ok,7,7,7,not_run
f1,protoA,B4,2021.07.12,true,96,198.0,188.97769165039062,191.125158744812,34,35,181.0,189.5,198.0,0.686,0.4895,0.3025,0.9994656906111508,0.34920528710531246,0.28151156794426746,1.0,1.0,0.0,3.7921581268310547,96,ok,ok,ok,7,7,7,not_run
f1,protoA,B4,2021.07.13,false,0,NaN,189.52377319335938,191.88214067459106,,35,181.0,189.5,198.0,0.699,0.5005,0.3215,0.9995599446570103,0.360846029684441,0.3027458830684158,NaN,NaN,NaN,NaN,0,ok,ok,ok,7,7,7,not_run
f1,protoA,B4,2021.07.14,true,96,195.0,190.83826446533203,192.91149298095704,38,35,181.0,189.5,198.0,0.707,0.5255,0.355,0.9996104103545269,0.38792047456807616,0.3406257333512979,1.0,1.0,0.0,3.617852210998535,96,ok,ok,ok,7,7,7,not_run
f1,protoA,B4,2021.07.15,false,0,NaN,189.53583526611328,191.64901154327393,,35,181.0,189.5,198.0,0.6965,0.5015,0.316,0.999543046130966,0.3619125325947859,0.2965787230930114,NaN,NaN,NaN,NaN,0,ok,ok,ok,7,7,7,not_run
f1,protoA,B4,2021.07.16,true,96,197.0,189.10765838623047,191.88031566238402,47,35,181.0,189.5,198.0,0.691,0.4935,0.3305,0.9995038537694978,0.3534190200587146,0.3128711433754995,1.0,1.0,0.0,3.7343311309814453,96,ok,ok,ok,7,7,7,not_run
f1,protoA,B4,2021.07.17,true,96,110.0,128.7270965576172,131.60282604598999,5,7,181.0,189.5,198.0,0.021,0.015,0.007,0.0007690657683679369,0.0007690657683679369,0.0007690657683679369,0.0,0.0,0.0,3.1050822734832764,96,ok,ok,ok,7,7,7,not_run
f1,protoA,B4,2021.07.18,true,96,28.0,65.96208190917969,71.7881022605896,4,86,181.0,189.5,198.0,0.0,0.0,0.0,5.467214063393414e-10,5.467214063393414e-10,5.467214063393414e-10,0.0,0.0,0.0,2.9218273162841797,96,ok,ok,ok,7,7,7,not_run
f1,protoA,B4,2021.07.19,true,96,222.0,189.77072143554688,192.24647715377807,45,35,181.0,189.5,198.0,0.698,0.5055,0.328,0.999553252048696,0.3661922904266042,0.31005451469085055,1.0,1.0,1.0,3.871941328048706,96,ok,ok,ok,7,7,7,not_run
f1,protoA,B4,2021.07.20,true,96,201.0,189.65325164794922,191.94430209350585,34,35,181.0,189.5,198.0,0.6955,0.503,0.3265,0.99953612927703,0.36351486469908073,0.30836601675065833,1.0,1.0,1.0,3.6631767749786377,96,ok,ok,ok,7,7,7,not_run
f1,K2,B4,2021.07.07,true,96,203.0,192.7149429321289,193.2640107192993,35,35,181.0,189.5,198.0,0.8025,0.5845,0.37,0.9996831812877847,0.38144620949628555,0.3809947013945832,1.0,1.0,1.0,3.7071759700775146,96,ok,ok,ok,7,7,7,not_run
f1,K2,B4,2021.07.08,true,96,201.0,192.67230224609375,192.97880590820313,43,35,181.0,189.5,198.0,0.764,0.5805,0.3615,0.9993202211859831,0.3778584637391297,0.37389457040100965,1.0,1.0,1.0,3.6733551025390625,96,ok,ok,ok,7,7,7,not_run
f1,K2,B4,2021.07.09,true,96,192.0,192.51824188232422,192.99513022613525,59,35,181.0,189.5,198.0,0.7955,0.582,0.3465,0.9996332116475998,0.3792011871441707,0.3613198239939682,1.0,1.0,0.0,3.633023500442505,96,ok,ok,ok,7,7,7,not_run
f1,K2,B4,2021.07.10,true,96,106.0,134.9342803955078,135.18988400268555,15,7,181.0,189.5,198.0,0.0015,0.0005,0.0,9.20048126876012e-9,9.20048126876012e-9,9.20048126876012e-9,0.0,0.0,0.0,3.0967400074005127,96,ok,ok,ok,7,7,7,not_run
f1,K2,B4,2021.07.11,true,96,28.0,32.90255546569824,33.58636135864258,46,95,181.0,189.5,198.0,0.0,0.0,0.0,2.2215454480643762e-11,2.2215454480643762e-11,2.2215454480643762e-11,0.0,0.0,0.0,2.0411477088928223,96,ok,ok,ok,7,7,7,not_run
f1,K2,B4,2021.07.12,true,96,198.0,191.21066284179688,191.77970060729982,34,35,181.0,189.5,198.0,0.737,0.543,0.3535,0.9988963967164212,0.3452923860985233,0.3452923860985233,1.0,1.0,0.0,3.784935712814331,96,ok,ok,ok,7,7,7,not_run
f1,K2,B4,2021.07.13,false,0,NaN,192.55337524414062,192.93801428222656,,35,181.0,189.5,198.0,0.777,0.5745,0.37,0.9994689921560994,0.37251941057871596,0.37251941057871596,NaN,NaN,NaN,NaN,0,ok,ok,ok,7,7,7,not_run
f1,K2,B4,2021.07.14,true,96,195.0,192.74271392822266,193.23701613616944,38,35,181.0,189.5,198.0,0.7855,0.581,0.3725,0.9995507059432415,0.3783056820171453,0.3783056820171453,1.0,1.0,0.0,3.638368606567383,96,ok,ok,ok,7,7,7,not_run
f1,K2,B4,2021.07.15,false,0,NaN,192.00784301757812,192.57696001434326,,35,181.0,189.5,198.0,0.798,0.572,0.333,0.9996517512381297,0.3703096849501707,0.34994689231352377,NaN,NaN,NaN,NaN,0,ok,ok,ok,7,7,7,not_run
f1,K2,B4,2021.07.16,true,96,197.0,191.8484878540039,192.10532247161865,47,35,181.0,189.5,198.0,0.7625,0.562,0.338,0.9993010020306549,0.36155664948155725,0.3541657025354394,1.0,1.0,0.0,3.7395942211151123,96,ok,ok,ok,7,7,7,not_run
f1,K2,B4,2021.07.17,true,96,110.0,132.5886001586914,132.3266863861084,5,7,181.0,189.5,198.0,0.0,0.0,0.0,2.2215454480643762e-11,2.2215454480643762e-11,2.2215454480643762e-11,0.0,0.0,0.0,3.1666316986083984,96,ok,ok,ok,7,7,7,not_run
f1,K2,B4,2021.07.18,true,96,28.0,33.370906829833984,34.044472079277035,4,86,181.0,189.5,198.0,0.0,0.0,0.0,2.2215454480643762e-11,2.2215454480643762e-11,2.2215454480643762e-11,0.0,0.0,0.0,2.0312137603759766,96,ok,ok,ok,7,7,7,not_run
f1,K2,B4,2021.07.19,true,96,222.0,192.2787857055664,192.39923356628418,45,35,181.0,189.5,198.0,0.7575,0.5715,0.372,0.9992335922361676,0.36986878037108817,0.36986878037108817,1.0,1.0,1.0,3.8509299755096436,96,ok,ok,ok,7,7,7,not_run
f1,K2,B4,2021.07.20,true,96,201.0,192.5284652709961,192.8170899810791,34,35,181.0,189.5,198.0,0.7925,0.5855,0.3585,0.999609898382878,0.38234673410593495,0.3713844100423569,1.0,1.0,1.0,3.6726882457733154,96,ok,ok,ok,7,7,7,not_run
f1,re,B4,2021.07.07,true,96,203.0,180.09345245361328,180.769258644104,35,35,181.0,189.5,198.0,0.4885,0.365,0.2705,0.9992220164035724,0.9850018601847682,0.8962826703548572,1.0,1.0,1.0,3.683098554611206,96,ok,ok,ok,7,7,7,not_run
f1,re,B4,2021.07.08,true,96,201.0,181.35602569580078,180.95285729217528,43,35,181.0,189.5,198.0,0.5055,0.384,0.269,0.9993686842956419,0.9938945108668947,0.892451411686917,1.0,1.0,1.0,3.5829546451568604,96,ok,ok,ok,7,7,7,not_run
f1,re,B4,2021.07.09,true,96,192.0,180.78196716308594,180.28621687316894,59,35,181.0,189.5,198.0,0.495,0.379,0.2715,0.9992817458387381,0.9922734241079479,0.8987621950179486,1.0,1.0,0.0,3.6017723083496094,96,ok,ok,ok,7,7,7,not_run
f1,re,B4,2021.07.10,true,96,106.0,121.32450103759766,120.89953678131104,15,7,181.0,189.5,198.0,0.0225,0.0105,0.0045,0.013475136485464638,2.6164679727329363e-18,2.6164679727329363e-18,0.0,0.0,0.0,3.058687925338745,96,ok,ok,ok,7,7,7,not_run
f1,re,B4,2021.07.11,true,96,28.0,30.583930015563965,30.433445945739745,46,46,181.0,189.5,198.0,0.0,0.0,0.0,1.254373423699517e-8,1.6008342534762126e-36,1.6008342534762126e-36,0.0,0.0,0.0,1.7684555053710938,96,ok,ok,ok,7,7,7,not_run
f1,re,B4,2021.07.12,true,96,198.0,179.1790313720703,179.2278574180603,34,35,181.0,189.5,198.0,0.4775,0.3685,0.2555,0.9991093051333957,0.9872996898344136,0.8512361111098793,1.0,1.0,0.0,3.79152512550354,96,ok,ok,ok,7,7,7,not_run
f1,re,B4,2021.07.13,false,0,NaN,180.235595703125,179.7344518356323,,35,181.0,189.5,198.0,0.4905,0.364,0.259,0.9992409079453767,0.9842712592479949,0.8631723284319549,NaN,NaN,NaN,NaN,0,ok,ok,ok,7,7,7,not_run
f1,re,B4,2021.07.14,true,96,195.0,180.36092376708984,179.6867955055237,38,35,181.0,189.5,198.0,0.49,0.364,0.268,0.9992362287656801,0.9842712592479949,0.8898207763812128,1.0,1.0,0.0,3.626281976699829,96,ok,ok,ok,7,7,7,not_run
f1,re,B4,2021.07.15,false,0,NaN,179.5133285522461,179.63295935440064,,35,181.0,189.5,198.0,0.4775,0.363,0.256,0.9991093051333957,0.9835047434107544,0.8529991301222429,NaN,NaN,NaN,NaN,0,ok,ok,ok,7,7,7,not_run
f1,re,B4,2021.07.16,true,96,197.0,178.99651336669922,179.22063152694702,47,35,181.0,189.5,198.0,0.472,0.3545,0.2545,0.9990468839732775,0.9752676158840178,0.8476507707161288,1.0,1.0,0.0,3.7103793621063232,96,ok,ok,ok,7,7,7,not_run
f1,re,B4,2021.07.17,true,96,110.0,119.50526809692383,119.54145762634278,5,7,181.0,189.5,198.0,0.017,0.005,0.0035,0.005640189998507467,6.099834619934221e-22,6.099834619934221e-22,0.0,0.0,0.0,3.123896837234497,96,ok,ok,ok,7,7,7,not_run
f1,re,B4,2021.07.18,true,96,28.0,30.071115493774414,30.065722233772277,4,46,181.0,189.5,198.0,0.0,0.0,0.0,1.254373423699517e-8,1.6008342534762126e-36,1.6008342534762126e-36,0.0,0.0,0.0,1.8591527938842773,96,ok,ok,ok,7,7,7,not_run
f1,re,B4,2021.07.19,true,96,222.0,179.74203491210938,178.72967063140868,45,35,181.0,189.5,198.0,0.4805,0.3575,0.2625,0.9991415887375252,0.9785640568113781,0.8741983867106815,1.0,1.0,1.0,3.862672805786133,96,ok,ok,ok,7,7,7,not_run
f1,re,B4,2021.07.20,true,96,201.0,179.20665740966797,179.51218785858154,34,35,181.0,189.5,198.0,0.4785,0.3605,0.252,0.9991202007523838,0.9814195819334226,0.8383340295585063,1.0,1.0,1.0,3.656449317932129,96,ok,ok,ok,7,7,7,not_run
f1,AWstar,B1,2021.07.07,true,96,203.0,189.82224303253523,186.57038635787566,35,35,181.0,189.5,198.0,0.798054151217602,0.10760372148585787,0.30474547853034867,0.9999999999936124,0.07857852340606508,0.00028862818414523614,1.0,1.0,1.0,,,ok,ok,ok,7,7,7,not_run
f1,AWstar,B1,2021.07.08,true,96,201.0,194.13628420742236,189.45491761877224,43,35,181.0,189.5,198.0,0.8582816526207468,0.18232358998294554,0.14027706101727042,0.9999999999999087,0.063918437814429,0.00098794255995054,1.0,1.0,1.0,,,ok,ok,ok,7,7,7,not_run
f1,AWstar,B1,2021.07.09,true,96,192.0,183.63525523874787,180.93622068203481,59,35,181.0,189.5,198.0,0.6660402186213517,0.03468247886680069,0.04608169312073418,0.9999999942320664,0.11670020586580439,0.00448543600198898,1.0,1.0,0.0,,,ok,ok,ok,7,7,7,not_run
f1,AWstar,B1,2021.07.10,true,96,106.0,157.93688721385112,146.32804940996408,15,8,181.0,189.5,198.0,0.07024060781736817,0.03630796475185731,0.011071777670315967,1.2336122847601568e-6,1.2336122847601568e-6,1.2336122847601568e-6,0.0,0.0,0.0,,,ok,ok,ok,7,7,7,not_run
f1,AWstar,B1,2021.07.11,true,96,28.0,100.12078472862193,88.99744608426094,46,46,181.0,189.5,198.0,0.022379678502049926,0.02807076490455694,0.011071777670315967,8.524584440712557e-12,8.524584440712557e-12,8.524584440712557e-12,0.0,0.0,0.0,,,ok,ok,ok,7,7,7,not_run
f1,AWstar,B1,2021.07.12,true,96,198.0,179.158552699374,177.55871875786434,34,34,181.0,189.5,198.0,0.5384344514712861,0.025018795194769797,0.049274971783884576,0.9999988006851142,0.12984077441068045,0.004110557186632977,1.0,1.0,0.0,,,ok,ok,ok,7,7,7,not_run
f1,AWstar,B1,2021.07.13,false,0,NaN,188.89502493226203,187.18615506823934,,35,181.0,189.5,198.0,0.7631728819281519,0.05946192043655163,0.07928532401196306,0.9999999999513426,0.09723117029127258,0.002187873082153915,NaN,NaN,NaN,,,ok,ok,ok,7,7,7,not_run
f1,AWstar,B1,2021.07.14,true,96,195.0,187.22325812808248,179.93620064663898,38,34,181.0,189.5,198.0,0.786240598934185,0.14510234667196448,0.08432847766250373,0.999999999986953,0.070081348257364,0.0020126093325072915,1.0,1.0,0.0,,,ok,ok,ok,7,7,7,not_run
f1,AWstar,B1,2021.07.15,false,0,NaN,189.02303302624236,186.87724525029844,,42,181.0,189.5,198.0,0.7298406703244182,0.07321467591166284,0.08942286912911052,0.9999999997186061,0.09038634964012797,0.001858101653745465,NaN,NaN,NaN,,,ok,ok,ok,7,7,7,not_run
f1,AWstar,B1,2021.07.16,true,96,197.0,177.44529799542607,169.05393758988075,47,46,181.0,189.5,198.0,0.5219749324438602,0.06557871510898042,0.04986180448397092,0.9999976849362389,0.09396664546289106,0.004047512258545121,1.0,1.0,0.0,,,ok,ok,ok,7,7,7,not_run
f1,AWstar,B1,2021.07.17,true,96,110.0,157.96789654412177,146.45479930542348,5,24,181.0,189.5,198.0,0.07024060781736817,0.03630796475185731,0.011071777670315967,1.2336122847601568e-6,1.2336122847601568e-6,1.2336122847601568e-6,0.0,0.0,0.0,,,ok,ok,ok,7,7,7,not_run
f1,AWstar,B1,2021.07.18,true,96,28.0,100.12078472862193,88.9941078871229,4,46,181.0,189.5,198.0,0.04704616270708176,0.02807076490455694,0.011071777670315967,1.7880304677306245e-8,1.7880304677306245e-8,1.7880304677306245e-8,0.0,0.0,0.0,,,ok,ok,ok,7,7,7,not_run
f1,AWstar,B1,2021.07.19,true,96,222.0,179.95163744556905,178.0949952305582,45,34,181.0,189.5,198.0,0.7155659938853715,0.029446810827440887,0.049274971783884576,0.9999999994282159,0.1231500863707055,0.004110557186632977,1.0,1.0,1.0,,,ok,ok,ok,7,7,7,not_run
f1,AWstar,B1,2021.07.20,true,96,201.0,189.38339179187867,187.8399599929445,34,35,181.0,189.5,198.0,0.8858663148370249,0.06481491216168656,0.07677264948308003,0.9999999999999922,0.09435313208629738,0.00228496736038382,1.0,1.0,1.0,,,ok,ok,ok,7,7,7,not_run
f2,main,B0,2021.07.21,true,96,214.0,195.0,195.0,39,38,182.0,193.0,200.2,1.0,1.0,0.0,0.9999781245616489,0.999153122910191,0.16699021850734108,1.0,1.0,1.0,,,ok,ok,ok,7,7,7,not_run
f2,main,B0,2021.07.22,true,96,213.0,214.0,214.0,33,39,182.0,193.0,200.2,1.0,1.0,1.0,0.9999781245616489,0.999153122910191,0.001974879548101092,1.0,1.0,1.0,,,ok,ok,ok,7,7,7,not_run
f2,main,B0,2021.07.23,true,96,206.0,197.0,197.0,63,47,182.0,193.0,200.2,1.0,1.0,0.0,0.9999781245616489,0.999153122910191,0.16699021850734108,1.0,1.0,1.0,,,ok,ok,ok,7,7,7,not_run
f2,main,B0,2021.07.24,true,96,104.0,110.0,110.0,14,5,182.0,193.0,200.2,0.0,0.0,0.0,0.00002273603092110903,0.00002273603092110903,0.00002273603092110903,0.0,0.0,0.0,,,ok,ok,ok,7,7,7,not_run
f2,main,B0,2021.07.25,true,96,29.0,28.0,28.0,8,4,182.0,193.0,200.2,0.0,0.0,0.0,0.00002273603092110903,0.00002273603092110903,0.00002273603092110903,0.0,0.0,0.0,,,ok,ok,ok,7,7,7,not_run
f2,main,B0,2021.07.26,true,96,217.0,222.0,222.0,33,45,182.0,193.0,200.2,1.0,1.0,1.0,0.9999781245616489,0.999153122910191,0.001974879548101092,1.0,1.0,1.0,,,ok,ok,ok,7,7,7,not_run
f2,main,B0,2021.07.27,true,96,211.0,201.0,201.0,46,34,182.0,193.0,200.2,1.0,1.0,1.0,0.9999781245616489,0.999153122910191,0.001974879548101092,1.0,1.0,1.0,,,ok,ok,ok,7,7,7,not_run
f2,main,B0,2021.07.28,true,96,212.0,214.0,214.0,47,39,182.0,193.0,200.2,1.0,1.0,1.0,0.9999781245616489,0.999153122910191,0.001974879548101092,1.0,1.0,1.0,,,ok,ok,ok,7,7,7,not_run
f2,main,B0,2021.07.29,true,96,211.0,213.0,213.0,47,33,182.0,193.0,200.2,1.0,1.0,1.0,0.9999781245616489,0.999153122910191,0.001974879548101092,1.0,1.0,1.0,,,ok,ok,ok,7,7,7,not_run
f2,main,B0,2021.07.30,false,0,NaN,206.0,206.0,,63,182.0,193.0,200.2,1.0,1.0,1.0,0.9999781245616489,0.999153122910191,0.001974879548101092,NaN,NaN,NaN,,,ok,ok,ok,7,7,7,not_run
f2,main,B0,2021.07.31,true,96,28.0,104.0,104.0,73,14,182.0,193.0,200.2,0.0,0.0,0.0,0.00002273603092110903,0.00002273603092110903,0.00002273603092110903,0.0,0.0,0.0,,,ok,ok,ok,7,7,7,not_run
f2,main,B0,2021.08.01,true,96,28.0,29.0,29.0,35,8,182.0,193.0,200.2,0.0,0.0,0.0,0.00002273603092110903,0.00002273603092110903,0.00002273603092110903,0.0,0.0,0.0,,,ok,ok,ok,7,7,7,not_run
f2,main,B0,2021.08.02,true,96,26.0,217.0,217.0,13,33,182.0,193.0,200.2,1.0,1.0,1.0,0.9999781245616489,0.999153122910191,0.001974879548101092,0.0,0.0,0.0,,,ok,ok,ok,7,7,7,not_run
f2,main,B0,2021.08.03,true,96,26.0,211.0,211.0,6,46,182.0,193.0,200.2,1.0,1.0,1.0,0.9999781245616489,0.999153122910191,0.001974879548101092,0.0,0.0,0.0,,,ok,ok,ok,7,7,7,not_run
f2,main,B0p,2021.07.21,true,96,214.0,201.0,201.0,39,34,182.0,193.0,200.2,1.0,1.0,1.0,0.9999781245616489,0.999455093057845,0.8507354630318524,1.0,1.0,1.0,,,ok,ok,ok,7,7,7,not_run
f2,main,B0p,2021.07.22,true,96,213.0,214.0,214.0,33,39,182.0,193.0,200.2,1.0,1.0,1.0,0.9999781245616489,0.999455093057845,0.8507354630318524,1.0,1.0,1.0,,,ok,ok,ok,7,7,7,not_run
f2,main,B0p,2021.07.23,true,96,206.0,213.0,213.0,63,33,182.0,193.0,200.2,1.0,1.0,1.0,0.9999781245616489,0.999455093057845,0.8507354630318524,1.0,1.0,1.0,,,ok,ok,ok,7,7,7,not_run
f2,main,B0p,2021.07.24,true,96,104.0,110.0,110.0,14,5,182.0,193.0,200.2,0.0,0.0,0.0,0.00002273603092110903,0.00002273603092110903,0.00002273603092110903,0.0,0.0,0.0,,,ok,ok,ok,7,7,7,not_run
f2,main,B0p,2021.07.25,true,96,29.0,28.0,28.0,8,4,182.0,193.0,200.2,0.0,0.0,0.0,0.00002273603092110903,0.00002273603092110903,0.00002273603092110903,0.0,0.0,0.0,,,ok,ok,ok,7,7,7,not_run
f2,main,B0p,2021.07.26,true,96,217.0,206.0,206.0,33,63,182.0,193.0,200.2,1.0,1.0,1.0,0.9999781245616489,0.999455093057845,0.8507354630318524,1.0,1.0,1.0,,,ok,ok,ok,7,7,7,not_run
f2,main,B0p,2021.07.27,true,96,211.0,217.0,217.0,46,33,182.0,193.0,200.2,1.0,1.0,1.0,0.9999781245616489,0.999455093057845,0.8507354630318524,1.0,1.0,1.0,,,ok,ok,ok,7,7,7,not_run
f2,main,B0p,2021.07.28,true,96,212.0,211.0,211.0,47,46,182.0,193.0,200.2,1.0,1.0,1.0,0.9999781245616489,0.999455093057845,0.8507354630318524,1.0,1.0,1.0,,,ok,ok,ok,7,7,7,not_run
f2,main,B0p,2021.07.29,true,96,211.0,212.0,212.0,47,47,182.0,193.0,200.2,1.0,1.0,1.0,0.9999781245616489,0.999455093057845,0.8507354630318524,1.0,1.0,1.0,,,ok,ok,ok,7,7,7,not_run
f2,main,B0p,2021.07.30,false,0,NaN,211.0,211.0,,47,182.0,193.0,200.2,1.0,1.0,1.0,0.9999781245616489,0.999455093057845,0.8507354630318524,NaN,NaN,NaN,,,ok,ok,ok,7,7,7,not_run
f2,main,B0p,2021.07.31,true,96,28.0,29.0,29.0,73,8,182.0,193.0,200.2,0.0,0.0,0.0,0.00002273603092110903,0.00002273603092110903,0.00002273603092110903,0.0,0.0,0.0,,,ok,ok,ok,7,7,7,not_run
f2,main,B0p,2021.08.01,true,96,28.0,29.0,29.0,35,8,182.0,193.0,200.2,0.0,0.0,0.0,0.00002273603092110903,0.00002273603092110903,0.00002273603092110903,0.0,0.0,0.0,,,ok,ok,ok,7,7,7,not_run
f2,main,B0p,2021.08.02,true,96,26.0,28.0,28.0,13,35,182.0,193.0,200.2,0.0,0.0,0.0,0.00002273603092110903,0.00002273603092110903,0.00002273603092110903,0.0,0.0,0.0,,,ok,ok,ok,7,7,7,not_run
f2,main,B0p,2021.08.03,true,96,26.0,26.0,26.0,6,13,182.0,193.0,200.2,0.0,0.0,0.0,0.00002273603092110903,0.00002273603092110903,0.00002273603092110903,0.0,0.0,0.0,,,ok,ok,ok,7,7,7,not_run
f2,main,BB,2021.07.21,true,96,214.0,176.05583046130286,176.05583046130286,39,35,182.0,193.0,200.2,0.0,0.0,0.0,0.5714279825362351,0.5714279825362351,0.14286081088273403,1.0,1.0,1.0,,,ok,ok,ok,7,7,7,not_run
f2,main,BB,2021.07.22,true,96,213.0,176.05583046130286,176.05583046130286,33,35,182.0,193.0,200.2,0.0,0.0,0.0,0.5714279825362351,0.5714279825362351,0.14286081088273403,1.0,1.0,1.0,,,ok,ok,ok,7,7,7,not_run
f2,main,BB,2021.07.23,true,96,206.0,176.05583046130286,176.05583046130286,63,35,182.0,193.0,200.2,0.0,0.0,0.0,0.5714279825362351,0.5714279825362351,0.14286081088273403,1.0,1.0,1.0,,,ok,ok,ok,7,7,7,not_run
f2,main,BB,2021.07.24,true,96,104.0,103.83732326620436,103.83732326620436,14,5,182.0,193.0,200.2,0.0,0.0,0.0,0.5714279825362351,0.5714279825362351,0.14286081088273403,0.0,0.0,0.0,,,ok,ok,ok,7,7,7,not_run
f2,main,BB,2021.07.25,true,96,29.0,25.154974848919153,25.154974848919153,8,85,182.0,193.0,200.2,0.0,0.0,0.0,0.5714279825362351,0.5714279825362351,0.14286081088273403,0.0,0.0,0.0,,,ok,ok,ok,7,7,7,not_run
f2,main,BB,2021.07.26,true,96,217.0,176.05583046130286,176.05583046130286,33,35,182.0,193.0,200.2,0.0,0.0,0.0,0.5714279825362351,0.5714279825362351,0.14286081088273403,1.0,1.0,1.0,,,ok,ok,ok,7,7,7,not_run
f2,main,BB,2021.07.27,true,96,211.0,176.05583046130286,176.05583046130286,46,35,182.0,193.0,200.2,0.0,0.0,0.0,0.5714279825362351,0.5714279825362351,0.14286081088273403,1.0,1.0,1.0,,,ok,ok,ok,7,7,7,not_run
f2,main,BB,2021.07.28,true,96,212.0,176.05583046130286,176.05583046130286,47,35,182.0,193.0,200.2,0.0,0.0,0.0,0.5714279825362351,0.5714279825362351,0.14286081088273403,1.0,1.0,1.0,,,ok,ok,ok,7,7,7,not_run
f2,main,BB,2021.07.29,true,96,211.0,176.05583046130286,176.05583046130286,47,35,182.0,193.0,200.2,0.0,0.0,0.0,0.5714279825362351,0.5714279825362351,0.14286081088273403,1.0,1.0,1.0,,,ok,ok,ok,7,7,7,not_run
f2,main,BB,2021.07.30,false,0,NaN,176.05583046130286,176.05583046130286,,35,182.0,193.0,200.2,0.0,0.0,0.0,0.5714279825362351,0.5714279825362351,0.14286081088273403,NaN,NaN,NaN,,,ok,ok,ok,7,7,7,not_run
f2,main,BB,2021.07.31,true,96,28.0,25.136209636562434,25.136209636562434,73,85,182.0,193.0,200.2,0.0,0.0,0.0,0.5714279825362351,0.5714279825362351,0.14286081088273403,0.0,0.0,0.0,,,ok,ok,ok,7,7,7,not_run
f2,main,BB,2021.08.01,true,96,28.0,25.154974848919153,25.154974848919153,35,85,182.0,193.0,200.2,0.0,0.0,0.0,0.5714279825362351,0.5714279825362351,0.14286081088273403,0.0,0.0,0.0,,,ok,ok,ok,7,7,7,not_run
f2,main,BB,2021.08.02,true,96,26.0,25.136209636562434,25.136209636562434,13,85,182.0,193.0,200.2,0.0,0.0,0.0,0.5714279825362351,0.5714279825362351,0.14286081088273403,0.0,0.0,0.0,,,ok,ok,ok,7,7,7,not_run
f2,main,BB,2021.08.03,true,96,26.0,25.136209636562434,25.136209636562434,6,85,182.0,193.0,200.2,0.0,0.0,0.0,0.5714279825362351,0.5714279825362351,0.14286081088273403,0.0,0.0,0.0,,,ok,ok,ok,7,7,7,not_run
f2,main,B1,2021.07.21,true,96,214.0,196.52698261766363,191.4831874716931,39,38,182.0,193.0,200.2,0.9052739989880438,0.734567480297252,0.4438291254082837,0.9976657976639066,0.9976657976639066,0.9976657976639066,1.0,1.0,1.0,,,ok,ok,ok,7,7,7,not_run
f2,main,B1,2021.07.22,true,96,213.0,196.16042080938323,191.353459757858,33,33,182.0,193.0,200.2,0.8489142657248997,0.4181828000366058,0.3077803724043533,0.9946313614789697,0.9946313614789697,0.9946313614789697,1.0,1.0,1.0,,,ok,ok,ok,7,7,7,not_run
f2,main,B1,2021.07.23,true,96,206.0,195.84107986249595,190.95241416573512,63,34,182.0,193.0,200.2,0.9327257492289883,0.5114432246893402,0.10567726813601992,0.9986990595339273,0.9986990595339273,0.7445230210163852,1.0,1.0,1.0,,,ok,ok,ok,7,7,7,not_run
f2,main,B1,2021.07.24,true,96,104.0,106.41512733494592,86.84333754530589,14,5,182.0,193.0,200.2,0.10103458887612844,0.027890290405472157,0.01916889316499972,0.281897742795672,0.281897742795672,0.0003443874896815548,0.0,0.0,0.0,,,ok,ok,ok,7,7,7,not_run
f2,main,B1,2021.07.25,true,96,29.0,71.06532869126731,70.36703992825733,8,85,182.0,193.0,200.2,0.013524515880321109,0.013338797983197011,0.011291968513959333,0.014115187520532334,0.014115187520532334,0.00002315996666670688,0.0,0.0,0.0,,,ok,ok,ok,7,7,7,not_run
f2,main,B1,2021.07.26,true,96,217.0,194.59749020726304,191.06176558673172,33,46,182.0,193.0,200.2,0.858498914576998,0.8437697365160115,0.6805021268891724,0.9952394523219245,0.9952394523219245,0.9952394523219245,1.0,1.0,1.0,,,ok,ok,ok,7,7,7,not_run
f2,main,B1,2021.07.27,true,96,211.0,198.4823432642402,192.38431977644623,46,44,182.0,193.0,200.2,0.9717078354663633,0.7524987499980036,0.6280356415613023,0.9996876563119675,0.9996876563119675,0.9996876563119675,1.0,1.0,1.0,,,ok,ok,ok,7,7,7,not_run
f2,main,B1,2021.07.28,true,96,212.0,198.36876981227445,192.107855907795,47,34,182.0,193.0,200.2,0.9627257576985533,0.8190020579159918,0.4922938592390014,0.9995109371600446,0.9995109371600446,0.9995109371600446,1.0,1.0,1.0,,,ok,ok,ok,7,7,7,not_run
f2,main,B1,2021.07.29,true,96,211.0,199.99764036417844,192.6504323379247,47,39,182.0,193.0,200.2,0.9627257576985533,0.8190020579159918,0.5923335235412769,0.9995109371600446,0.9995109371600446,0.9995109371600446,1.0,1.0,1.0,,,ok,ok,ok,7,7,7,not_run
f2,main,B1,2021.07.30,false,0,NaN,197.3565810243229,191.65631952073016,,46,182.0,193.0,200.2,0.9614465793842215,0.6103563523990813,0.12555253273458652,0.9994831967119107,0.9994831967119107,0.8858079564134022,NaN,NaN,NaN,,,ok,ok,ok,7,7,7,not_run
f2,main,B1,2021.07.31,true,96,28.0,82.82276364429599,78.0994254169746,73,15,182.0,193.0,200.2,0.05709736377047746,0.18344629262968123,0.0455355524298861,0.1291613352452593,0.1291613352452593,0.029644303664046988,0.0,0.0,0.0,,,ok,ok,ok,7,7,7,not_run
f2,main,B1,2021.08.01,true,96,28.0,71.10871628520741,70.42838886528644,35,50,182.0,193.0,200.2,0.013524515880321109,0.013338797983197011,0.011199405036623065,0.014115187520532334,0.014115187520532334,0.000022211067275753573,0.0,0.0,0.0,,,ok,ok,ok,7,7,7,not_run
f2,main,B1,2021.08.02,true,96,26.0,152.1402233238439,127.21365149198864,13,33,182.0,193.0,200.2,0.19989603666578934,0.3826096647306267,0.5956246693174113,0.5798627273695699,0.5798627273695699,0.5798627273695699,0.0,0.0,0.0,,,ok,ok,ok,7,7,7,not_run
f2,main,B1,2021.08.03,true,96,26.0,142.61824007990955,127.14670418114278,6,42,182.0,193.0,200.2,0.1785630158132406,0.18388922510304634,0.5258236839127222,0.5257704914595668,0.5257704914595668,0.5257704914595668,0.0,0.0,0.0,,,ok,ok,ok,7,7,7,not_run
f2,main,B2,2021.07.21,true,96,214.0,203.82105255126953,200.62891690826416,39,34,182.0,193.0,200.2,0.8351468078544553,0.6290918718853956,0.5506050662439643,0.9998927891461169,0.9994775378874371,0.3032533023857433,1.0,1.0,1.0,3.731698751449585,96,ok,ok,ok,7,7,7,not_run
f2,main,B2,2021.07.22,true,96,213.0,203.2846221923828,200.02916870117187,33,35,182.0,193.0,200.2,0.8237935148909012,0.6055808586926092,0.5246304332943936,0.9998728027826805,0.9993699966123594,0.29355421492090705,1.0,1.0,1.0,3.804746389389038,96,ok,ok,ok,7,7,7,not_run
f2,main,B2,2021.07.23,true,96,206.0,203.63975524902344,200.20931719207763,63,35,182.0,193.0,200.2,0.8402945520984522,0.6397655559877431,0.5623986090610777,0.999901093993217,0.9995208509585649,0.3077477711530722,1.0,1.0,1.0,3.6738898754119873,96,ok,ok,ok,7,7,7,not_run
f2,main,B2,2021.07.24,true,96,104.0,120.66667556762695,125.57207181167603,14,5,182.0,193.0,200.2,7.321423700190621e-6,7.765201448517445e-8,2.6603246272571823e-9,6.302429626961723e-6,6.302429626961723e-6,6.302429626961723e-6,0.0,0.0,0.0,3.119187593460083,96,ok,ok,ok,7,7,7,not_run
f2,main,B2,2021.07.25,true,96,29.0,37.253658294677734,36.567570302009585,8,85,182.0,193.0,200.2,2.3314683517128287e-15,2.3314683517128287e-15,2.3314683517128287e-15,6.302429626961723e-6,6.302429626961723e-6,6.302429626961723e-6,0.0,0.0,0.0,2.2634332180023193,96,ok,ok,ok,7,7,7,not_run
f2,main,B2,2021.07.26,true,96,217.0,200.91409301757812,198.68838096618651,33,35,182.0,193.0,200.2,0.8035854853717657,0.5876657691682952,0.5073429915559362,0.9998310226598406,0.9992753475922179,0.28723064969024664,1.0,1.0,1.0,4.726076602935791,96,ok,ok,ok,7,7,7,not_run
f2,main,B2,2021.07.27,true,96,211.0,201.1600112915039,198.92145273590089,46,34,182.0,193.0,200.2,0.8212216584078174,0.6029827586613864,0.5220455950954113,0.9998679413133714,0.9993569950183312,0.2926025383877227,1.0,1.0,1.0,3.8049392700195312,96,ok,ok,ok,7,7,7,not_run
f2,main,B2,2021.07.28,true,96,212.0,204.34046173095703,200.62865071105958,47,34,182.0,193.0,200.2,0.8443303872451575,0.6481830084116553,0.5717043524502776,0.9999072903117188,0.9995528152690862,0.31133908517019715,1.0,1.0,1.0,4.052931308746338,96,ok,ok,ok,7,7,7,not_run
f2,main,B2,2021.07.29,true,96,211.0,200.99747467041016,199.08293364715576,47,34,182.0,193.0,200.2,0.8233290767460028,0.6049026273774855,0.5239108106179624,0.9998719342588215,0.9993666252834329,0.293289038486901,1.0,1.0,1.0,3.9027299880981445,96,ok,ok,ok,7,7,7,not_run
f2,main,B2,2021.07.30,false,0,NaN,204.33055877685547,200.6284720916748,,34,182.0,193.0,200.2,0.8443243092365469,0.6481701736731852,0.5716901468499132,0.9999072811834773,0.9995527679387007,0.31133357109524845,NaN,NaN,NaN,NaN,0,ok,ok,ok,7,7,7,not_run
f2,main,B2,2021.07.31,true,96,28.0,37.442312240600586,36.64756518936157,73,5,182.0,193.0,200.2,4.440892098500626e-16,4.440892098500626e-16,4.440892098500626e-16,6.302429626961723e-6,6.302429626961723e-6,6.302429626961723e-6,0.0,0.0,0.0,2.271454095840454,96,ok,ok,ok,7,7,7,not_run
f2,main,B2,2021.08.01,true,96,28.0,36.16039276123047,35.002544063568116,35,85,182.0,193.0,200.2,1.9984014443252818e-15,1.9984014443252818e-15,1.9984014443252818e-15,6.302429626961723e-6,6.302429626961723e-6,6.302429626961723e-6,0.0,0.0,0.0,2.3182613849639893,96,ok,ok,ok,7,7,7,not_run
f2,main,B2,2021.08.02,true,96,26.0,36.078269958496094,35.007770256042484,13,85,182.0,193.0,200.2,1.6653345369377348e-15,1.6653345369377348e-15,1.6653345369377348e-15,6.302429626961723e-6,6.302429626961723e-6,6.302429626961723e-6,0.0,0.0,0.0,2.2830867767333984,96,ok,ok,ok,7,7,7,not_run
f2,main,B2,2021.08.03,true,96,26.0,36.2667350769043,35.11795015716553,6,85,182.0,193.0,200.2,8.881784197001252e-16,8.881784197001252e-16,8.881784197001252e-16,6.302429626961723e-6,6.302429626961723e-6,6.302429626961723e-6,0.0,0.0,0.0,2.217496156692505,96,ok,ok,ok,7,7,7,not_run
f2,main,B3,2021.07.21,true,96,214.0,203.86588287353516,202.48032106781005,39,34,182.0,193.0,200.2,0.9487147057754887,0.7545289647636073,0.6033101307241509,0.9999933303738011,0.999685658819102,0.28583442533675035,1.0,1.0,1.0,3.766193389892578,96,ok,ok,ok,7,7,7,not_run
f2,main,B3,2021.07.22,true,96,213.0,204.00383758544922,202.96439641571044,33,34,182.0,193.0,200.2,0.9485633210462968,0.7541073594858708,0.602810513126853,0.9999932609802796,0.9996834880179725,0.2856287112860858,1.0,1.0,1.0,3.763718366622925,96,ok,ok,ok,7,7,7,not_run
f2,main,B3,2021.07.23,true,96,206.0,203.8802719116211,202.8457576675415,63,34,182.0,193.0,200.2,0.9489432372939048,0.7551681107002174,0.6040678096688549,0.999993434139927,0.9996889260999089,0.28614673350548514,1.0,1.0,1.0,3.709012269973755,96,ok,ok,ok,7,7,7,not_run
f2,main,B3,2021.07.24,true,96,104.0,126.00625991821289,129.9423560371399,14,15,182.0,193.0,200.2,0.00001399673487945119,1.4511229329272624e-7,4.884477600164416e-9,9.018730245122619e-12,9.018730245122619e-12,9.018730245122619e-12,0.0,0.0,0.0,3.083453416824341,96,ok,ok,ok,7,7,7,not_run
f2,main,B3,2021.07.25,true,96,29.0,28.661548614501953,31.044725566864013,8,85,182.0,193.0,200.2,0.0,0.0,0.0,9.018730245122619e-12,9.018730245122619e-12,9.018730245122619e-12,0.0,0.0,0.0,2.2117760181427,96,ok,ok,ok,7,7,7,not_run
f2,main,B3,2021.07.26,true,96,217.0,199.86029052734375,199.51256742858888,33,54,182.0,193.0,200.2,0.9024820774631253,0.6640398889022372,0.4998899423161285,0.999932994064413,0.9988051053116787,0.2463082781370661,1.0,1.0,1.0,4.663304805755615,96,ok,ok,ok,7,7,7,not_run
f2,main,B3,2021.07.27,true,96,211.0,204.03685760498047,202.7853314590454,46,34,182.0,193.0,200.2,0.9483392667247738,0.7536573087490201,0.6022945160369206,0.9999931573093441,0.999681157010388,0.2854164389609536,1.0,1.0,1.0,3.836899995803833,96,ok,ok,ok,7,7,7,not_run
f2,main,B3,2021.07.28,true,96,212.0,203.7353057861328,202.56709839630128,47,34,182.0,193.0,200.2,0.9489452851732094,0.755180116815892,0.6040826652956618,0.9999934350644124,0.9996889872033787,0.2861528609529835,1.0,1.0,1.0,4.077724456787109,96,ok,ok,ok,7,7,7,not_run
f2,main,B3,2021.07.29,true,96,211.0,203.28932189941406,202.67364785003662,47,34,182.0,193.0,200.2,0.9485315384980116,0.7540348069329358,0.6027261259548062,0.9999932463446866,0.9996831131982788,0.2855939829536711,1.0,1.0,1.0,3.9017715454101562,96,ok,ok,ok,7,7,7,not_run
f2,main,B3,2021.07.30,false,0,NaN,203.99378204345703,202.8572341003418,,34,182.0,193.0,200.2,0.9489442056543536,0.7551770558289113,0.604079032481358,0.9999934345770911,0.999688971625855,0.28615136252442214,NaN,NaN,NaN,NaN,0,ok,ok,ok,7,7,7,not_run
f2,main,B3,2021.07.31,true,96,28.0,38.428096771240234,36.896799792289734,73,5,182.0,193.0,200.2,0.0,0.0,0.0,9.018730245122619e-12,9.018730245122619e-12,9.018730245122619e-12,0.0,0.0,0.0,2.2854163646698,96,ok,ok,ok,7,7,7,not_run
f2,main,B3,2021.08.01,true,96,28.0,28.68542766571045,31.172324297904968,35,46,182.0,193.0,200.2,0.0,0.0,0.0,9.018730245122619e-12,9.018730245122619e-12,9.018730245122619e-12,0.0,0.0,0.0,2.3205373287200928,96,ok,ok,ok,7,7,7,not_run
f2,main,B3,2021.08.02,true,96,26.0,37.44887733459473,36.393508556365965,13,85,182.0,193.0,200.2,0.0,0.0,0.0,9.018730245122619e-12,9.018730245122619e-12,9.018730245122619e-12,0.0,0.0,0.0,2.307265520095825,96,ok,ok,ok,7,7,7,not_run
f2,main,B3,2021.08.03,true,96,26.0,37.52499961853027,36.37473865413666,6,85,182.0,193.0,200.2,0.0,0.0,0.0,9.018730245122619e-12,9.018730245122619e-12,9.018730245122619e-12,0.0,0.0,0.0,2.239920139312744,96,ok,ok,ok,7,7,7,not_run
f2,main,B4,2021.07.21,true,96,214.0,198.3226547241211,200.0940779647827,39,34,182.0,193.0,200.2,0.9515,0.676,0.43,0.999983170821874,0.9993897980890933,0.9624086174683719,1.0,1.0,1.0,3.7555534839630127,96,ok,ok,ok,7,7,7,not_run
f2,main,B4,2021.07.22,true,96,213.0,198.48828125,200.1763640060425,33,34,182.0,193.0,200.2,0.9545,0.7015,0.44,0.9999863766032271,0.9995241378436143,0.9857893703799154,1.0,1.0,1.0,3.506488084793091,96,ok,ok,ok,7,7,7,not_run
f2,main,B4,2021.07.23,true,96,206.0,198.21078491210938,199.85066734313966,63,34,182.0,193.0,200.2,0.953,0.672,0.442,0.9999848340200816,0.9993661406761604,0.9883208421748708,1.0,1.0,1.0,3.495072603225708,96,ok,ok,ok,7,7,7,not_run
f2,main,B4,2021.07.24,true,96,104.0,123.23369598388672,126.63029801177979,14,5,182.0,193.0,200.2,0.0,0.0,0.0,2.164655569103837e-11,2.164655569103837e-11,1.4706629419499055e-84,0.0,0.0,0.0,3.0376014709472656,96,ok,ok,ok,7,7,7,not_run
f2,main,B4,2021.07.25,true,96,29.0,32.623579025268555,33.75592197227478,8,46,182.0,193.0,200.2,0.0,0.0,0.0,2.164655569103837e-11,2.164655569103837e-11,1.4706629419499055e-84,0.0,0.0,0.0,1.9123735427856445,96,ok,ok,ok,7,7,7,not_run
f2,main,B4,2021.07.26,true,96,217.0,198.47362518310547,200.25251937103272,33,34,182.0,193.0,200.2,0.9395,0.657,0.4555,0.9999648208140519,0.9992704580721543,0.996906048603591,1.0,1.0,1.0,3.715672731399536,96,ok,ok,ok,7,7,7,not_run
f2,main,B4,2021.07.27,true,96,211.0,198.8232421875,200.20432264709473,46,34,182.0,193.0,200.2,0.951,0.6915,0.4545,0.9999825886476847,0.9994746897728798,0.996585883431892,1.0,1.0,1.0,3.5800273418426514,96,ok,ok,ok,7,7,7,not_run
f2,main,B4,2021.07.28,true,96,212.0,198.40088653564453,200.41389483642578,47,34,182.0,193.0,200.2,0.951,0.681,0.4495,0.9999825886476847,0.9994183341125664,0.9944140622229009,1.0,1.0,1.0,3.6422882080078125,96,ok,ok,ok,7,7,7,not_run
f2,main,B4,2021.07.29,true,96,211.0,198.4970245361328,199.99372178649904,47,33,182.0,193.0,200.2,0.952,0.6875,0.4405,0.9999837389686753,0.9994537752196883,0.9864691209904158,1.0,1.0,1.0,3.690688133239746,96,ok,ok,ok,7,7,7,not_run
f2,main,B4,2021.07.30,false,0,NaN,198.1152801513672,199.71354660797118,,33,182.0,193.0,200.2,0.947,0.6815,0.4315,0.9999774005363811,0.9994211258978772,0.96747010818797,NaN,NaN,NaN,NaN,0,ok,ok,ok,7,7,7,not_run
f2,main,B4,2021.07.31,true,96,28.0,39.56851577758789,41.66461921691894,73,0,182.0,193.0,200.2,0.0,0.0,0.0,2.164655569103837e-11,2.164655569103837e-11,1.4706629419499055e-84,0.0,0.0,0.0,1.8549832105636597,96,ok,ok,ok,7,7,7,not_run
f2,main,B4,2021.08.01,true,96,28.0,33.10078239440918,34.212144338607786,35,45,182.0,193.0,200.2,0.0,0.0,0.0,2.164655569103837e-11,2.164655569103837e-11,1.4706629419499055e-84,0.0,0.0,0.0,1.8035534620285034,96,ok,ok,ok,7,7,7,not_run
f2,main,B4,2021.08.02,true,96,26.0,35.67720031738281,36.56594460105896,13,5,182.0,193.0,200.2,0.0,0.0,0.0,2.164655569103837e-11,2.164655569103837e-11,1.4706629419499055e-84,0.0,0.0,0.0,1.8325294256210327,96,ok,ok,ok,7,7,7,not_run
f2,main,B4,2021.08.03,true,96,26.0,35.473716735839844,36.23209656333923,6,46,182.0,193.0,200.2,0.0,0.0,0.0,2.164655569103837e-11,2.164655569103837e-11,1.4706629419499055e-84,0.0,0.0,0.0,1.9136234521865845,96,ok,ok,ok,7,7,7,not_run
f2,copies,B1,2021.07.21,true,96,214.0,194.76227116187067,195.12023260127336,39,45,181.0,191.0,198.0,0.9802280449295433,0.6497185968954459,0.7129132945378848,0.9999555490550837,0.9999555490550837,0.7113871024682887,1.0,1.0,1.0,,,ok,ok,ok,7,7,7,not_run
f2,copies,B1,2021.07.22,true,96,213.0,186.26678132839376,184.44396368327975,33,54,181.0,191.0,198.0,0.9720779486965514,0.14122531331079724,0.1322050144308095,0.9999066724045712,0.9999066724045712,0.41224452337572,1.0,1.0,1.0,,,ok,ok,ok,7,7,7,not_run
f2,copies,B1,2021.07.23,true,96,206.0,192.08752874838154,186.9366049095128,63,33,181.0,191.0,198.0,0.9846813266802307,0.606767045742104,0.20356580378536446,0.9999742250001243,0.9999742250001243,0.4696134805046455,1.0,1.0,1.0,,,ok,ok,ok,7,7,7,not_run
f2,copies,B1,2021.07.24,true,96,104.0,115.18684065429954,125.56287517240987,14,5,181.0,191.0,198.0,0.029491583341948988,0.011399273479817614,0.0003814654879424149,0.00406571466132415,0.00406571466132415,0.00406571466132415,0.0,0.0,0.0,,,ok,ok,ok,7,7,7,not_run
f2,copies,B1,2021.07.25,true,96,29.0,31.03909208980365,48.01617345773838,8,45,181.0,191.0,198.0,0.09411957554220411,0.0040698088846767445,0.0007756690359525038,0.05110553316354121,0.05110553316354121,0.05110553316354121,0.0,0.0,0.0,,,ok,ok,ok,7,7,7,not_run
f2,copies,B1,2021.07.26,true,96,217.0,198.70993006223077,193.8729669044803,33,33,181.0,191.0,198.0,0.9876051437784212,0.9940488147296884,0.09110133965305356,0.9999835754682225,0.9999835754682225,0.3674410944723906,1.0,1.0,1.0,,,ok,ok,ok,7,7,7,not_run
f2,copies,B1,2021.07.27,true,96,211.0,195.9612785795154,195.00479115631808,46,34,181.0,191.0,198.0,0.9970960162416237,0.9864499506175037,0.79549733810987,0.9999992338937866,0.9999992338937866,0.7510505637381376,1.0,1.0,1.0,,,ok,ok,ok,7,7,7,not_run
f2,copies,B1,2021.07.28,true,96,212.0,194.2850522958894,193.23710925653413,47,55,181.0,191.0,198.0,0.9939097884759747,0.9824773011159434,0.7427327442131545,0.9999963514365261,0.9999963514365261,0.7251122601772104,1.0,1.0,1.0,,,ok,ok,ok,7,7,7,not_run
f2,copies,B1,2021.07.29,true,96,211.0,194.2035939762076,194.72275423581848,47,39,181.0,191.0,198.0,0.9919658966389975,0.9770031043467569,0.7543804196441446,0.9999934483638568,0.9999934483638568,0.7306322540827338,1.0,1.0,1.0,,,ok,ok,ok,7,7,7,not_run
f2,copies,B1,2021.07.30,true,96,212.0,192.208017964952,188.85884666491785,47,63,181.0,191.0,198.0,0.9866310747558319,0.9646821665656337,0.25100810775805193,0.9999807099604447,0.9999807099604447,0.5000729099656938,1.0,1.0,1.0,,,ok,ok,ok,7,7,7,not_run
f2,copies,B1,2021.07.31,true,96,28.0,122.51318251964442,121.23535972850159,73,14,181.0,191.0,198.0,0.211229974925984,0.07376900376937871,0.0003904901198138374,0.28198541118430887,0.28198541118430887,0.045601282299318105,0.0,0.0,0.0,,,ok,ok,ok,7,7,7,not_run
f2,copies,B1,2021.08.01,true,96,28.0,27.758582792648838,43.579491386549364,35,33,181.0,191.0,198.0,0.015391661977395726,0.0024833660101530966,0.0006082064640625461,0.0010109157247993603,0.0010109157247993603,0.0010109157247993603,0.0,0.0,0.0,,,ok,ok,ok,7,7,7,not_run
f2,copies,B1,2021.08.02,true,96,26.0,160.90406250580375,136.73803019218082,13,34,181.0,191.0,198.0,0.7314105197475039,0.9869532997489859,0.02882737552939226,0.9807756034636297,0.9807756034636297,0.2513980450505286,0.0,0.0,0.0,,,ok,ok,ok,7,7,7,not_run
f2,copies,B1,2021.08.03,true,96,26.0,94.9328725362222,95.43739734073247,6,43,181.0,191.0,198.0,0.5750939559736724,0.7172612042003298,0.002714304199277312,0.9216613370156845,0.9216613370156845,0.1027490734899933,0.0,0.0,0.0,,,ok,ok,ok,7,7,7,not_run
f2,copies,B4,2021.07.21,true,96,214.0,199.88658905029297,200.2647254333496,39,33,181.0,191.0,198.0,0.8585,0.6985,0.5475,0.9997917032019804,0.9994204957185997,0.33415283195767176,1.0,1.0,1.0,3.717421770095825,96,ok,ok,ok,7,7,7,not_run
f2,copies,B4,2021.07.22,true,96,213.0,200.44107818603516,200.78086640167237,33,35,181.0,191.0,198.0,0.874,0.7005,0.5625,0.9998685416164368,0.9994358547797909,0.36169080026677636,1.0,1.0,1.0,3.4959421157836914,96,ok,ok,ok,7,7,7,not_run
f2,copies,B4,2021.07.23,true,96,206.0,200.5408935546875,201.04821379852294,63,35,181.0,191.0,198.0,0.8775,0.704,0.553,0.9998823020823524,0.99946189446615,0.34411018653491326,1.0,1.0,1.0,3.489469528198242,96,ok,ok,ok,7,7,7,not_run
f2,copies,B4,2021.07.24,true,96,104.0,128.69403076171875,129.41131659698488,14,5,181.0,191.0,198.0,0.002,0.001,0.0,5.178776885587429e-9,5.178776885587429e-9,5.178776885587429e-9,0.0,0.0,0.0,3.0602519512176514,96,ok,ok,ok,7,7,7,not_run
f2,copies,B4,2021.07.25,true,96,29.0,49.51252365112305,50.00252307415008,8,33,181.0,191.0,198.0,0.0,0.0,0.0,4.046126039284669e-12,4.046126039284669e-12,4.046126039284669e-12,0.0,0.0,0.0,2.322808027267456,96,ok,ok,ok,7,7,7,not_run
f2,copies,B4,2021.07.26,true,96,217.0,199.61211395263672,199.72639366149903,33,35,181.0,191.0,198.0,0.855,0.683,0.526,0.9997702518470416,0.9992887401293082,0.29684841050570615,1.0,1.0,1.0,3.7898638248443604,96,ok,ok,ok,7,7,7,not_run
f2,copies,B4,2021.07.27,true,96,211.0,199.27191162109375,200.19933785247804,46,35,181.0,191.0,198.0,0.8585,0.6915,0.525,0.9997917032019804,0.9993638719209047,0.29517765112440836,1.0,1.0,1.0,3.5346450805664062,96,ok,ok,ok,7,7,7,not_run
f2,copies,B4,2021.07.28,true,96,212.0,199.63864135742188,200.78095110321044,47,35,181.0,191.0,198.0,0.868,0.696,0.54,0.9998420516620361,0.9994007929425459,0.3208429863996071,1.0,1.0,1.0,3.573558807373047,96,ok,ok,ok,7,7,7,not_run
f2,copies,B4,2021.07.29,true,96,211.0,200.15504455566406,200.17458275604247,47,35,181.0,191.0,198.0,0.8705,0.703,0.557,0.9998535535772785,0.9994545617780874,0.35145440365922576,1.0,1.0,1.0,3.665846586227417,96,ok,ok,ok,7,7,7,not_run
f2,copies,B4,2021.07.30,true,96,212.0,200.58333587646484,200.52848651885986,47,33,181.0,191.0,198.0,0.8665,0.704,0.556,0.999834817421393,0.99946189446615,0.3496103465281894,1.0,1.0,1.0,3.5739614963531494,96,ok,ok,ok,7,7,7,not_run
f2,copies,B4,2021.07.31,true,96,28.0,52.133872985839844,52.57538551425934,73,46,181.0,191.0,198.0,0.0,0.0,0.0,4.046126039284669e-12,4.046126039284669e-12,4.046126039284669e-12,0.0,0.0,0.0,2.377943754196167,96,ok,ok,ok,7,7,7,not_run
f2,copies,B4,2021.08.01,true,96,28.0,49.61384201049805,50.13910396003723,35,46,181.0,191.0,198.0,0.0,0.0,0.0,4.046126039284669e-12,4.046126039284669e-12,4.046126039284669e-12,0.0,0.0,0.0,2.343191623687744,96,ok,ok,ok,7,7,7,not_run
f2,copies,B4,2021.08.02,true,96,26.0,56.857276916503906,57.537440866470334,13,43,181.0,191.0,198.0,0.0,0.0,0.0,4.046126039284669e-12,4.046126039284669e-12,4.046126039284669e-12,0.0,0.0,0.0,2.526367425918579,96,ok,ok,ok,7,7,7,not_run
f2,copies,B4,2021.08.03,true,96,26.0,56.841434478759766,57.60108469963074,6,43,181.0,191.0,198.0,0.0,0.0,0.0,4.046126039284669e-12,4.046126039284669e-12,4.046126039284669e-12,0.0,0.0,0.0,2.535715341567993,96,ok,ok,ok,7,7,7,not_run
f2,suspect,B1,2021.07.21,true,96,214.0,193.77582585189762,195.20705125508127,39,45,182.0,193.0,201.4,0.9495804307781764,0.6252347695094271,0.02226684496960944,0.9999489307510104,0.945070312827539,0.0010710869713366237,1.0,1.0,1.0,,,ok,ok,ok,7,7,7,not_run
f2,suspect,B1,2021.07.22,true,96,213.0,198.28241050625869,197.2754869792377,33,46,182.0,193.0,201.4,0.9809423245177327,0.7368118749786579,0.10027750332343431,0.9999938800499092,0.9662184493971973,0.9662184493971973,1.0,1.0,1.0,,,ok,ok,ok,7,7,7,not_run
f2,suspect,B1,2021.07.23,true,96,206.0,196.89198335243307,194.81855750482956,63,34,182.0,193.0,201.4,0.9668236288983958,0.40973915685540585,0.01347519192766625,0.9999796719687256,0.8791282412134523,0.000021290266256786615,1.0,1.0,1.0,,,ok,ok,ok,7,7,7,not_run
f2,suspect,B1,2021.07.24,true,96,104.0,106.44311512135567,91.15980957401557,14,5,182.0,193.0,201.4,0.15334526502306242,0.026993260731827107,0.018643662012864364,0.5204045202724972,0.23553808202678816,0.0002670198476269175,0.0,0.0,0.0,,,ok,ok,ok,7,7,7,not_run
f2,suspect,B1,2021.07.25,true,96,29.0,85.86660998947454,72.50925617416155,8,58,182.0,193.0,201.4,0.01097104429663192,0.01380767587792026,0.017772009962080084,0.002982407508192095,0.002982407508192095,0.00018373700677375856,0.0,0.0,0.0,,,ok,ok,ok,7,7,7,not_run
f2,suspect,B1,2021.07.26,true,96,217.0,190.98018215377206,185.61223854613385,33,34,182.0,193.0,201.4,0.8729384174073196,0.7618692889263343,0.07253007527814462,0.9995712372486806,0.9702449999338387,0.9321544481986723,1.0,1.0,1.0,,,ok,ok,ok,7,7,7,not_run
f2,suspect,B1,2021.07.27,true,96,211.0,194.53792755194638,194.3712189705509,46,64,182.0,193.0,201.4,0.9784592920081794,0.41420265787761207,0.10056430643950379,0.999992032623436,0.8810375666060007,0.8810375666060007,1.0,1.0,1.0,,,ok,ok,ok,7,7,7,not_run
f2,suspect,B1,2021.07.28,true,96,212.0,194.38105503535814,194.35291418050923,47,34,182.0,193.0,201.4,0.9826601015114438,0.7368118749786579,0.04648875330389798,0.9999950045525372,0.9662184493971973,0.26852444868317427,1.0,1.0,1.0,,,ok,ok,ok,7,7,7,not_run
f2,suspect,B1,2021.07.29,true,96,211.0,198.4584924521585,195.71582462889,47,33,182.0,193.0,201.4,0.9826601015114438,0.7368118749786579,0.09375187977290363,0.9999950045525372,0.9662184493971973,0.9662184493971973,1.0,1.0,1.0,,,ok,ok,ok,7,7,7,not_run
f2,suspect,B1,2021.07.30,false,0,NaN,196.90157676033087,194.68182042097473,,71,182.0,193.0,201.4,0.9803294850547662,0.45717416746451667,0.022405276605841823,0.9999934486949896,0.897892331623056,0.0011243692618073304,NaN,NaN,NaN,,,ok,ok,ok,7,7,7,not_run
f2,suspect,B1,2021.07.31,true,96,28.0,96.73174183149803,78.20349219758823,73,6,182.0,193.0,201.4,0.04748162551754823,0.24164632123222984,0.18693755335297277,0.06654980624018772,0.06654980624018772,0.06654980624018772,0.0,0.0,0.0,,,ok,ok,ok,7,7,7,not_run
f2,suspect,B1,2021.08.01,true,96,28.0,87.0467446122947,72.66227431328437,35,69,182.0,193.0,201.4,0.01097104429663192,0.014600521659626019,0.017772009962080084,0.002982407508192095,0.002982407508192095,0.00018373700677375856,0.0,0.0,0.0,,,ok,ok,ok,7,7,7,not_run
f2,suspect,B1,2021.08.02,true,96,26.0,145.43010051217445,126.49313127617506,13,86,182.0,193.0,201.4,0.1852839032931897,0.5456762746795302,0.44174791161206417,0.6369308908035154,0.6369308908035154,0.6369308908035154,0.0,0.0,0.0,,,ok,ok,ok,7,7,7,not_run
f2,suspect,B1,2021.08.03,true,96,26.0,143.52431363391273,127.06932029239698,6,88,182.0,193.0,201.4,0.139575893645001,0.23520035094623468,0.10439140960309586,0.4623409019600578,0.4623409019600578,0.4623409019600578,0.0,0.0,0.0,,,ok,ok,ok,7,7,7,not_run
f2,suspect,B4,2021.07.21,true,96,214.0,199.26758575439453,200.02937327575683,39,46,182.0,193.0,201.4,0.907,0.663,0.4365,0.9997639500599853,0.9997639500599853,0.43185096961662534,1.0,1.0,1.0,3.766742706298828,96,ok,ok,ok,7,7,7,not_run
f2,suspect,B4,2021.07.22,true,96,213.0,199.3845672607422,200.55805167388917,33,46,182.0,193.0,201.4,0.9145,0.6745,0.4465,0.9998219914607721,0.9998219914607721,0.4376905665614797,1.0,1.0,1.0,3.5747997760772705,96,ok,ok,ok,7,7,7,not_run
f2,suspect,B4,2021.07.23,true,96,206.0,199.1503448486328,200.33756965637207,63,46,182.0,193.0,201.4,0.9105,0.673,0.435,0.999792526315032,0.999792526315032,0.4309741419251138,1.0,1.0,1.0,3.5465314388275146,96,ok,ok,ok,7,7,7,not_run
f2,suspect,B4,2021.07.24,true,96,104.0,121.74316787719727,125.21010997009277,14,5,182.0,193.0,201.4,0.001,0.0005,0.0,2.6987472185075354e-9,4.252470462306184e-97,4.252470462306184e-97,0.0,0.0,0.0,3.0598490238189697,96,ok,ok,ok,7,7,7,not_run
f2,suspect,B4,2021.07.25,true,96,29.0,31.26185703277588,32.84384702205658,8,33,182.0,193.0,201.4,0.0,0.0,0.0,3.884365765134168e-11,1.5359325480544928e-105,1.5359325480544928e-105,0.0,0.0,0.0,1.8383835554122925,96,ok,ok,ok,7,7,7,not_run
f2,suspect,B4,2021.07.26,true,96,217.0,198.61659240722656,199.92487963104247,33,46,182.0,193.0,201.4,0.886,0.6475,0.4295,0.9995275405416337,0.9995275405416337,0.4277567754618101,1.0,1.0,1.0,3.7802765369415283,96,ok,ok,ok,7,7,7,not_run
f2,suspect,B4,2021.07.27,true,96,211.0,198.78864288330078,200.34067497253417,46,46,182.0,193.0,201.4,0.907,0.6715,0.4305,0.9997639500599853,0.9997639500599853,0.4283420382231101,1.0,1.0,1.0,3.6135551929473877,96,ok,ok,ok,7,7,7,not_run
f2,suspect,B4,2021.07.28,true,96,212.0,199.24111938476562,200.53714237976075,47,46,182.0,193.0,201.4,0.91,0.676,0.438,0.9997886080430479,0.9997886080430479,0.43272754527694757,1.0,1.0,1.0,3.6791045665740967,96,ok,ok,ok,7,7,7,not_run
f2,suspect,B4,2021.07.29,true,96,211.0,198.43399810791016,199.93275939178466,47,46,182.0,193.0,201.4,0.8915,0.6555,0.423,0.999601418459566,0.999601418459566,0.4239491412513663,1.0,1.0,1.0,3.7125370502471924,96,ok,ok,ok,7,7,7,not_run
f2,suspect,B4,2021.07.30,false,0,NaN,198.73145294189453,199.72878774261474,,46,182.0,193.0,201.4,0.8965,0.653,0.4265,0.9996607902138813,0.9996607902138813,0.42600016662464485,NaN,NaN,NaN,NaN,0,ok,ok,ok,7,7,7,not_run
f2,suspect,B4,2021.07.31,true,96,28.0,40.46543312072754,42.39129673099518,73,0,182.0,193.0,201.4,0.0,0.0,0.0,3.884365765134168e-11,1.5359325480544928e-105,1.5359325480544928e-105,0.0,0.0,0.0,1.8882861137390137,96,ok,ok,ok,7,7,7,not_run
f2,suspect,B4,2021.08.01,true,96,28.0,31.25486183166504,32.82442880249023,35,33,182.0,193.0,201.4,0.0,0.0,0.0,3.884365765134168e-11,1.5359325480544928e-105,1.5359325480544928e-105,0.0,0.0,0.0,1.7962040901184082,96,ok,ok,ok,7,7,7,not_run
f2,suspect,B4,2021.08.02,true,96,26.0,36.36065864562988,36.97274854469299,13,33,182.0,193.0,201.4,0.0,0.0,0.0,3.884365765134168e-11,1.5359325480544928e-105,1.5359325480544928e-105,0.0,0.0,0.0,1.8515764474868774,96,ok,ok,ok,7,7,7,not_run
f2,suspect,B4,2021.08.03,true,96,26.0,35.88430595397949,36.51593411540985,6,46,182.0,193.0,201.4,0.0,0.0,0.0,3.884365765134168e-11,1.5359325480544928e-105,1.5359325480544928e-105,0.0,0.0,0.0,1.9114627838134766,96,ok,ok,ok,7,7,7,not_run
f2,protoA,B1,2021.07.21,true,96,214.0,198.0384502806115,194.44594011340047,39,45,182.0,193.0,200.2,0.8668372968620399,0.6211776695775713,0.5865972280735455,0.9999999995944561,0.9999997379532931,0.99997818182256,1.0,1.0,1.0,,,ok,ok,ok,7,7,7,not_run
f2,protoA,B1,2021.07.22,true,96,213.0,192.34201714616628,190.87489610887792,33,33,182.0,193.0,200.2,0.858392114842833,0.3863027321853756,0.4060604355178746,0.9999999993533666,0.9999946228139368,0.9994450843957574,1.0,1.0,1.0,,,ok,ok,ok,7,7,7,not_run
f2,protoA,B1,2021.07.23,true,96,206.0,195.82388233314475,190.55628278200516,63,46,182.0,193.0,200.2,0.8993135815996889,0.435607127585465,0.1292041842510323,0.9999999999488538,0.9999971741624152,0.6735697397396344,1.0,1.0,1.0,,,ok,ok,ok,7,7,7,not_run
f2,protoA,B1,2021.07.24,true,96,104.0,109.79298829223985,116.26699614235413,14,5,182.0,193.0,200.2,0.1122903796992392,0.042331686864510054,0.01758947248996877,0.015246017505870598,0.015246017505870598,0.00017525347621358592,0.0,0.0,0.0,,,ok,ok,ok,7,7,7,not_run
f2,protoA,B1,2021.07.25,true,96,29.0,72.22103131355598,73.34842444070873,8,57,182.0,193.0,200.2,0.005430237064181309,0.021003005686447855,0.006510936171183938,1.8040870957995512e-11,1.8040870957995512e-11,1.8040870957995512e-11,0.0,0.0,0.0,,,ok,ok,ok,7,7,7,not_run
f2,protoA,B1,2021.07.26,true,96,217.0,193.3291773964095,186.14663500694905,33,34,182.0,193.0,200.2,0.8422869193535859,0.8221207360988084,0.7175105734551884,0.999999998518549,0.9999999900413562,0.9999983479747119,1.0,1.0,1.0,,,ok,ok,ok,7,7,7,not_run
f2,protoA,B1,2021.07.27,true,96,211.0,197.69354665431243,194.71602621485192,46,45,182.0,193.0,200.2,0.9606503310561055,0.7331535571663884,0.6732082732068634,0.9999999999999291,0.999999948594578,0.999995820298601,1.0,1.0,1.0,,,ok,ok,ok,7,7,7,not_run
f2,protoA,B1,2021.07.28,true,96,212.0,197.94263277752026,194.6358504278227,47,33,182.0,193.0,200.2,0.9499519866145314,0.7794437931018697,0.5921119542513468,0.9999999999996319,0.9999999767734136,0.999980277865507,1.0,1.0,1.0,,,ok,ok,ok,7,7,7,not_run
f2,protoA,B1,2021.07.29,true,96,211.0,198.45618357015513,194.76581834618392,47,47,182.0,193.0,200.2,0.9499519866145314,0.7794437931018697,0.6466247970320285,0.9999999999996319,0.9999999767734136,0.999992932724796,1.0,1.0,1.0,,,ok,ok,ok,7,7,7,not_run
f2,protoA,B1,2021.07.30,false,0,NaN,195.82388233314475,190.59513246041436,,46,182.0,193.0,200.2,0.9377972297380213,0.5500177417721707,0.1292041842510323,0.9999999999983378,0.9999993377104304,0.6735697397396344,NaN,NaN,NaN,,,ok,ok,ok,7,7,7,not_run
f2,protoA,B1,2021.07.31,true,96,28.0,89.07888855673795,85.65778503162693,73,15,182.0,193.0,200.2,0.03134421939067534,0.06063228287097005,0.01685868143213622,2.0628901072245658e-6,2.0628901072245658e-6,2.0628901072245658e-6,0.0,0.0,0.0,,,ok,ok,ok,7,7,7,not_run
f2,protoA,B1,2021.08.01,true,96,28.0,73.2971556061822,73.91976524066729,35,60,182.0,193.0,200.2,0.004625647719870853,0.021957341759113395,0.0059065808612887875,6.2821008662091495e-12,6.2821008662091495e-12,6.2821008662091495e-12,0.0,0.0,0.0,,,ok,ok,ok,7,7,7,not_run
f2,protoA,B1,2021.08.02,true,96,26.0,193.15631297394614,186.13015029753697,13,43,182.0,193.0,200.2,0.8388247918908285,0.8221207360988084,0.39263759602584297,0.9999999982456313,0.9999999900413562,0.9992889672862604,0.0,0.0,0.0,,,ok,ok,ok,7,7,7,not_run
f2,protoA,B1,2021.08.03,true,96,26.0,181.33870569387992,168.93474280067196,6,46,182.0,193.0,200.2,0.3467656670482415,0.6086902989327079,0.16031286456062172,0.9946197212935501,0.9946197212935501,0.8631697464308435,0.0,0.0,0.0,,,ok,ok,ok,7,7,7,not_run
f2,protoA,B4,2021.07.21,true,96,214.0,199.77188873291016,202.2243996582031,39,34,182.0,193.0,200.2,0.937,0.695,0.4875,0.9999674129508428,0.9995465475008564,0.28857107354760525,1.0,1.0,1.0,3.7527220249176025,96,ok,ok,ok,7,7,7,not_run
f2,protoA,B4,2021.07.22,true,96,213.0,200.00869750976562,202.26822204589843,33,35,182.0,193.0,200.2,0.9395,0.722,0.496,0.9999716380210808,0.9996929199653345,0.2944382287445673,1.0,1.0,1.0,3.5221917629241943,96,ok,ok,ok,7,7,7,not_run
f2,protoA,B4,2021.07.23,true,96,206.0,199.48582458496094,202.0667611541748,63,34,182.0,193.0,200.2,0.9375,0.6875,0.484,0.9999682923267832,0.9994964911055441,0.28617424327169266,1.0,1.0,1.0,3.5073089599609375,96,ok,ok,ok,7,7,7,not_run
f2,protoA,B4,2021.07.24,true,96,104.0,122.29886245727539,126.28071329879761,14,5,182.0,193.0,200.2,0.0025,0.0005,0.0,2.211838769019234e-8,2.211838769019234e-8,2.211838769019234e-8,0.0,0.0,0.0,3.020965814590454,96,ok,ok,ok,7,7,7,not_run
f2,protoA,B4,2021.07.25,true,96,29.0,60.45475196838379,65.01161833953857,8,58,182.0,193.0,200.2,0.0,0.0,0.0,1.3296689332375066e-11,1.3296689332375066e-11,1.3296689332375066e-11,0.0,0.0,0.0,2.925553560256958,96,ok,ok,ok,7,7,7,not_run
f2,protoA,B4,2021.07.26,true,96,217.0,199.84536743164062,201.9362996749878,33,34,182.0,193.0,200.2,0.9335,0.688,0.4895,0.9999607507882106,0.9994999719516781,0.2899456407554723,1.0,1.0,1.0,3.7480719089508057,96,ok,ok,ok,7,7,7,not_run
f2,protoA,B4,2021.07.27,true,96,211.0,200.2120819091797,202.28006245422364,46,34,182.0,193.0,200.2,0.9425,0.7,0.5005,0.9999761653641581,0.9995774625923701,0.2975714765067439,1.0,1.0,1.0,3.5880391597747803,96,ok,ok,ok,7,7,7,not_run
f2,protoA,B4,2021.07.28,true,96,212.0,200.87439727783203,203.52426930999755,47,34,182.0,193.0,200.2,0.936,0.707,0.514,0.9999656010785462,0.999617673573037,0.30708768484451016,1.0,1.0,1.0,3.6583452224731445,96,ok,ok,ok,7,7,7,not_run
f2,protoA,B4,2021.07.29,true,96,211.0,199.64598083496094,201.87307553100587,47,34,182.0,193.0,200.2,0.9345,0.69,0.489,0.9999627470288377,0.9995136861656365,0.2896016593106769,1.0,1.0,1.0,3.6994171142578125,96,ok,ok,ok,7,7,7,not_run
f2,protoA,B4,2021.07.30,false,0,NaN,199.6944351196289,201.807073135376,,33,182.0,193.0,200.2,0.9285,0.695,0.4865,0.9999495752341021,0.9995465475008564,0.2878851442065001,NaN,NaN,NaN,NaN,0,ok,ok,ok,7,7,7,not_run
f2,protoA,B4,2021.07.31,true,96,28.0,129.17471313476562,130.40266290855408,73,5,182.0,193.0,200.2,0.0225,0.0075,0.003,0.000027775773297217016,0.000027775773297217016,0.000027775773297217016,0.0,0.0,0.0,3.2654173374176025,96,ok,ok,ok,7,7,7,not_run
f2,protoA,B4,2021.08.01,true,96,28.0,60.697715759277344,65.44754601287842,35,45,182.0,193.0,200.2,0.0,0.0,0.0,1.3296689332375066e-11,1.3296689332375066e-11,1.3296689332375066e-11,0.0,0.0,0.0,2.9314088821411133,96,ok,ok,ok,7,7,7,not_run
f2,protoA,B4,2021.08.02,true,96,26.0,199.19821166992188,201.43311581420897,13,34,182.0,193.0,200.2,0.932,0.6745,0.4765,0.9999576113832411,0.9993982083713997,0.28107469522369544,0.0,0.0,0.0,4.0119547843933105,96,ok,ok,ok,7,7,7,not_run
f2,protoA,B4,2021.08.03,true,96,26.0,198.4928207397461,201.01054373931885,6,46,182.0,193.0,200.2,0.9075,0.651,0.4565,0.9998757049375387,0.999176793182421,0.26770997551727194,0.0,0.0,0.0,3.991068124771118,96,ok,ok,ok,7,7,7,not_run
f2,K2,B4,2021.07.21,true,96,214.0,205.2814712524414,205.4301918106079,39,35,182.0,193.0,200.2,0.939,0.7875,0.634,0.9999739614565001,0.999837401027706,0.9559222697800378,1.0,1.0,1.0,3.7497832775115967,96,ok,ok,ok,7,7,7,not_run
f2,K2,B4,2021.07.22,true,96,213.0,205.59896087646484,205.77678239440917,33,35,182.0,193.0,200.2,0.9375,0.796,0.633,0.9999717002927206,0.999861368916894,0.9545506932463257,1.0,1.0,1.0,3.5070621967315674,96,ok,ok,ok,7,7,7,not_run
f2,K2,B4,2021.07.23,true,96,206.0,205.1316146850586,205.6327340927124,63,35,182.0,193.0,200.2,0.945,0.8075,0.6305,0.9999817150880008,0.9998891726028337,0.9509492928070676,1.0,1.0,1.0,3.459726572036743,96,ok,ok,ok,7,7,7,not_run
f2,K2,B4,2021.07.24,true,96,104.0,132.0420913696289,132.84122738265992,14,5,182.0,193.0,200.2,0.001,0.0,0.0,1.3116975650430882e-9,7.696145504581597e-10,5.393111860842544e-28,0.0,0.0,0.0,3.1046416759490967,96,ok,ok,ok,7,7,7,not_run
f2,K2,B4,2021.07.25,true,96,29.0,32.7686710357666,33.336312262535095,8,95,182.0,193.0,200.2,0.0,0.0,0.0,1.514781499903466e-11,1.514781499903466e-11,5.393111860842544e-28,0.0,0.0,0.0,2.0613930225372314,96,ok,ok,ok,7,7,7,not_run
f2,K2,B4,2021.07.26,true,96,217.0,203.77117919921875,203.93415909576416,33,35,182.0,193.0,200.2,0.894,0.7365,0.58,0.9998197002831974,0.999610979339206,0.8003842915800297,1.0,1.0,1.0,3.754330635070801,96,ok,ok,ok,7,7,7,not_run
f2,K2,B4,2021.07.27,true,96,211.0,205.72901916503906,205.7875590362549,46,34,182.0,193.0,200.2,0.94,0.792,0.6495,0.9999753939627134,0.9998504755531619,0.9728515723623448,1.0,1.0,1.0,3.481990098953247,96,ok,ok,ok,7,7,7,not_run
f2,K2,B4,2021.07.28,true,96,212.0,205.4011993408203,205.65772311401366,47,35,182.0,193.0,200.2,0.935,0.8045,0.6445,0.9999676186288033,0.9998823963279577,0.9681964575782417,1.0,1.0,1.0,3.6085383892059326,96,ok,ok,ok,7,7,7,not_run
f2,K2,B4,2021.07.29,true,96,211.0,205.64129638671875,205.60753824615477,47,35,182.0,193.0,200.2,0.9405,0.7945,0.632,0.9999760883224708,0.9998573619273639,0.9531401689469767,1.0,1.0,1.0,3.684004545211792,96,ok,ok,ok,7,7,7,not_run
f2,K2,B4,2021.07.30,false,0,NaN,205.49022674560547,205.0071049118042,,34,182.0,193.0,200.2,0.9175,0.7625,0.6295,0.9999259215734414,0.9997465737819689,0.9494372503686715,NaN,NaN,NaN,NaN,0,ok,ok,ok,7,7,7,not_run
f2,K2,B4,2021.07.31,true,96,28.0,42.03852462768555,43.40293150138855,73,0,182.0,193.0,200.2,0.0,0.0,0.0,1.514781499903466e-11,1.514781499903466e-11,5.393111860842544e-28,0.0,0.0,0.0,1.8920856714248657,96,ok,ok,ok,7,7,7,not_run
f2,K2,B4,2021.08.01,true,96,28.0,33.757259368896484,34.248285285949706,35,95,182.0,193.0,200.2,0.0,0.0,0.0,1.514781499903466e-11,1.514781499903466e-11,5.393111860842544e-28,0.0,0.0,0.0,1.882248878479004,96,ok,ok,ok,7,7,7,not_run
f2,K2,B4,2021.08.02,true,96,26.0,37.480106353759766,37.804713428497315,13,95,182.0,193.0,200.2,0.0,0.0,0.0,1.514781499903466e-11,1.514781499903466e-11,5.393111860842544e-28,0.0,0.0,0.0,1.9054385423660278,96,ok,ok,ok,7,7,7,not_run
f2,K2,B4,2021.08.03,true,96,26.0,36.934194564819336,37.3618729467392,6,46,182.0,193.0,200.2,0.0,0.0,0.0,1.514781499903466e-11,1.514781499903466e-11,5.393111860842544e-28,0.0,0.0,0.0,1.9911274909973145,96,ok,ok,ok,7,7,7,not_run
f2,re,B4,2021.07.21,true,96,214.0,190.55841827392578,189.87885190582276,39,35,182.0,193.0,200.2,0.6205,0.4685,0.355,0.9993153524941887,0.9990073974905294,0.6330849702563505,1.0,1.0,1.0,3.7555534839630127,96,ok,ok,ok,7,7,7,not_run
f2,re,B4,2021.07.22,true,96,213.0,189.2390365600586,189.44802319717408,33,35,182.0,193.0,200.2,0.6045,0.4385,0.347,0.9991805568572782,0.9987059823785909,0.5785880280596335,1.0,1.0,1.0,3.506488084793091,96,ok,ok,ok,7,7,7,not_run
f2,re,B4,2021.07.23,true,96,206.0,188.34619903564453,188.55215484237672,63,35,182.0,193.0,200.2,0.599,0.435,0.3355,0.9991288635736773,0.9986650349304187,0.49603053882285886,1.0,1.0,1.0,3.495072603225708,96,ok,ok,ok,7,7,7,not_run
f2,re,B4,2021.07.24,true,96,104.0,112.42053604125977,112.9672529182434,14,5,182.0,193.0,200.2,0.0075,0.001,0.0005,0.0008595698241197785,0.0003517454854219142,2.809216726144865e-20,0.0,0.0,0.0,3.0376014709472656,96,ok,ok,ok,7,7,7,not_run
f2,re,B4,2021.07.25,true,96,29.0,30.429418563842773,30.525244234085083,8,46,182.0,193.0,200.2,0.0,0.0,0.0,9.676649394885808e-8,9.676649394885808e-8,3.085564091310932e-22,0.0,0.0,0.0,1.9123735427856445,96,ok,ok,ok,7,7,7,not_run
f2,re,B4,2021.07.26,true,96,217.0,189.32134246826172,189.47311708068847,33,35,182.0,193.0,200.2,0.612,0.446,0.339,0.9992465047333426,0.9987893352136256,0.5214874415384286,1.0,1.0,1.0,3.715672731399536,96,ok,ok,ok,7,7,7,not_run
f2,re,B4,2021.07.27,true,96,211.0,190.05084228515625,189.65762643814088,46,35,182.0,193.0,200.2,0.6105,0.4565,0.3505,0.9992337183787269,0.99889670104096,0.6028228270279902,1.0,1.0,1.0,3.5800273418426514,96,ok,ok,ok,7,7,7,not_run
f2,re,B4,2021.07.28,true,96,212.0,189.22248077392578,189.06778046417236,47,35,182.0,193.0,200.2,0.599,0.44,0.3415,0.9991288635736773,0.998723123502434,0.5395325458581625,1.0,1.0,1.0,3.6422882080078125,96,ok,ok,ok,7,7,7,not_run
f2,re,B4,2021.07.29,true,96,211.0,190.24877166748047,190.16825123596192,47,35,182.0,193.0,200.2,0.612,0.4605,0.361,0.9992465047333426,0.9989349523907187,0.6715764801031512,1.0,1.0,1.0,3.690688133239746,96,ok,ok,ok,7,7,7,not_run
f2,re,B4,2021.07.30,false,0,NaN,190.0299072265625,189.8353278694153,,35,182.0,193.0,200.2,0.613,0.4525,0.353,0.9992549201514309,0.9988570208545267,0.6197703317745973,NaN,NaN,NaN,NaN,0,ok,ok,ok,7,7,7,not_run
f2,re,B4,2021.07.31,true,96,28.0,35.9481315612793,37.69347646522522,73,0,182.0,193.0,200.2,0.0,0.0,0.0,9.676649394885808e-8,9.676649394885808e-8,3.085564091310932e-22,0.0,0.0,0.0,1.8549832105636597,96,ok,ok,ok,7,7,7,not_run
f2,re,B4,2021.08.01,true,96,28.0,30.49391460418701,30.520410744190215,35,45,182.0,193.0,200.2,0.0,0.0,0.0,9.676649394885808e-8,9.676649394885808e-8,3.085564091310932e-22,0.0,0.0,0.0,1.8035534620285034,96,ok,ok,ok,7,7,7,not_run
f2,re,B4,2021.08.02,true,96,26.0,32.546348571777344,32.700240651607515,13,5,182.0,193.0,200.2,0.0,0.0,0.0,9.676649394885808e-8,9.676649394885808e-8,3.085564091310932e-22,0.0,0.0,0.0,1.8325294256210327,96,ok,ok,ok,7,7,7,not_run
f2,re,B4,2021.08.03,true,96,26.0,32.367692947387695,32.55531931972504,6,46,182.0,193.0,200.2,0.0,0.0,0.0,9.676649394885808e-8,9.676649394885808e-8,3.085564091310932e-22,0.0,0.0,0.0,1.9136234521865845,96,ok,ok,ok,7,7,7,not_run
f2,AWstar,B1,2021.07.21,true,96,214.0,197.49642857165279,194.07684105174494,39,43,182.0,193.0,200.2,0.9692301462676597,0.7670952896500164,0.47286658433143774,1.0,0.9999999981344532,0.7340513147208163,1.0,1.0,1.0,,,ok,ok,ok,7,7,7,not_run
f2,AWstar,B1,2021.07.22,true,96,213.0,195.99428677059944,193.08082662900088,33,43,182.0,193.0,200.2,0.9651815988819549,0.6350489456978478,0.2902607926021422,1.0,0.9999999782574666,0.496942817499116,1.0,1.0,1.0,,,ok,ok,ok,7,7,7,not_run
f2,AWstar,B1,2021.07.23,true,96,206.0,195.5475720484653,192.98955857829483,63,47,182.0,193.0,200.2,0.9211079841336024,0.6358123576283314,0.035563466781703926,1.0,0.9999999785314965,0.04070984453617462,1.0,1.0,1.0,,,ok,ok,ok,7,7,7,not_run
f2,AWstar,B1,2021.07.24,true,96,104.0,106.4825794993402,88.20490263528215,14,7,182.0,193.0,200.2,0.10703930408660049,0.030914060601162842,0.013432512664902812,4.410667164135195e-7,4.410667164135195e-7,4.410667164135195e-7,0.0,0.0,0.0,,,ok,ok,ok,7,7,7,not_run
f2,AWstar,B1,2021.07.25,true,96,29.0,82.70011076106947,73.5273480841396,8,58,182.0,193.0,200.2,0.021480577309553047,0.016690995166404436,0.025899954471584104,2.319509728484471e-18,2.319509728484471e-18,2.319509728484471e-18,0.0,0.0,0.0,,,ok,ok,ok,7,7,7,not_run
f2,AWstar,B1,2021.07.26,true,96,217.0,189.7071096080237,191.05321246924458,33,34,182.0,193.0,200.2,0.7539605394817691,0.8473715702707384,0.5345297793198807,0.9999999999999993,0.9999999997499552,0.7922195336166856,1.0,1.0,1.0,,,ok,ok,ok,7,7,7,not_run
f2,AWstar,B1,2021.07.27,true,96,211.0,198.09835135410333,194.44713201943756,46,34,182.0,193.0,200.2,0.9845227131794735,0.7492781543188308,0.5549093823397813,1.0,0.9999999972879093,0.8093617506242594,1.0,1.0,1.0,,,ok,ok,ok,7,7,7,not_run
f2,AWstar,B1,2021.07.28,true,96,212.0,199.07675085440158,194.73215288280363,47,34,182.0,193.0,200.2,0.9837600043445884,0.8300244458036392,0.5251911734359171,1.0,0.9999999995902412,0.7840313542686117,1.0,1.0,1.0,,,ok,ok,ok,7,7,7,not_run
f2,AWstar,B1,2021.07.29,true,96,211.0,197.0612794659509,193.76972536410898,47,33,182.0,193.0,200.2,0.9260199680706652,0.8614830845823508,0.7362841932784033,1.0,0.9999999998384714,0.92417708107434,1.0,1.0,1.0,,,ok,ok,ok,7,7,7,not_run
f2,AWstar,B1,2021.07.30,false,0,NaN,194.9378501833707,191.2787071249901,,35,182.0,193.0,200.2,0.9004042930879174,0.6588136155922032,0.13466784394564707,1.0,0.9999999854336838,0.2182112418040403,NaN,NaN,NaN,,,ok,ok,ok,7,7,7,not_run
f2,AWstar,B1,2021.07.31,true,96,28.0,92.95774048325589,80.7868712721073,73,6,182.0,193.0,200.2,0.061231544434836575,0.2105135997150368,0.06838786960678235,3.990345637803452e-11,3.990345637803452e-11,3.990345637803452e-11,0.0,0.0,0.0,,,ok,ok,ok,7,7,7,not_run
f2,AWstar,B1,2021.08.01,true,96,28.0,85.78794864436456,74.4214769733166,35,50,182.0,193.0,200.2,0.010229481808912482,0.010627099017521745,0.01190509157349104,2.2916329693985587e-23,2.2916329693985587e-23,2.2916329693985587e-23,0.0,0.0,0.0,,,ok,ok,ok,7,7,7,not_run
f2,AWstar,B1,2021.08.02,true,96,26.0,156.6397604712737,130.67693161818568,13,33,182.0,193.0,200.2,0.06766323332128048,0.30481312931003335,0.5762332118962177,2.0432958251597434e-10,2.0432958251597434e-10,2.0432958251597434e-10,0.0,0.0,0.0,,,ok,ok,ok,7,7,7,not_run
f2,AWstar,B1,2021.08.03,true,96,26.0,151.14146242112477,130.22300038583506,6,59,182.0,193.0,200.2,0.06429860398228635,0.1439852981567547,0.38725303225973534,8.86135458841284e-11,8.86135458841284e-11,8.86135458841284e-11,0.0,0.0,0.0,,,ok,ok,ok,7,7,7,not_run
f2,B,B4,2021.07.21,true,96,214.0,199.16666412353516,199.69901803588868,39,46,182.0,193.0,200.2,1.0,0.8585,0.434,0.9999999986047031,0.9998292426966799,0.017408948763652555,1.0,1.0,1.0,3.663398027420044,96,ok,ok,ok,7,7,7,not_run
f2,B,B4,2021.07.22,true,96,213.0,199.3726806640625,199.884262260437,33,34,182.0,193.0,200.2,1.0,0.865,0.4435,0.9999999986047031,0.999859365846528,0.041471119075173514,1.0,1.0,1.0,3.415621042251587,96,ok,ok,ok,7,7,7,not_run
f2,B,B4,2021.07.23,true,96,206.0,199.27716827392578,199.8029497756958,63,34,182.0,193.0,200.2,1.0,0.87,0.4415,0.9999999986047031,0.9998795268357707,0.03462246399798679,1.0,1.0,1.0,3.4145755767822266,96,ok,ok,ok,7,7,7,not_run
f2,B,B4,2021.07.24,true,96,104.0,163.84883880615234,163.35761381912232,14,34,182.0,193.0,200.2,0.1255,0.038,0.019,0.002138811315922468,0.00009772514594880079,1.895278373897515e-39,0.0,0.0,0.0,3.9780471324920654,96,ok,ok,ok,7,7,7,not_run
f2,B,B4,2021.07.25,true,96,29.0,29.092995643615723,29.844501978874206,8,85,182.0,193.0,200.2,0.0,0.0,0.0,1.5086118514593856e-10,1.4764109957336626e-12,3.650862200171775e-83,0.0,0.0,0.0,2.109147310256958,96,ok,ok,ok,7,7,7,not_run
f2,B,B4,2021.07.26,true,96,217.0,199.3150863647461,199.853193069458,33,34,182.0,193.0,200.2,0.9995,0.8575,0.442,0.9999999915783901,0.9998241844555125,0.03622541254348198,1.0,1.0,1.0,3.677579879760742,96,ok,ok,ok,7,7,7,not_run
f2,B,B4,2021.07.27,true,96,211.0,199.31902313232422,199.74958320617677,46,34,182.0,193.0,200.2,0.9995,0.8685,0.435,0.9999999915783901,0.9998737366252795,0.01909543218768493,1.0,1.0,1.0,3.532926321029663,96,ok,ok,ok,7,7,7,not_run
f2,B,B4,2021.07.28,true,96,212.0,199.0225830078125,199.49405821228027,47,34,182.0,193.0,200.2,0.9995,0.8555,0.417,0.9999999915783901,0.9998137088609361,0.00353064293913792,1.0,1.0,1.0,3.8150196075439453,96,ok,ok,ok,7,7,7,not_run
f2,B,B4,2021.07.29,true,96,211.0,199.18067169189453,199.7121460876465,47,34,182.0,193.0,200.2,0.9995,0.865,0.4445,0.9999999915783901,0.999859365846528,0.04536188229956594,1.0,1.0,1.0,3.775808334350586,96,ok,ok,ok,7,7,7,not_run
f2,B,B4,2021.07.30,false,0,NaN,199.31012725830078,199.8589111328125,,46,182.0,193.0,200.2,0.9995,0.8465,0.4435,0.9999999915783901,0.9997601984862554,0.041471119075173514,NaN,NaN,NaN,NaN,0,ok,ok,ok,7,7,7,not_run
f2,B,B4,2021.07.31,true,96,28.0,32.57154846191406,32.762239482879636,73,0,182.0,193.0,200.2,0.0,0.0,0.0,1.5086118514593856e-10,1.4764109957336626e-12,3.650862200171775e-83,0.0,0.0,0.0,1.977264404296875,96,ok,ok,ok,7,7,7,not_run
f2,B,B4,2021.08.01,true,96,28.0,29.905051231384277,30.433483008384705,35,0,182.0,193.0,200.2,0.0,0.0,0.0,1.5086118514593856e-10,1.4764109957336626e-12,3.650862200171775e-83,0.0,0.0,0.0,2.2568650245666504,96,ok,ok,ok,7,7,7,not_run
f2,B,B4,2021.08.02,true,96,26.0,33.3231258392334,33.25926645565033,13,6,182.0,193.0,200.2,0.0,0.0,0.0,1.5086118514593856e-10,1.4764109957336626e-12,3.650862200171775e-83,0.0,0.0,0.0,2.037729024887085,96,ok,ok,ok,7,7,7,not_run
f2,B,B4,2021.08.03,true,96,26.0,33.38450241088867,33.2792012462616,6,6,182.0,193.0,200.2,0.0,0.0,0.0,1.5086118514593856e-10,1.4764109957336626e-12,3.650862200171775e-83,0.0,0.0,0.0,2.0446319580078125,96,ok,ok,ok,7,7,7,not_run
f3,main,B0,2021.08.04,true,96,26.0,212.0,212.0,26,47,184.0,197.75,210.10000000000002,1.0,1.0,1.0,0.8002845763273615,0.8002845763273615,0.7499730483083983,0.0,0.0,0.0,,,ok,ok,ok,7,7,7,not_run
f3,main,B0,2021.08.05,true,96,26.0,211.0,211.0,92,47,184.0,197.75,210.10000000000002,1.0,1.0,1.0,0.8002845763273615,0.8002845763273615,0.7499730483083983,0.0,0.0,0.0,,,ok,ok,ok,7,7,7,not_run
f3,main,B0,2021.08.06,true,96,27.0,26.0,26.0,56,92,184.0,197.75,210.10000000000002,0.0,0.0,0.0,0.0007426697427885545,0.0007426697427885545,0.0007426697427885545,0.0,0.0,0.0,,,ok,ok,ok,7,7,7,not_run
f3,main,B0,2021.08.07,true,96,26.0,28.0,28.0,50,73,184.0,197.75,210.10000000000002,0.0,0.0,0.0,0.0007426697427885545,0.0007426697427885545,0.0007426697427885545,0.0,0.0,0.0,,,ok,ok,ok,7,7,7,not_run
f3,main,B0,2021.08.08,true,96,26.0,28.0,28.0,87,35,184.0,197.75,210.10000000000002,0.0,0.0,0.0,0.0007426697427885545,0.0007426697427885545,0.0007426697427885545,0.0,0.0,0.0,,,ok,ok,ok,7,7,7,not_run
f3,main,B0,2021.08.09,true,96,215.0,26.0,26.0,34,13,184.0,197.75,210.10000000000002,0.0,0.0,0.0,0.0007426697427885545,0.0007426697427885545,0.0007426697427885545,1.0,1.0,1.0,,,ok,ok,ok,7,7,7,not_run
f3,main,B0,2021.08.10,true,96,195.0,26.0,26.0,34,6,184.0,197.75,210.10000000000002,0.0,0.0,0.0,0.0007426697427885545,0.0007426697427885545,0.0007426697427885545,1.0,0.0,0.0,,,ok,ok,ok,7,7,7,not_run
f3,main,B0,2021.08.11,true,96,218.0,26.0,26.0,34,26,184.0,197.75,210.10000000000002,0.0,0.0,0.0,0.0007426697427885545,0.0007426697427885545,0.0007426697427885545,1.0,1.0,1.0,,,ok,ok,ok,7,7,7,not_run
f3,main,B0,2021.08.12,true,96,199.0,26.0,26.0,47,92,184.0,197.75,210.10000000000002,0.0,0.0,0.0,0.0007426697427885545,0.0007426697427885545,0.0007426697427885545,1.0,1.0,0.0,,,ok,ok,ok,7,7,7,not_run
f3,main,B0,2021.08.13,true,96,207.0,27.0,27.0,34,56,184.0,197.75,210.10000000000002,0.0,0.0,0.0,0.0007426697427885545,0.0007426697427885545,0.0007426697427885545,1.0,1.0,0.0,,,ok,ok,ok,7,7,7,not_run
f3,main,B0,2021.08.14,true,96,108.0,26.0,26.0,8,50,184.0,197.75,210.10000000000002,0.0,0.0,0.0,0.0007426697427885545,0.0007426697427885545,0.0007426697427885545,0.0,0.0,0.0,,,ok,ok,ok,7,7,7,not_run
f3,main,B0,2021.08.15,true,96,28.0,26.0,26.0,7,87,184.0,197.75,210.10000000000002,0.0,0.0,0.0,0.0007426697427885545,0.0007426697427885545,0.0007426697427885545,0.0,0.0,0.0,,,ok,ok,ok,7,7,7,not_run
f3,main,B0,2021.08.16,true,96,190.0,215.0,215.0,37,34,184.0,197.75,210.10000000000002,1.0,1.0,1.0,0.8002845763273615,0.8002845763273615,0.7499730483083983,1.0,0.0,0.0,,,ok,ok,ok,7,7,7,not_run
f3,main,B0,2021.08.17,true,96,173.0,195.0,195.0,47,34,184.0,197.75,210.10000000000002,1.0,0.0,0.0,0.8002845763273615,0.0007426697427885545,0.0007426697427885545,0.0,0.0,0.0,,,ok,ok,ok,7,7,7,not_run
f3,main,B0p,2021.08.04,true,96,26.0,26.0,26.0,26,6,184.0,197.75,210.10000000000002,0.0,0.0,0.0,0.00002273603092110903,0.00002273603092110903,0.00002273603092110903,0.0,0.0,0.0,,,ok,ok,ok,7,7,7,not_run
f3,main,B0p,2021.08.05,true,96,26.0,26.0,26.0,92,26,184.0,197.75,210.10000000000002,0.0,0.0,0.0,0.00002273603092110903,0.00002273603092110903,0.00002273603092110903,0.0,0.0,0.0,,,ok,ok,ok,7,7,7,not_run
f3,main,B0p,2021.08.06,true,96,27.0,26.0,26.0,56,92,184.0,197.75,210.10000000000002,0.0,0.0,0.0,0.00002273603092110903,0.00002273603092110903,0.00002273603092110903,0.0,0.0,0.0,,,ok,ok,ok,7,7,7,not_run
f3,main,B0p,2021.08.07,true,96,26.0,28.0,28.0,50,73,184.0,197.75,210.10000000000002,0.0,0.0,0.0,0.00002273603092110903,0.00002273603092110903,0.00002273603092110903,0.0,0.0,0.0,,,ok,ok,ok,7,7,7,not_run
f3,main,B0p,2021.08.08,true,96,26.0,28.0,28.0,87,35,184.0,197.75,210.10000000000002,0.0,0.0,0.0,0.00002273603092110903,0.00002273603092110903,0.00002273603092110903,0.0,0.0,0.0,,,ok,ok,ok,7,7,7,not_run
f3,main,B0p,2021.08.09,true,96,215.0,211.0,211.0,34,47,184.0,197.75,210.10000000000002,1.0,1.0,1.0,0.9999781245616489,0.9999781245616489,0.999455093057845,1.0,1.0,1.0,,,ok,ok,ok,7,7,7,not_run
f3,main,B0p,2021.08.10,true,96,195.0,215.0,215.0,34,34,184.0,197.75,210.10000000000002,1.0,1.0,1.0,0.9999781245616489,0.9999781245616489,0.999455093057845,1.0,0.0,0.0,,,ok,ok,ok,7,7,7,not_run
f3,main,B0p,2021.08.11,true,96,218.0,195.0,195.0,34,34,184.0,197.75,210.10000000000002,1.0,0.0,0.0,0.9999781245616489,0.00002273603092110903,0.00002273603092110903,1.0,1.0,1.0,,,ok,ok,ok,7,7,7,not_run
f3,main,B0p,2021.08.12,true,96,199.0,218.0,218.0,47,34,184.0,197.75,210.10000000000002,1.0,1.0,1.0,0.9999781245616489,0.9999781245616489,0.999455093057845,1.0,1.0,0.0,,,ok,ok,ok,7,7,7,not_run
f3,main,B0p,2021.08.13,true,96,207.0,199.0,199.0,34,47,184.0,197.75,210.10000000000002,1.0,1.0,0.0,0.9999781245616489,0.9999781245616489,0.24960697508793622,1.0,1.0,0.0,,,ok,ok,ok,7,7,7,not_run
f3,main,B0p,2021.08.14,true,96,108.0,104.0,104.0,8,14,184.0,197.75,210.10000000000002,0.0,0.0,0.0,0.00002273603092110903,0.00002273603092110903,0.00002273603092110903,0.0,0.0,0.0,,,ok,ok,ok,7,7,7,not_run
f3,main,B0p,2021.08.15,true,96,28.0,26.0,26.0,7,87,184.0,197.75,210.10000000000002,0.0,0.0,0.0,0.00002273603092110903,0.00002273603092110903,0.00002273603092110903,0.0,0.0,0.0,,,ok,ok,ok,7,7,7,not_run
f3,main,B0p,2021.08.16,true,96,190.0,207.0,207.0,37,34,184.0,197.75,210.10000000000002,1.0,1.0,0.0,0.9999781245616489,0.9999781245616489,0.24960697508793622,1.0,0.0,0.0,,,ok,ok,ok,7,7,7,not_run
f3,main,B0p,2021.08.17,true,96,173.0,190.0,190.0,47,37,184.0,197.75,210.10000000000002,1.0,0.0,0.0,0.9999781245616489,0.00002273603092110903,0.00002273603092110903,0.0,0.0,0.0,,,ok,ok,ok,7,7,7,not_run
f3,main,BB,2021.08.04,true,96,26.0,23.684469901977344,23.684469901977344,26,5,184.0,197.75,210.10000000000002,0.0,0.0,0.0,0.5714279825362351,0.5714279825362351,0.5714279825362351,0.0,0.0,0.0,,,ok,ok,ok,7,7,7,not_run
f3,main,BB,2021.08.05,true,96,26.0,23.684469901977344,23.684469901977344,92,5,184.0,197.75,210.10000000000002,0.0,0.0,0.0,0.5714279825362351,0.5714279825362351,0.5714279825362351,0.0,0.0,0.0,,,ok,ok,ok,7,7,7,not_run
f3,main,BB,2021.08.06,true,96,27.0,23.684469901977344,23.684469901977344,56,5,184.0,197.75,210.10000000000002,0.0,0.0,0.0,0.5714279825362351,0.5714279825362351,0.5714279825362351,0.0,0.0,0.0,,,ok,ok,ok,7,7,7,not_run
f3,main,BB,2021.08.07,true,96,26.0,23.684469901977344,23.684469901977344,50,5,184.0,197.75,210.10000000000002,0.0,0.0,0.0,0.5714279825362351,0.5714279825362351,0.5714279825362351,0.0,0.0,0.0,,,ok,ok,ok,7,7,7,not_run
f3,main,BB,2021.08.08,true,96,26.0,24.662913208463284,24.662913208463284,87,5,184.0,197.75,210.10000000000002,0.0,0.0,0.0,0.5714279825362351,0.5714279825362351,0.5714279825362351,0.0,0.0,0.0,,,ok,ok,ok,7,7,7,not_run
f3,main,BB,2021.08.09,true,96,215.0,186.13426309512366,186.13426309512366,34,34,184.0,197.75,210.10000000000002,1.0,0.0,0.0,0.43059225584599453,0.43059225584599453,0.43059225584599453,1.0,1.0,1.0,,,ok,ok,ok,7,7,7,not_run
f3,main,BB,2021.08.10,true,96,195.0,186.13426309512366,186.13426309512366,34,34,184.0,197.75,210.10000000000002,1.0,0.0,0.0,0.43059225584599453,0.43059225584599453,0.43059225584599453,1.0,0.0,0.0,,,ok,ok,ok,7,7,7,not_run
f3,main,BB,2021.08.11,true,96,218.0,186.13426309512366,186.13426309512366,34,34,184.0,197.75,210.10000000000002,1.0,0.0,0.0,0.43059225584599453,0.43059225584599453,0.43059225584599453,1.0,1.0,1.0,,,ok,ok,ok,7,7,7,not_run
f3,main,BB,2021.08.12,true,96,199.0,186.13426309512366,186.13426309512366,47,34,184.0,197.75,210.10000000000002,1.0,0.0,0.0,0.43059225584599453,0.43059225584599453,0.43059225584599453,1.0,1.0,0.0,,,ok,ok,ok,7,7,7,not_run
f3,main,BB,2021.08.13,true,96,207.0,186.13426309512366,186.13426309512366,34,34,184.0,197.75,210.10000000000002,1.0,0.0,0.0,0.43059225584599453,0.43059225584599453,0.43059225584599453,1.0,1.0,0.0,,,ok,ok,ok,7,7,7,not_run
f3,main,BB,2021.08.14,true,96,108.0,102.9616192646014,102.9616192646014,8,15,184.0,197.75,210.10000000000002,0.0,0.0,0.0,0.5714279825362351,0.5714279825362351,0.5714279825362351,0.0,0.0,0.0,,,ok,ok,ok,7,7,7,not_run
f3,main,BB,2021.08.15,true,96,28.0,24.662913208463284,24.662913208463284,7,5,184.0,197.75,210.10000000000002,0.0,0.0,0.0,0.5714279825362351,0.5714279825362351,0.5714279825362351,0.0,0.0,0.0,,,ok,ok,ok,7,7,7,not_run
f3,main,BB,2021.08.16,true,96,190.0,186.13426309512366,186.13426309512366,37,34,184.0,197.75,210.10000000000002,1.0,0.0,0.0,0.43059225584599453,0.43059225584599453,0.43059225584599453,1.0,0.0,0.0,,,ok,ok,ok,7,7,7,not_run
f3,main,BB,2021.08.17,true,96,173.0,186.13426309512366,186.13426309512366,47,34,184.0,197.75,210.10000000000002,1.0,0.0,0.0,0.43059225584599453,0.43059225584599453,0.43059225584599453,0.0,0.0,0.0,,,ok,ok,ok,7,7,7,not_run
f3,main,B1,2021.08.04,true,96,26.0,66.6942190544412,74.03780730471017,26,39,184.0,197.75,210.10000000000002,0.11148165105758728,0.18260659419075065,0.036333966026201335,0.0002876173610039296,3.0753610549752626e-7,1.9754731370489413e-9,0.0,0.0,0.0,,,ok,ok,ok,7,7,7,not_run
f3,main,B1,2021.08.05,true,96,26.0,66.8343378752212,74.04068166479163,92,43,184.0,197.75,210.10000000000002,0.09231081953293728,0.20275710872939795,0.036333966026201335,0.00013618746110092607,7.661160075245298e-7,1.9754731370489413e-9,0.0,0.0,0.0,,,ok,ok,ok,7,7,7,not_run
f3,main,B1,2021.08.06,true,96,27.0,57.07123098832232,62.90062451557956,56,58,184.0,197.75,210.10000000000002,0.021069756503180947,0.0018898441764068424,0.0008659258946588985,5.411793758594844e-7,7.951885652613158e-22,7.951885652613158e-22,0.0,0.0,0.0,,,ok,ok,ok,7,7,7,not_run
f3,main,B1,2021.08.07,true,96,26.0,28.006742220077427,48.986042671723624,50,58,184.0,197.75,210.10000000000002,0.005467266561413072,0.0023174379357506826,0.0008579396223624165,4.199137246384866e-9,3.353286299052266e-21,3.353286299052266e-21,0.0,0.0,0.0,,,ok,ok,ok,7,7,7,not_run
f3,main,B1,2021.08.08,true,96,26.0,28.006742220077427,48.986042671723624,87,59,184.0,197.75,210.10000000000002,0.005467266561413072,0.0023174379357506826,0.0008579396223624165,4.199137246384866e-9,3.353286299052266e-21,3.353286299052266e-21,0.0,0.0,0.0,,,ok,ok,ok,7,7,7,not_run
f3,main,B1,2021.08.09,true,96,215.0,185.64751720917238,182.1420645178135,34,33,184.0,197.75,210.10000000000002,0.3270354153992763,0.1052659719412358,0.007741710294754483,0.03445055124485288,3.365819040181167e-9,7.465395128543692e-13,1.0,1.0,1.0,,,ok,ok,ok,7,7,7,not_run
f3,main,B1,2021.08.10,true,96,195.0,200.15218401655417,198.02404785537524,34,41,184.0,197.75,210.10000000000002,0.9450655618568016,0.9247003928807022,0.19184782438660436,0.999914270009613,0.999914270009613,0.00001963774018713514,1.0,0.0,0.0,,,ok,ok,ok,7,7,7,not_run
f3,main,B1,2021.08.11,true,96,218.0,200.8352846053506,197.49141977740712,34,33,184.0,197.75,210.10000000000002,0.9160782816637195,0.8821051066878262,0.019471865925617202,0.9995672057736231,0.9995672057736231,7.994035049460205e-11,1.0,1.0,1.0,,,ok,ok,ok,7,7,7,not_run
f3,main,B1,2021.08.12,true,96,199.0,202.1397961938637,198.6993618690768,47,33,184.0,197.75,210.10000000000002,0.8876317105160876,0.9673534168103571,0.5309902983299145,0.9986324670033319,0.9986324670033319,0.04638846317939202,1.0,1.0,0.0,,,ok,ok,ok,7,7,7,not_run
f3,main,B1,2021.08.13,true,96,207.0,201.17914927555884,192.43118491766256,34,55,184.0,197.75,210.10000000000002,0.8615340407265643,0.4196972983014373,0.00838091080831876,0.9968072424895381,0.0012010790935010633,1.1138131547780839e-12,1.0,1.0,0.0,,,ok,ok,ok,7,7,7,not_run
f3,main,B1,2021.08.14,true,96,108.0,59.95773205299374,69.94727113365728,8,6,184.0,197.75,210.10000000000002,0.1012125730539248,0.02261577116063291,0.0036533400425148984,0.00019574094583814695,3.585333973238178e-14,1.70825312290278e-14,0.0,0.0,0.0,,,ok,ok,ok,7,7,7,not_run
f3,main,B1,2021.08.15,true,96,28.0,28.006742220077427,48.615211233129884,7,57,184.0,197.75,210.10000000000002,0.00542958578935979,0.0023174379357506826,0.0005090405402109677,4.096462850295648e-9,3.353286299052266e-21,3.353286299052266e-21,0.0,0.0,0.0,,,ok,ok,ok,7,7,7,not_run
f3,main,B1,2021.08.16,true,96,190.0,205.91032540870495,198.17069727311318,37,29,184.0,197.75,210.10000000000002,0.9282799284293968,0.9353457261226685,0.9248375270397774,0.9997639510648556,0.9997639510648556,0.9997639510648556,1.0,0.0,0.0,,,ok,ok,ok,7,7,7,not_run
f3,main,B1,2021.08.17,true,96,173.0,205.08966757869615,199.22706246844345,47,34,184.0,197.75,210.10000000000002,0.9346831446653205,0.5730166061851214,0.759178701114777,0.9998348737876641,0.08542645628503041,0.08542645628503041,0.0,0.0,0.0,,,ok,ok,ok,7,7,7,not_run
f3,main,B2,2021.08.04,true,96,26.0,34.94752311706543,34.02339720439911,26,87,184.0,197.75,210.10000000000002,0.0,0.0,0.0,1.2001483114620043e-11,1.2001483114620043e-11,1.2001483114620043e-11,0.0,0.0,0.0,1.9009042978286743,96,ok,ok,ok,7,7,7,not_run
f3,main,B2,2021.08.05,true,96,26.0,34.79582214355469,33.92991196537018,92,87,184.0,197.75,210.10000000000002,0.0,0.0,0.0,1.2001483114620043e-11,1.2001483114620043e-11,1.2001483114620043e-11,0.0,0.0,0.0,1.8496776819229126,96,ok,ok,ok,7,7,7,not_run
f3,main,B2,2021.08.06,true,96,27.0,34.517662048339844,33.74335900020599,56,87,184.0,197.75,210.10000000000002,0.0,0.0,0.0,1.2001483114620043e-11,1.2001483114620043e-11,1.2001483114620043e-11,0.0,0.0,0.0,1.8841447830200195,96,ok,ok,ok,7,7,7,not_run
f3,main,B2,2021.08.07,true,96,26.0,34.87825584411621,33.988498216629026,50,87,184.0,197.75,210.10000000000002,0.0,0.0,0.0,1.2001483114620043e-11,1.2001483114620043e-11,1.2001483114620043e-11,0.0,0.0,0.0,1.8139586448669434,96,ok,ok,ok,7,7,7,not_run
f3,main,B2,2021.08.08,true,96,26.0,35.60639762878418,34.688490112304684,87,85,184.0,197.75,210.10000000000002,0.0,0.0,0.0,1.2001483114620043e-11,1.2001483114620043e-11,1.2001483114620043e-11,0.0,0.0,0.0,2.10870623588562,96,ok,ok,ok,7,7,7,not_run
f3,main,B2,2021.08.09,true,96,215.0,201.09741973876953,203.96744889068603,34,34,184.0,197.75,210.10000000000002,0.8840297953060777,0.5636077363839644,0.3956987009426153,0.9997921248876466,0.9983979769748014,0.9978928051622461,1.0,1.0,1.0,5.701212406158447,96,ok,ok,ok,7,7,7,not_run
f3,main,B2,2021.08.10,true,96,195.0,206.67526245117188,207.0247823638916,34,34,184.0,197.75,210.10000000000002,0.9169189346168494,0.6195508612598137,0.4494521692240303,0.9999376981180911,0.999003644153522,0.9986048874533018,1.0,0.0,0.0,3.703200101852417,96,ok,ok,ok,7,7,7,not_run
f3,main,B2,2021.08.11,true,96,218.0,206.81368255615234,206.74857197570802,34,34,184.0,197.75,210.10000000000002,0.9175632857206231,0.6206839501835353,0.45056027462956494,0.9999393966672456,0.9990134164821906,0.998616522431021,1.0,1.0,1.0,3.805342674255371,96,ok,ok,ok,7,7,7,not_run
f3,main,B2,2021.08.12,true,96,199.0,207.32494354248047,207.13757791900636,47,34,184.0,197.75,210.10000000000002,0.9175614151730876,0.6206807489869727,0.4505571885598749,0.9999393917867834,0.9990133889929251,0.9986164901697564,1.0,1.0,0.0,3.8353347778320312,96,ok,ok,ok,7,7,7,not_run
f3,main,B2,2021.08.13,true,96,207.0,208.21820831298828,206.85342203521728,34,34,184.0,197.75,210.10000000000002,0.917529420931064,0.6206147812919612,0.4504877710484263,0.9999393082650695,0.9990128223658662,0.9986157642814605,1.0,1.0,0.0,3.80793833732605,96,ok,ok,ok,7,7,7,not_run
f3,main,B2,2021.08.14,true,96,108.0,116.79741287231445,121.65510993576049,8,15,184.0,197.75,210.10000000000002,1.68457340155026e-6,3.964001460410316e-9,6.459166534966698e-12,1.2001483114620043e-11,1.2001483114620043e-11,1.2001483114620043e-11,0.0,0.0,0.0,3.209430694580078,96,ok,ok,ok,7,7,7,not_run
f3,main,B2,2021.08.15,true,96,28.0,36.10439109802246,35.32206500530243,7,85,184.0,197.75,210.10000000000002,0.0,0.0,0.0,1.2001483114620043e-11,1.2001483114620043e-11,1.2001483114620043e-11,0.0,0.0,0.0,1.889384150505066,96,ok,ok,ok,7,7,7,not_run
f3,main,B2,2021.08.16,true,96,190.0,200.45691680908203,203.58938333892823,37,34,184.0,197.75,210.10000000000002,0.8840772364598187,0.5636895744016364,0.39577793257756066,0.9997924379060847,0.9983990682820678,0.9978941098069871,1.0,0.0,0.0,5.913904666900635,96,ok,ok,ok,7,7,7,not_run
f3,main,B2,2021.08.17,true,96,173.0,205.52112579345703,206.3580905456543,47,34,184.0,197.75,210.10000000000002,0.9159090822914587,0.617864626878261,0.4478483823346584,0.9999349651627581,0.9989889430554444,0.9985878650945603,0.0,0.0,0.0,3.7986278533935547,96,ok,ok,ok,7,7,7,not_run
f3,main,B3,2021.08.04,true,96,26.0,35.85468864440918,34.91786905479431,26,87,184.0,197.75,210.10000000000002,0.0,0.0,0.0,6.220453464106009e-10,6.220453464106009e-10,6.220453464106009e-10,0.0,0.0,0.0,1.943266749382019,96,ok,ok,ok,7,7,7,not_run
f3,main,B3,2021.08.05,true,96,26.0,35.84093475341797,34.78335463619232,92,73,184.0,197.75,210.10000000000002,0.0,0.0,0.0,6.220453464106009e-10,6.220453464106009e-10,6.220453464106009e-10,0.0,0.0,0.0,1.887343406677246,96,ok,ok,ok,7,7,7,not_run
f3,main,B3,2021.08.06,true,96,27.0,35.64292907714844,34.70742239761353,56,73,184.0,197.75,210.10000000000002,0.0,0.0,0.0,6.220453464106009e-10,6.220453464106009e-10,6.220453464106009e-10,0.0,0.0,0.0,1.901435375213623,96,ok,ok,ok,7,7,7,not_run
f3,main,B3,2021.08.07,true,96,26.0,27.07400417327881,29.304623349189757,50,87,184.0,197.75,210.10000000000002,0.0,0.0,0.0,6.220453464106009e-10,6.220453464106009e-10,6.220453464106009e-10,0.0,0.0,0.0,1.8240646123886108,96,ok,ok,ok,7,7,7,not_run
f3,main,B3,2021.08.08,true,96,26.0,29.06752300262451,31.019645462036134,87,85,184.0,197.75,210.10000000000002,0.0,0.0,0.0,6.220453464106009e-10,6.220453464106009e-10,6.220453464106009e-10,0.0,0.0,0.0,2.166097640991211,96,ok,ok,ok,7,7,7,not_run
f3,main,B3,2021.08.09,true,96,215.0,200.58358001708984,201.74908374786378,34,46,184.0,197.75,210.10000000000002,0.9244604800636834,0.5763871049431815,0.3081497385915185,0.9996069096091421,0.9980369058710652,0.9975531551023655,1.0,1.0,1.0,5.6805901527404785,96,ok,ok,ok,7,7,7,not_run
f3,main,B3,2021.08.10,true,96,195.0,206.0389862060547,206.60791809844972,34,33,184.0,197.75,210.10000000000002,0.9689830559356161,0.6926866411136798,0.42642269488043405,0.9999683676759795,0.9993904244416534,0.9990595097247291,1.0,0.0,0.0,3.684244155883789,96,ok,ok,ok,7,7,7,not_run
f3,main,B3,2021.08.11,true,96,218.0,207.4414291381836,207.52334349823,34,33,184.0,197.75,210.10000000000002,0.9690625921514241,0.692897638445982,0.4266385684961205,0.999968592263597,0.99939182382799,0.9990610585291511,1.0,1.0,1.0,3.758333206176758,96,ok,ok,ok,7,7,7,not_run
f3,main,B3,2021.08.12,true,96,199.0,206.52267456054688,207.07404448699953,47,33,184.0,197.75,210.10000000000002,0.9690623355554057,0.6928969666771989,0.426637884727074,0.9999685915407177,0.9993918193769041,0.999061053627731,1.0,1.0,0.0,3.7640905380249023,96,ok,ok,ok,7,7,7,not_run
f3,main,B3,2021.08.13,true,96,207.0,206.88426971435547,207.03037686920166,34,33,184.0,197.75,210.10000000000002,0.9690593936061093,0.6928882630874331,0.4266286255630869,0.9999685832519183,0.9993917617051664,0.9990609872531149,1.0,1.0,0.0,3.790137529373169,96,ok,ok,ok,7,7,7,not_run
f3,main,B3,2021.08.14,true,96,108.0,120.36777114868164,127.80307855224609,8,15,184.0,197.75,210.10000000000002,3.3789550417662184e-6,7.66517271877376e-9,1.2012058014931881e-11,6.220453464106009e-10,6.220453464106009e-10,6.220453464106009e-10,0.0,0.0,0.0,3.1681015491485596,96,ok,ok,ok,7,7,7,not_run
f3,main,B3,2021.08.15,true,96,28.0,29.074371337890625,31.075828036308287,7,85,184.0,197.75,210.10000000000002,5.551115123125783e-16,5.551115123125783e-16,5.551115123125783e-16,6.220453464106009e-10,6.220453464106009e-10,6.220453464106009e-10,0.0,0.0,0.0,1.891108512878418,96,ok,ok,ok,7,7,7,not_run
f3,main,B3,2021.08.16,true,96,190.0,185.3614501953125,189.42511750793457,37,34,184.0,197.75,210.10000000000002,0.5708656395882049,0.23535671352711807,0.12823556983264128,0.8668342370211892,0.8668342370211892,0.8668342370211892,1.0,0.0,0.0,5.90871000289917,96,ok,ok,ok,7,7,7,not_run
f3,main,B3,2021.08.17,true,96,173.0,205.91815185546875,206.4177444152832,47,33,184.0,197.75,210.10000000000002,0.9670808509942996,0.6877165448766311,0.4213677609432205,0.9999626802528198,0.9993566756866306,0.9990224427122114,0.0,0.0,0.0,3.8000648021698,96,ok,ok,ok,7,7,7,not_run
f3,main,B4,2021.08.04,true,96,26.0,32.628089904785156,33.54819278049469,26,27,184.0,197.75,210.10000000000002,0.0,0.0,0.0,2.1946635268104666e-9,2.1946635268104666e-9,2.1946635268104666e-9,0.0,0.0,0.0,1.8127933740615845,96,ok,ok,ok,7,7,7,not_run
f3,main,B4,2021.08.05,true,96,26.0,33.299015045166016,34.10073615932465,92,27,184.0,197.75,210.10000000000002,0.0,0.0,0.0,2.1946635268104666e-9,2.1946635268104666e-9,2.1946635268104666e-9,0.0,0.0,0.0,1.854753017425537,96,ok,ok,ok,7,7,7,not_run
f3,main,B4,2021.08.06,true,96,27.0,32.65922737121582,33.62191242218017,56,59,184.0,197.75,210.10000000000002,0.0,0.0,0.0,2.1946635268104666e-9,2.1946635268104666e-9,2.1946635268104666e-9,0.0,0.0,0.0,1.7259012460708618,96,ok,ok,ok,7,7,7,not_run
f3,main,B4,2021.08.07,true,96,26.0,38.543434143066406,39.06943466186524,50,95,184.0,197.75,210.10000000000002,0.0,0.0,0.0,2.1946635268104666e-9,2.1946635268104666e-9,2.1946635268104666e-9,0.0,0.0,0.0,1.7374649047851562,96,ok,ok,ok,7,7,7,not_run
f3,main,B4,2021.08.08,true,96,26.0,30.67405128479004,31.13818680667877,87,5,184.0,197.75,210.10000000000002,0.0,0.0,0.0,2.1946635268104666e-9,2.1946635268104666e-9,2.1946635268104666e-9,0.0,0.0,0.0,1.6903423070907593,96,ok,ok,ok,7,7,7,not_run
f3,main,B4,2021.08.09,true,96,215.0,209.7779769897461,211.63603813171386,34,34,184.0,197.75,210.10000000000002,0.968,0.7885,0.4955,0.9999141285174613,0.9998497332057026,0.9995596465739334,1.0,1.0,1.0,3.7856569290161133,96,ok,ok,ok,7,7,7,not_run
f3,main,B4,2021.08.10,true,96,195.0,207.9378433227539,209.61856452178955,34,34,184.0,197.75,210.10000000000002,0.9725,0.7715,0.448,0.9999419180420918,0.9997992332648092,0.9993696786574581,1.0,0.0,0.0,3.3689539432525635,96,ok,ok,ok,7,7,7,not_run
f3,main,B4,2021.08.11,true,96,218.0,209.45899963378906,210.88338776397705,34,34,184.0,197.75,210.10000000000002,0.9735,0.8005,0.4835,0.9999471978143041,0.9998787943192735,0.9995180325533916,1.0,1.0,1.0,3.6540002822875977,96,ok,ok,ok,7,7,7,not_run
f3,main,B4,2021.08.12,true,96,199.0,207.89273071289062,209.16087860107422,47,34,184.0,197.75,210.10000000000002,0.9705,0.7735,0.4245,0.9999304004869117,0.9998058025981391,0.9992456216793774,1.0,1.0,0.0,3.6446704864501953,96,ok,ok,ok,7,7,7,not_run
f3,main,B4,2021.08.13,true,96,207.0,208.7694549560547,210.0351078720093,34,34,184.0,197.75,210.10000000000002,0.975,0.775,0.46,0.9999545403053872,0.999810614030471,0.9994245151530939,1.0,1.0,0.0,3.475872755050659,96,ok,ok,ok,7,7,7,not_run
f3,main,B4,2021.08.14,true,96,108.0,116.96992874145508,117.2986412639618,8,16,184.0,197.75,210.10000000000002,0.0015,0.0005,0.0,1.9537558734820032e-7,3.1675350017010556e-8,3.1675350017010556e-8,0.0,0.0,0.0,3.012845993041992,96,ok,ok,ok,7,7,7,not_run
f3,main,B4,2021.08.15,true,96,28.0,30.109240531921387,30.59266308403015,7,20,184.0,197.75,210.10000000000002,0.0,0.0,0.0,2.1946635268104666e-9,2.1946635268104666e-9,2.1946635268104666e-9,0.0,0.0,0.0,1.7481870651245117,96,ok,ok,ok,7,7,7,not_run
f3,main,B4,2021.08.16,true,96,190.0,219.60530853271484,220.3027599334717,37,46,184.0,197.75,210.10000000000002,0.944,0.841,0.6525,0.9996289088467699,0.9996289088467699,0.9996289088467699,1.0,0.0,0.0,3.7862308025360107,96,ok,ok,ok,7,7,7,not_run
f3,main,B4,2021.08.17,true,96,173.0,208.28382873535156,210.05845428466796,47,34,184.0,197.75,210.10000000000002,0.9785,0.7915,0.4545,0.9999691148123226,0.999857471015542,0.9994000301270336,0.0,0.0,0.0,3.3052749633789062,96,ok,ok,ok,7,7,7,not_run
f3,copies,B1,2021.08.04,true,96,26.0,65.2464801760184,82.06338912692432,26,63,182.0,193.0,204.0,0.49915619684303425,0.012245306528860845,0.0003228081381505789,0.000028465409072948017,0.000028465409072948017,4.9591161317801515e-9,0.0,0.0,0.0,,,ok,ok,ok,7,7,7,not_run
f3,copies,B1,2021.08.05,true,96,26.0,65.2464801760184,82.02869721804613,92,32,182.0,193.0,204.0,0.49419508110636795,0.012245306528860845,0.0003228081381505789,0.00002695739508856414,0.00002695739508856414,4.9591161317801515e-9,0.0,0.0,0.0,,,ok,ok,ok,7,7,7,not_run
f3,copies,B1,2021.08.06,true,96,27.0,65.2464801760184,81.28509404688707,56,32,182.0,193.0,204.0,0.3393320094168205,0.008818781651305133,0.0003228081381505789,4.620383667287567e-6,4.620383667287567e-6,4.9591161317801515e-9,0.0,0.0,0.0,,,ok,ok,ok,7,7,7,not_run
f3,copies,B1,2021.08.07,true,96,26.0,38.06418923460756,52.44136550918935,50,32,182.0,193.0,204.0,0.008122118630848593,0.0009815697169202823,0.000024189601139765067,5.4272012579626085e-11,5.4272012579626085e-11,5.4272012579626085e-11,0.0,0.0,0.0,,,ok,ok,ok,7,7,7,not_run
f3,copies,B1,2021.08.08,true,96,26.0,25.45138860597448,36.3170590400014,87,37,182.0,193.0,204.0,0.01400239915012609,0.0010979674193685146,0.000024190092823910986,2.457178643357102e-10,2.457178643357102e-10,2.457178643357102e-10,0.0,0.0,0.0,,,ok,ok,ok,7,7,7,not_run
f3,copies,B1,2021.08.09,true,96,215.0,177.2320985987274,173.65674839234154,34,43,182.0,193.0,204.0,0.4622550024632969,0.32270843610565825,0.003073207297468949,0.000018973631717301116,0.000018973631717301116,1.3480948521429648e-6,1.0,1.0,1.0,,,ok,ok,ok,7,7,7,not_run
f3,copies,B1,2021.08.10,true,96,195.0,196.86237378671973,190.70274918205885,34,55,182.0,193.0,204.0,0.8042599251297438,0.9065704011884277,0.6973813160655139,0.0013838508494199517,0.0013838508494199517,0.0013838508494199517,1.0,1.0,0.0,,,ok,ok,ok,7,7,7,not_run
f3,copies,B1,2021.08.11,true,96,218.0,195.85825275977334,187.9914545626168,34,34,182.0,193.0,204.0,0.9857326714876411,0.9658857426629748,0.7029351958628464,0.7612636123237714,0.7612636123237714,0.7612636123237714,1.0,1.0,1.0,,,ok,ok,ok,7,7,7,not_run
f3,copies,B1,2021.08.12,true,96,199.0,194.46412285237614,190.38743117539423,47,35,182.0,193.0,204.0,0.9604772416111171,0.8193568327587039,0.7191044929552235,0.15364611210544432,0.15364611210544432,0.15364611210544432,1.0,1.0,0.0,,,ok,ok,ok,7,7,7,not_run
f3,copies,B1,2021.08.13,true,96,207.0,193.2402025603539,185.3440694248343,34,34,182.0,193.0,204.0,0.970275428533602,0.6233529857350264,0.723745252364327,0.28966786405707984,0.28966786405707984,0.28966786405707984,1.0,1.0,1.0,,,ok,ok,ok,7,7,7,not_run
f3,copies,B1,2021.08.14,true,96,108.0,130.53131417377872,130.249771737977,8,16,182.0,193.0,204.0,0.27644079771334434,0.0025864764752050393,0.00006145434659461892,2.0520329725372312e-6,2.0520329725372312e-6,2.627526137702033e-9,0.0,0.0,0.0,,,ok,ok,ok,7,7,7,not_run
f3,copies,B1,2021.08.15,true,96,28.0,24.731548206765513,34.609865861590684,7,81,182.0,193.0,204.0,0.013146251072493047,0.0023295722822879936,0.000013703147078674522,2.061802030387816e-10,2.061802030387816e-10,2.061802030387816e-10,0.0,0.0,0.0,,,ok,ok,ok,7,7,7,not_run
f3,copies,B1,2021.08.16,true,96,190.0,204.10006525158212,199.5757662025711,37,69,182.0,193.0,204.0,0.9767681553720643,0.986505138267473,0.9160159153806351,0.44949136756582064,0.44949136756582064,0.44949136756582064,1.0,0.0,0.0,,,ok,ok,ok,7,7,7,not_run
f3,copies,B1,2021.08.17,true,96,173.0,197.83373334648033,197.1244502628245,47,34,182.0,193.0,204.0,0.6849102011394479,0.9397673654419986,0.959407411825179,0.0002416220952812901,0.0002416220952812901,0.0002416220952812901,0.0,0.0,0.0,,,ok,ok,ok,7,7,7,not_run
f3,copies,B4,2021.08.04,true,96,26.0,40.21822738647461,41.0526734714508,26,43,182.0,193.0,204.0,0.0,0.0,0.0,5.104247842455756e-11,5.462695588053546e-12,5.462695588053546e-12,0.0,0.0,0.0,2.115974187850952,96,ok,ok,ok,7,7,7,not_run
f3,copies,B4,2021.08.05,true,96,26.0,40.054338455200195,41.046789834976195,92,43,182.0,193.0,204.0,0.0,0.0,0.0,5.104247842455756e-11,5.462695588053546e-12,5.462695588053546e-12,0.0,0.0,0.0,2.1208789348602295,96,ok,ok,ok,7,7,7,not_run
f3,copies,B4,2021.08.06,true,96,27.0,40.233346939086914,41.19214273071289,56,43,182.0,193.0,204.0,0.0,0.0,0.0,5.104247842455756e-11,5.462695588053546e-12,5.462695588053546e-12,0.0,0.0,0.0,2.0024211406707764,96,ok,ok,ok,7,7,7,not_run
f3,copies,B4,2021.08.07,true,96,26.0,39.52084541320801,41.284667142868045,50,35,182.0,193.0,204.0,0.0,0.0,0.0,5.104247842455756e-11,5.462695588053546e-12,5.462695588053546e-12,0.0,0.0,0.0,2.0760958194732666,96,ok,ok,ok,7,7,7,not_run
f3,copies,B4,2021.08.08,true,96,26.0,42.424156188964844,43.169297797203065,87,35,182.0,193.0,204.0,0.0,0.0,0.0,5.104247842455756e-11,5.462695588053546e-12,5.462695588053546e-12,0.0,0.0,0.0,2.1590144634246826,96,ok,ok,ok,7,7,7,not_run
f3,copies,B4,2021.08.09,true,96,215.0,206.1731185913086,206.69691275787355,34,33,182.0,193.0,204.0,0.9225,0.7765,0.5515,0.99986185385834,0.9995823548445705,0.9988631338661702,1.0,1.0,1.0,3.872643232345581,96,ok,ok,ok,7,7,7,not_run
f3,copies,B4,2021.08.10,true,96,195.0,206.8429718017578,206.82990908050536,34,33,182.0,193.0,204.0,0.9085,0.769,0.5545,0.9997609008111267,0.999514335800888,0.9988892374842012,1.0,1.0,0.0,3.4195621013641357,96,ok,ok,ok,7,7,7,not_run
f3,copies,B4,2021.08.11,true,96,218.0,207.2484359741211,208.01441304016114,34,33,182.0,193.0,204.0,0.9305,0.796,0.5775,0.9999032036877316,0.9997228741902893,0.9990715278465679,1.0,1.0,1.0,3.6734459400177,96,ok,ok,ok,7,7,7,not_run
f3,copies,B4,2021.08.12,true,96,199.0,206.02898406982422,206.72287101745604,47,33,182.0,193.0,204.0,0.917,0.7715,0.54,0.9998269122937892,0.9995379780016155,0.998757581554467,1.0,1.0,0.0,3.6567869186401367,96,ok,ok,ok,7,7,7,not_run
f3,copies,B4,2021.08.13,true,96,207.0,206.9203338623047,207.1693455810547,34,33,182.0,193.0,204.0,0.92,0.766,0.565,0.9998466750429772,0.9994846193945081,0.99897623456474,1.0,1.0,1.0,3.513517379760742,96,ok,ok,ok,7,7,7,not_run
f3,copies,B4,2021.08.14,true,96,108.0,117.72861862182617,118.52346252250672,8,24,182.0,193.0,204.0,0.0,0.0,0.0,5.104247842455756e-11,5.462695588053546e-12,5.462695588053546e-12,0.0,0.0,0.0,3.049797773361206,96,ok,ok,ok,7,7,7,not_run
f3,copies,B4,2021.08.15,true,96,28.0,42.345947265625,43.08556644058228,7,35,182.0,193.0,204.0,0.0,0.0,0.0,5.104247842455756e-11,5.462695588053546e-12,5.462695588053546e-12,0.0,0.0,0.0,2.1484878063201904,96,ok,ok,ok,7,7,7,not_run
f3,copies,B4,2021.08.16,true,96,190.0,207.7806396484375,208.75740393066405,37,33,182.0,193.0,204.0,0.94,0.807,0.59,0.9999398263909146,0.999782950487884,0.9991586146024797,1.0,0.0,0.0,3.8165104389190674,96,ok,ok,ok,7,7,7,not_run
f3,copies,B4,2021.08.17,true,96,173.0,205.77845764160156,207.08390313720705,47,33,182.0,193.0,204.0,0.9295,0.779,0.545,0.9998985994841566,0.9996031584039612,0.9988045709695395,0.0,0.0,0.0,3.3179733753204346,96,ok,ok,ok,7,7,7,not_run
f3,suspect,B1,2021.08.04,true,96,26.0,67.11959930256766,80.94764480398366,26,40,184.5,198.0,209.5,0.12217062093787528,0.15825891166120123,0.08805185630690994,2.3052900494198513e-7,2.3052900494198513e-7,2.3052900494198513e-7,0.0,0.0,0.0,,,ok,ok,ok,7,7,7,not_run
f3,suspect,B1,2021.08.05,true,96,26.0,67.0249624904167,80.92711270909844,92,35,184.5,198.0,209.5,0.12217062093787528,0.17518335752369366,0.08805185630690994,2.3052900494198513e-7,2.3052900494198513e-7,2.3052900494198513e-7,0.0,0.0,0.0,,,ok,ok,ok,7,7,7,not_run
f3,suspect,B1,2021.08.06,true,96,27.0,51.349046762637336,61.27050158752438,56,43,184.5,198.0,209.5,0.016131559714909812,0.0015276304892813725,0.0008031788690546418,4.5981180375075645e-12,4.5981180375075645e-12,2.5524769190858684e-19,0.0,0.0,0.0,,,ok,ok,ok,7,7,7,not_run
f3,suspect,B1,2021.08.07,true,96,26.0,28.126049581721084,50.752811575896125,50,35,184.5,198.0,209.5,0.00425466687114541,0.0037109685143881695,0.001455929824704377,5.095903149451394e-15,5.095903149451394e-15,2.853400374647733e-17,0.0,0.0,0.0,,,ok,ok,ok,7,7,7,not_run
f3,suspect,B1,2021.08.08,true,96,26.0,28.126049581721084,50.752811575896125,87,37,184.5,198.0,209.5,0.00425466687114541,0.0037109685143881695,0.001455929824704377,5.095903149451394e-15,5.095903149451394e-15,2.853400374647733e-17,0.0,0.0,0.0,,,ok,ok,ok,7,7,7,not_run
f3,suspect,B1,2021.08.09,true,96,215.0,183.5929265370031,179.6724851454188,34,70,184.5,198.0,209.5,0.2749301117438365,0.04375469452469257,0.0126132128538537,0.000036762943225090716,0.000036762943225090716,8.340390757868225e-10,1.0,1.0,1.0,,,ok,ok,ok,7,7,7,not_run
f3,suspect,B1,2021.08.10,true,96,195.0,195.34612554154992,193.2430574091798,34,35,184.5,198.0,209.5,0.9509001057855593,0.1707638180924683,0.011095521161424204,0.9999382853662913,0.07451235772529184,2.984635605372087e-10,1.0,0.0,0.0,,,ok,ok,ok,7,7,7,not_run
f3,suspect,B1,2021.08.11,true,96,218.0,193.80993037333445,191.12876728657602,34,34,184.5,198.0,209.5,0.8864504704668899,0.24276944211323576,0.00285345598939997,0.9939115890157407,0.12747074432182415,5.954800258096292e-15,1.0,1.0,1.0,,,ok,ok,ok,7,7,7,not_run
f3,suspect,B1,2021.08.12,true,96,199.0,195.59708245501554,192.07696416204766,47,34,184.5,198.0,209.5,0.9081091291575194,0.44397861488220897,0.022638981065614072,0.9981456688816336,0.33287314908324434,9.298455362888035e-8,1.0,1.0,0.0,,,ok,ok,ok,7,7,7,not_run
f3,suspect,B1,2021.08.13,true,96,207.0,192.93545263685672,184.54050390066683,34,41,184.5,198.0,209.5,0.8724980845011406,0.08636211099706499,0.022638981065614072,0.9882086032575119,0.027452507799343898,9.298455362888035e-8,1.0,1.0,0.0,,,ok,ok,ok,7,7,7,not_run
f3,suspect,B1,2021.08.14,true,96,108.0,53.084691364856084,65.96956765985196,8,7,184.5,198.0,209.5,0.08491624941701,0.022035862759708386,0.000430339145133211,2.9646129942366076e-8,2.9646129942366076e-8,1.8161172707133856e-21,0.0,0.0,0.0,,,ok,ok,ok,7,7,7,not_run
f3,suspect,B1,2021.08.15,true,96,28.0,28.69304223679885,50.97180044455674,7,58,184.5,198.0,209.5,0.004510092826515656,0.0030077803953271146,0.0010900885759769475,6.853505454124675e-15,6.853505454124675e-15,2.8749705151992972e-18,0.0,0.0,0.0,,,ok,ok,ok,7,7,7,not_run
f3,suspect,B1,2021.08.16,true,96,190.0,200.40135670971827,196.74647054799777,37,49,184.5,198.0,209.5,0.9349991672251484,0.23501108592924383,0.5294836206122124,0.9997220926609335,0.12121773790407839,0.12121773790407839,1.0,0.0,0.0,,,ok,ok,ok,7,7,7,not_run
f3,suspect,B1,2021.08.17,true,96,173.0,204.46820556167998,200.21934178401182,47,34,184.5,198.0,209.5,0.9526774154715846,0.18571596740792404,0.4186777134847641,0.9999492703116923,0.08456479825322652,0.08456479825322652,0.0,0.0,0.0,,,ok,ok,ok,7,7,7,not_run
f3,suspect,B4,2021.08.04,true,96,26.0,33.04987907409668,33.97691222572327,26,27,184.5,198.0,209.5,0.0,0.0,0.0,1.2830446730510594e-10,1.2830446730510594e-10,1.2830446730510594e-10,0.0,0.0,0.0,1.8026202917099,96,ok,ok,ok,7,7,7,not_run
f3,suspect,B4,2021.08.05,true,96,26.0,33.30109977722168,34.155243482589725,92,27,184.5,198.0,209.5,0.0,0.0,0.0,1.2830446730510594e-10,1.2830446730510594e-10,1.2830446730510594e-10,0.0,0.0,0.0,1.8442373275756836,96,ok,ok,ok,7,7,7,not_run
f3,suspect,B4,2021.08.06,true,96,27.0,33.24011039733887,34.07862117767334,56,27,184.5,198.0,209.5,0.0,0.0,0.0,1.2830446730510594e-10,1.2830446730510594e-10,1.2830446730510594e-10,0.0,0.0,0.0,1.7126884460449219,96,ok,ok,ok,7,7,7,not_run
f3,suspect,B4,2021.08.07,true,96,26.0,38.258832931518555,38.63852882003784,50,17,184.5,198.0,209.5,0.0,0.0,0.0,1.2830446730510594e-10,1.2830446730510594e-10,1.2830446730510594e-10,0.0,0.0,0.0,1.7447007894515991,96,ok,ok,ok,7,7,7,not_run
f3,suspect,B4,2021.08.08,true,96,26.0,30.693883895874023,31.24402361679077,87,5,184.5,198.0,209.5,0.0,0.0,0.0,1.2830446730510594e-10,1.2830446730510594e-10,1.2830446730510594e-10,0.0,0.0,0.0,1.69674813747406,96,ok,ok,ok,7,7,7,not_run
f3,suspect,B4,2021.08.09,true,96,215.0,207.9417953491211,210.2285944290161,34,46,184.5,198.0,209.5,0.9535,0.7365,0.4715,0.9999529092268463,0.999670938250274,0.9992501088021265,1.0,1.0,1.0,3.765165090560913,96,ok,ok,ok,7,7,7,not_run
f3,suspect,B4,2021.08.10,true,96,195.0,206.29235076904297,208.40312501525878,34,46,184.5,198.0,209.5,0.951,0.709,0.423,0.9999447869317554,0.9995253574896155,0.9989171024568836,1.0,0.0,0.0,3.427198648452759,96,ok,ok,ok,7,7,7,not_run
f3,suspect,B4,2021.08.11,true,96,218.0,207.05333709716797,209.11084285736084,34,58,184.5,198.0,209.5,0.954,0.717,0.438,0.9999544286708228,0.9995723626903431,0.9990342590209792,1.0,1.0,1.0,3.69718861579895,96,ok,ok,ok,7,7,7,not_run
f3,suspect,B4,2021.08.12,true,96,199.0,205.7360610961914,207.69938945770264,47,46,184.5,198.0,209.5,0.949,0.7015,0.3975,0.9999376324417459,0.9994774082500968,0.9986809863536521,1.0,1.0,0.0,3.662687063217163,96,ok,ok,ok,7,7,7,not_run
f3,suspect,B4,2021.08.13,true,96,207.0,206.9243621826172,208.7887160949707,34,46,184.5,198.0,209.5,0.9615,0.728,0.4335,0.9999733811507836,0.9996305899198877,0.9990006087190788,1.0,1.0,0.0,3.5492191314697266,96,ok,ok,ok,7,7,7,not_run
f3,suspect,B4,2021.08.14,true,96,108.0,116.28670501708984,116.77353004074097,8,16,184.5,198.0,209.5,0.0015,0.001,0.0,2.298794531791356e-8,2.298794531791356e-8,2.298794531791356e-8,0.0,0.0,0.0,3.049368143081665,96,ok,ok,ok,7,7,7,not_run
f3,suspect,B4,2021.08.15,true,96,28.0,30.328367233276367,30.82469973564148,7,20,184.5,198.0,209.5,0.0,0.0,0.0,1.2830446730510594e-10,1.2830446730510594e-10,1.2830446730510594e-10,0.0,0.0,0.0,1.7353812456130981,96,ok,ok,ok,7,7,7,not_run
f3,suspect,B4,2021.08.16,true,96,190.0,216.312744140625,217.46735768127442,37,46,184.5,198.0,209.5,0.929,0.7985,0.607,0.9998272334857264,0.9998272334857264,0.9997316467870215,1.0,0.0,0.0,3.8051440715789795,96,ok,ok,ok,7,7,7,not_run
f3,suspect,B4,2021.08.17,true,96,173.0,206.98951721191406,208.8860358581543,47,46,184.5,198.0,209.5,0.959,0.733,0.4355,0.9999678247584383,0.9996547895495708,0.9990157164471979,0.0,0.0,0.0,3.333343744277954,96,ok,ok,ok,7,7,7,not_run
f3,protoA,B1,2021.08.04,true,96,26.0,188.14327474771844,166.4380871126615,26,69,184.0,197.75,210.10000000000002,0.290783523994995,0.3504135006480417,0.171368475196965,0.0000842853302956169,0.0000842853302956169,1.1633681074028279e-14,0.0,0.0,0.0,,,ok,ok,ok,7,7,7,not_run
f3,protoA,B1,2021.08.05,true,96,26.0,188.54948375404234,159.97883136008593,92,80,184.0,197.75,210.10000000000002,0.20972871309674285,0.24503003356707181,0.03099689475089371,0.00002070008403326654,0.00002070008403326654,1.4331349557259922e-20,0.0,0.0,0.0,,,ok,ok,ok,7,7,7,not_run
f3,protoA,B1,2021.08.06,true,96,27.0,140.9051281645857,131.42706129146143,56,48,184.0,197.75,210.10000000000002,0.07602685267774618,0.0017302458635998824,0.0002749005646012527,4.723691828835327e-7,4.723691828835327e-7,1.2488599961675588e-35,0.0,0.0,0.0,,,ok,ok,ok,7,7,7,not_run
f3,protoA,B1,2021.08.07,true,96,26.0,29.491418614706344,59.291024568646066,50,6,184.0,197.75,210.10000000000002,0.00615025743335443,0.004717126814904054,0.0007677180769117256,1.113821050444287e-10,1.113821050444287e-10,2.2376169464793444e-32,0.0,0.0,0.0,,,ok,ok,ok,7,7,7,not_run
f3,protoA,B1,2021.08.08,true,96,26.0,29.491418614706344,59.291024568646066,87,5,184.0,197.75,210.10000000000002,0.00615025743335443,0.004717126814904054,0.0007677180769117256,1.113821050444287e-10,1.113821050444287e-10,2.2376169464793444e-32,0.0,0.0,0.0,,,ok,ok,ok,7,7,7,not_run
f3,protoA,B1,2021.08.09,true,96,215.0,160.03930732320399,141.22334192750867,34,33,184.0,197.75,210.10000000000002,0.07975837774052456,0.03487202032528324,0.000768964400316231,5.586349066608477e-7,5.586349066608477e-7,2.264256092905645e-32,1.0,1.0,1.0,,,ok,ok,ok,7,7,7,not_run
f3,protoA,B1,2021.08.10,true,96,195.0,176.03079348890745,159.18131413680442,34,60,184.0,197.75,210.10000000000002,0.3933129377429817,0.16607321203302425,0.0011725155545915828,0.0003697875641444633,0.0003697875641444633,4.919226315166962e-31,1.0,0.0,0.0,,,ok,ok,ok,7,7,7,not_run
f3,protoA,B1,2021.08.11,true,96,218.0,179.20080299605968,160.44772736128436,34,63,184.0,197.75,210.10000000000002,0.21713754302143456,0.09477471504191845,0.0008633806695348002,0.00002386959865190326,0.00002386959865190326,5.271127617874378e-32,1.0,1.0,1.0,,,ok,ok,ok,7,7,7,not_run
f3,protoA,B1,2021.08.12,true,96,199.0,185.2108319478274,184.88645504574018,47,42,184.0,197.75,210.10000000000002,0.4661822137716461,0.3618509952288576,0.04867996751010745,0.0009668669732778411,0.0009668669732778411,4.403041405525674e-19,1.0,1.0,0.0,,,ok,ok,ok,7,7,7,not_run
f3,protoA,B1,2021.08.13,true,96,207.0,182.48413606145473,182.79425136458778,34,47,184.0,197.75,210.10000000000002,0.6129546038815441,0.05457641143008276,0.0008046192149818561,0.006567298411765322,0.006567298411765322,3.151694007815239e-32,1.0,1.0,0.0,,,ok,ok,ok,7,7,7,not_run
f3,protoA,B1,2021.08.14,true,96,108.0,93.81153287327388,87.79141898600531,8,7,184.0,197.75,210.10000000000002,0.08469432465499734,0.031777813168047654,0.04208427909697714,6.89999431794579e-7,6.89999431794579e-7,1.4484438653892694e-19,0.0,0.0,0.0,,,ok,ok,ok,7,7,7,not_run
f3,protoA,B1,2021.08.15,true,96,28.0,29.491418614706344,59.1836226820955,7,14,184.0,197.75,210.10000000000002,0.00615025743335443,0.004717126814904054,0.0008135477333474845,1.113821050444287e-10,1.113821050444287e-10,3.4159587627370796e-32,0.0,0.0,0.0,,,ok,ok,ok,7,7,7,not_run
f3,protoA,B1,2021.08.16,true,96,190.0,195.54549966917241,173.42879603006313,37,68,184.0,197.75,210.10000000000002,0.8366019775731603,0.4030303591846196,0.002599949514639146,0.22596391161632784,0.22596391161632784,1.651141177829358e-28,1.0,0.0,0.0,,,ok,ok,ok,7,7,7,not_run
f3,protoA,B1,2021.08.17,true,96,173.0,203.71628304894273,190.9497922348255,47,84,184.0,197.75,210.10000000000002,0.8866436287636732,0.20770444162016716,0.014247631557867433,0.5341048159746444,0.16690487263828568,4.3748698387905963e-23,0.0,0.0,0.0,,,ok,ok,ok,7,7,7,not_run
f3,protoA,B4,2021.08.04,true,96,26.0,200.9747543334961,202.87527051544188,26,34,184.0,197.75,210.10000000000002,0.8725,0.575,0.302,0.5133263024686663,0.007008936624414125,0.0008740069216718807,0.0,0.0,0.0,3.9680709838867188,96,ok,ok,ok,7,7,7,not_run
f3,protoA,B4,2021.08.05,true,96,26.0,200.09129333496094,202.2703323135376,92,34,184.0,197.75,210.10000000000002,0.8795,0.5675,0.2735,0.5328462398623932,0.005133781385388217,0.00005169091920751025,0.0,0.0,0.0,3.9517698287963867,96,ok,ok,ok,7,7,7,not_run
f3,protoA,B4,2021.08.06,true,96,27.0,200.56605529785156,202.57174266815184,56,33,184.0,197.75,210.10000000000002,0.884,0.5705,0.29,0.54586517083995,0.005814106218931292,0.00027121806917889085,0.0,0.0,0.0,3.97424578666687,96,ok,ok,ok,7,7,7,not_run
f3,protoA,B4,2021.08.07,true,96,26.0,91.32413101196289,92.13840660285949,50,28,184.0,197.75,210.10000000000002,0.0005,0.0,0.0,0.000010037657048068665,4.595555063861387e-41,1.3048299462651232e-69,0.0,0.0,0.0,3.1744182109832764,96,ok,ok,ok,7,7,7,not_run
f3,protoA,B4,2021.08.08,true,96,26.0,61.258975982666016,66.04301665306092,87,95,184.0,197.75,210.10000000000002,0.0,0.0,0.0,4.325420813930647e-6,4.595555063861387e-41,1.3048299462651232e-69,0.0,0.0,0.0,2.918163299560547,96,ok,ok,ok,7,7,7,not_run
f3,protoA,B4,2021.08.09,true,96,215.0,202.3467559814453,203.95952113342284,34,33,184.0,197.75,210.10000000000002,0.915,0.617,0.3175,0.6464174291512012,0.04038511236896576,0.003805219945127299,1.0,1.0,1.0,3.815131902694702,96,ok,ok,ok,7,7,7,not_run
f3,protoA,B4,2021.08.10,true,96,195.0,201.7483901977539,203.6625734863281,34,34,184.0,197.75,210.10000000000002,0.9085,0.604,0.313,0.6236829709672322,0.023492084786741557,0.0024940541607671317,1.0,0.0,0.0,3.3856823444366455,96,ok,ok,ok,7,7,7,not_run
f3,protoA,B4,2021.08.11,true,96,218.0,202.75527954101562,204.54895924377442,34,33,184.0,197.75,210.10000000000002,0.9145,0.6405,0.3255,0.6446362042663042,0.10545564968976197,0.007986335932748603,1.0,1.0,1.0,3.632195234298706,96,ok,ok,ok,7,7,7,not_run
f3,protoA,B4,2021.08.12,true,96,199.0,201.64409637451172,203.28326194763184,47,33,184.0,197.75,210.10000000000002,0.905,0.6075,0.302,0.611815469743813,0.027188137045931798,0.0008740069216718807,1.0,1.0,0.0,3.6448256969451904,96,ok,ok,ok,7,7,7,not_run
f3,protoA,B4,2021.08.13,true,96,207.0,202.51110076904297,204.1877975692749,34,33,184.0,197.75,210.10000000000002,0.9215,0.632,0.3115,0.6700709217059058,0.07490253242743214,0.002164623505670985,1.0,1.0,0.0,3.5079867839813232,96,ok,ok,ok,7,7,7,not_run
f3,protoA,B4,2021.08.14,true,96,108.0,103.55329132080078,105.3879226398468,8,16,184.0,197.75,210.10000000000002,0.0005,0.0,0.0,0.000010037657048068665,4.595555063861387e-41,1.3048299462651232e-69,0.0,0.0,0.0,3.0192387104034424,96,ok,ok,ok,7,7,7,not_run
f3,protoA,B4,2021.08.15,true,96,28.0,62.16415596008301,65.76058115768433,7,59,184.0,197.75,210.10000000000002,0.0,0.0,0.0,4.325420813930647e-6,4.595555063861387e-41,1.3048299462651232e-69,0.0,0.0,0.0,2.914799451828003,96,ok,ok,ok,7,7,7,not_run
f3,protoA,B4,2021.08.16,true,96,190.0,202.08450317382812,204.07313401031493,37,34,184.0,197.75,210.10000000000002,0.9135,0.612,0.318,0.6410900487320046,0.03280019923061238,0.003987154772251231,1.0,0.0,0.0,3.748206377029419,96,ok,ok,ok,7,7,7,not_run
f3,protoA,B4,2021.08.17,true,96,173.0,201.84800720214844,203.85782270812987,47,33,184.0,197.75,210.10000000000002,0.9225,0.606,0.3005,0.6737923815018024,0.02553810466750977,0.0007562295392053293,0.0,0.0,0.0,3.3186662197113037,96,ok,ok,ok,7,7,7,not_run
f3,K2,B4,2021.08.04,true,96,26.0,36.26692008972168,36.403111805915835,26,95,184.0,197.75,210.10000000000002,0.0,0.0,0.0,1.783957225127952e-10,8.169564739567519e-11,8.169564739567519e-11,0.0,0.0,0.0,1.8133691549301147,96,ok,ok,ok,7,7,7,not_run
f3,K2,B4,2021.08.05,true,96,26.0,34.558481216430664,35.02492656898499,92,95,184.0,197.75,210.10000000000002,0.0,0.0,0.0,1.783957225127952e-10,8.169564739567519e-11,8.169564739567519e-11,0.0,0.0,0.0,1.853615403175354,96,ok,ok,ok,7,7,7,not_run
f3,K2,B4,2021.08.06,true,96,27.0,35.329742431640625,35.59705938720703,56,95,184.0,197.75,210.10000000000002,0.0,0.0,0.0,1.783957225127952e-10,8.169564739567519e-11,8.169564739567519e-11,0.0,0.0,0.0,1.739566445350647,96,ok,ok,ok,7,7,7,not_run
f3,K2,B4,2021.08.07,true,96,26.0,37.048221588134766,37.427176091194156,50,95,184.0,197.75,210.10000000000002,0.0,0.0,0.0,1.783957225127952e-10,8.169564739567519e-11,8.169564739567519e-11,0.0,0.0,0.0,1.6817344427108765,96,ok,ok,ok,7,7,7,not_run
f3,K2,B4,2021.08.08,true,96,26.0,33.827274322509766,34.16130979061127,87,5,184.0,197.75,210.10000000000002,0.0,0.0,0.0,1.783957225127952e-10,8.169564739567519e-11,8.169564739567519e-11,0.0,0.0,0.0,1.6896486282348633,96,ok,ok,ok,7,7,7,not_run
f3,K2,B4,2021.08.09,true,96,215.0,207.2703399658203,207.6328082885742,34,34,184.0,197.75,210.10000000000002,0.884,0.6965,0.4455,0.9993200483588527,0.9985707526434913,0.9981550417379739,1.0,1.0,1.0,3.817960739135742,96,ok,ok,ok,7,7,7,not_run
f3,K2,B4,2021.08.10,true,96,195.0,211.99243927001953,211.6127226638794,34,34,184.0,197.75,210.10000000000002,0.9385,0.7945,0.547,0.9999079366491085,0.9997391551114272,0.9991418603158052,1.0,0.0,0.0,3.4071044921875,96,ok,ok,ok,7,7,7,not_run
f3,K2,B4,2021.08.11,true,96,218.0,213.14257049560547,212.9468706970215,34,34,184.0,197.75,210.10000000000002,0.9535,0.8245,0.573,0.9999606883302492,0.9998618833386538,0.9992962842274727,1.0,1.0,1.0,3.6859264373779297,96,ok,ok,ok,7,7,7,not_run
f3,K2,B4,2021.08.12,true,96,199.0,211.8597412109375,211.75611588287353,47,34,184.0,197.75,210.10000000000002,0.9475,0.8155,0.5495,0.9999432155591476,0.9998314735351024,0.9991579877343607,1.0,1.0,0.0,3.6685588359832764,96,ok,ok,ok,7,7,7,not_run
f3,K2,B4,2021.08.13,true,96,207.0,208.85814666748047,208.88993160247801,34,34,184.0,197.75,210.10000000000002,0.8995,0.7265,0.4755,0.9995720297751637,0.9991127154155697,0.9985294966941258,1.0,1.0,0.0,3.5266916751861572,96,ok,ok,ok,7,7,7,not_run
f3,K2,B4,2021.08.14,true,96,108.0,124.92470932006836,125.09803239440917,8,24,184.0,197.75,210.10000000000002,0.0,0.0,0.0,1.783957225127952e-10,8.169564739567519e-11,8.169564739567519e-11,0.0,0.0,0.0,3.038771390914917,96,ok,ok,ok,7,7,7,not_run
f3,K2,B4,2021.08.15,true,96,28.0,32.2635498046875,32.55938505363464,7,95,184.0,197.75,210.10000000000002,0.0,0.0,0.0,1.783957225127952e-10,8.169564739567519e-11,8.169564739567519e-11,0.0,0.0,0.0,1.8651002645492554,96,ok,ok,ok,7,7,7,not_run
f3,K2,B4,2021.08.16,true,96,190.0,207.38773345947266,208.34205278778077,37,34,184.0,197.75,210.10000000000002,0.89,0.684,0.4515,0.9994276996883408,0.9982707939810721,0.9982371946764574,1.0,0.0,0.0,3.743302345275879,96,ok,ok,ok,7,7,7,not_run
f3,K2,B4,2021.08.17,true,96,173.0,211.5782699584961,211.72267164611816,47,34,184.0,197.75,210.10000000000002,0.9535,0.8085,0.536,0.9999606883302492,0.9998042723987616,0.9990673398262903,0.0,0.0,0.0,3.441864013671875,96,ok,ok,ok,7,7,7,not_run
f3,re,B4,2021.08.04,true,96,26.0,30.851449012756348,30.805618094444274,26,58,184.0,197.75,210.10000000000002,0.0,0.0,0.0,1.305618938249035e-8,1.305618938249035e-8,1.305618938249035e-8,0.0,0.0,0.0,1.8127933740615845,96,ok,ok,ok,7,7,7,not_run
f3,re,B4,2021.08.05,true,96,26.0,31.67591094970703,31.71068248271942,92,27,184.0,197.75,210.10000000000002,0.0,0.0,0.0,1.305618938249035e-8,1.305618938249035e-8,1.305618938249035e-8,0.0,0.0,0.0,1.854753017425537,96,ok,ok,ok,7,7,7,not_run
f3,re,B4,2021.08.06,true,96,27.0,30.91590976715088,31.1277617354393,56,59,184.0,197.75,210.10000000000002,0.0,0.0,0.0,1.305618938249035e-8,1.305618938249035e-8,1.305618938249035e-8,0.0,0.0,0.0,1.7259012460708618,96,ok,ok,ok,7,7,7,not_run
f3,re,B4,2021.08.07,true,96,26.0,35.25051498413086,35.51838254213333,50,5,184.0,197.75,210.10000000000002,0.0,0.0,0.0,1.305618938249035e-8,1.305618938249035e-8,1.305618938249035e-8,0.0,0.0,0.0,1.7374649047851562,96,ok,ok,ok,7,7,7,not_run
f3,re,B4,2021.08.08,true,96,26.0,29.06515884399414,29.0016031498909,87,5,184.0,197.75,210.10000000000002,0.0,0.0,0.0,1.305618938249035e-8,1.305618938249035e-8,1.305618938249035e-8,0.0,0.0,0.0,1.6903423070907593,96,ok,ok,ok,7,7,7,not_run
f3,re,B4,2021.08.09,true,96,215.0,199.07201385498047,198.94133406066894,34,34,184.0,197.75,210.10000000000002,0.706,0.5235,0.34,0.9994890888273016,0.9990621659743463,0.998712665714331,1.0,1.0,1.0,3.7856569290161133,96,ok,ok,ok,7,7,7,not_run
f3,re,B4,2021.08.10,true,96,195.0,197.8184051513672,197.2777938308716,34,34,184.0,197.75,210.10000000000002,0.6955,0.502,0.317,0.9994120493991316,0.9988975987156116,0.9984332794497204,1.0,0.0,0.0,3.3689539432525635,96,ok,ok,ok,7,7,7,not_run
f3,re,B4,2021.08.11,true,96,218.0,197.57107543945312,198.19610733032226,34,34,184.0,197.75,210.10000000000002,0.703,0.4965,0.326,0.9994680153323976,0.9988510921550598,0.9985503943416347,1.0,1.0,1.0,3.6540002822875977,96,ok,ok,ok,7,7,7,not_run
f3,re,B4,2021.08.12,true,96,199.0,198.86995697021484,198.88535761260985,47,34,184.0,197.75,210.10000000000002,0.711,0.521,0.3385,0.9995226312079265,0.999044346206799,0.9986963386885629,1.0,1.0,0.0,3.6446704864501953,96,ok,ok,ok,7,7,7,not_run
f3,re,B4,2021.08.13,true,96,207.0,197.1109161376953,197.09293769454956,34,34,184.0,197.75,210.10000000000002,0.683,0.4895,0.3185,0.9993074849494106,0.9987890443644696,0.998453558897921,1.0,1.0,0.0,3.475872755050659,96,ok,ok,ok,7,7,7,not_run
f3,re,B4,2021.08.14,true,96,108.0,102.1230239868164,102.29069513702393,8,15,184.0,197.75,210.10000000000002,0.001,0.0005,0.0,6.401162611579405e-7,6.401162611579405e-7,6.401162611579405e-7,0.0,0.0,0.0,3.012845993041992,96,ok,ok,ok,7,7,7,not_run
f3,re,B4,2021.08.15,true,96,28.0,27.976428031921387,27.98241823911667,7,19,184.0,197.75,210.10000000000002,0.0,0.0,0.0,1.305618938249035e-8,1.305618938249035e-8,1.305618938249035e-8,0.0,0.0,0.0,1.7481870651245117,96,ok,ok,ok,7,7,7,not_run
f3,re,B4,2021.08.16,true,96,190.0,206.51471710205078,206.26856924438476,37,46,184.0,197.75,210.10000000000002,0.7855,0.6165,0.4525,0.9998436050892774,0.9995413398167705,0.999471725383021,1.0,0.0,0.0,3.7862308025360107,96,ok,ok,ok,7,7,7,not_run
f3,re,B4,2021.08.17,true,96,173.0,197.41461181640625,197.54499626541138,47,34,184.0,197.75,210.10000000000002,0.6875,0.495,0.3305,0.9993468419865795,0.9988380710613263,0.9986050484423944,0.0,0.0,0.0,3.3052749633789062,96,ok,ok,ok,7,7,7,not_run
f3,AWstar,B1,2021.08.04,true,96,26.0,65.28452275187398,71.59312264166847,26,42,184.0,197.75,210.10000000000002,0.1052059561646253,0.21855220717305637,0.07266416267984646,0.0005345544837707087,0.0004257902270594703,1.0153757250789934e-6,0.0,0.0,0.0,,,ok,ok,ok,7,7,7,not_run
f3,AWstar,B1,2021.08.05,true,96,26.0,65.15061127776507,71.42460829090332,92,52,184.0,197.75,210.10000000000002,0.07310297810509107,0.2601915952475417,0.06453023155069365,0.0001233548410158064,0.0001233548410158064,5.737642777785169e-7,0.0,0.0,0.0,,,ok,ok,ok,7,7,7,not_run
f3,AWstar,B1,2021.08.06,true,96,27.0,51.59362153686775,63.28493210482713,56,58,184.0,197.75,210.10000000000002,0.02323862423306243,0.009931689140408848,0.003751919127549061,1.5110603095629228e-6,5.120220435261907e-11,1.2672240946842285e-12,0.0,0.0,0.0,,,ok,ok,ok,7,7,7,not_run
f3,AWstar,B1,2021.08.07,true,96,26.0,28.535929526004573,51.59996861887472,50,59,184.0,197.75,210.10000000000002,0.005500895991292135,0.01237494589347959,0.003741231820845781,7.109751629295107e-9,1.4851753443035163e-10,1.2510773371705826e-12,0.0,0.0,0.0,,,ok,ok,ok,7,7,7,not_run
f3,AWstar,B1,2021.08.08,true,96,26.0,29.130526460167236,51.9727737435687,87,51,184.0,197.75,210.10000000000002,0.008564447018771393,0.0032649265895095207,0.00015403056595861712,3.656303679067119e-8,2.409960848325395e-13,6.725205779754189e-18,0.0,0.0,0.0,,,ok,ok,ok,7,7,7,not_run
f3,AWstar,B1,2021.08.09,true,96,215.0,189.1268547662447,183.46652585168232,34,43,184.0,197.75,210.10000000000002,0.35799425698926607,0.04107039272729756,0.002055873769076572,0.13996484494660594,5.340375800139509e-8,8.500808976990624e-14,1.0,1.0,1.0,,,ok,ok,ok,7,7,7,not_run
f3,AWstar,B1,2021.08.10,true,96,195.0,199.64312269254606,196.8530792345364,34,34,184.0,197.75,210.10000000000002,0.9679805419244469,0.3198035640407517,0.016970073935444648,0.999997379226986,0.005096892970700435,1.159553037695726e-9,1.0,0.0,0.0,,,ok,ok,ok,7,7,7,not_run
f3,AWstar,B1,2021.08.11,true,96,218.0,203.81164818959775,200.17724420904088,34,45,184.0,197.75,210.10000000000002,0.947140249541347,0.7677740421301511,0.008402979652867954,0.9999820988596114,0.9831232345768849,4.7895662958952805e-11,1.0,1.0,1.0,,,ok,ok,ok,7,7,7,not_run
f3,AWstar,B1,2021.08.12,true,96,199.0,204.75093687343534,201.03007387388865,47,55,184.0,197.75,210.10000000000002,0.9538485998857372,0.8764933546143546,0.06320406346438845,0.9999894046699387,0.9995572722889501,5.195034045749554e-7,1.0,1.0,0.0,,,ok,ok,ok,7,7,7,not_run
f3,AWstar,B1,2021.08.13,true,96,207.0,205.80885397992785,195.38428293928624,34,34,184.0,197.75,210.10000000000002,0.9253498235427337,0.2127543445707853,0.008426813724152087,0.9999307131168144,0.0003613635406618053,4.8512323469514474e-11,1.0,1.0,0.0,,,ok,ok,ok,7,7,7,not_run
f3,AWstar,B1,2021.08.14,true,96,108.0,64.891238682099,70.70030632366768,8,8,184.0,197.75,210.10000000000002,0.10977088853067352,0.02238729007615901,0.0005036541179593067,0.0006366043420491457,2.6648783412966743e-9,1.5508763801629233e-16,0.0,0.0,0.0,,,ok,ok,ok,7,7,7,not_run
f3,AWstar,B1,2021.08.15,true,96,28.0,28.731922793869245,51.44531246054011,7,57,184.0,197.75,210.10000000000002,0.008564447018771393,0.003557153443607915,0.00009846231478661021,3.656303679067119e-8,3.63808847050413e-13,6.725205779754189e-18,0.0,0.0,0.0,,,ok,ok,ok,7,7,7,not_run
f3,AWstar,B1,2021.08.16,true,96,190.0,202.01785957084343,199.49431873490616,37,29,184.0,197.75,210.10000000000002,0.9390937620615846,0.7864799990351491,0.4217089092231701,0.9999689162291512,0.9898707893911555,0.02167564601726193,1.0,0.0,0.0,,,ok,ok,ok,7,7,7,not_run
f3,AWstar,B1,2021.08.17,true,96,173.0,202.9044908274865,199.47456085882945,47,34,184.0,197.75,210.10000000000002,0.9472139828591575,0.07235597548367882,0.10730293729003745,0.9999821955035169,9.421785554087854e-7,9.421785554087854e-7,0.0,0.0,0.0,,,ok,ok,ok,7,7,7,not_run
f3,B,B4,2021.08.04,true,96,26.0,30.063751220703125,30.073759890556335,26,72,184.0,197.75,210.10000000000002,0.0,0.0,0.0,6.646410108338576e-6,9.767281443355895e-12,9.767281443355895e-12,0.0,0.0,0.0,1.846293568611145,96,ok,ok,ok,7,7,7,not_run
f3,B,B4,2021.08.05,true,96,26.0,29.919605255126953,29.885879059791566,92,72,184.0,197.75,210.10000000000002,0.0,0.0,0.0,6.646410108338576e-6,9.767281443355895e-12,9.767281443355895e-12,0.0,0.0,0.0,1.8722368478775024,96,ok,ok,ok,7,7,7,not_run
f3,B,B4,2021.08.06,true,96,27.0,29.971715927124023,29.90042452812195,56,72,184.0,197.75,210.10000000000002,0.0,0.0,0.0,6.646410108338576e-6,9.767281443355895e-12,9.767281443355895e-12,0.0,0.0,0.0,1.7295351028442383,96,ok,ok,ok,7,7,7,not_run
f3,B,B4,2021.08.07,true,96,26.0,27.596782684326172,27.84631757068634,50,72,184.0,197.75,210.10000000000002,0.0,0.0,0.0,6.646410108338576e-6,9.767281443355895e-12,9.767281443355895e-12,0.0,0.0,0.0,1.6726089715957642,96,ok,ok,ok,7,7,7,not_run
f3,B,B4,2021.08.08,true,96,26.0,30.264229774475098,30.553974643707274,87,4,184.0,197.75,210.10000000000002,0.0,0.0,0.0,6.646410108338576e-6,9.767281443355895e-12,9.767281443355895e-12,0.0,0.0,0.0,1.8903307914733887,96,ok,ok,ok,7,7,7,not_run
f3,B,B4,2021.08.09,true,96,215.0,204.70338439941406,205.11073919677733,34,34,184.0,197.75,210.10000000000002,0.9995,0.832,0.225,0.9999872436370428,0.9998954444993728,0.9987575899604111,1.0,1.0,1.0,3.9414451122283936,96,ok,ok,ok,7,7,7,not_run
f3,B,B4,2021.08.10,true,96,195.0,204.72875213623047,205.04594371032715,34,34,184.0,197.75,210.10000000000002,0.999,0.8475,0.232,0.9999649037470004,0.9999300602728427,0.9988498449260175,1.0,0.0,0.0,3.343919038772583,96,ok,ok,ok,7,7,7,not_run
f3,B,B4,2021.08.11,true,96,218.0,204.80982971191406,205.1075449066162,34,34,184.0,197.75,210.10000000000002,1.0,0.8545,0.235,0.9999953618434555,0.9999423141852744,0.9988867024669911,1.0,1.0,1.0,3.5863037109375,96,ok,ok,ok,7,7,7,not_run
f3,B,B4,2021.08.12,true,96,199.0,204.38565826416016,204.8681520385742,47,34,184.0,197.75,210.10000000000002,1.0,0.8305,0.236,0.9999953618434555,0.9998914704922874,0.99889865359239,1.0,1.0,0.0,3.5165319442749023,96,ok,ok,ok,7,7,7,not_run
f3,B,B4,2021.08.13,true,96,207.0,204.50204467773438,204.91714288330078,34,34,184.0,197.75,210.10000000000002,0.999,0.8465,0.239,0.9999649037470004,0.9999281519029705,0.9989335428686491,1.0,1.0,0.0,3.4146499633789062,96,ok,ok,ok,7,7,7,not_run
f3,B,B4,2021.08.14,true,96,108.0,176.02391815185547,177.24882943725586,8,34,184.0,197.75,210.10000000000002,0.3275,0.1275,0.0555,0.2952653658896393,0.04204810247681198,0.04204810247681198,0.0,0.0,0.0,4.023732662200928,96,ok,ok,ok,7,7,7,not_run
f3,B,B4,2021.08.15,true,96,28.0,29.34501552581787,29.72960657596588,7,95,184.0,197.75,210.10000000000002,0.0,0.0,0.0,6.646410108338576e-6,9.767281443355895e-12,9.767281443355895e-12,0.0,0.0,0.0,1.794812560081482,96,ok,ok,ok,7,7,7,not_run
f3,B,B4,2021.08.16,true,96,190.0,204.33094024658203,204.925667098999,37,34,184.0,197.75,210.10000000000002,1.0,0.8475,0.221,0.9999953618434555,0.9999300602728427,0.9987005971455728,1.0,0.0,0.0,4.0537896156311035,96,ok,ok,ok,7,7,7,not_run
f3,B,B4,2021.08.17,true,96,173.0,204.44383239746094,204.89488031768798,47,34,184.0,197.75,210.10000000000002,0.9995,0.834,0.239,0.9999872436370428,0.9999005591286677,0.9989335428686491,0.0,0.0,0.0,3.6140296459198,96,ok,ok,ok,7,7,7,not_run
f4,main,B0,2021.08.18,true,96,188.0,218.0,218.0,64,34,185.0,198.0,211.0,1.0,1.0,1.0,0.998223683133518,0.0016277942431723804,0.0016277942431723804,1.0,0.0,0.0,,,ok,ok,ok,7,7,7,not_run
f4,main,B0,2021.08.19,true,96,188.0,199.0,199.0,45,47,185.0,198.0,211.0,1.0,1.0,0.0,0.998223683133518,0.0016277942431723804,0.0016277942431723804,1.0,0.0,0.0,,,ok,ok,ok,7,7,7,not_run
f4,main,B0,2021.08.20,true,96,193.0,207.0,207.0,45,34,185.0,198.0,211.0,1.0,1.0,0.0,0.998223683133518,0.0016277942431723804,0.0016277942431723804,1.0,0.0,0.0,,,ok,ok,ok,7,7,7,not_run
f4,main,B0,2021.08.21,true,96,110.0,108.0,108.0,23,8,185.0,198.0,211.0,0.0,0.0,0.0,0.6663774460344145,0.5002635214760636,0.16699021850734108,0.0,0.0,0.0,,,ok,ok,ok,7,7,7,not_run
f4,main,B0,2021.08.22,true,96,27.0,28.0,28.0,8,7,185.0,198.0,211.0,0.0,0.0,0.0,0.6663774460344145,0.5002635214760636,0.16699021850734108,0.0,0.0,0.0,,,ok,ok,ok,7,7,7,not_run
f4,main,B0,2021.08.23,true,96,196.0,190.0,190.0,63,37,185.0,198.0,211.0,1.0,0.0,0.0,0.998223683133518,0.5002635214760636,0.16699021850734108,1.0,0.0,0.0,,,ok,ok,ok,7,7,7,not_run
f4,main,B0,2021.08.24,true,96,201.0,173.0,173.0,63,47,185.0,198.0,211.0,0.0,0.0,0.0,0.6663774460344145,0.5002635214760636,0.16699021850734108,1.0,1.0,0.0,,,ok,ok,ok,7,7,7,not_run
f4,main,B0,2021.08.25,true,96,189.0,188.0,188.0,43,64,185.0,198.0,211.0,1.0,0.0,0.0,0.998223683133518,0.5002635214760636,0.16699021850734108,1.0,0.0,0.0,,,ok,ok,ok,7,7,7,not_run
f4,main,B0,2021.08.26,true,96,202.0,188.0,188.0,62,45,185.0,198.0,211.0,1.0,0.0,0.0,0.998223683133518,0.5002635214760636,0.16699021850734108,1.0,1.0,0.0,,,ok,ok,ok,7,7,7,not_run
f4,main,B0,2021.08.27,true,96,190.0,193.0,193.0,34,45,185.0,198.0,211.0,1.0,0.0,0.0,0.998223683133518,0.5002635214760636,0.16699021850734108,1.0,0.0,0.0,,,ok,ok,ok,7,7,7,not_run
f4,main,B0,2021.08.28,false,70,119.0,110.0,110.0,9,23,185.0,198.0,211.0,0.0,0.0,0.0,0.6663774460344145,0.5002635214760636,0.16699021850734108,NaN,NaN,NaN,,,ok,ok,ok,7,7,7,not_run
f4,main,B0,2021.08.29,false,50,41.0,27.0,27.0,46,8,185.0,198.0,211.0,0.0,0.0,0.0,0.6663774460344145,0.5002635214760636,0.16699021850734108,NaN,NaN,NaN,,,ok,ok,ok,7,7,7,not_run
f4,main,B0,2021.08.30,true,96,186.0,196.0,196.0,42,63,185.0,198.0,211.0,1.0,0.0,0.0,0.998223683133518,0.5002635214760636,0.16699021850734108,1.0,0.0,0.0,,,ok,ok,ok,7,7,7,not_run
f4,main,B0,2021.08.31,true,96,187.0,201.0,201.0,41,63,185.0,198.0,211.0,1.0,1.0,0.0,0.998223683133518,0.0016277942431723804,0.0016277942431723804,1.0,0.0,0.0,,,ok,ok,ok,7,7,7,not_run
f4,main,B0p,2021.08.18,true,96,188.0,173.0,173.0,64,47,185.0,198.0,211.0,0.0,0.0,0.0,0.00002411986727076594,0.00002411986727076594,0.00002411986727076594,1.0,0.0,0.0,,,ok,ok,ok,7,7,7,not_run
f4,main,B0p,2021.08.19,true,96,188.0,188.0,188.0,45,64,185.0,198.0,211.0,1.0,0.0,0.0,0.9999785624771298,0.3333918990281854,0.20040851796383827,1.0,0.0,0.0,,,ok,ok,ok,7,7,7,not_run
f4,main,B0p,2021.08.20,true,96,193.0,188.0,188.0,45,45,185.0,198.0,211.0,1.0,0.0,0.0,0.9999785624771298,0.3333918990281854,0.20040851796383827,1.0,0.0,0.0,,,ok,ok,ok,7,7,7,not_run
f4,main,B0p,2021.08.21,true,96,110.0,108.0,108.0,23,8,185.0,198.0,211.0,0.0,0.0,0.0,0.00002411986727076594,0.00002411986727076594,0.00002411986727076594,0.0,0.0,0.0,,,ok,ok,ok,7,7,7,not_run
f4,main,B0p,2021.08.22,true,96,27.0,28.0,28.0,8,7,185.0,198.0,211.0,0.0,0.0,0.0,0.00002411986727076594,0.00002411986727076594,0.00002411986727076594,0.0,0.0,0.0,,,ok,ok,ok,7,7,7,not_run
f4,main,B0p,2021.08.23,true,96,196.0,193.0,193.0,63,45,185.0,198.0,211.0,1.0,0.0,0.0,0.9999785624771298,0.3333918990281854,0.20040851796383827,1.0,0.0,0.0,,,ok,ok,ok,7,7,7,not_run
f4,main,B0p,2021.08.24,true,96,201.0,196.0,196.0,63,63,185.0,198.0,211.0,1.0,0.0,0.0,0.9999785624771298,0.3333918990281854,0.20040851796383827,1.0,1.0,0.0,,,ok,ok,ok,7,7,7,not_run
f4,main,B0p,2021.08.25,true,96,189.0,201.0,201.0,43,63,185.0,198.0,211.0,1.0,1.0,0.0,0.9999785624771298,0.5000426648522481,0.20040851796383827,1.0,0.0,0.0,,,ok,ok,ok,7,7,7,not_run
f4,main,B0p,2021.08.26,true,96,202.0,189.0,189.0,62,43,185.0,198.0,211.0,1.0,0.0,0.0,0.9999785624771298,0.3333918990281854,0.20040851796383827,1.0,1.0,0.0,,,ok,ok,ok,7,7,7,not_run
f4,main,B0p,2021.08.27,true,96,190.0,202.0,202.0,34,62,185.0,198.0,211.0,1.0,1.0,0.0,0.9999785624771298,0.5000426648522481,0.20040851796383827,1.0,0.0,0.0,,,ok,ok,ok,7,7,7,not_run
f4,main,B0p,2021.08.28,false,70,119.0,110.0,110.0,9,23,185.0,198.0,211.0,0.0,0.0,0.0,0.00002411986727076594,0.00002411986727076594,0.00002411986727076594,NaN,NaN,NaN,,,ok,ok,ok,7,7,7,not_run
f4,main,B0p,2021.08.29,false,50,41.0,27.0,27.0,46,8,185.0,198.0,211.0,0.0,0.0,0.0,0.00002411986727076594,0.00002411986727076594,0.00002411986727076594,NaN,NaN,NaN,,,ok,ok,ok,7,7,7,not_run
f4,main,B0p,2021.08.30,true,96,186.0,190.0,190.0,42,34,185.0,198.0,211.0,1.0,0.0,0.0,0.9999785624771298,0.3333918990281854,0.20040851796383827,1.0,0.0,0.0,,,ok,ok,ok,7,7,7,not_run
f4,main,B0p,2021.08.31,true,96,187.0,186.0,186.0,41,42,185.0,198.0,211.0,1.0,0.0,0.0,0.9999785624771298,0.3333918990281854,0.20040851796383827,1.0,0.0,0.0,,,ok,ok,ok,7,7,7,not_run
f4,main,BB,2021.08.18,true,96,188.0,189.12361101110568,189.12361101110568,64,34,185.0,198.0,211.0,1.0,0.0,0.0,0.9999785624771298,0.42857201746376494,0.14286081088273403,1.0,0.0,0.0,,,ok,ok,ok,7,7,7,not_run
f4,main,BB,2021.08.19,true,96,188.0,189.12361101110568,189.12361101110568,45,34,185.0,198.0,211.0,1.0,0.0,0.0,0.9999785624771298,0.42857201746376494,0.14286081088273403,1.0,0.0,0.0,,,ok,ok,ok,7,7,7,not_run
f4,main,BB,2021.08.20,true,96,193.0,189.12361101110568,189.12361101110568,45,34,185.0,198.0,211.0,1.0,0.0,0.0,0.9999785624771298,0.42857201746376494,0.14286081088273403,1.0,0.0,0.0,,,ok,ok,ok,7,7,7,not_run
f4,main,BB,2021.08.21,true,96,110.0,103.52416386439752,103.52416386439752,23,8,185.0,198.0,211.0,0.0,0.0,0.0,0.00002411986727076594,0.00002411986727076594,0.00002411986727076594,0.0,0.0,0.0,,,ok,ok,ok,7,7,7,not_run
f4,main,BB,2021.08.22,true,96,27.0,23.32512451403798,23.32512451403798,8,7,185.0,198.0,211.0,0.0,0.0,0.0,0.00002411986727076594,0.00002411986727076594,0.00002411986727076594,0.0,0.0,0.0,,,ok,ok,ok,7,7,7,not_run
f4,main,BB,2021.08.23,true,96,196.0,189.12361101110568,189.12361101110568,63,34,185.0,198.0,211.0,1.0,0.0,0.0,0.9999785624771298,0.42857201746376494,0.14286081088273403,1.0,0.0,0.0,,,ok,ok,ok,7,7,7,not_run
f4,main,BB,2021.08.24,true,96,201.0,189.12361101110568,189.12361101110568,63,34,185.0,198.0,211.0,1.0,0.0,0.0,0.9999785624771298,0.42857201746376494,0.14286081088273403,1.0,1.0,0.0,,,ok,ok,ok,7,7,7,not_run
f4,main,BB,2021.08.25,true,96,189.0,189.12361101110568,189.12361101110568,43,34,185.0,198.0,211.0,1.0,0.0,0.0,0.9999785624771298,0.42857201746376494,0.14286081088273403,1.0,0.0,0.0,,,ok,ok,ok,7,7,7,not_run
f4,main,BB,2021.08.26,true,96,202.0,189.12361101110568,189.12361101110568,62,34,185.0,198.0,211.0,1.0,0.0,0.0,0.9999785624771298,0.42857201746376494,0.14286081088273403,1.0,1.0,0.0,,,ok,ok,ok,7,7,7,not_run
f4,main,BB,2021.08.27,true,96,190.0,189.12361101110568,189.12361101110568,34,34,185.0,198.0,211.0,1.0,0.0,0.0,0.9999785624771298,0.42857201746376494,0.14286081088273403,1.0,0.0,0.0,,,ok,ok,ok,7,7,7,not_run
f4,main,BB,2021.08.28,false,70,119.0,103.52416386439752,103.52416386439752,9,8,185.0,198.0,211.0,0.0,0.0,0.0,0.00002411986727076594,0.00002411986727076594,0.00002411986727076594,NaN,NaN,NaN,,,ok,ok,ok,7,7,7,not_run
f4,main,BB,2021.08.29,false,50,41.0,23.144197499000036,23.144197499000036,46,7,185.0,198.0,211.0,0.0,0.0,0.0,0.00002411986727076594,0.00002411986727076594,0.00002411986727076594,NaN,NaN,NaN,,,ok,ok,ok,7,7,7,not_run
f4,main,BB,2021.08.30,true,96,186.0,189.12361101110568,189.12361101110568,42,34,185.0,198.0,211.0,1.0,0.0,0.0,0.9999785624771298,0.42857201746376494,0.14286081088273403,1.0,0.0,0.0,,,ok,ok,ok,7,7,7,not_run
f4,main,BB,2021.08.31,true,96,187.0,189.12361101110568,189.12361101110568,41,34,185.0,198.0,211.0,1.0,0.0,0.0,0.9999785624771298,0.42857201746376494,0.14286081088273403,1.0,0.0,0.0,,,ok,ok,ok,7,7,7,not_run
f4,main,B1,2021.08.18,true,96,188.0,204.12770715131333,203.1275770568097,64,34,185.0,198.0,211.0,0.9369247917213823,0.9207729874241405,0.8010444359532634,0.9999567799452422,0.5757337659342158,0.14493408217537967,1.0,0.0,0.0,,,ok,ok,ok,7,7,7,not_run
f4,main,B1,2021.08.19,true,96,188.0,204.2936774784117,201.58350580550282,45,34,185.0,198.0,211.0,0.8972903427643775,0.920232502369222,0.7711862698709305,0.9997376046110699,0.5747618552391374,0.14485139641062847,1.0,0.0,0.0,,,ok,ok,ok,7,7,7,not_run
f4,main,B1,2021.08.20,true,96,193.0,200.05003523483836,189.73756901923161,45,34,185.0,198.0,211.0,0.5894974093321187,0.5349244250648603,0.4538777206926,0.8918393981672743,0.2808252974971538,0.14420172696589514,1.0,0.0,0.0,,,ok,ok,ok,7,7,7,not_run
f4,main,B1,2021.08.21,true,96,110.0,108.07990313220596,110.66341762638929,23,7,185.0,198.0,211.0,0.03159738054612294,0.004736785639000508,0.002156881723174378,0.0000214307621580385,0.0000214307621580385,0.0000214307621580385,0.0,0.0,0.0,,,ok,ok,ok,7,7,7,not_run
f4,main,B1,2021.08.22,true,96,27.0,27.998722202415973,32.97322895693833,8,35,185.0,198.0,211.0,0.0016298396528440365,0.0005851782454214428,0.0023637908697508748,8.144706408756488e-10,8.144706408756488e-10,8.144706408756488e-10,0.0,0.0,0.0,,,ok,ok,ok,7,7,7,not_run
f4,main,B1,2021.08.23,true,96,196.0,199.45807968095954,192.43951209561527,63,34,185.0,198.0,211.0,0.819828937898295,0.2544540812355141,0.20711962518338944,0.9975974222217264,0.16872779661573026,0.14366649914467403,1.0,0.0,0.0,,,ok,ok,ok,7,7,7,not_run
f4,main,B1,2021.08.24,true,96,201.0,200.78229161312387,197.23025661803652,63,34,185.0,198.0,211.0,0.8929554857713649,0.06230939524370395,0.20430511766369872,0.999693032726709,0.0775643348553901,0.0775643348553901,1.0,1.0,0.0,,,ok,ok,ok,7,7,7,not_run
f4,main,B1,2021.08.25,true,96,189.0,204.82618470272362,203.5307593219004,43,46,185.0,198.0,211.0,0.9705057955508029,0.9482932203331663,0.11242120745509629,0.999997103225531,0.6343583451217543,0.14333258310995398,1.0,0.0,0.0,,,ok,ok,ok,7,7,7,not_run
f4,main,B1,2021.08.26,true,96,202.0,204.6053428278744,202.72011569223125,62,46,185.0,198.0,211.0,0.8894880966603569,0.9262541814048205,0.6623108593405751,0.9996533721658307,0.5859119793665748,0.14459987296613683,1.0,1.0,0.0,,,ok,ok,ok,7,7,7,not_run
f4,main,B1,2021.08.27,true,96,190.0,205.29651399289665,192.44630952657357,34,46,185.0,198.0,211.0,0.9632112733157401,0.8977285973935059,0.022506302386195363,0.9999937020439242,0.5384576120566593,0.14254865333043018,1.0,0.0,0.0,,,ok,ok,ok,7,7,7,not_run
f4,main,B1,2021.08.28,false,70,119.0,107.22733195440098,108.80734504610633,9,9,185.0,198.0,211.0,0.0044058576077765435,0.0027315026303638044,0.002156881723174378,2.4133213833119975e-8,2.4133213833119975e-8,2.4133213833119975e-8,NaN,NaN,NaN,,,ok,ok,ok,7,7,7,not_run
f4,main,B1,2021.08.29,false,50,41.0,27.704754955471234,32.670485806904544,46,66,185.0,198.0,211.0,0.0019612205925049514,0.0027315026303638044,0.00900305328602883,1.529387099099295e-9,1.529387099099295e-9,1.529387099099295e-9,NaN,NaN,NaN,,,ok,ok,ok,7,7,7,not_run
f4,main,B1,2021.08.30,true,96,186.0,201.73556564451445,197.21340741412948,42,35,185.0,198.0,211.0,0.9099687851164066,0.3124964620679896,0.20420818318398273,0.9998400974240412,0.19148911201939564,0.14365827029450068,1.0,0.0,0.0,,,ok,ok,ok,7,7,7,not_run
f4,main,B1,2021.08.31,true,96,187.0,202.23500605102413,200.30826636663943,41,34,185.0,198.0,211.0,0.9237944771239656,0.17467528341949073,0.18829632427558882,0.9999137852930128,0.1356360435781692,0.1356360435781692,1.0,0.0,0.0,,,ok,ok,ok,7,7,7,not_run
f4,main,B2,2021.08.18,true,96,188.0,208.83152770996094,208.1481605682373,64,34,185.0,198.0,211.0,0.9474628446565179,0.7372389750153217,0.4518272862179846,0.999858066792829,0.9515334918818189,0.3372562091662013,1.0,0.0,0.0,3.9431514739990234,96,ok,ok,ok,7,7,7,not_run
f4,main,B2,2021.08.19,true,96,188.0,209.36923217773438,208.28156024169922,45,34,185.0,198.0,211.0,0.9476150741169022,0.7380017691682031,0.4531692968517531,0.9998592453349737,0.9542649317592127,0.345822549520061,1.0,0.0,0.0,3.9080183506011963,96,ok,ok,ok,7,7,7,not_run
f4,main,B2,2021.08.20,true,96,193.0,208.126953125,207.81533101654054,45,34,185.0,198.0,211.0,0.9480683013056619,0.7404863676563066,0.45766377639756595,0.9998627152550225,0.9622087787747519,0.37518992178687527,1.0,0.0,0.0,3.963205337524414,96,ok,ok,ok,7,7,7,not_run
f4,main,B2,2021.08.21,true,96,110.0,120.95724105834961,122.62726490020752,23,8,185.0,198.0,211.0,1.7694778420285218e-8,1.1744605288299681e-11,5.329070518200751e-15,4.157268053343649e-10,5.504838993192991e-62,5.504838993192991e-62,0.0,0.0,0.0,3.370532274246216,96,ok,ok,ok,7,7,7,not_run
f4,main,B2,2021.08.22,true,96,27.0,31.807479858398438,31.566562164306642,8,35,185.0,198.0,211.0,3.774758283725532e-15,3.774758283725532e-15,3.774758283725532e-15,4.157268053343649e-10,5.504838993192991e-62,5.504838993192991e-62,0.0,0.0,0.0,1.8948341608047485,96,ok,ok,ok,7,7,7,not_run
f4,main,B2,2021.08.23,true,96,196.0,209.61134338378906,208.22975254821776,63,34,185.0,198.0,211.0,0.946224463286774,0.7369780627278042,0.4547985597884666,0.9998482322153549,0.9505653882004542,0.356352119289628,1.0,0.0,0.0,5.6036200523376465,96,ok,ok,ok,7,7,7,not_run
f4,main,B2,2021.08.24,true,96,201.0,208.19750213623047,207.51065335083007,63,34,185.0,198.0,211.0,0.9472374463708167,0.7367709078990556,0.4513854491233734,0.9998563096507512,0.9497841727506359,0.3344577957393769,1.0,1.0,0.0,3.6753480434417725,96,ok,ok,ok,7,7,7,not_run
f4,main,B2,2021.08.25,true,96,189.0,208.82937622070312,208.38839154052735,43,34,185.0,198.0,211.0,0.9474455455812277,0.7371946418590695,0.45177372770881485,0.9998579324479117,0.9513702307445099,0.3369164045918324,1.0,0.0,0.0,3.877351760864258,96,ok,ok,ok,7,7,7,not_run
f4,main,B2,2021.08.26,true,96,202.0,208.83775329589844,208.09482160186766,62,34,185.0,198.0,211.0,0.9474000937207977,0.7370950548039262,0.4516724797422381,0.9998575790613091,0.9510016523233455,0.3362744731406025,1.0,1.0,0.0,3.880143404006958,96,ok,ok,ok,7,7,7,not_run
f4,main,B2,2021.08.27,true,96,190.0,209.65740203857422,208.2507808380127,34,34,185.0,198.0,211.0,0.947532923496656,0.7375921404128387,0.4524497842206947,0.9998586101539877,0.9528162155000998,0.34121742831837293,1.0,0.0,0.0,3.896962881088257,96,ok,ok,ok,7,7,7,not_run
f4,main,B2,2021.08.28,false,70,119.0,120.33340072631836,122.17833923721314,9,7,185.0,198.0,211.0,0.0,0.0,0.0,4.157268053343649e-10,5.504838993192991e-62,5.504838993192991e-62,NaN,NaN,NaN,3.7435171604156494,70,ok,ok,ok,7,7,7,not_run
f4,main,B2,2021.08.29,false,50,41.0,30.951438903808594,30.578777254104615,46,7,185.0,198.0,211.0,0.0,0.0,0.0,4.157268053343649e-10,5.504838993192991e-62,5.504838993192991e-62,NaN,NaN,NaN,2.4710443019866943,50,ok,ok,ok,7,7,7,not_run
f4,main,B2,2021.08.30,true,96,186.0,208.37279510498047,207.75893668365478,42,34,185.0,198.0,211.0,0.9350610787599127,0.7143666905722161,0.43424905807983594,0.9997380333038316,0.7687634566926647,0.23567252654362475,1.0,0.0,0.0,5.79092264175415,96,ok,ok,ok,7,7,7,not_run
f4,main,B2,2021.08.31,true,96,187.0,207.82101440429688,207.60057062530518,41,34,185.0,198.0,211.0,0.94751505311735,0.737493669351311,0.4522713898144515,0.9998584717276103,0.9524617299757507,0.3400800286151155,1.0,0.0,0.0,3.894343137741089,96,ok,ok,ok,7,7,7,not_run
f4,main,B3,2021.08.18,true,96,188.0,205.49553680419922,205.85320698547363,64,34,185.0,198.0,211.0,0.9618167653766495,0.7258781865146485,0.346082897066483,0.9999795160613156,0.8740041039995965,0.2993385643586816,1.0,0.0,0.0,3.890245199203491,96,ok,ok,ok,7,7,7,not_run
f4,main,B3,2021.08.19,true,96,188.0,205.73072052001953,205.8780894470215,45,34,185.0,198.0,211.0,0.9619747313306295,0.7265631347763779,0.3469158206015114,0.9999797663782155,0.8769059702525059,0.3039777454624466,1.0,0.0,0.0,3.8394784927368164,96,ok,ok,ok,7,7,7,not_run
f4,main,B3,2021.08.20,true,96,193.0,205.58824157714844,205.71462732696534,45,34,185.0,198.0,211.0,0.9623039662341886,0.7280330050126659,0.3487434725853401,0.9999802814294243,0.8829541750612958,0.3142787670422018,1.0,0.0,0.0,3.8920555114746094,96,ok,ok,ok,7,7,7,not_run
f4,main,B3,2021.08.21,true,96,110.0,133.59188079833984,130.3183237991333,23,8,185.0,198.0,211.0,8.144121155240214e-9,2.557620781828973e-12,0.0,2.599650619148635e-10,5.567055242094085e-31,5.567055242094085e-31,0.0,0.0,0.0,3.3964531421661377,96,ok,ok,ok,7,7,7,not_run
f4,main,B3,2021.08.22,true,96,27.0,31.003437995910645,30.83611462688446,8,6,185.0,198.0,211.0,0.0,0.0,0.0,2.599650619148635e-10,5.567055242094085e-31,5.567055242094085e-31,0.0,0.0,0.0,1.8788543939590454,96,ok,ok,ok,7,7,7,not_run
f4,main,B3,2021.08.23,true,96,196.0,204.5831298828125,204.94129013824463,63,34,185.0,198.0,211.0,0.9509852683566403,0.6910787933060871,0.3153398866467789,0.9999568633347526,0.6533808581791963,0.15677060150215402,1.0,0.0,0.0,5.772634029388428,96,ok,ok,ok,7,7,7,not_run
f4,main,B3,2021.08.24,true,96,201.0,205.04241180419922,205.36416344451905,63,34,185.0,198.0,211.0,0.9615878387493747,0.7251121825972187,0.34536701024245564,0.9999791495941988,0.8706952014592322,0.29537969609342735,1.0,1.0,0.0,3.635669469833374,96,ok,ok,ok,7,7,7,not_run
f4,main,B3,2021.08.25,true,96,189.0,205.83330535888672,206.06404727172853,43,34,185.0,198.0,211.0,0.9617969288097288,0.7258073316351135,0.3460111545746085,0.9999794844805717,0.8737008614741859,0.2989406331398963,1.0,0.0,0.0,3.819302558898926,96,ok,ok,ok,7,7,7,not_run
f4,main,B3,2021.08.26,true,96,202.0,205.09622192382812,205.3676156539917,62,34,185.0,198.0,211.0,0.9617460744851858,0.7256341164950779,0.34584550841910633,0.9999794033677316,0.8729571177418427,0.29802286240492915,1.0,1.0,0.0,3.824552297592163,96,ok,ok,ok,7,7,7,not_run
f4,main,B3,2021.08.27,true,96,190.0,205.70518493652344,205.95501244354247,34,34,185.0,198.0,211.0,0.9618808686093467,0.7261577289630452,0.34642434184236315,0.9999796178918784,0.8751948796524857,0.3012360580116677,1.0,0.0,0.0,3.8504486083984375,96,ok,ok,ok,7,7,7,not_run
f4,main,B3,2021.08.28,false,70,119.0,133.6030044555664,129.49405662155152,9,7,185.0,198.0,211.0,0.0,0.0,0.0,2.599650619148635e-10,5.567055242094085e-31,5.567055242094085e-31,NaN,NaN,NaN,3.741062641143799,70,ok,ok,ok,7,7,7,not_run
f4,main,B3,2021.08.29,false,50,41.0,29.54403018951416,29.54373515987396,46,20,185.0,198.0,211.0,0.0,0.0,0.0,2.599650619148635e-10,5.567055242094085e-31,5.567055242094085e-31,NaN,NaN,NaN,2.5975911617279053,50,ok,ok,ok,7,7,7,not_run
f4,main,B3,2021.08.30,true,96,186.0,203.58092498779297,204.0576000061035,42,34,185.0,198.0,211.0,0.9408886929289021,0.6579428935632086,0.28517071495040824,0.9999241203742238,0.3698457229210249,0.07291908927117734,1.0,0.0,0.0,6.015225887298584,96,ok,ok,ok,7,7,7,not_run
f4,main,B3,2021.08.31,true,96,187.0,204.7174301147461,205.28065063476564,41,34,185.0,198.0,211.0,0.961856887991016,0.7260490485283497,0.34628771166613126,0.9999795798378741,0.8747329910734853,0.300476054464907,1.0,0.0,0.0,3.8406875133514404,96,ok,ok,ok,7,7,7,not_run
f4,main,B4,2021.08.18,true,96,188.0,206.91695404052734,209.69173419952392,64,34,185.0,198.0,211.0,0.9775,0.768,0.403,0.9999909131604477,0.9878910757563263,0.5277443302705478,1.0,0.0,0.0,3.7596912384033203,96,ok,ok,ok,7,7,7,not_run
f4,main,B4,2021.08.19,true,96,188.0,206.9343490600586,209.58602713012695,45,34,185.0,198.0,211.0,0.983,0.7575,0.398,0.999995829979573,0.9641912049452349,0.423594873591938,1.0,0.0,0.0,3.7507717609405518,96,ok,ok,ok,7,7,7,not_run
f4,main,B4,2021.08.20,true,96,193.0,206.90265655517578,209.98476642608642,45,34,185.0,198.0,211.0,0.9885,0.7545,0.3945,0.9999985839266372,0.9517736252259782,0.3537768879764163,1.0,0.0,0.0,3.8665997982025146,96,ok,ok,ok,7,7,7,not_run
f4,main,B4,2021.08.21,true,96,110.0,125.4040298461914,128.2823665008545,23,8,185.0,198.0,211.0,0.0015,0.0,0.0,7.726399592783628e-8,1.4930285683572641e-77,1.4930285683572641e-77,0.0,0.0,0.0,3.1739184856414795,96,ok,ok,ok,7,7,7,not_run
f4,main,B4,2021.08.22,true,96,27.0,30.740930557250977,31.0304610080719,8,26,185.0,198.0,211.0,0.0,0.0,0.0,5.842281102034498e-10,1.4930285683572641e-77,1.4930285683572641e-77,0.0,0.0,0.0,1.746118187904358,96,ok,ok,ok,7,7,7,not_run
f4,main,B4,2021.08.23,true,96,196.0,206.3231430053711,209.3039066696167,63,34,185.0,198.0,211.0,0.975,0.7595,0.382,0.9999878073446687,0.970735132931745,0.15952506421660897,1.0,0.0,0.0,3.7827184200286865,96,ok,ok,ok,7,7,7,not_run
f4,main,B4,2021.08.24,true,96,201.0,206.3425064086914,209.33197409820556,63,34,185.0,198.0,211.0,0.978,0.746,0.383,0.9999914646884941,0.8924288106853007,0.17128382751961727,1.0,1.0,0.0,3.6144354343414307,96,ok,ok,ok,7,7,7,not_run
f4,main,B4,2021.08.25,true,96,189.0,206.85857391357422,210.13446307373047,43,34,185.0,198.0,211.0,0.987,0.777,0.407,0.9999980141850118,0.9954132772816454,0.6094907398508317,1.0,0.0,0.0,3.7438924312591553,96,ok,ok,ok,7,7,7,not_run
f4,main,B4,2021.08.26,true,96,202.0,205.99613189697266,208.86632524108887,62,34,185.0,198.0,211.0,0.983,0.7425,0.3705,0.999995829979573,0.8537763452707643,0.06610998738992092,1.0,1.0,0.0,3.705326795578003,96,ok,ok,ok,7,7,7,not_run
f4,main,B4,2021.08.27,true,96,190.0,207.48939514160156,210.20137450408936,34,34,185.0,198.0,211.0,0.9845,0.7745,0.4095,0.9999967711835669,0.9939730403100981,0.6577868337604827,1.0,0.0,0.0,3.6457576751708984,96,ok,ok,ok,7,7,7,not_run
f4,main,B4,2021.08.28,false,70,119.0,124.71986389160156,127.47320168304444,9,8,185.0,198.0,211.0,0.0015,0.0,0.0,7.726399592783628e-8,1.4930285683572641e-77,1.4930285683572641e-77,NaN,NaN,NaN,3.4746885299682617,70,ok,ok,ok,7,7,7,not_run
f4,main,B4,2021.08.29,false,50,41.0,29.183147430419922,29.558518102645873,46,0,185.0,198.0,211.0,0.0,0.0,0.0,5.842281102034498e-10,1.4930285683572641e-77,1.4930285683572641e-77,NaN,NaN,NaN,2.0224056243896484,50,ok,ok,ok,7,7,7,not_run
f4,main,B4,2021.08.30,true,96,186.0,205.37071990966797,208.30733526611328,42,34,185.0,198.0,211.0,0.9785,0.7385,0.3605,0.9999919940125668,0.7968765794648346,0.028862538783159124,1.0,0.0,0.0,3.703023672103882,96,ok,ok,ok,7,7,7,not_run
f4,main,B4,2021.08.31,true,96,187.0,206.34355926513672,209.2349019012451,41,34,185.0,198.0,211.0,0.9765,0.754,0.3825,0.9999897417654957,0.94935257829496,0.16532208636261653,1.0,0.0,0.0,3.807964324951172,96,ok,ok,ok,7,7,7,not_run
f4,copies,B1,2021.08.18,true,96,188.0,196.2468968272682,190.1271729059875,64,34,182.0,193.5,206.0,0.9257934455075313,0.35348516537638947,0.046146984035626164,0.999834508196659,0.426945557335592,0.23685587794488042,1.0,0.0,0.0,,,ok,ok,ok,7,7,7,not_run
f4,copies,B1,2021.08.19,true,96,188.0,194.71414187751773,192.498695623189,45,34,182.0,193.5,206.0,0.8722239465532412,0.32726973283190997,0.04367613291924184,0.997708383584485,0.4150300206012122,0.23584643004606606,1.0,0.0,0.0,,,ok,ok,ok,7,7,7,not_run
f4,copies,B1,2021.08.20,true,96,193.0,193.90987381157717,187.07777915079868,45,33,182.0,193.5,206.0,0.888038561221012,0.8656301643387304,0.009588383264737316,0.9988079179077127,0.6765600254139663,0.20979368361447825,1.0,0.0,0.0,,,ok,ok,ok,7,7,7,not_run
f4,copies,B1,2021.08.21,true,96,110.0,106.19499754380467,112.74608223950226,23,8,182.0,193.5,206.0,0.0012346938818362167,0.002141031153222816,0.000014372285407168653,2.0756945862248994e-14,2.0756945862248994e-14,2.0756945862248994e-14,0.0,0.0,0.0,,,ok,ok,ok,7,7,7,not_run
f4,copies,B1,2021.08.22,true,96,27.0,26.666416093021816,33.96977242299544,8,47,182.0,193.5,206.0,0.00048018592589420923,0.001438265335666461,0.000028619408976849977,3.36355149177248e-16,3.36355149177248e-16,3.36355149177248e-16,0.0,0.0,0.0,,,ok,ok,ok,7,7,7,not_run
f4,copies,B1,2021.08.23,true,96,196.0,197.70569272953838,196.33213658157322,63,34,182.0,193.5,206.0,0.7356665038567962,0.9295859932745802,0.11950116943050079,0.8968693318051761,0.7385200447306777,0.25542852966902124,1.0,1.0,0.0,,,ok,ok,ok,7,7,7,not_run
f4,copies,B1,2021.08.24,true,96,201.0,201.11605611110886,200.92920120377931,63,46,182.0,193.5,206.0,0.9780895890316611,0.9826018285788441,0.07695804629964736,0.9999993632238635,0.8384320949302373,0.24653779172544854,1.0,1.0,0.0,,,ok,ok,ok,7,7,7,not_run
f4,copies,B1,2021.08.25,true,96,189.0,202.95506439058084,203.556478426166,43,46,182.0,193.5,206.0,0.9993854790836915,0.7813835254012045,0.06360430671701216,0.9999999999999015,0.6204480795111565,0.24286105718034895,1.0,0.0,0.0,,,ok,ok,ok,7,7,7,not_run
f4,copies,B1,2021.08.26,true,96,202.0,189.65076090109903,191.79234622927643,62,46,182.0,193.5,206.0,0.9176863192164231,0.891328661670875,0.0162596380495238,0.9997297309003275,0.6982735940422897,0.21853098567967538,1.0,1.0,0.0,,,ok,ok,ok,7,7,7,not_run
f4,copies,B1,2021.08.27,true,96,190.0,198.94372771955813,196.77830824099775,34,55,182.0,193.5,206.0,0.9939639526569334,0.5730886646993194,0.09424483741298045,0.999999997855109,0.5203885804951105,0.25055421958240903,1.0,0.0,0.0,,,ok,ok,ok,7,7,7,not_run
f4,copies,B1,2021.08.28,false,70,119.0,106.56701678722972,110.41483575470944,9,9,182.0,193.5,206.0,0.0006470969308008344,0.00011440673369880263,0.000014442588797250858,1.2365478396985304e-15,1.2365478396985304e-15,1.2365478396985304e-15,NaN,NaN,NaN,,,ok,ok,ok,7,7,7,not_run
f4,copies,B1,2021.08.29,false,50,41.0,27.460140985607275,46.07357762261228,46,52,182.0,193.5,206.0,0.0034501065397934687,0.0006528763783879124,0.00007618541145438925,1.852945104431287e-12,1.852945104431287e-12,1.852945104431287e-12,NaN,NaN,NaN,,,ok,ok,ok,7,7,7,not_run
f4,copies,B1,2021.08.30,true,96,186.0,198.88745335428658,196.98349333064675,42,34,182.0,193.5,206.0,0.9374605937450442,0.5991951933624702,0.16094535290738898,0.9999256857650627,0.5316209640929632,0.26186747786946246,1.0,0.0,0.0,,,ok,ok,ok,7,7,7,not_run
f4,copies,B1,2021.08.31,true,96,187.0,192.5893221380643,193.82154720684088,41,34,182.0,193.5,206.0,0.9610354102949682,0.5946076594587111,0.3653626926743419,0.999991531548675,0.5296335259694254,0.2830057466330179,1.0,0.0,0.0,,,ok,ok,ok,7,7,7,not_run
f4,copies,B4,2021.08.18,true,96,188.0,209.55371856689453,209.72035110473632,64,34,182.0,193.5,206.0,0.9775,0.8705,0.5955,0.9999061885785133,0.7972169832917249,0.40619190398167204,1.0,0.0,0.0,3.7859392166137695,96,ok,ok,ok,7,7,7,not_run
f4,copies,B4,2021.08.19,true,96,188.0,209.52972412109375,209.6636769256592,45,34,182.0,193.5,206.0,0.977,0.8675,0.5955,0.9999012313079026,0.7948956862435683,0.40619190398167204,1.0,0.0,0.0,3.761582136154175,96,ok,ok,ok,7,7,7,not_run
f4,copies,B4,2021.08.20,true,96,193.0,208.81002044677734,208.938249710083,45,34,182.0,193.5,206.0,0.973,0.8655,0.5835,0.9998560762883664,0.7933621086581075,0.3977627559970217,1.0,0.0,0.0,3.8747310638427734,96,ok,ok,ok,7,7,7,not_run
f4,copies,B4,2021.08.21,true,96,110.0,132.4967041015625,131.53244994354247,23,7,182.0,193.5,206.0,0.0015,0.0,0.0,6.492849978833515e-7,6.492849978833515e-7,6.492849978833515e-7,0.0,0.0,0.0,3.3891735076904297,96,ok,ok,ok,7,7,7,not_run
f4,copies,B4,2021.08.22,true,96,27.0,36.0490837097168,36.15538931369782,8,35,182.0,193.5,206.0,0.0,0.0,0.0,1.0699785547320545e-8,1.0699785547320545e-8,1.0699785547320545e-8,0.0,0.0,0.0,2.055298089981079,96,ok,ok,ok,7,7,7,not_run
f4,copies,B4,2021.08.23,true,96,196.0,209.33470153808594,209.01864743041992,63,34,182.0,193.5,206.0,0.9745,0.857,0.5855,0.9998741749534183,0.7869620936080398,0.39915845719418924,1.0,1.0,0.0,3.919036626815796,96,ok,ok,ok,7,7,7,not_run
f4,copies,B4,2021.08.24,true,96,201.0,208.62291717529297,209.27200492858887,63,34,182.0,193.5,206.0,0.9745,0.862,0.5685,0.9998741749534183,0.7907042578705221,0.38740639332458837,1.0,1.0,0.0,3.6850948333740234,96,ok,ok,ok,7,7,7,not_run
f4,copies,B4,2021.08.25,true,96,189.0,209.22142791748047,209.9488000869751,43,34,182.0,193.5,206.0,0.9795,0.8715,0.5905,0.9999245503456755,0.7979964763193186,0.40266359470065455,1.0,0.0,0.0,3.7936670780181885,96,ok,ok,ok,7,7,7,not_run
f4,copies,B4,2021.08.26,true,96,202.0,208.6353530883789,209.1982788772583,62,34,182.0,193.5,206.0,0.9725,0.857,0.572,0.9998497245423557,0.7869620936080398,0.3898057049933156,1.0,1.0,0.0,3.7447893619537354,96,ok,ok,ok,7,7,7,not_run
f4,copies,B4,2021.08.27,true,96,190.0,209.83788299560547,209.98802584075926,34,34,182.0,193.5,206.0,0.981,0.885,0.617,0.9999368204371925,0.8088228373067563,0.4216426773936129,1.0,0.0,0.0,3.684267044067383,96,ok,ok,ok,7,7,7,not_run
f4,copies,B4,2021.08.28,false,70,119.0,130.64664459228516,130.041958820343,9,7,182.0,193.5,206.0,0.0005,0.0,0.0,5.235093531721188e-8,5.235093531721188e-8,5.235093531721188e-8,NaN,NaN,NaN,3.497354745864868,70,ok,ok,ok,7,7,7,not_run
f4,copies,B4,2021.08.29,false,50,41.0,35.254024505615234,35.40528361606598,46,0,182.0,193.5,206.0,0.0,0.0,0.0,1.0699785547320545e-8,1.0699785547320545e-8,1.0699785547320545e-8,NaN,NaN,NaN,2.365144968032837,50,ok,ok,ok,7,7,7,not_run
f4,copies,B4,2021.08.30,true,96,186.0,208.86293029785156,209.23756179046632,42,34,182.0,193.5,206.0,0.9715,0.8545,0.583,0.9998365348041722,0.7851141093820134,0.39741439062753964,1.0,0.0,0.0,3.8199150562286377,96,ok,ok,ok,7,7,7,not_run
f4,copies,B4,2021.08.31,true,96,187.0,208.35726928710938,208.87982540893555,41,34,182.0,193.5,206.0,0.9785,0.869,0.567,0.9999156601312298,0.7960531478834219,0.38638122549301607,1.0,0.0,0.0,3.7816784381866455,96,ok,ok,ok,7,7,7,not_run
f4,suspect,B1,2021.08.18,true,96,188.0,200.77638950992224,198.7087564614558,64,34,186.0,198.5,211.0,0.906202156482908,0.9090210596758455,0.3420405904328311,0.9996813709104303,0.7501286570074546,0.25519625495758647,1.0,0.0,0.0,,,ok,ok,ok,7,7,7,not_run
f4,suspect,B1,2021.08.19,true,96,188.0,199.41081690887532,200.51422969147575,45,34,186.0,198.5,211.0,0.9449614456485631,0.9718192437743665,0.6795921417801141,0.9999599474225652,0.8529715858817927,0.34264285249285553,1.0,0.0,0.0,,,ok,ok,ok,7,7,7,not_run
f4,suspect,B1,2021.08.20,true,96,193.0,199.4195825611528,189.69221470126814,45,46,186.0,198.5,211.0,0.9021194963136457,0.15699173388151147,0.31362542584356284,0.9996223589311362,0.2652904870637815,0.247948942472552,1.0,0.0,0.0,,,ok,ok,ok,7,7,7,not_run
f4,suspect,B1,2021.08.21,true,96,110.0,108.0082723614801,110.87700233071529,23,9,186.0,198.5,211.0,0.03568942742782828,0.003917221446516939,0.0014561744516121235,6.011379225100241e-6,6.011379225100241e-6,6.011379225100241e-6,0.0,0.0,0.0,,,ok,ok,ok,7,7,7,not_run
f4,suspect,B1,2021.08.22,true,96,27.0,27.99673640778835,34.265330142955186,8,51,186.0,198.5,211.0,0.008275993108577273,0.0007396236955256388,0.0010766804161345977,2.789273226551271e-8,2.789273226551271e-8,2.789273226551271e-8,0.0,0.0,0.0,,,ok,ok,ok,7,7,7,not_run
f4,suspect,B1,2021.08.23,true,96,196.0,198.13825656175166,193.6917340729685,63,34,186.0,198.5,211.0,0.9071941301300593,0.35481637756902706,0.2627738635083999,0.9996945632992283,0.3910789429828986,0.23438922171696144,1.0,0.0,0.0,,,ok,ok,ok,7,7,7,not_run
f4,suspect,B1,2021.08.24,true,96,201.0,201.30489299145086,195.85270868351665,63,34,186.0,198.5,211.0,0.9088339593632855,0.01696286463857571,0.029030828143717907,0.9997154407293749,0.09247855632495446,0.09247855632495446,1.0,1.0,0.0,,,ok,ok,ok,7,7,7,not_run
f4,suspect,B1,2021.08.25,true,96,189.0,205.11949605853783,202.6219989740654,43,46,186.0,198.5,211.0,0.9801268302658827,0.8939298511633562,0.3884043182985776,0.9999991096219336,0.7327807777168193,0.2667144957147663,1.0,0.0,0.0,,,ok,ok,ok,7,7,7,not_run
f4,suspect,B1,2021.08.26,true,96,202.0,199.31903402937235,199.47870575810978,62,46,186.0,198.5,211.0,0.9177293060853259,0.8883495899534087,0.15479366297319047,0.9998102783944008,0.7267469467716632,0.20062782726900616,1.0,1.0,0.0,,,ok,ok,ok,7,7,7,not_run
f4,suspect,B1,2021.08.27,true,96,190.0,202.98736659021282,190.7453924662411,34,55,186.0,198.5,211.0,0.9804117863602765,0.7893052517802219,0.019772993831679745,0.9999991557064232,0.6405135346454628,0.11500719723154736,1.0,0.0,0.0,,,ok,ok,ok,7,7,7,not_run
f4,suspect,B1,2021.08.28,false,70,119.0,107.28774783922799,109.58296265382107,9,11,186.0,198.5,211.0,0.010729297165021332,0.0037390503236552058,0.0014590942163962444,7.179418841370073e-8,7.179418841370073e-8,7.179418841370073e-8,NaN,NaN,NaN,,,ok,ok,ok,7,7,7,not_run
f4,suspect,B1,2021.08.29,false,50,41.0,28.000461541618883,34.20521446244106,46,37,186.0,198.5,211.0,0.008275993108577273,0.0037390503236552058,0.006217972037160345,2.789273226551271e-8,2.789273226551271e-8,2.789273226551271e-8,NaN,NaN,NaN,,,ok,ok,ok,7,7,7,not_run
f4,suspect,B1,2021.08.30,true,96,186.0,200.0395040813145,197.33645450577993,42,35,186.0,198.5,211.0,0.9584443633587381,0.24456901842930429,0.27222138539098906,0.999986188752562,0.32638910424062617,0.23698093810178017,0.0,0.0,0.0,,,ok,ok,ok,7,7,7,not_run
f4,suspect,B1,2021.08.31,true,96,187.0,201.40666462890337,197.46610448601157,41,34,186.0,198.5,211.0,0.9299210191699124,0.11314907729906618,0.06286483731910124,0.99989855956667,0.22797627933139333,0.1568243235349171,1.0,0.0,0.0,,,ok,ok,ok,7,7,7,not_run
f4,suspect,B4,2021.08.18,true,96,188.0,207.4499053955078,209.65330854034423,64,34,186.0,198.5,211.0,0.962,0.723,0.4085,0.9999921399303464,0.8365962703587349,0.22849281414517356,1.0,0.0,0.0,3.747880220413208,96,ok,ok,ok,7,7,7,not_run
f4,suspect,B4,2021.08.19,true,96,188.0,207.59197998046875,209.6403409576416,45,34,186.0,198.5,211.0,0.966,0.7285,0.422,0.999994448364054,0.8605721046458006,0.26652555058891925,1.0,0.0,0.0,3.731477737426758,96,ok,ok,ok,7,7,7,not_run
f4,suspect,B4,2021.08.20,true,96,193.0,207.49239349365234,209.9647947921753,45,34,186.0,198.5,211.0,0.968,0.73,0.4145,0.9999954041377128,0.8666249610779377,0.24495453918861265,1.0,0.0,0.0,3.8634204864501953,96,ok,ok,ok,7,7,7,not_run
f4,suspect,B4,2021.08.21,true,96,110.0,123.91645431518555,127.0949059638977,23,8,186.0,198.5,211.0,0.001,0.0,0.0,6.845424809268781e-9,3.348464783708116e-27,3.348464783708116e-27,0.0,0.0,0.0,3.1785495281219482,96,ok,ok,ok,7,7,7,not_run
f4,suspect,B4,2021.08.22,true,96,27.0,31.091551780700684,31.420131085395813,8,22,186.0,198.5,211.0,0.0,0.0,0.0,1.047111502088747e-10,3.348464783708116e-27,3.348464783708116e-27,0.0,0.0,0.0,1.7311309576034546,96,ok,ok,ok,7,7,7,not_run
f4,suspect,B4,2021.08.23,true,96,196.0,206.41646575927734,209.24326470947267,63,34,186.0,198.5,211.0,0.9635,0.71,0.405,0.9999930709154976,0.7685478046214983,0.21922412218387438,1.0,0.0,0.0,3.7948858737945557,96,ok,ok,ok,7,7,7,not_run
f4,suspect,B4,2021.08.24,true,96,201.0,207.28555297851562,209.55828423309327,63,34,186.0,198.5,211.0,0.957,0.7085,0.406,0.999988411293396,0.7596795647329948,0.22184699228899057,1.0,1.0,0.0,3.628377914428711,96,ok,ok,ok,7,7,7,not_run
f4,suspect,B4,2021.08.25,true,96,189.0,208.4530258178711,210.3569147567749,43,34,186.0,198.5,211.0,0.9615,0.735,0.432,0.9999918112833831,0.8853462196935264,0.2969258231237014,1.0,0.0,0.0,3.751721143722534,96,ok,ok,ok,7,7,7,not_run
f4,suspect,B4,2021.08.26,true,96,202.0,206.89037322998047,209.29462895965577,62,34,186.0,198.5,211.0,0.964,0.712,0.408,0.9999933634277818,0.78005246741346,0.22715354536488783,1.0,1.0,0.0,3.714395761489868,96,ok,ok,ok,7,7,7,not_run
f4,suspect,B4,2021.08.27,true,96,190.0,207.31503295898438,210.29399306488037,34,34,186.0,198.5,211.0,0.9655,0.729,0.4365,0.9999941896023657,0.8626125314598498,0.3111807666227695,1.0,0.0,0.0,3.654420852661133,96,ok,ok,ok,7,7,7,not_run
f4,suspect,B4,2021.08.28,false,70,119.0,123.5953598022461,126.41140060043335,9,8,186.0,198.5,211.0,0.001,0.0,0.0,6.845424809268781e-9,3.348464783708116e-27,3.348464783708116e-27,NaN,NaN,NaN,3.517676591873169,70,ok,ok,ok,7,7,7,not_run
f4,suspect,B4,2021.08.29,false,50,41.0,29.447261810302734,29.802356959342955,46,0,186.0,198.5,211.0,0.0,0.0,0.0,1.047111502088747e-10,3.348464783708116e-27,3.348464783708116e-27,NaN,NaN,NaN,2.0235726833343506,50,ok,ok,ok,7,7,7,not_run
f4,suspect,B4,2021.08.30,true,96,186.0,205.54718017578125,208.363866607666,42,34,186.0,198.5,211.0,0.965,0.685,0.37,0.9999939226235116,0.5982706800065034,0.14028791566132376,0.0,0.0,0.0,3.7015440464019775,96,ok,ok,ok,7,7,7,not_run
f4,suspect,B4,2021.08.31,true,96,187.0,206.487548828125,209.1448010406494,41,34,186.0,198.5,211.0,0.962,0.714,0.3985,0.9999921399303464,0.7911857637923849,0.20267278588178234,1.0,0.0,0.0,3.809067487716675,96,ok,ok,ok,7,7,7,not_run
f4,protoA,B1,2021.08.18,true,96,188.0,199.3157129706868,186.7814503647598,64,35,185.0,198.0,211.0,0.7953806641001997,0.4881396410270175,0.05804028346893767,0.9999975915756318,0.5845988132332192,0.0011165001476003615,1.0,0.0,0.0,,,ok,ok,ok,7,7,7,not_run
f4,protoA,B1,2021.08.19,true,96,188.0,196.28995620828206,194.17793507154522,45,34,185.0,198.0,211.0,0.6405423053206626,0.6810400665192116,0.053830655356807235,0.9998836799236335,0.6438531235429875,0.0013108949960046815,1.0,0.0,0.0,,,ok,ok,ok,7,7,7,not_run
f4,protoA,B1,2021.08.20,true,96,193.0,185.9719520162485,187.0580530212327,45,46,185.0,198.0,211.0,0.08865132535938884,0.16894415517064554,0.03773533839101158,0.004507037237401844,0.004507037237401844,0.002770620223974626,1.0,0.0,0.0,,,ok,ok,ok,7,7,7,not_run
f4,protoA,B1,2021.08.21,true,96,110.0,96.86383290339396,102.14367407112759,23,25,185.0,198.0,211.0,0.0748766680231758,0.02258316766857466,0.01635342947284956,0.0018116582209238875,0.0018116582209238875,0.0018116582209238875,0.0,0.0,0.0,,,ok,ok,ok,7,7,7,not_run
f4,protoA,B1,2021.08.22,true,96,27.0,28.03081440851804,51.90879454403453,8,35,185.0,198.0,211.0,0.012540638175313498,0.007565244705475512,0.000716970783157186,1.8200986836327062e-7,1.8200986836327062e-7,1.8200986836327062e-7,0.0,0.0,0.0,,,ok,ok,ok,7,7,7,not_run
f4,protoA,B1,2021.08.23,true,96,196.0,164.4923376768634,134.3114658899922,63,35,185.0,198.0,211.0,0.5364756635604486,0.10764435119578751,0.04199324046244627,0.9990068025569927,0.4253695929815993,0.0022150193131515892,1.0,0.0,0.0,,,ok,ok,ok,7,7,7,not_run
f4,protoA,B1,2021.08.24,true,96,201.0,193.5025539304018,189.0584997062697,63,38,185.0,198.0,211.0,0.9040067395425717,0.02900454454757345,0.004680370448563845,0.9999999704067402,0.32421010855546706,0.16630741804283763,1.0,1.0,0.0,,,ok,ok,ok,7,7,7,not_run
f4,protoA,B1,2021.08.25,true,96,189.0,204.4570412539405,202.98649829755084,43,63,185.0,198.0,211.0,0.9870268165086091,0.7810023633313297,0.058208640184244084,0.9999999999990873,0.6795092640450905,0.0011096105615399604,1.0,0.0,0.0,,,ok,ok,ok,7,7,7,not_run
f4,protoA,B1,2021.08.26,true,96,202.0,198.31771107877495,197.13325121646588,62,46,185.0,198.0,211.0,0.5886089812176843,0.6664534667191553,0.09223504164444836,0.9996536836514939,0.6391104407970787,0.0004078022181788498,1.0,1.0,0.0,,,ok,ok,ok,7,7,7,not_run
f4,protoA,B1,2021.08.27,true,96,190.0,202.6662657027842,200.70227749054413,34,46,185.0,198.0,211.0,0.9668880811124326,0.46398372506907776,0.016092481203805714,0.9999999998933603,0.5772715451513605,0.015925422048054402,1.0,0.0,0.0,,,ok,ok,ok,7,7,7,not_run
f4,protoA,B1,2021.08.28,false,70,119.0,92.48123449986882,95.80264872108195,9,9,185.0,198.0,211.0,0.01353187137603219,0.009509260002345825,0.004270854635041748,2.669999674643079e-7,2.669999674643079e-7,2.669999674643079e-7,NaN,NaN,NaN,,,ok,ok,ok,7,7,7,not_run
f4,protoA,B1,2021.08.29,false,50,41.0,34.40396843681845,57.620921814892405,46,7,185.0,198.0,211.0,0.008431695921997013,0.026510798632273815,0.01770336417200707,2.4775818212679803e-8,2.4775818212679803e-8,2.4775818212679803e-8,NaN,NaN,NaN,,,ok,ok,ok,7,7,7,not_run
f4,protoA,B1,2021.08.30,true,96,186.0,183.51797925973986,143.8351454054024,42,85,185.0,198.0,211.0,0.7446887182077774,0.0583527651148992,0.052696000496968654,0.999989958771138,0.3757234273102339,0.001371618941257551,1.0,0.0,0.0,,,ok,ok,ok,7,7,7,not_run
f4,protoA,B1,2021.08.31,true,96,187.0,193.68043015434603,187.7283306592427,41,34,185.0,198.0,211.0,0.7338078651070273,0.026068649313638288,0.003454113347332753,0.9999867054507408,0.3167844493864323,0.26946194069694807,1.0,0.0,0.0,,,ok,ok,ok,7,7,7,not_run
f4,protoA,B4,2021.08.18,true,96,188.0,194.92777252197266,195.4655171890259,64,34,185.0,198.0,211.0,0.7195,0.421,0.1905,0.999682597995919,0.7078387767121832,0.240110715210673,1.0,0.0,0.0,3.804716110229492,96,ok,ok,ok,7,7,7,not_run
f4,protoA,B4,2021.08.19,true,96,188.0,194.95560455322266,195.5400142288208,45,34,185.0,198.0,211.0,0.7225,0.4365,0.1905,0.9996920226751919,0.7229715743654531,0.240110715210673,1.0,0.0,0.0,3.784832715988159,96,ok,ok,ok,7,7,7,not_run
f4,protoA,B4,2021.08.20,true,96,193.0,195.50155639648438,196.25633246612549,45,34,185.0,198.0,211.0,0.7405,0.4405,0.204,0.9997441131063687,0.7267770580918197,0.2504356594090302,1.0,0.0,0.0,3.9390316009521484,96,ok,ok,ok,7,7,7,not_run
f4,protoA,B4,2021.08.21,true,96,110.0,111.72940826416016,110.60823216819763,23,7,185.0,198.0,211.0,0.0,0.0,0.0,0.00002447534976061339,0.00002447534976061339,0.00002447534976061339,0.0,0.0,0.0,3.1406803131103516,96,ok,ok,ok,7,7,7,not_run
f4,protoA,B4,2021.08.22,true,96,27.0,68.07852172851562,67.99515195274353,8,95,185.0,198.0,211.0,0.0,0.0,0.0,0.00002447534976061339,0.00002447534976061339,0.00002447534976061339,0.0,0.0,0.0,2.8924102783203125,96,ok,ok,ok,7,7,7,not_run
f4,protoA,B4,2021.08.23,true,96,196.0,193.13804626464844,193.40074353790283,63,34,185.0,198.0,211.0,0.654,0.406,0.197,0.9994117333046174,0.6925900100128074,0.24511194003432366,1.0,0.0,0.0,3.7563202381134033,96,ok,ok,ok,7,7,7,not_run
f4,protoA,B4,2021.08.24,true,96,201.0,194.02379608154297,194.49310453796386,63,34,185.0,198.0,211.0,0.697,0.416,0.173,0.9996044309841103,0.7028231332420215,0.2263410471350242,1.0,1.0,0.0,3.7008559703826904,96,ok,ok,ok,7,7,7,not_run
f4,protoA,B4,2021.08.25,true,96,189.0,195.74896240234375,195.6307092666626,43,34,185.0,198.0,211.0,0.717,0.444,0.191,0.9996745730398986,0.7300739956375301,0.2404974801975881,1.0,0.0,0.0,3.8287651538848877,96,ok,ok,ok,7,7,7,not_run
f4,protoA,B4,2021.08.26,true,96,202.0,193.9011001586914,194.5268677368164,62,34,185.0,198.0,211.0,0.7205,0.4065,0.1745,0.9996857642361933,0.6931081434585746,0.22754000714674869,1.0,1.0,0.0,3.753584623336792,96,ok,ok,ok,7,7,7,not_run
f4,protoA,B4,2021.08.27,true,96,190.0,196.0420684814453,196.9864677810669,34,34,185.0,198.0,211.0,0.732,0.463,0.2235,0.9997204400795093,0.7474494637373605,0.26495792519429767,1.0,0.0,0.0,3.689673662185669,96,ok,ok,ok,7,7,7,not_run
f4,protoA,B4,2021.08.28,false,70,119.0,110.9577407836914,108.88793886184692,9,7,185.0,198.0,211.0,0.0,0.0,0.0,0.00002447534976061339,0.00002447534976061339,0.00002447534976061339,NaN,NaN,NaN,3.2681429386138916,70,ok,ok,ok,7,7,7,not_run
f4,protoA,B4,2021.08.29,false,50,41.0,68.23709487915039,66.73816077232361,46,95,185.0,198.0,211.0,0.0,0.0,0.0,0.00002447534976061339,0.00002447534976061339,0.00002447534976061339,NaN,NaN,NaN,2.973886728286743,50,ok,ok,ok,7,7,7,not_run
f4,protoA,B4,2021.08.30,true,96,186.0,193.0431671142578,193.52008248901367,42,34,185.0,198.0,211.0,0.6555,0.3995,0.1865,0.9994195681690958,0.6857912827883904,0.23700385355236006,1.0,0.0,0.0,3.7107620239257812,96,ok,ok,ok,7,7,7,not_run
f4,protoA,B4,2021.08.31,true,96,187.0,194.28690338134766,194.69882625579834,41,34,185.0,198.0,211.0,0.7055,0.412,0.17,0.9996355746114564,0.6987624459794556,0.2239318908896871,1.0,0.0,0.0,3.8435163497924805,96,ok,ok,ok,7,7,7,not_run
f4,K2,B4,2021.08.18,true,96,188.0,222.48147583007812,222.73840766906739,64,34,185.0,198.0,211.0,0.984,0.9105,0.731,0.9999996217747558,0.7302291607517434,0.1300826712751596,1.0,0.0,0.0,3.8704423904418945,96,ok,ok,ok,7,7,7,not_run
f4,K2,B4,2021.08.19,true,96,188.0,223.07794189453125,223.26961392211913,45,34,185.0,198.0,211.0,0.9885,0.9175,0.7435,0.9999998594280421,0.7810597710442195,0.27364469142391373,1.0,0.0,0.0,3.84932017326355,96,ok,ok,ok,7,7,7,not_run
f4,K2,B4,2021.08.20,true,96,193.0,222.1111068725586,222.75387438964844,45,34,185.0,198.0,211.0,0.9835,0.911,0.7365,0.9999995851315042,0.7339672131526865,0.18285279201949792,1.0,0.0,0.0,3.9313948154449463,96,ok,ok,ok,7,7,7,not_run
f4,K2,B4,2021.08.21,true,96,110.0,129.5988006591797,130.03175317001342,23,7,185.0,198.0,211.0,0.004,0.0,0.0,1.122172604946032e-6,1.4142269049762593e-14,2.4427964935650152e-59,0.0,0.0,0.0,3.372576951980591,96,ok,ok,ok,7,7,7,not_run
f4,K2,B4,2021.08.22,true,96,27.0,30.912049293518066,31.34145649242401,8,95,185.0,198.0,211.0,0.0,0.0,0.0,3.058704624169317e-10,1.4142269049762593e-14,2.4427964935650152e-59,0.0,0.0,0.0,1.759894847869873,96,ok,ok,ok,7,7,7,not_run
f4,K2,B4,2021.08.23,true,96,196.0,222.33090209960938,222.65241590881348,63,34,185.0,198.0,211.0,0.979,0.909,0.737,0.9999991421257598,0.7189336158584638,0.18843251688434448,1.0,0.0,0.0,3.8960421085357666,96,ok,ok,ok,7,7,7,not_run
f4,K2,B4,2021.08.24,true,96,201.0,222.10938262939453,222.4770483779907,63,34,185.0,198.0,211.0,0.9785,0.9065,0.7285,0.9999990789355029,0.6998684122085457,0.11088584680193969,1.0,1.0,0.0,3.7186148166656494,96,ok,ok,ok,7,7,7,not_run
f4,K2,B4,2021.08.25,true,96,189.0,222.87064361572266,222.89306049346925,43,34,185.0,198.0,211.0,0.984,0.918,0.736,0.9999996217747558,0.7845491635594972,0.17740873363784737,1.0,0.0,0.0,3.892040252685547,96,ok,ok,ok,7,7,7,not_run
f4,K2,B4,2021.08.26,true,96,202.0,221.76065063476562,222.25646270751952,62,34,185.0,198.0,211.0,0.9835,0.91,0.7325,0.9999995851315042,0.7264771901999804,0.14297240188454627,1.0,1.0,0.0,3.7939107418060303,96,ok,ok,ok,7,7,7,not_run
f4,K2,B4,2021.08.27,true,96,190.0,222.77889251708984,223.58301358795165,34,34,185.0,198.0,211.0,0.986,0.926,0.7535,0.9999997466597939,0.8371710551259471,0.4463159104869983,1.0,0.0,0.0,3.7444534301757812,96,ok,ok,ok,7,7,7,not_run
f4,K2,B4,2021.08.28,false,70,119.0,132.19799041748047,132.1356857662201,9,8,185.0,198.0,211.0,0.0025,0.0,0.0,2.7841661772705167e-7,1.4142269049762593e-14,2.4427964935650152e-59,NaN,NaN,NaN,3.4616246223449707,70,ok,ok,ok,7,7,7,not_run
f4,K2,B4,2021.08.29,false,50,41.0,30.018153190612793,30.29717596244812,46,0,185.0,198.0,211.0,0.0,0.0,0.0,3.058704624169317e-10,1.4142269049762593e-14,2.4427964935650152e-59,NaN,NaN,NaN,2.0074715614318848,50,ok,ok,ok,7,7,7,not_run
f4,K2,B4,2021.08.30,true,96,186.0,221.3030014038086,221.98931760406495,42,34,185.0,198.0,211.0,0.976,0.9065,0.7255,0.9999987152952365,0.6998684122085457,0.09127694587893186,1.0,0.0,0.0,3.7866814136505127,96,ok,ok,ok,7,7,7,not_run
f4,K2,B4,2021.08.31,true,96,187.0,221.66271209716797,222.1461650543213,41,34,185.0,198.0,211.0,0.985,0.9165,0.7195,0.9999996884081406,0.7740185732774943,0.061420708565119726,1.0,0.0,0.0,3.856182336807251,96,ok,ok,ok,7,7,7,not_run
f4,re,B4,2021.08.18,true,96,188.0,200.07157135009766,200.07074512481688,64,34,185.0,198.0,211.0,0.7145,0.5285,0.332,0.9995348373620991,0.9420214914843242,0.37824065547403396,1.0,0.0,0.0,3.7596912384033203,96,ok,ok,ok,7,7,7,not_run
f4,re,B4,2021.08.19,true,96,188.0,200.03765869140625,199.9142815551758,45,34,185.0,198.0,211.0,0.7175,0.5295,0.337,0.9995546016755367,0.9447433028921386,0.4119673057041074,1.0,0.0,0.0,3.7507717609405518,96,ok,ok,ok,7,7,7,not_run
f4,re,B4,2021.08.20,true,96,193.0,199.86156463623047,200.5580928993225,45,34,185.0,198.0,211.0,0.7285,0.525,0.351,0.9996210878928753,0.9314804898097322,0.5085394077321426,1.0,0.0,0.0,3.8665997982025146,96,ok,ok,ok,7,7,7,not_run
f4,re,B4,2021.08.21,true,96,110.0,113.93272399902344,114.00289592552186,23,8,185.0,198.0,211.0,0.004,0.001,0.001,0.000012711029918442609,3.08669770814365e-38,3.08669770814365e-38,0.0,0.0,0.0,3.1739184856414795,96,ok,ok,ok,7,7,7,not_run
f4,re,B4,2021.08.22,true,96,27.0,29.054707527160645,29.214352744102477,8,6,185.0,198.0,211.0,0.0,0.0,0.0,3.582139593904539e-9,6.913750609595955e-46,6.913750609595955e-46,0.0,0.0,0.0,1.746118187904358,96,ok,ok,ok,7,7,7,not_run
f4,re,B4,2021.08.23,true,96,196.0,201.3592987060547,200.674728515625,63,34,185.0,198.0,211.0,0.7285,0.552,0.343,0.9996210878928753,0.9818307616510065,0.453195292270474,1.0,0.0,0.0,3.7827184200286865,96,ok,ok,ok,7,7,7,not_run
f4,re,B4,2021.08.24,true,96,201.0,198.6155014038086,198.4716619606018,63,34,185.0,198.0,211.0,0.6905,0.509,0.3305,0.9993477387201447,0.857649304217749,0.36828417394387475,1.0,1.0,0.0,3.6144354343414307,96,ok,ok,ok,7,7,7,not_run
f4,re,B4,2021.08.25,true,96,189.0,199.57279205322266,199.80267840194702,43,34,185.0,198.0,211.0,0.7165,0.5285,0.326,0.99954809472718,0.9420214914843242,0.3389751418240687,1.0,0.0,0.0,3.7438924312591553,96,ok,ok,ok,7,7,7,not_run
f4,re,B4,2021.08.26,true,96,202.0,200.0732421875,199.57190056228637,62,34,185.0,198.0,211.0,0.705,0.5295,0.3425,0.9994672223190157,0.9447433028921386,0.4497403371540823,1.0,1.0,0.0,3.705326795578003,96,ok,ok,ok,7,7,7,not_run
f4,re,B4,2021.08.27,true,96,190.0,200.14991760253906,200.0394480743408,34,34,185.0,198.0,211.0,0.7215,0.5315,0.329,0.9995798384416258,0.9498314574743554,0.35841616938501064,1.0,0.0,0.0,3.6457576751708984,96,ok,ok,ok,7,7,7,not_run
f4,re,B4,2021.08.28,false,70,119.0,113.45344924926758,113.55880254364014,9,8,185.0,198.0,211.0,0.0025,0.001,0.0,3.1716040276227472e-6,3.08669770814365e-38,3.08669770814365e-38,NaN,NaN,NaN,3.4746885299682617,70,ok,ok,ok,7,7,7,not_run
f4,re,B4,2021.08.29,false,50,41.0,28.09543800354004,28.11764766216278,46,0,185.0,198.0,211.0,0.0,0.0,0.0,3.582139593904539e-9,6.913750609595955e-46,6.913750609595955e-46,NaN,NaN,NaN,2.0224056243896484,50,ok,ok,ok,7,7,7,not_run
f4,re,B4,2021.08.30,true,96,186.0,198.61488342285156,198.43595397567748,42,34,185.0,198.0,211.0,0.6775,0.507,0.3205,0.9992214601258429,0.8447864999234915,0.3045124695137974,1.0,0.0,0.0,3.703023672103882,96,ok,ok,ok,7,7,7,not_run
f4,re,B4,2021.08.31,true,96,187.0,200.16797637939453,199.55324789047242,41,34,185.0,198.0,211.0,0.704,0.5245,0.3345,0.9994596378791376,0.9298375131965664,0.3950103690456522,1.0,0.0,0.0,3.807964324951172,96,ok,ok,ok,7,7,7,not_run
f4,AWstar,B1,2021.08.18,true,96,188.0,200.81338188056114,200.65622468028718,64,35,185.0,198.0,211.0,0.7894060010065941,0.7134356938513464,0.04689943563102655,0.986848822088482,0.3389079696262231,0.13974072672956844,1.0,0.0,0.0,,,ok,ok,ok,7,7,7,not_run
f4,AWstar,B1,2021.08.19,true,96,188.0,204.00070524359055,201.4782664878122,45,34,185.0,198.0,211.0,0.9679128035219636,0.8621845017683117,0.03198463003756973,0.9999951201539728,0.4661860425553383,0.135368630973106,1.0,0.0,0.0,,,ok,ok,ok,7,7,7,not_run
f4,AWstar,B1,2021.08.20,true,96,193.0,198.0473743294829,186.5833030937863,45,34,185.0,198.0,211.0,0.8510828652068481,0.5649796487928017,0.006141952285653093,0.9973175257275791,0.2603073598903515,0.11821526280487317,1.0,0.0,0.0,,,ok,ok,ok,7,7,7,not_run
f4,AWstar,B1,2021.08.21,true,96,110.0,107.76912891951562,111.95104606961058,23,6,185.0,198.0,211.0,0.030079709604774726,0.004218492675152333,0.00017079862763135737,9.426612557585283e-7,9.426612557585283e-7,9.426612557585283e-7,0.0,0.0,0.0,,,ok,ok,ok,7,7,7,not_run
f4,AWstar,B1,2021.08.22,true,96,27.0,28.109948742728808,34.33716951121004,8,47,185.0,198.0,211.0,0.0012288317247344802,0.0007406396476828903,0.02523167803247393,4.53529444095651e-12,4.53529444095651e-12,4.53529444095651e-12,0.0,0.0,0.0,,,ok,ok,ok,7,7,7,not_run
f4,AWstar,B1,2021.08.23,true,96,196.0,195.8503315456739,190.57576212106989,63,34,185.0,198.0,211.0,0.8695269265040021,0.07570678311687792,0.015154517468601511,0.9985008736614553,0.06647979451148617,0.06647979451148617,1.0,0.0,0.0,,,ok,ok,ok,7,7,7,not_run
f4,AWstar,B1,2021.08.24,true,96,201.0,202.49760255247892,198.27225214700488,63,34,185.0,198.0,211.0,0.9724897283689045,0.15711709601149604,0.208693839246016,0.9999973267825304,0.10278511975652534,0.10278511975652534,1.0,1.0,0.0,,,ok,ok,ok,7,7,7,not_run
f4,AWstar,B1,2021.08.25,true,96,189.0,203.80306327825707,199.96195311848678,43,46,185.0,198.0,211.0,0.9947534888122161,0.9451266546965293,0.38815691299163724,0.9999999954368253,0.6106464425000929,0.17067465221545086,1.0,0.0,0.0,,,ok,ok,ok,7,7,7,not_run
f4,AWstar,B1,2021.08.26,true,96,202.0,205.6333281874509,200.58116577340252,62,46,185.0,198.0,211.0,0.9614390913756461,0.9165384559495002,0.38443003748663274,0.9999899467633893,0.5473155068857493,0.17046883409054553,1.0,1.0,0.0,,,ok,ok,ok,7,7,7,not_run
f4,AWstar,B1,2021.08.27,true,96,190.0,206.98931207990034,193.77574748495027,34,46,185.0,198.0,211.0,0.9899125602999613,0.9210932629572552,0.6410540673271323,0.9999999444676332,0.5560484990155447,0.18466224544426235,1.0,0.0,0.0,,,ok,ok,ok,7,7,7,not_run
f4,AWstar,B1,2021.08.28,false,70,119.0,107.7995590380527,110.01346087017873,9,9,185.0,198.0,211.0,0.0017166551027791698,0.005672116088077781,0.001702771708264397,1.6155001832976856e-11,1.6155001832976856e-11,1.6155001832976856e-11,NaN,NaN,NaN,,,ok,ok,ok,7,7,7,not_run
f4,AWstar,B1,2021.08.29,false,50,41.0,26.76421633381044,32.98162927464372,46,7,185.0,198.0,211.0,0.001468324690055082,0.002816089439072057,0.0004954674001416775,8.920978981230341e-12,8.920978981230341e-12,8.920978981230341e-12,NaN,NaN,NaN,,,ok,ok,ok,7,7,7,not_run
f4,AWstar,B1,2021.08.30,true,96,186.0,203.403475808575,197.41407389200828,42,34,185.0,198.0,211.0,0.9184455000742296,0.2708714688127039,0.2447993440596219,0.999794933205358,0.14579630919203065,0.14579630919203065,1.0,0.0,0.0,,,ok,ok,ok,7,7,7,not_run
f4,AWstar,B1,2021.08.31,true,96,187.0,201.31784699979494,197.83981410742106,41,46,185.0,198.0,211.0,0.9559368090951746,0.06961608186527764,0.012458185168731751,0.9999829564846037,0.0633075389719146,0.0633075389719146,1.0,0.0,0.0,,,ok,ok,ok,7,7,7,not_run
f4,B,B4,2021.08.18,true,96,188.0,211.62217712402344,211.70389137268066,64,34,185.0,198.0,211.0,1.0,0.9725,0.53,0.9999999991619138,0.7423962598796631,0.3254796370482553,1.0,0.0,0.0,3.747997283935547,96,ok,ok,ok,7,7,7,not_run
f4,B,B4,2021.08.19,true,96,188.0,211.49150848388672,211.86394542694092,45,34,185.0,198.0,211.0,1.0,0.9715,0.5285,0.9999999991619138,0.7353662478868712,0.32318488576157134,1.0,0.0,0.0,3.7382819652557373,96,ok,ok,ok,7,7,7,not_run
f4,B,B4,2021.08.20,true,96,193.0,211.34375,211.58538968658448,45,34,185.0,198.0,211.0,1.0,0.9715,0.5175,0.9999999991619138,0.7353662478868712,0.306641479596211,1.0,0.0,0.0,3.86739444732666,96,ok,ok,ok,7,7,7,not_run
f4,B,B4,2021.08.21,true,96,110.0,125.78260803222656,124.27091101455689,23,16,185.0,198.0,211.0,0.0,0.0,0.0,1.848065674534661e-12,1.848065674534661e-12,1.848065674534661e-12,0.0,0.0,0.0,3.17388916015625,96,ok,ok,ok,7,7,7,not_run
f4,B,B4,2021.08.22,true,96,27.0,27.95996856689453,27.969842405319213,8,6,185.0,198.0,211.0,0.0,0.0,0.0,1.848065674534661e-12,1.848065674534661e-12,1.848065674534661e-12,0.0,0.0,0.0,1.6370550394058228,96,ok,ok,ok,7,7,7,not_run
f4,B,B4,2021.08.23,true,96,196.0,210.28966522216797,210.75685398101805,63,34,185.0,198.0,211.0,1.0,0.96,0.471,0.9999999991619138,0.6624162986921824,0.2423840238518744,1.0,0.0,0.0,3.754002332687378,96,ok,ok,ok,7,7,7,not_run
f4,B,B4,2021.08.24,true,96,201.0,211.11016845703125,211.35257182312012,63,34,185.0,198.0,211.0,1.0,0.965,0.5075,0.9999999991619138,0.6924596551510029,0.2920423182905769,1.0,1.0,0.0,3.555623769760132,96,ok,ok,ok,7,7,7,not_run
f4,B,B4,2021.08.25,true,96,189.0,211.0935287475586,211.4027098083496,43,34,185.0,198.0,211.0,1.0,0.975,0.5025,0.9999999991619138,0.7605172652128797,0.28490180899426093,1.0,0.0,0.0,3.7108917236328125,96,ok,ok,ok,7,7,7,not_run
f4,B,B4,2021.08.26,true,96,202.0,211.0687484741211,211.29638462066652,62,34,185.0,198.0,211.0,1.0,0.972,0.503,0.9999999991619138,0.7388660696418619,0.2856110632626433,1.0,1.0,0.0,3.614821195602417,96,ok,ok,ok,7,7,7,not_run
f4,B,B4,2021.08.27,true,96,190.0,211.0489730834961,211.2710543746948,34,34,185.0,198.0,211.0,1.0,0.97,0.503,0.9999999991619138,0.7250450322180425,0.2856110632626433,1.0,0.0,0.0,3.6705141067504883,96,ok,ok,ok,7,7,7,not_run
f4,B,B4,2021.08.28,false,70,119.0,125.17916488647461,123.27784664154052,9,8,185.0,198.0,211.0,0.0,0.0,0.0,1.848065674534661e-12,1.848065674534661e-12,1.848065674534661e-12,NaN,NaN,NaN,3.471038341522217,70,ok,ok,ok,7,7,7,not_run
f4,B,B4,2021.08.29,false,50,41.0,27.108912467956543,27.146399441719055,46,0,185.0,198.0,211.0,0.0,0.0,0.0,1.848065674534661e-12,1.848065674534661e-12,1.848065674534661e-12,NaN,NaN,NaN,2.6169800758361816,50,ok,ok,ok,7,7,7,not_run
f4,B,B4,2021.08.30,true,96,186.0,210.41962432861328,210.72727224731446,42,34,185.0,198.0,211.0,1.0,0.9595,0.469,0.9999999991619138,0.6595401775927728,0.2398288725858784,1.0,0.0,0.0,3.709728240966797,96,ok,ok,ok,7,7,7,not_run
f4,B,B4,2021.08.31,true,96,187.0,210.8234100341797,211.1286287918091,41,34,185.0,198.0,211.0,1.0,0.9685,0.493,0.9999999991619138,0.7149831698419863,0.27162930844671235,1.0,0.0,0.0,3.7971839904785156,96,ok,ok,ok,7,7,7,not_run
f1,H,B4,2021.07.07,true,96,203.0,205.07005310058594,208.10135475921632,35,35,181.0,189.5,198.0,0.86,0.7295,0.601,0.9999769111778014,0.3842083195606309,0.3842083195606309,1.0,1.0,1.0,3.7479255199432373,96,ok,ok,ok,7,7,7,not_run
f1,H,B4,2021.07.08,true,96,201.0,204.39749145507812,206.27757010650635,43,35,181.0,189.5,198.0,0.825,0.6985,0.5735,0.9999606023209906,0.37274678028122843,0.37274678028122843,1.0,1.0,1.0,3.6746809482574463,96,ok,ok,ok,7,7,7,not_run
f1,H,B4,2021.07.09,true,96,192.0,197.6167755126953,200.64772759246827,59,35,181.0,189.5,198.0,0.7615,0.6205,0.492,0.9999134814930384,0.347005903738666,0.347005903738666,1.0,1.0,0.0,3.5319125652313232,96,ok,ok,ok,7,7,7,not_run
f1,H,B4,2021.07.10,true,96,106.0,119.5996322631836,120.42029856300354,15,24,181.0,189.5,198.0,0.002,0.002,0.0,0.003946466792727742,0.003946466792727742,0.003946466792727742,0.0,0.0,0.0,3.083571195602417,96,ok,ok,ok,7,7,7,not_run
f1,H,B4,2021.07.11,true,96,28.0,32.71762657165527,33.488251952171325,46,59,181.0,189.5,198.0,0.0,0.0,0.0,0.0000593144586535767,0.0000593144586535767,0.0000593144586535767,0.0,0.0,0.0,1.848273754119873,96,ok,ok,ok,7,7,7,not_run
f1,H,B4,2021.07.12,true,96,198.0,217.1965789794922,219.50096839904785,34,34,181.0,189.5,198.0,0.964,0.887,0.7775,0.9999988181831022,0.467780438373213,0.45399599972573523,1.0,1.0,0.0,3.7610981464385986,96,ok,ok,ok,7,7,7,not_run
f1,H,B4,2021.07.13,false,0,NaN,214.99044799804688,218.8395369796753,,34,181.0,189.5,198.0,0.9735,0.9095,0.791,0.9999993757897134,0.4875509260338047,0.4605771740758244,NaN,NaN,NaN,NaN,0,ok,ok,ok,7,7,7,not_run
f1,H,B4,2021.07.14,true,96,195.0,212.89038848876953,217.00158155822754,38,34,181.0,189.5,198.0,0.957,0.863,0.738,0.99999828317386,0.4502583465468001,0.43630690180954707,1.0,1.0,0.0,3.6745452880859375,96,ok,ok,ok,7,7,7,not_run
f1,H,B4,2021.07.15,false,0,NaN,214.98271942138672,218.5638627166748,,35,181.0,189.5,198.0,0.9765,0.9085,0.78,0.9999995132638287,0.4865822061622544,0.455191403573804,NaN,NaN,NaN,NaN,0,ok,ok,ok,7,7,7,not_run
f1,H,B4,2021.07.16,true,96,197.0,193.9146957397461,196.72105532073974,47,33,181.0,189.5,198.0,0.6885,0.559,0.432,0.9998182183921699,0.32874308525912943,0.32874308525912943,1.0,1.0,0.0,3.906351327896118,96,ok,ok,ok,7,7,7,not_run
f1,H,B4,2021.07.17,true,96,110.0,134.3000259399414,136.41651231765746,5,8,181.0,189.5,198.0,0.0275,0.014,0.007,0.4533259380492476,0.1039081948711709,0.09563600801302496,0.0,0.0,0.0,3.214808225631714,96,ok,ok,ok,7,7,7,not_run
f1,H,B4,2021.07.18,true,96,28.0,33.48455238342285,34.10421570014954,4,59,181.0,189.5,198.0,0.0,0.0,0.0,0.0000593144586535767,0.0000593144586535767,0.0000593144586535767,0.0,0.0,0.0,1.8027305603027344,96,ok,ok,ok,7,7,7,not_run
f1,H,B4,2021.07.19,true,96,222.0,220.55391693115234,222.7708793411255,45,33,181.0,189.5,198.0,0.974,0.9245,0.823,0.9999993999606446,0.5033907693890374,0.4776097044358657,1.0,1.0,1.0,3.799191474914551,96,ok,ok,ok,7,7,7,not_run
f1,H,B4,2021.07.20,true,96,201.0,205.9528579711914,208.92725632476805,34,33,181.0,189.5,198.0,0.891,0.7655,0.6155,0.999987031025034,0.39880008801607697,0.39080248890967145,1.0,1.0,1.0,3.7446773052215576,96,ok,ok,ok,7,7,7,not_run
f2,H,B4,2021.07.21,true,96,214.0,228.11219024658203,229.59207543182373,39,33,182.0,193.0,200.2,0.9965,0.959,0.8925,0.9999999336300309,0.9999964433407829,0.6289972434654652,1.0,1.0,1.0,3.696673631668091,96,ok,ok,ok,7,7,7,not_run
f2,H,B4,2021.07.22,true,96,213.0,230.82207489013672,231.74485279846192,33,33,182.0,193.0,200.2,0.9955,0.968,0.907,0.9999998690460816,0.9999983194991569,0.7087830601990153,1.0,1.0,1.0,3.4870898723602295,96,ok,ok,ok,7,7,7,not_run
f2,H,B4,2021.07.23,true,96,206.0,229.87213897705078,232.11903257751464,63,33,182.0,193.0,200.2,0.999,0.973,0.919,0.9999999977424672,0.9999989911835672,0.7736841561343535,1.0,1.0,1.0,3.4185802936553955,96,ok,ok,ok,7,7,7,not_run
f2,H,B4,2021.07.24,true,96,104.0,123.56355285644531,124.63042987442017,14,23,182.0,193.0,200.2,0.0015,0.001,0.0,9.183941893367768e-8,5.169678675966233e-8,1.1923826651236326e-10,0.0,0.0,0.0,3.0958709716796875,96,ok,ok,ok,7,7,7,not_run
f2,H,B4,2021.07.25,true,96,29.0,32.52536392211914,33.35000534629822,8,95,182.0,193.0,200.2,0.0,0.0,0.0,7.339618135010822e-10,7.339618135010822e-10,1.1923826651236326e-10,0.0,0.0,0.0,1.855249047279358,96,ok,ok,ok,7,7,7,not_run
f2,H,B4,2021.07.26,true,96,217.0,237.45631408691406,238.60020111083983,33,33,182.0,193.0,200.2,0.999,0.9855,0.9585,0.9999999977424672,0.9999998413097629,0.9440392704013523,1.0,1.0,1.0,3.514033555984497,96,ok,ok,ok,7,7,7,not_run
f2,H,B4,2021.07.27,true,96,211.0,231.62667083740234,233.70218148040772,46,33,182.0,193.0,200.2,0.999,0.9795,0.9345,0.9999999977424672,0.9999995567060262,0.8511643080497748,1.0,1.0,1.0,3.6224963665008545,96,ok,ok,ok,7,7,7,not_run
f2,H,B4,2021.07.28,true,96,212.0,233.11990356445312,234.4294398803711,47,34,182.0,193.0,200.2,0.996,0.9765,0.927,0.9999999047739763,0.9999993339764486,0.8149075182837813,1.0,1.0,1.0,3.5786619186401367,96,ok,ok,ok,7,7,7,not_run
f2,H,B4,2021.07.29,true,96,211.0,231.41983795166016,233.29422048950195,47,33,182.0,193.0,200.2,0.9985,0.975,0.921,0.9999999932623519,0.9999991987382149,0.784190818058014,1.0,1.0,1.0,3.5226924419403076,96,ok,ok,ok,7,7,7,not_run
f2,H,B4,2021.07.30,false,0,NaN,230.27867889404297,231.11348483276367,,33,182.0,193.0,200.2,0.996,0.9605,0.899,0.9999999047739763,0.9999968240367286,0.6646919160904134,NaN,NaN,NaN,NaN,0,ok,ok,ok,7,7,7,not_run
f2,H,B4,2021.07.31,true,96,28.0,35.11897277832031,37.22645104789734,73,0,182.0,193.0,200.2,0.0,0.0,0.0,7.339618135010822e-10,7.339618135010822e-10,1.1923826651236326e-10,0.0,0.0,0.0,1.8419901132583618,96,ok,ok,ok,7,7,7,not_run
f2,H,B4,2021.08.01,true,96,28.0,38.54457473754883,39.44215371990204,35,95,182.0,193.0,200.2,0.0,0.0,0.0,7.339618135010822e-10,7.339618135010822e-10,1.1923826651236326e-10,0.0,0.0,0.0,1.9128389358520508,96,ok,ok,ok,7,7,7,not_run
f2,H,B4,2021.08.02,true,96,26.0,52.933773040771484,53.88857503318787,13,33,182.0,193.0,200.2,0.0,0.0,0.0,7.339618135010822e-10,7.339618135010822e-10,1.1923826651236326e-10,0.0,0.0,0.0,2.3141229152679443,96,ok,ok,ok,7,7,7,not_run
f2,H,B4,2021.08.03,true,96,26.0,50.23093032836914,51.33888916969299,6,42,182.0,193.0,200.2,0.0,0.0,0.0,7.339618135010822e-10,7.339618135010822e-10,1.1923826651236326e-10,0.0,0.0,0.0,2.3601901531219482,96,ok,ok,ok,7,7,7,not_run
f3,H,B4,2021.08.04,true,96,26.0,48.1298713684082,48.5065945148468,26,39,184.0,197.75,210.10000000000002,0.0,0.0,0.0,3.5224555355698426e-6,2.0376919995564077e-8,1.8994330945123532e-11,0.0,0.0,0.0,2.2132296562194824,96,ok,ok,ok,7,7,7,not_run
f3,H,B4,2021.08.05,true,96,26.0,48.02317810058594,48.51379318809509,92,37,184.0,197.75,210.10000000000002,0.0,0.0,0.0,3.5224555355698426e-6,2.0376919995564077e-8,1.8994330945123532e-11,0.0,0.0,0.0,2.206456184387207,96,ok,ok,ok,7,7,7,not_run
f3,H,B4,2021.08.06,true,96,27.0,47.44595146179199,47.95500395965576,56,32,184.0,197.75,210.10000000000002,0.0,0.0,0.0,3.5224555355698426e-6,2.0376919995564077e-8,1.8994330945123532e-11,0.0,0.0,0.0,2.060101270675659,96,ok,ok,ok,7,7,7,not_run
f3,H,B4,2021.08.07,true,96,26.0,40.56372833251953,41.402824535369874,50,61,184.0,197.75,210.10000000000002,0.0,0.0,0.0,3.5224555355698426e-6,2.0376919995564077e-8,1.8994330945123532e-11,0.0,0.0,0.0,2.056016206741333,96,ok,ok,ok,7,7,7,not_run
f3,H,B4,2021.08.08,true,96,26.0,42.56583595275879,43.037671436309815,87,63,184.0,197.75,210.10000000000002,0.0,0.0,0.0,3.5224555355698426e-6,2.0376919995564077e-8,1.8994330945123532e-11,0.0,0.0,0.0,2.0473921298980713,96,ok,ok,ok,7,7,7,not_run
f3,H,B4,2021.08.09,true,96,215.0,146.239013671875,146.22859077453614,34,33,184.0,197.75,210.10000000000002,0.054,0.017,0.004,0.01504303502131477,0.00023405599721479186,1.2803969606975534e-7,1.0,1.0,1.0,3.823310613632202,96,ok,ok,ok,7,7,7,not_run
f3,H,B4,2021.08.10,true,96,195.0,197.1656265258789,196.85261897277832,34,34,184.0,197.75,210.10000000000002,0.6995,0.489,0.2785,0.8230066620527711,0.6218170175296277,0.20203778232743314,1.0,0.0,0.0,3.9105989933013916,96,ok,ok,ok,7,7,7,not_run
f3,H,B4,2021.08.11,true,96,218.0,189.526123046875,189.49453338241577,34,33,184.0,197.75,210.10000000000002,0.584,0.364,0.187,0.6806993057704249,0.3458931289415172,0.04664033143293919,1.0,1.0,1.0,3.875030517578125,96,ok,ok,ok,7,7,7,not_run
f3,H,B4,2021.08.12,true,96,199.0,194.0879135131836,194.95078816604615,47,33,184.0,197.75,210.10000000000002,0.6795,0.4515,0.249,0.8010308532699462,0.5411328559415002,0.13512481389814301,1.0,1.0,0.0,3.8316004276275635,96,ok,ok,ok,7,7,7,not_run
f3,H,B4,2021.08.13,true,96,207.0,215.51570892333984,215.7635492401123,34,33,184.0,197.75,210.10000000000002,0.928,0.7715,0.584,0.9848747284401851,0.9637255352362047,0.9385563086420091,1.0,1.0,0.0,3.7248218059539795,96,ok,ok,ok,7,7,7,not_run
f3,H,B4,2021.08.14,true,96,108.0,80.1087417602539,82.16608559036254,8,29,184.0,197.75,210.10000000000002,0.0,0.0,0.0,3.5224555355698426e-6,2.0376919995564077e-8,1.8994330945123532e-11,0.0,0.0,0.0,3.202548027038574,96,ok,ok,ok,7,7,7,not_run
f3,H,B4,2021.08.15,true,96,28.0,30.676337242126465,31.178352101325988,7,58,184.0,197.75,210.10000000000002,0.0,0.0,0.0,3.5224555355698426e-6,2.0376919995564077e-8,1.8994330945123532e-11,0.0,0.0,0.0,1.7798055410385132,96,ok,ok,ok,7,7,7,not_run
f3,H,B4,2021.08.16,true,96,190.0,95.12385177612305,98.31365021133423,37,49,184.0,197.75,210.10000000000002,0.0005,0.0,0.0,0.00001026221502333448,2.0376919995564077e-8,1.8994330945123532e-11,1.0,0.0,0.0,4.067338466644287,96,ok,ok,ok,7,7,7,not_run
f3,H,B4,2021.08.17,true,96,173.0,238.27801513671875,238.88930675506592,47,34,184.0,197.75,210.10000000000002,0.995,0.964,0.8895,0.9997744846025425,0.9996102419407012,0.9996102419407012,0.0,0.0,0.0,3.6128337383270264,96,ok,ok,ok,7,7,7,not_run
f4,H,B4,2021.08.18,true,96,188.0,231.55001831054688,231.78464265441895,64,34,185.0,198.0,211.0,0.9815,0.9265,0.8155,0.9999999999999971,0.7110562073387932,0.23665429355566142,1.0,0.0,0.0,3.6494483947753906,96,ok,ok,ok,7,7,7,not_run
f4,H,B4,2021.08.19,true,96,188.0,230.40850830078125,229.97670766448974,45,34,185.0,198.0,211.0,0.981,0.9185,0.786,0.9999999999999969,0.7023609316758649,0.22668017920222616,1.0,0.0,0.0,3.588700532913208,96,ok,ok,ok,7,7,7,not_run
f4,H,B4,2021.08.20,true,96,193.0,234.4780502319336,235.33307653045654,45,34,185.0,198.0,211.0,0.9875,0.9515,0.8555,0.9999999999999991,0.7438794650435772,0.2530029845021117,1.0,0.0,0.0,3.722259521484375,96,ok,ok,ok,7,7,7,not_run
f4,H,B4,2021.08.21,true,96,110.0,115.07790756225586,116.00297382354736,23,28,185.0,198.0,211.0,0.0015,0.0,0.0,0.898399257641612,0.04086237787035654,0.015812620058044825,0.0,0.0,0.0,3.1408050060272217,96,ok,ok,ok,7,7,7,not_run
f4,H,B4,2021.08.22,true,96,27.0,30.39823341369629,31.404481424331664,8,3,185.0,198.0,211.0,0.0,0.0,0.0,0.039998137650371815,0.039998137650371815,0.015812620058044825,0.0,0.0,0.0,1.9459298849105835,96,ok,ok,ok,7,7,7,not_run
f4,H,B4,2021.08.23,true,96,196.0,234.36795043945312,234.3103886795044,63,33,185.0,198.0,211.0,0.983,0.9415,0.8305,0.9999999999999978,0.7294918053530701,0.24233307625622744,1.0,0.0,0.0,3.539717435836792,96,ok,ok,ok,7,7,7,not_run
f4,H,B4,2021.08.24,true,96,201.0,233.15570068359375,233.84778971862792,63,34,185.0,198.0,211.0,0.9825,0.945,0.8365,0.9999999999999976,0.7342995211838754,0.2447438835769563,1.0,1.0,0.0,3.4528913497924805,96,ok,ok,ok,7,7,7,not_run
f4,H,B4,2021.08.25,true,96,189.0,235.67264556884766,236.38177836608887,43,63,185.0,198.0,211.0,0.9935,0.958,0.878,0.9999999999999999,0.7544867359092625,0.2643312329719364,1.0,0.0,0.0,3.584634780883789,96,ok,ok,ok,7,7,7,not_run
f4,H,B4,2021.08.26,true,96,202.0,237.0927505493164,237.08994300842286,62,46,185.0,198.0,211.0,0.9935,0.9635,0.8675,0.9999999999999999,0.7644821182503815,0.2588018260273111,1.0,1.0,0.0,3.485531806945801,96,ok,ok,ok,7,7,7,not_run
f4,H,B4,2021.08.27,true,96,190.0,238.04867553710938,238.5764213180542,34,35,185.0,198.0,211.0,0.993,0.965,0.892,0.9999999999999999,0.7674048533075154,0.2725150797787412,1.0,0.0,0.0,3.448293685913086,96,ok,ok,ok,7,7,7,not_run
f4,H,B4,2021.08.28,false,70,119.0,119.72161483764648,120.44600186538696,9,23,185.0,198.0,211.0,0.002,0.001,0.0,0.9543783837245353,0.06684393428656538,0.015812620058044825,NaN,NaN,NaN,3.3198957443237305,70,ok,ok,ok,7,7,7,not_run
f4,H,B4,2021.08.29,false,50,41.0,28.039895057678223,28.603359347343446,46,0,185.0,198.0,211.0,0.0,0.0,0.0,0.039998137650371815,0.039998137650371815,0.015812620058044825,NaN,NaN,NaN,2.004446029663086,50,ok,ok,ok,7,7,7,not_run
f4,H,B4,2021.08.30,true,96,186.0,236.41996002197266,236.72853186035155,42,35,185.0,198.0,211.0,0.9865,0.9545,0.8695,0.9999999999999989,0.7486321008048809,0.2598198027819684,1.0,0.0,0.0,3.5808823108673096,96,ok,ok,ok,7,7,7,not_run
f4,H,B4,2021.08.31,true,96,187.0,236.79674530029297,237.5711065750122,41,34,185.0,198.0,211.0,0.996,0.965,0.8875,1.0,0.7674048533075154,0.26977099488686634,1.0,0.0,0.0,3.6548588275909424,96,ok,ok,ok,7,7,7,not_run
f1,IO,B4,2021.07.07,true,96,203.0,189.05973052978516,188.80868000030517,35,35,181.0,189.5,198.0,0.742,0.491,0.232,0.999497437748857,0.7904863344088696,0.41553796700843093,1.0,1.0,1.0,3.6567561626434326,96,ok,ok,ok,7,7,7,not_run
f1,IO,B4,2021.07.08,true,96,201.0,188.7890167236328,188.2950154571533,43,35,181.0,189.5,198.0,0.726,0.4755,0.216,0.9993481320106752,0.7315664574822839,0.3912458556058834,1.0,1.0,1.0,3.6090831756591797,96,ok,ok,ok,7,7,7,not_run
f1,IO,B4,2021.07.09,true,96,192.0,189.4645004272461,189.4434356765747,59,35,181.0,189.5,198.0,0.7625,0.4995,0.2355,0.9996455945984548,0.8184738450808532,0.42075091965869127,1.0,1.0,0.0,3.570624351501465,96,ok,ok,ok,7,7,7,not_run
f1,IO,B4,2021.07.10,true,96,106.0,125.11674118041992,129.96624451637268,15,7,181.0,189.5,198.0,0.0185,0.0085,0.0025,0.0002318576136567408,6.731034177860484e-11,6.731034177860484e-11,0.0,0.0,0.0,2.526764392852783,96,ok,ok,ok,7,7,7,not_run
f1,IO,B4,2021.07.11,true,96,28.0,28.89767074584961,29.27454667186737,46,33,181.0,189.5,198.0,0.0,0.0,0.0,2.538343242004959e-10,6.08399047176479e-19,6.08399047176479e-19,0.0,0.0,0.0,1.7636953592300415,96,ok,ok,ok,7,7,7,not_run
f1,IO,B4,2021.07.12,true,96,198.0,189.43669891357422,188.8310339050293,34,34,181.0,189.5,198.0,0.743,0.499,0.2365,0.9995057111653233,0.8169115648250281,0.42223373819984955,1.0,1.0,0.0,3.7863247394561768,96,ok,ok,ok,7,7,7,not_run
f1,IO,B4,2021.07.13,false,0,NaN,188.68154907226562,188.3574232635498,,35,181.0,189.5,198.0,0.73,0.4755,0.2295,0.9993886073082484,0.7315664574822839,0.41179237156042103,NaN,NaN,NaN,NaN,0,ok,ok,ok,7,7,7,not_run
f1,IO,B4,2021.07.14,true,96,195.0,190.2793426513672,189.60528131484986,38,35,181.0,189.5,198.0,0.755,0.5285,0.2745,0.999596368994114,0.8923080373889029,0.47645315325264365,1.0,1.0,0.0,3.6053307056427,96,ok,ok,ok,7,7,7,not_run
f1,IO,B4,2021.07.15,false,0,NaN,188.17272186279297,188.05381332397462,,35,181.0,189.5,198.0,0.72,0.4585,0.2055,0.9992831189966626,0.6558076080888238,0.37488763806023134,NaN,NaN,NaN,NaN,0,ok,ok,ok,7,7,7,not_run
f1,IO,B4,2021.07.16,true,96,197.0,189.7303009033203,189.06792985534668,47,35,181.0,189.5,198.0,0.744,0.5095,0.2535,0.999513869012302,0.8475699951619141,0.4469976328190574,1.0,1.0,0.0,3.689336061477661,96,ok,ok,ok,7,7,7,not_run
f1,IO,B4,2021.07.17,true,96,110.0,114.05362319946289,116.7898016204834,5,7,181.0,189.5,198.0,0.004,0.002,0.0005,1.7106866377223451e-6,3.314499869626485e-14,3.314499869626485e-14,0.0,0.0,0.0,2.7427589893341064,96,ok,ok,ok,7,7,7,not_run
f1,IO,B4,2021.07.18,true,96,28.0,29.17484188079834,29.56507991409302,4,86,181.0,189.5,198.0,0.0,0.0,0.0,2.538343242004959e-10,6.08399047176479e-19,6.08399047176479e-19,0.0,0.0,0.0,1.8481639623641968,96,ok,ok,ok,7,7,7,not_run
f1,IO,B4,2021.07.19,true,96,222.0,189.76966094970703,189.2301572189331,45,35,181.0,189.5,198.0,0.7475,0.512,0.2525,0.9995415315408014,0.854220335103162,0.44556395618938155,1.0,1.0,1.0,3.9440524578094482,96,ok,ok,ok,7,7,7,not_run
f1,IO,B4,2021.07.20,true,96,201.0,189.06592559814453,189.04487048339843,34,35,181.0,189.5,198.0,0.744,0.487,0.2155,0.999513869012302,0.7762555885992548,0.39047442379692704,1.0,1.0,1.0,3.7361652851104736,96,ok,ok,ok,7,7,7,not_run
f2,IO,B4,2021.07.21,true,96,214.0,197.0849151611328,198.35153757476806,39,34,182.0,193.0,200.2,0.926,0.63,0.4015,0.9999679256327707,0.9991341566921024,0.2759006463548867,1.0,1.0,1.0,3.741010904312134,96,ok,ok,ok,7,7,7,not_run
f2,IO,B4,2021.07.22,true,96,213.0,197.0042953491211,198.26074824523926,33,35,182.0,193.0,200.2,0.922,0.6585,0.3915,0.9999612429849088,0.9993524522538917,0.26986633502621443,1.0,1.0,1.0,3.5108749866485596,96,ok,ok,ok,7,7,7,not_run
f2,IO,B4,2021.07.23,true,96,206.0,197.4805450439453,198.54818392181397,63,35,182.0,193.0,200.2,0.9245,0.6585,0.414,0.9999655294970181,0.9993524522538917,0.283489588590354,1.0,1.0,1.0,3.4804036617279053,96,ok,ok,ok,7,7,7,not_run
f2,IO,B4,2021.07.24,true,96,104.0,117.18849563598633,120.3649808883667,14,5,182.0,193.0,200.2,0.0035,0.0005,0.0,4.9536185768030664e-8,4.9536185768030664e-8,4.9536185768030664e-8,0.0,0.0,0.0,2.6949551105499268,96,ok,ok,ok,7,7,7,not_run
f2,IO,B4,2021.07.25,true,96,29.0,29.664844512939453,30.056066349983215,8,85,182.0,193.0,200.2,0.0,0.0,0.0,7.63539568452516e-12,7.63539568452516e-12,7.63539568452516e-12,0.0,0.0,0.0,1.797620415687561,96,ok,ok,ok,7,7,7,not_run
f2,IO,B4,2021.07.26,true,96,217.0,198.07929229736328,199.06162298583985,33,35,182.0,193.0,200.2,0.923,0.6755,0.438,0.9999630025913233,0.9994584718107437,0.2982224587418399,1.0,1.0,1.0,3.694963216781616,96,ok,ok,ok,7,7,7,not_run
f2,IO,B4,2021.07.27,true,96,211.0,196.2863540649414,197.32631428527833,46,35,182.0,193.0,200.2,0.911,0.61,0.3625,0.9999374843125081,0.9989443196016408,0.2525256231645253,1.0,1.0,1.0,3.561941146850586,96,ok,ok,ok,7,7,7,not_run
f2,IO,B4,2021.07.28,true,96,212.0,197.09459686279297,198.30253048706055,47,34,182.0,193.0,200.2,0.907,0.6435,0.3945,0.9999265893839704,0.9992444861490002,0.27167337582415596,1.0,1.0,1.0,3.6330740451812744,96,ok,ok,ok,7,7,7,not_run
f2,IO,B4,2021.07.29,true,96,211.0,195.03658294677734,196.39202642822266,47,34,182.0,193.0,200.2,0.8975,0.582,0.334,0.9998949832404151,0.9986149868427311,0.23566365839150122,1.0,1.0,1.0,3.6499948501586914,96,ok,ok,ok,7,7,7,not_run
f2,IO,B4,2021.07.30,false,0,NaN,196.9165802001953,197.87974056243897,,34,182.0,193.0,200.2,0.913,0.632,0.387,0.9999424510950957,0.9991513501421587,0.2671607795632851,NaN,NaN,NaN,NaN,0,ok,ok,ok,7,7,7,not_run
f2,IO,B4,2021.07.31,true,96,28.0,35.421918869018555,38.26081168460846,73,0,182.0,193.0,200.2,0.0,0.0,0.0,7.63539568452516e-12,7.63539568452516e-12,7.63539568452516e-12,0.0,0.0,0.0,1.7958073616027832,96,ok,ok,ok,7,7,7,not_run
f2,IO,B4,2021.08.01,true,96,28.0,29.404850006103516,29.695923360824587,35,85,182.0,193.0,200.2,0.0,0.0,0.0,7.63539568452516e-12,7.63539568452516e-12,7.63539568452516e-12,0.0,0.0,0.0,1.775326132774353,96,ok,ok,ok,7,7,7,not_run
f2,IO,B4,2021.08.02,true,96,26.0,32.36397171020508,32.889123749732974,13,85,182.0,193.0,200.2,0.0,0.0,0.0,7.63539568452516e-12,7.63539568452516e-12,7.63539568452516e-12,0.0,0.0,0.0,1.811285376548767,96,ok,ok,ok,7,7,7,not_run
f2,IO,B4,2021.08.03,true,96,26.0,32.19959831237793,32.64733499240875,6,85,182.0,193.0,200.2,0.0,0.0,0.0,7.63539568452516e-12,7.63539568452516e-12,7.63539568452516e-12,0.0,0.0,0.0,1.869657039642334,96,ok,ok,ok,7,7,7,not_run
f3,IO,B4,2021.08.04,true,96,26.0,31.148963928222656,31.324001063346863,26,87,184.0,197.75,210.10000000000002,0.0,0.0,0.0,1.8376120558294624e-10,1.8376120558294624e-10,1.8376120558294624e-10,0.0,0.0,0.0,1.875184416770935,96,ok,ok,ok,7,7,7,not_run
f3,IO,B4,2021.08.05,true,96,26.0,30.7254695892334,31.011560658454894,92,27,184.0,197.75,210.10000000000002,0.0,0.0,0.0,1.8376120558294624e-10,1.8376120558294624e-10,1.8376120558294624e-10,0.0,0.0,0.0,1.8648127317428589,96,ok,ok,ok,7,7,7,not_run
f3,IO,B4,2021.08.06,true,96,27.0,30.85334587097168,31.129013558387758,56,27,184.0,197.75,210.10000000000002,0.0,0.0,0.0,1.8376120558294624e-10,1.8376120558294624e-10,1.8376120558294624e-10,0.0,0.0,0.0,1.788334846496582,96,ok,ok,ok,7,7,7,not_run
f3,IO,B4,2021.08.07,true,96,26.0,32.3192253112793,32.56258537197113,50,72,184.0,197.75,210.10000000000002,0.0,0.0,0.0,1.8376120558294624e-10,1.8376120558294624e-10,1.8376120558294624e-10,0.0,0.0,0.0,1.6878734827041626,96,ok,ok,ok,7,7,7,not_run
f3,IO,B4,2021.08.08,true,96,26.0,30.230097770690918,30.418645564079284,87,5,184.0,197.75,210.10000000000002,0.0,0.0,0.0,1.8376120558294624e-10,1.8376120558294624e-10,1.8376120558294624e-10,0.0,0.0,0.0,1.764744758605957,96,ok,ok,ok,7,7,7,not_run
f3,IO,B4,2021.08.09,true,96,215.0,208.10116577148438,209.18901714324952,34,34,184.0,197.75,210.10000000000002,0.9735,0.781,0.441,0.9999894956248386,0.9997986396255659,0.9993377318568165,1.0,1.0,1.0,3.8750150203704834,96,ok,ok,ok,7,7,7,not_run
f3,IO,B4,2021.08.10,true,96,195.0,203.38008880615234,205.53705918884276,34,34,184.0,197.75,210.10000000000002,0.949,0.6515,0.3475,0.9999271302177443,0.9991158573208743,0.9986155214565423,1.0,0.0,0.0,3.402904748916626,96,ok,ok,ok,7,7,7,not_run
f3,IO,B4,2021.08.11,true,96,218.0,207.1963119506836,208.4172639389038,34,34,184.0,197.75,210.10000000000002,0.967,0.7475,0.429,0.9999800036898591,0.9996915125500929,0.9992741608149324,1.0,1.0,1.0,3.6608400344848633,96,ok,ok,ok,7,7,7,not_run
f3,IO,B4,2021.08.12,true,96,199.0,205.11387634277344,206.7959486618042,47,34,184.0,197.75,210.10000000000002,0.9585,0.7055,0.3745,0.999960617098559,0.9994989748510462,0.9988885648447788,1.0,1.0,0.0,3.664546012878418,96,ok,ok,ok,7,7,7,not_run
f3,IO,B4,2021.08.13,true,96,207.0,206.52220916748047,207.8067396621704,34,34,184.0,197.75,210.10000000000002,0.964,0.732,0.401,0.9999741534829539,0.9996290089621446,0.9990986726907667,1.0,1.0,0.0,3.5142621994018555,96,ok,ok,ok,7,7,7,not_run
f3,IO,B4,2021.08.14,true,96,108.0,112.68986129760742,115.20277048492432,8,24,184.0,197.75,210.10000000000002,0.004,0.001,0.0,4.987896864522355e-7,4.987896864522355e-7,4.987896864522355e-7,0.0,0.0,0.0,2.8293254375457764,96,ok,ok,ok,7,7,7,not_run
f3,IO,B4,2021.08.15,true,96,28.0,29.437280654907227,29.630995918273925,7,58,184.0,197.75,210.10000000000002,0.0,0.0,0.0,1.8376120558294624e-10,1.8376120558294624e-10,1.8376120558294624e-10,0.0,0.0,0.0,1.7759355306625366,96,ok,ok,ok,7,7,7,not_run
f3,IO,B4,2021.08.16,true,96,190.0,209.02936553955078,209.65028890991212,37,34,184.0,197.75,210.10000000000002,0.938,0.7515,0.481,0.9998686317191394,0.9997062092121954,0.9995105504706483,1.0,0.0,0.0,3.8778324127197266,96,ok,ok,ok,7,7,7,not_run
f3,IO,B4,2021.08.17,true,96,173.0,206.72047424316406,207.8024652862549,47,34,184.0,197.75,210.10000000000002,0.973,0.754,0.4035,0.9999889051112388,0.999715113174339,0.9991160905579003,0.0,0.0,0.0,3.3563334941864014,96,ok,ok,ok,7,7,7,not_run
f4,IO,B4,2021.08.18,true,96,188.0,209.16864776611328,210.357767036438,64,34,185.0,198.0,211.0,0.982,0.831,0.444,0.9999958462731492,0.9987760743985497,0.8758757946612686,1.0,0.0,0.0,3.80090594291687,96,ok,ok,ok,7,7,7,not_run
f4,IO,B4,2021.08.19,true,96,188.0,209.40033721923828,210.48057250976564,45,34,185.0,198.0,211.0,0.9825,0.8325,0.449,0.9999961612043868,0.9989812258548899,0.9258840277668928,1.0,0.0,0.0,3.805328130722046,96,ok,ok,ok,7,7,7,not_run
f4,IO,B4,2021.08.20,true,96,193.0,209.39290618896484,210.78239601135255,45,34,185.0,198.0,211.0,0.9845,0.8465,0.4435,0.9999972655769742,0.9998282859020874,0.869523769101627,1.0,0.0,0.0,3.919300079345703,96,ok,ok,ok,7,7,7,not_run
f4,IO,B4,2021.08.21,true,96,110.0,133.4650421142578,134.3162724380493,23,8,185.0,198.0,211.0,0.004,0.0,0.0,1.0444715844137804e-6,2.1820409129346138e-71,8.274379505478401e-99,0.0,0.0,0.0,2.6317763328552246,96,ok,ok,ok,7,7,7,not_run
f4,IO,B4,2021.08.22,true,96,27.0,28.433298110961914,28.807997123718263,8,0,185.0,198.0,211.0,0.0,0.0,0.0,5.058365541505478e-10,2.1820409129346138e-71,8.274379505478401e-99,0.0,0.0,0.0,1.5777512788772583,96,ok,ok,ok,7,7,7,not_run
f4,IO,B4,2021.08.23,true,96,196.0,209.6241683959961,210.35415612792968,63,34,185.0,198.0,211.0,0.974,0.8105,0.4615,0.9999883250412812,0.9868050861741661,0.9810751541598165,1.0,0.0,0.0,3.83029842376709,96,ok,ok,ok,7,7,7,not_run
f4,IO,B4,2021.08.24,true,96,201.0,207.58456420898438,208.70243642425538,63,34,185.0,198.0,211.0,0.978,0.7955,0.3885,0.9999927070100789,0.936386636669092,0.01096517192047503,1.0,1.0,0.0,3.652729034423828,96,ok,ok,ok,7,7,7,not_run
f4,IO,B4,2021.08.25,true,96,189.0,209.58161163330078,210.66616109466554,43,34,185.0,198.0,211.0,0.986,0.832,0.4555,0.9999979416354597,0.9989168171433945,0.9632405023090279,1.0,0.0,0.0,3.8252065181732178,96,ok,ok,ok,7,7,7,not_run
f4,IO,B4,2021.08.26,true,96,202.0,207.90601348876953,209.42704148864746,62,34,185.0,198.0,211.0,0.985,0.82,0.402,0.9999975047769973,0.9954840727260162,0.05178912651270065,1.0,1.0,0.0,3.73626446723938,96,ok,ok,ok,7,7,7,not_run
f4,IO,B4,2021.08.27,true,96,190.0,209.5862045288086,211.09362722015382,34,34,185.0,198.0,211.0,0.9825,0.8375,0.462,0.9999961612043868,0.9994527353660763,0.9821013460896322,1.0,0.0,0.0,3.6585052013397217,96,ok,ok,ok,7,7,7,not_run
f4,IO,B4,2021.08.28,false,70,119.0,130.229736328125,129.4653767051697,9,8,185.0,198.0,211.0,0.007,0.0015,0.001,4.905277790354247e-6,4.807904288243227e-58,8.395623083867516e-82,NaN,NaN,NaN,3.5133838653564453,70,ok,ok,ok,7,7,7,not_run
f4,IO,B4,2021.08.29,false,50,41.0,27.56266498565674,27.67462739086151,46,0,185.0,198.0,211.0,0.0,0.0,0.0,5.058365541505478e-10,2.1820409129346138e-71,8.274379505478401e-99,NaN,NaN,NaN,2.053481340408325,50,ok,ok,ok,7,7,7,not_run
f4,IO,B4,2021.08.30,true,96,186.0,209.01163482666016,210.22718354797362,42,34,185.0,198.0,211.0,0.977,0.8215,0.4355,0.9999917357981721,0.996205218808752,0.7270881816643208,1.0,0.0,0.0,3.757924795150757,96,ok,ok,ok,7,7,7,not_run
f4,IO,B4,2021.08.31,true,96,187.0,207.69869232177734,208.97470938873292,41,34,185.0,198.0,211.0,0.9835,0.8015,0.405,0.9999967436838016,0.9653846087375858,0.07205726802887279,1.0,0.0,0.0,3.819889783859253,96,ok,ok,ok,7,7,7,not_run
f1,KAN,B4,2021.07.07,true,96,203.0,189.05672454833984,189.59446028900146,35,35,181.0,189.5,198.0,0.7415,0.487,0.2495,0.9995826407054323,0.9715951134483066,0.8132101272748947,1.0,1.0,1.0,3.67376971244812,96,ok,ok,ok,7,7,7,not_run
f1,KAN,B4,2021.07.08,true,96,201.0,189.05670928955078,189.7620726776123,43,35,181.0,189.5,198.0,0.742,0.489,0.2455,0.9995856459915061,0.9733195226567409,0.8019285735888312,1.0,1.0,1.0,3.6178481578826904,96,ok,ok,ok,7,7,7,not_run
f1,KAN,B4,2021.07.09,true,96,192.0,188.23644256591797,188.93844024658202,59,35,181.0,189.5,198.0,0.7155,0.4655,0.248,0.9993993079826929,0.9447357929403791,0.809052819327177,1.0,1.0,0.0,3.5886600017547607,96,ok,ok,ok,7,7,7,not_run
f1,KAN,B4,2021.07.10,true,96,106.0,127.81751251220703,128.8799626312256,15,7,181.0,189.5,198.0,0.001,0.0,0.0,6.35948014821497e-7,5.442692132608725e-28,5.442692132608725e-28,0.0,0.0,0.0,3.0408363342285156,96,ok,ok,ok,7,7,7,not_run
f1,KAN,B4,2021.07.11,true,96,28.0,30.40978240966797,30.916161288261414,46,95,181.0,189.5,198.0,0.0,0.0,0.0,1.364324781973343e-8,5.442692132608725e-28,5.442692132608725e-28,0.0,0.0,0.0,1.8011665344238281,96,ok,ok,ok,7,7,7,not_run
f1,KAN,B4,2021.07.12,true,96,198.0,187.97010803222656,188.66006061553955,34,35,181.0,189.5,198.0,0.7105,0.456,0.241,0.9993572729479931,0.9262962321768026,0.7884722249573461,1.0,1.0,0.0,3.8138186931610107,96,ok,ok,ok,7,7,7,not_run
f1,KAN,B4,2021.07.13,false,0,NaN,189.25814056396484,189.3899964981079,,35,181.0,189.5,198.0,0.721,0.4935,0.2585,0.9994428442699241,0.9768343663354441,0.8363889497529428,NaN,NaN,NaN,NaN,0,ok,ok,ok,7,7,7,not_run
f1,KAN,B4,2021.07.14,true,96,195.0,189.97126007080078,190.41441146850585,38,35,181.0,189.5,198.0,0.756,0.513,0.2775,0.9996628622370942,0.9874983417055894,0.8764412034975255,1.0,1.0,0.0,3.6112308502197266,96,ok,ok,ok,7,7,7,not_run
f1,KAN,B4,2021.07.15,false,0,NaN,188.66806030273438,189.1118868370056,,35,181.0,189.5,198.0,0.7365,0.472,0.234,0.99955158450042,0.9547302560710487,0.7658543176769562,NaN,NaN,NaN,NaN,0,ok,ok,ok,7,7,7,not_run
f1,KAN,B4,2021.07.16,true,96,197.0,188.63875579833984,189.27034836196898,47,35,181.0,189.5,198.0,0.722,0.477,0.2495,0.9994504675055221,0.9612134812645851,0.8132101272748947,1.0,1.0,0.0,3.7267754077911377,96,ok,ok,ok,7,7,7,not_run
f1,KAN,B4,2021.07.17,true,96,110.0,129.22096252441406,129.3089219932556,5,7,181.0,189.5,198.0,0.0015,0.0005,0.0,1.9577867583045703e-6,1.4410121929669165e-25,1.4410121929669165e-25,0.0,0.0,0.0,3.1133029460906982,96,ok,ok,ok,7,7,7,not_run
f1,KAN,B4,2021.07.18,true,96,28.0,30.467498779296875,30.977210024833678,4,95,181.0,189.5,198.0,0.0,0.0,0.0,1.364324781973343e-8,5.442692132608725e-28,5.442692132608725e-28,0.0,0.0,0.0,1.8320293426513672,96,ok,ok,ok,7,7,7,not_run
f1,KAN,B4,2021.07.19,true,96,222.0,188.52930450439453,189.14959364318847,45,35,181.0,189.5,198.0,0.716,0.4715,0.2395,0.9994033806234967,0.9540274129712842,0.7838012261611104,1.0,1.0,1.0,3.9057528972625732,96,ok,ok,ok,7,7,7,not_run
f1,KAN,B4,2021.07.20,true,96,201.0,189.4885025024414,189.4219286956787,34,35,181.0,189.5,198.0,0.74,0.4995,0.2405,0.9995735167008224,0.9808243934128315,0.7869256857561532,1.0,1.0,1.0,3.6755599975585938,96,ok,ok,ok,7,7,7,not_run
f2,KAN,B4,2021.07.21,true,96,214.0,202.01741790771484,204.04226954650878,39,35,182.0,193.0,200.2,0.936,0.742,0.552,0.9999491544840468,0.9997262424524113,0.29729153311144363,1.0,1.0,1.0,3.7326393127441406,96,ok,ok,ok,7,7,7,not_run
f2,KAN,B4,2021.07.22,true,96,213.0,202.20651245117188,204.68293899536133,33,35,182.0,193.0,200.2,0.9425,0.7495,0.554,0.9999643623571706,0.999754104758636,0.29823953217181637,1.0,1.0,1.0,3.51863956451416,96,ok,ok,ok,7,7,7,not_run
f2,KAN,B4,2021.07.23,true,96,206.0,202.64208984375,204.40880989074708,63,35,182.0,193.0,200.2,0.93,0.7385,0.558,0.9999314099304177,0.9997123817761565,0.3001432640322808,1.0,1.0,1.0,3.4577839374542236,96,ok,ok,ok,7,7,7,not_run
f2,KAN,B4,2021.07.24,true,96,104.0,123.35636520385742,124.71935061645507,14,5,182.0,193.0,200.2,0.0045,0.0015,0.0005,2.2543430053883502e-7,2.2543430053883502e-7,2.2543430053883502e-7,0.0,0.0,0.0,3.0439693927764893,96,ok,ok,ok,7,7,7,not_run
f2,KAN,B4,2021.07.25,true,96,29.0,30.878190994262695,31.220360270500183,8,45,182.0,193.0,200.2,0.0,0.0,0.0,2.7193934076723924e-11,2.7193934076723924e-11,2.7193934076723924e-11,0.0,0.0,0.0,1.8874263763427734,96,ok,ok,ok,7,7,7,not_run
f2,KAN,B4,2021.07.26,true,96,217.0,202.73900604248047,204.72092559814453,33,35,182.0,193.0,200.2,0.9275,0.7285,0.5695,0.9999228376179498,0.9996695517675704,0.3056760431604473,1.0,1.0,1.0,3.7050838470458984,96,ok,ok,ok,7,7,7,not_run
f2,KAN,B4,2021.07.27,true,96,211.0,202.62020874023438,204.3822053604126,46,34,182.0,193.0,200.2,0.9265,0.7415,0.5645,0.9999192004564292,0.9997242966908702,0.30325939462610274,1.0,1.0,1.0,3.5485010147094727,96,ok,ok,ok,7,7,7,not_run
f2,KAN,B4,2021.07.28,true,96,212.0,202.17127227783203,204.20471269989014,47,34,182.0,193.0,200.2,0.9385,0.7325,0.5505,0.9999554647479392,0.9996872759651494,0.2965821995770142,1.0,1.0,1.0,3.6755969524383545,96,ok,ok,ok,7,7,7,not_run
f2,KAN,B4,2021.07.29,true,96,211.0,201.7342300415039,203.8814603652954,47,35,182.0,193.0,200.2,0.9315,0.738,0.5375,0.9999362092293137,0.9997103553620361,0.29049244962968057,1.0,1.0,1.0,3.6858627796173096,96,ok,ok,ok,7,7,7,not_run
f2,KAN,B4,2021.07.30,false,0,NaN,202.67215728759766,204.1266718902588,,35,182.0,193.0,200.2,0.9265,0.7455,0.5635,0.9999192004564292,0.9997395497112158,0.30277813573286966,NaN,NaN,NaN,NaN,0,ok,ok,ok,7,7,7,not_run
f2,KAN,B4,2021.07.31,true,96,28.0,34.195940017700195,37.17674404621124,73,0,182.0,193.0,200.2,0.0,0.0,0.0,2.7193934076723924e-11,2.7193934076723924e-11,2.7193934076723924e-11,0.0,0.0,0.0,1.833213448524475,96,ok,ok,ok,7,7,7,not_run
f2,KAN,B4,2021.08.01,true,96,28.0,31.19394874572754,31.502486656188964,35,46,182.0,193.0,200.2,0.0,0.0,0.0,2.7193934076723924e-11,2.7193934076723924e-11,2.7193934076723924e-11,0.0,0.0,0.0,1.8029011487960815,96,ok,ok,ok,7,7,7,not_run
f2,KAN,B4,2021.08.02,true,96,26.0,32.4105110168457,33.34913428497315,13,95,182.0,193.0,200.2,0.0,0.0,0.0,2.7193934076723924e-11,2.7193934076723924e-11,2.7193934076723924e-11,0.0,0.0,0.0,1.7384233474731445,96,ok,ok,ok,7,7,7,not_run
f2,KAN,B4,2021.08.03,true,96,26.0,32.28670310974121,33.21959171390534,6,95,182.0,193.0,200.2,0.0,0.0,0.0,2.7193934076723924e-11,2.7193934076723924e-11,2.7193934076723924e-11,0.0,0.0,0.0,1.8153713941574097,96,ok,ok,ok,7,7,7,not_run
f3,KAN,B4,2021.08.04,true,96,26.0,31.092252731323242,31.805556653976442,26,95,184.0,197.75,210.10000000000002,0.0,0.0,0.0,3.534694539890751e-9,1.0942203221474221e-11,1.0942203221474221e-11,0.0,0.0,0.0,1.6514781713485718,96,ok,ok,ok,7,7,7,not_run
f3,KAN,B4,2021.08.05,true,96,26.0,30.877944946289062,31.603548220634462,92,95,184.0,197.75,210.10000000000002,0.0,0.0,0.0,3.534694539890751e-9,1.0942203221474221e-11,1.0942203221474221e-11,0.0,0.0,0.0,1.6970161199569702,96,ok,ok,ok,7,7,7,not_run
f3,KAN,B4,2021.08.06,true,96,27.0,31.112110137939453,31.713069120407106,56,95,184.0,197.75,210.10000000000002,0.0,0.0,0.0,3.534694539890751e-9,1.0942203221474221e-11,1.0942203221474221e-11,0.0,0.0,0.0,1.6237550973892212,96,ok,ok,ok,7,7,7,not_run
f3,KAN,B4,2021.08.07,true,96,26.0,36.49078941345215,37.1132112569809,50,95,184.0,197.75,210.10000000000002,0.0,0.0,0.0,3.534694539890751e-9,1.0942203221474221e-11,1.0942203221474221e-11,0.0,0.0,0.0,1.638508677482605,96,ok,ok,ok,7,7,7,not_run
f3,KAN,B4,2021.08.08,true,96,26.0,30.95291042327881,31.27223309326172,87,5,184.0,197.75,210.10000000000002,0.0,0.0,0.0,3.534694539890751e-9,1.0942203221474221e-11,1.0942203221474221e-11,0.0,0.0,0.0,1.6474214792251587,96,ok,ok,ok,7,7,7,not_run
f3,KAN,B4,2021.08.09,true,96,215.0,211.2548065185547,213.41752365875243,34,33,184.0,197.75,210.10000000000002,0.975,0.8155,0.5295,0.9999388253732675,0.9998545254563884,0.9992663942122753,1.0,1.0,1.0,3.7930116653442383,96,ok,ok,ok,7,7,7,not_run
f3,KAN,B4,2021.08.10,true,96,195.0,209.7767333984375,212.1379677886963,34,34,184.0,197.75,210.10000000000002,0.9795,0.811,0.4945,0.9999627172211715,0.9998387073126483,0.9990464298606985,1.0,0.0,0.0,3.3671483993530273,96,ok,ok,ok,7,7,7,not_run
f3,KAN,B4,2021.08.11,true,96,218.0,210.8655776977539,213.20352476501463,34,34,184.0,197.75,210.10000000000002,0.9825,0.824,0.52,0.9999748414244884,0.9998809462964577,0.9992121845635304,1.0,1.0,1.0,3.6586053371429443,96,ok,ok,ok,7,7,7,not_run
f3,KAN,B4,2021.08.12,true,96,199.0,209.36394500732422,211.54794788360596,47,34,184.0,197.75,210.10000000000002,0.9785,0.797,0.4775,0.9999580207162331,0.9997801826359876,0.9989169339856234,1.0,1.0,0.0,3.633070945739746,96,ok,ok,ok,7,7,7,not_run
f3,KAN,B4,2021.08.13,true,96,207.0,210.78368377685547,212.63693667602539,34,34,184.0,197.75,210.10000000000002,0.9815,0.812,0.5205,0.9999711183668105,0.9998423388795782,0.9992151325202479,1.0,1.0,0.0,3.480772018432617,96,ok,ok,ok,7,7,7,not_run
f3,KAN,B4,2021.08.14,true,96,108.0,118.48326873779297,119.45556748962403,8,16,184.0,197.75,210.10000000000002,0.004,0.0015,0.0005,3.0832845736843196e-6,5.650789339093323e-9,5.650789339093323e-9,0.0,0.0,0.0,3.0173561573028564,96,ok,ok,ok,7,7,7,not_run
f3,KAN,B4,2021.08.15,true,96,28.0,30.45670986175537,30.744468711853028,7,95,184.0,197.75,210.10000000000002,0.0,0.0,0.0,3.534694539890751e-9,1.0942203221474221e-11,1.0942203221474221e-11,0.0,0.0,0.0,1.723345160484314,96,ok,ok,ok,7,7,7,not_run
f3,KAN,B4,2021.08.16,true,96,190.0,221.48635864257812,222.2099006729126,37,58,184.0,197.75,210.10000000000002,0.947,0.858,0.6815,0.9995896346002426,0.9995896346002426,0.9995896346002426,1.0,0.0,0.0,3.7863609790802,96,ok,ok,ok,7,7,7,not_run
f3,KAN,B4,2021.08.17,true,96,173.0,210.18372344970703,212.16068341827392,47,34,184.0,197.75,210.10000000000002,0.978,0.8105,0.502,0.9999555445045724,0.9998368659376652,0.9990984846653029,0.0,0.0,0.0,3.317747116088867,96,ok,ok,ok,7,7,7,not_run
f4,KAN,B4,2021.08.18,true,96,188.0,208.1537628173828,209.88710050964355,64,34,185.0,198.0,211.0,0.9905,0.7895,0.425,0.9999992336335655,0.9330773944108406,0.23997141561078358,1.0,0.0,0.0,3.7450339794158936,96,ok,ok,ok,7,7,7,not_run
f4,KAN,B4,2021.08.19,true,96,188.0,208.19097137451172,209.75143043518065,45,34,185.0,198.0,211.0,0.988,0.7935,0.4145,0.9999985414046993,0.9509021902273362,0.20642409545595045,1.0,0.0,0.0,3.75834059715271,96,ok,ok,ok,7,7,7,not_run
f4,KAN,B4,2021.08.20,true,96,193.0,207.84101104736328,209.860320350647,45,34,185.0,198.0,211.0,0.989,0.792,0.409,0.9999988525056426,0.9447895285343003,0.19020446178321165,1.0,0.0,0.0,3.844581365585327,96,ok,ok,ok,7,7,7,not_run
f4,KAN,B4,2021.08.21,true,96,110.0,120.07454299926758,123.83782024002075,23,8,185.0,198.0,211.0,0.0005,0.0,0.0,4.1647213905888825e-9,3.334739348572909e-56,3.334739348572909e-56,0.0,0.0,0.0,3.1590518951416016,96,ok,ok,ok,7,7,7,not_run
f4,KAN,B4,2021.08.22,true,96,27.0,30.292236328125,30.59363215827942,8,21,185.0,198.0,211.0,0.0,0.0,0.0,6.293296272970579e-10,3.334739348572909e-56,3.334739348572909e-56,0.0,0.0,0.0,1.720174789428711,96,ok,ok,ok,7,7,7,not_run
f4,KAN,B4,2021.08.23,true,96,196.0,207.81748962402344,209.59005806732176,63,34,185.0,198.0,211.0,0.9845,0.7875,0.421,0.9999970415904643,0.9221803005005973,0.22679458580671702,1.0,0.0,0.0,3.7964484691619873,96,ok,ok,ok,7,7,7,not_run
f4,KAN,B4,2021.08.24,true,96,201.0,207.38933563232422,209.25733392333984,63,34,185.0,198.0,211.0,0.987,0.7835,0.3995,0.9999981808349336,0.895711188957476,0.16438014538749346,1.0,1.0,0.0,3.6127872467041016,96,ok,ok,ok,7,7,7,not_run
f4,KAN,B4,2021.08.25,true,96,189.0,208.07752990722656,209.9596040725708,43,34,185.0,198.0,211.0,0.9905,0.7915,0.4205,0.9999992336335655,0.9426051844289662,0.22518164112792982,1.0,0.0,0.0,3.7368686199188232,96,ok,ok,ok,7,7,7,not_run
f4,KAN,B4,2021.08.26,true,96,202.0,207.51053619384766,209.46007468414308,62,34,185.0,198.0,211.0,0.99,0.772,0.398,0.9999991174384534,0.7769959390616429,0.1605537160018644,1.0,1.0,0.0,3.7129716873168945,96,ok,ok,ok,7,7,7,not_run
f4,KAN,B4,2021.08.27,true,96,190.0,208.51210021972656,210.0650408859253,34,34,185.0,198.0,211.0,0.9915,0.8105,0.4315,0.9999994355894739,0.9880599390127501,0.26240357176541873,1.0,0.0,0.0,3.6275081634521484,96,ok,ok,ok,7,7,7,not_run
f4,KAN,B4,2021.08.28,false,70,119.0,119.93312072753906,123.85047671890258,9,8,185.0,198.0,211.0,0.001,0.0,0.0,2.757972648224471e-8,3.334739348572909e-56,3.334739348572909e-56,NaN,NaN,NaN,3.524165153503418,70,ok,ok,ok,7,7,7,not_run
f4,KAN,B4,2021.08.29,false,50,41.0,28.48997211456299,28.935430311203003,46,0,185.0,198.0,211.0,0.0,0.0,0.0,6.293296272970579e-10,3.334739348572909e-56,3.334739348572909e-56,NaN,NaN,NaN,2.0264904499053955,50,ok,ok,ok,7,7,7,not_run
f4,KAN,B4,2021.08.30,true,96,186.0,207.66114807128906,209.55618950653076,42,34,185.0,198.0,211.0,0.988,0.7885,0.4025,0.9999985414046993,0.9278088383544102,0.1722372406812117,1.0,0.0,0.0,3.7286529541015625,96,ok,ok,ok,7,7,7,not_run
f4,KAN,B4,2021.08.31,true,96,187.0,207.1630859375,209.4448518676758,41,34,185.0,198.0,211.0,0.9875,0.7845,0.3895,0.9999983675084148,0.902956873465745,0.14013510727710846,1.0,0.0,0.0,3.8103199005126953,96,ok,ok,ok,7,7,7,not_run
