fold,date,weekday,kind,month,obs_peak,ratchet_floor,could_move_ratchet,rho,w,peak_before,peak_after,moved,moved_frac,labor_before,labor_after,P_robust,recommended,dkW_median,dkW_lo90,dkW_hi90,d_energy_won,d_demand_equiv_won,d_total_won,d_total_mean_won
f1,2021-07-07,2,3,7,187.0,222.0,false,0.1,0.0,173.4354413743893,173.43589549800217,5.000000000000728,0.00025763899623850817,23517.0,23516.317242825007,0.0,false,-0.0004994060880676443,-0.0008684660477911166,-0.0002460039236495959,-14.525313271082258,0.13850195509076002,-14.374800001262763,-14.945229042723993
f1,2021-07-07,2,3,7,187.0,222.0,false,0.1,0.5,173.4354413743893,173.43588466801333,5.009549802837174,0.00025813107656191966,23517.0,23516.341869529428,0.0,false,-0.0004854017638251662,-0.0008459713827164705,-0.00024006844286645905,-14.330262174206148,0.13461808916751275,-14.183215162793072,-14.780523758265296
f1,2021-07-07,2,3,7,187.0,222.0,false,0.1,2.0,173.4354413743893,173.43586625583453,5.000000000000664,0.00025763899623850486,23517.0,23516.354605268672,0.0,false,-0.0004668343253797502,-0.0008162516204208714,-0.00022998032505938681,-14.57142301354859,0.12946871957198405,-14.43070444606654,-14.994040664690164
f1,2021-07-07,2,3,7,187.0,222.0,false,0.1,10.0,173.4354413743893,173.43578817597023,5.000000000000959,0.0002576389962385201,23517.0,23516.465145196948,0.0,false,-0.00038019447578108156,-0.0006705465069671845,-0.0001926849110546415,-14.295731189197781,0.10544060128328661,-14.180756451274076,-14.780329749623586
f1,2021-07-07,2,3,7,187.0,222.0,false,0.2,0.0,173.4354413743893,173.43589549800217,5.000000000000728,0.00025763899623850817,23517.0,23516.317242825007,0.0,false,-0.0004994060880676443,-0.0008684660477911166,-0.0002460039236495959,-14.525313271082258,0.13850195509076002,-14.374800001262763,-14.945229042723993
f1,2021-07-07,2,3,7,187.0,222.0,false,0.2,0.5,173.4354413743893,173.43588466801333,5.009549802837174,0.00025813107656191966,23517.0,23516.341869529428,0.0,false,-0.0004854017638251662,-0.0008459713827164705,-0.00024006844286645905,-14.330262174206148,0.13461808916751275,-14.183215162793072,-14.780523758265296
f1,2021-07-07,2,3,7,187.0,222.0,false,0.2,2.0,173.4354413743893,173.43586625583453,5.000000000000664,0.00025763899623850486,23517.0,23516.354605268672,0.0,false,-0.0004668343253797502,-0.0008162516204208714,-0.00022998032505938681,-14.57142301354859,0.12946871957198405,-14.43070444606654,-14.994040664690164
f1,2021-07-07,2,3,7,187.0,222.0,false,0.2,10.0,173.4354413743893,173.43578817597023,5.000000000000959,0.0002576389962385201,23517.0,23516.465145196948,0.0,false,-0.00038019447578108156,-0.0006705465069671845,-0.0001926849110546415,-14.295731189197781,0.10544060128328661,-14.180756451274076,-14.780329749623586
f1,2021-07-07,2,3,7,187.0,222.0,false,0.3,0.0,173.4354413743893,173.43589549800217,5.000000000000728,0.00025763899623850817,23517.0,23516.317242825007,0.0,false,-0.0004994060880676443,-0.0008684660477911166,-0.0002460039236495959,-14.525313271082258,0.13850195509076002,-14.374800001262763,-14.945229042723993
f1,2021-07-07,2,3,7,187.0,222.0,false,0.3,0.5,173.4354413743893,173.43588466801333,5.009549802837174,0.00025813107656191966,23517.0,23516.341869529428,0.0,false,-0.0004854017638251662,-0.0008459713827164705,-0.00024006844286645905,-14.330262174206148,0.13461808916751275,-14.183215162793072,-14.780523758265296
f1,2021-07-07,2,3,7,187.0,222.0,false,0.3,2.0,173.4354413743893,173.43586625583453,5.000000000000664,0.00025763899623850486,23517.0,23516.354605268672,0.0,false,-0.0004668343253797502,-0.0008162516204208714,-0.00022998032505938681,-14.57142301354859,0.12946871957198405,-14.43070444606654,-14.994040664690164
f1,2021-07-07,2,3,7,187.0,222.0,false,0.3,10.0,173.4354413743893,173.43578817597023,5.000000000000959,0.0002576389962385201,23517.0,23516.465145196948,0.0,false,-0.00038019447578108156,-0.0006705465069671845,-0.0001926849110546415,-14.295731189197781,0.10544060128328661,-14.180756451274076,-14.780329749623586
f1,2021-07-08,3,3,7,201.0,222.0,false,0.1,0.0,173.41298150785525,173.4149400326994,32.000000000002125,0.0016394282493981313,25537.5,25529.392639664824,0.0,false,-0.004826126978969114,-0.011406853115232707,-0.0013463377024109512,-1019.5127750897981,1.3384458821674343,-1017.7751944834638,-1044.372672495973
f1,2021-07-08,3,3,7,201.0,222.0,false,0.1,0.5,173.41298150785525,173.41492715475306,32.000000000001755,0.0016394282493981123,25537.5,25529.45546764895,0.0,false,-0.004792020743565217,-0.011277133434049347,-0.001337258405958155,-1019.6131547434835,1.3289870862154203,-1017.8969374172025,-1044.489998073007
f1,2021-07-08,3,3,7,201.0,222.0,false,0.1,2.0,173.41298150785525,173.41489663458108,32.00000000000095,0.0016394282493980713,25537.5,25529.61223531703,0.0,false,-0.004707520897142103,-0.010920191064400342,-0.0013153730772785385,-1019.9099214988757,1.3055524621407433,-1018.2531121571378,-1044.8325780023165
f1,2021-07-08,3,3,7,201.0,222.0,false,0.1,10.0,173.41298150785525,173.41487941667137,32.00000000000127,0.0016394282493980875,25537.5,25529.773107325906,0.0,false,-0.004626699103738474,-0.010304149753949332,-0.0012997049900661764,-1020.6769583226329,1.2831378847701367,-1019.13386617228,-1045.6775850029312
f1,2021-07-08,3,3,7,201.0,222.0,false,0.2,0.0,173.41298150785525,173.4149400326994,32.000000000002125,0.0016394282493981313,25537.5,25529.392639664824,0.0,false,-0.004826126978969114,-0.011406853115232707,-0.0013463377024109512,-1019.5127750897981,1.3384458821674343,-1017.7751944834638,-1044.372672495973
f1,2021-07-08,3,3,7,201.0,222.0,false,0.2,0.5,173.41298150785525,173.41492715475306,32.000000000001755,0.0016394282493981123,25537.5,25529.45546764895,0.0,false,-0.004792020743565217,-0.011277133434049347,-0.001337258405958155,-1019.6131547434835,1.3289870862154203,-1017.8969374172025,-1044.489998073007
f1,2021-07-08,3,3,7,201.0,222.0,false,0.2,2.0,173.41298150785525,173.41489663458108,32.00000000000095,0.0016394282493980713,25537.5,25529.61223531703,0.0,false,-0.004707520897142103,-0.010920191064400342,-0.0013153730772785385,-1019.9099214988757,1.3055524621407433,-1018.2531121571378,-1044.8325780023165
f1,2021-07-08,3,3,7,201.0,222.0,false,0.2,10.0,173.41298150785525,173.41487941667137,32.00000000000127,0.0016394282493980875,25537.5,25529.773107325906,0.0,false,-0.004626699103738474,-0.010304149753949332,-0.0012997049900661764,-1020.6769583226329,1.2831378847701367,-1019.13386617228,-1045.6775850029312
f1,2021-07-08,3,3,7,201.0,222.0,false,0.3,0.0,173.41298150785525,173.4149400326994,32.000000000002125,0.0016394282493981313,25537.5,25529.392639664824,0.0,false,-0.004826126978969114,-0.011406853115232707,-0.0013463377024109512,-1019.5127750897981,1.3384458821674343,-1017.7751944834638,-1044.372672495973
f1,2021-07-08,3,3,7,201.0,222.0,false,0.3,0.5,173.41298150785525,173.41492715475306,32.000000000001755,0.0016394282493981123,25537.5,25529.45546764895,0.0,false,-0.004792020743565217,-0.011277133434049347,-0.001337258405958155,-1019.6131547434835,1.3289870862154203,-1017.8969374172025,-1044.489998073007
f1,2021-07-08,3,3,7,201.0,222.0,false,0.3,2.0,173.41298150785525,173.41489663458108,32.00000000000095,0.0016394282493980713,25537.5,25529.61223531703,0.0,false,-0.004707520897142103,-0.010920191064400342,-0.0013153730772785385,-1019.9099214988757,1.3055524621407433,-1018.2531121571378,-1044.8325780023165
f1,2021-07-08,3,3,7,201.0,222.0,false,0.3,10.0,173.41298150785525,173.41487941667137,32.00000000000127,0.0016394282493980875,25537.5,25529.773107325906,0.0,false,-0.004626699103738474,-0.010304149753949332,-0.0012997049900661764,-1020.6769583226329,1.2831378847701367,-1019.13386617228,-1045.6775850029312
f1,2021-07-09,4,2,7,192.0,222.0,false,0.1,0.0,175.9248868223582,175.9186237371209,193.82698138480254,0.011727898673976072,19611.5,19634.43973692691,1.0,true,0.005777854757127443,0.0036455981635299395,0.020645457012676616,-1130.8117568128719,-1.6023917193100108,-1135.2229259214428,-1118.0717624898007
f1,2021-07-09,4,2,7,192.0,222.0,false,0.1,0.5,175.9248868223582,175.91721182716583,197.91850090111282,0.0119754644461253,19611.5,19639.15923904887,1.0,true,0.007022442752884217,0.004437225056022953,0.018261551290464695,-1125.4458361891166,-1.9475574567998895,-1128.2045250676886,-1109.384459283412
f1,2021-07-09,4,2,7,192.0,222.0,false,0.1,2.0,175.9248868223582,175.91074516190415,222.76922902088094,0.013479108671923576,19611.5,19660.81326299089,1.0,true,0.012096262301582783,0.007907651074835088,0.019448228306941928,-1082.8923484991387,-3.3546967449722915,-1085.9386182811418,-1069.3178279646474
f1,2021-07-09,4,2,7,192.0,222.0,false,0.1,10.0,175.9248868223582,175.91767255122218,139.93476439785564,0.008467039656190212,19611.5,19635.410297093415,1.0,true,0.005847648322443888,0.0010688794780264743,0.010078276092144733,-877.2281612566105,-1.6217478014244382,-877.4929678254138,-866.3321907221112
f1,2021-07-09,4,2,7,192.0,222.0,false,0.2,0.0,175.9248868223582,175.9186237371209,193.82698138480254,0.011727898673976072,19611.5,19634.43973692691,1.0,true,0.005777854757127443,0.0036455981635299395,0.020645457012676616,-1130.8117568128719,-1.6023917193100108,-1135.2229259214428,-1118.0717624898007
f1,2021-07-09,4,2,7,192.0,222.0,false,0.2,0.5,175.9248868223582,175.91721182716583,197.91850090111282,0.0119754644461253,19611.5,19639.15923904887,1.0,true,0.007022442752884217,0.004437225056022953,0.018261551290464695,-1125.4458361891166,-1.9475574567998895,-1128.2045250676886,-1109.384459283412
f1,2021-07-09,4,2,7,192.0,222.0,false,0.2,2.0,175.9248868223582,175.91074516190415,222.76922902088094,0.013479108671923576,19611.5,19660.81326299089,1.0,true,0.012096262301582783,0.007907651074835088,0.019448228306941928,-1082.8923484991387,-3.3546967449722915,-1085.9386182811418,-1069.3178279646474
f1,2021-07-09,4,2,7,192.0,222.0,false,0.2,10.0,175.9248868223582,175.91767255122218,139.93476439785564,0.008467039656190212,19611.5,19635.410297093415,1.0,true,0.005847648322443888,0.0010688794780264743,0.010078276092144733,-877.2281612566105,-1.6217478014244382,-877.4929678254138,-866.3321907221112
f1,2021-07-09,4,2,7,192.0,222.0,false,0.3,0.0,175.9248868223582,175.9186237371209,193.82698138480254,0.011727898673976072,19611.5,19634.43973692691,1.0,true,0.005777854757127443,0.0036455981635299395,0.020645457012676616,-1130.8117568128719,-1.6023917193100108,-1135.2229259214428,-1118.0717624898007
f1,2021-07-09,4,2,7,192.0,222.0,false,0.3,0.5,175.9248868223582,175.91721182716583,197.91850090111282,0.0119754644461253,19611.5,19639.15923904887,1.0,true,0.007022442752884217,0.004437225056022953,0.018261551290464695,-1125.4458361891166,-1.9475574567998895,-1128.2045250676886,-1109.384459283412
f1,2021-07-09,4,2,7,192.0,222.0,false,0.3,2.0,175.9248868223582,175.91074516190415,222.76922902088094,0.013479108671923576,19611.5,19660.81326299089,1.0,true,0.012096262301582783,0.007907651074835088,0.019448228306941928,-1082.8923484991387,-3.3546967449722915,-1085.9386182811418,-1069.3178279646474
f1,2021-07-09,4,2,7,192.0,222.0,false,0.3,10.0,175.9248868223582,175.91767255122218,139.93476439785564,0.008467039656190212,19611.5,19635.410297093415,1.0,true,0.005847648322443888,0.0010688794780264743,0.010078276092144733,-877.2281612566105,-1.6217478014244382,-877.4929678254138,-866.3321907221112
f1,2021-07-10,5,1,7,32.0,222.0,false,0.1,0.0,21.797882209927366,21.797882209927366,0.24760859118361545,0.0005084365322045491,730.5,730.5000000000001,0.0,false,0.0,0.0,0.0,-1.1802100922613514,0.0,-1.175479915275559,-1.4425070544747838
f1,2021-07-10,5,1,7,32.0,222.0,false,0.1,0.5,21.797882209927366,21.797882209927366,0.2476085947290212,0.0005084365394846431,730.5,730.5000000000001,0.0,false,0.0,0.0,0.0,-1.180210109511874,0.0,-1.1754799324568599,-1.4425070755613738
f1,2021-07-10,5,1,7,32.0,222.0,false,0.1,2.0,21.797882209927366,21.797882209927366,0.247608757998933,0.0005084368747411356,730.5,730.5,0.0,false,0.0,0.0,0.0,-1.180210903926315,0.0,-1.1754807236634477,-1.4425080466355817
f1,2021-07-10,5,1,7,32.0,222.0,false,0.1,10.0,21.797882209927366,21.797882209927366,0.24760891981534483,0.0005084372070130284,730.5,730.5,0.0,false,0.0,0.0,0.0,-1.180211691267394,0.0,-1.1754815078263796,-1.4425090090645392
f1,2021-07-10,5,1,7,32.0,222.0,false,0.2,0.0,21.797882209927366,21.797882209927366,0.24760859118361545,0.0005084365322045491,730.5,730.5000000000001,0.0,false,0.0,0.0,0.0,-1.1802100922613514,0.0,-1.175479915275559,-1.4425070544747838
f1,2021-07-10,5,1,7,32.0,222.0,false,0.2,0.5,21.797882209927366,21.797882209927366,0.2476085947290212,0.0005084365394846431,730.5,730.5000000000001,0.0,false,0.0,0.0,0.0,-1.180210109511874,0.0,-1.1754799324568599,-1.4425070755613738
f1,2021-07-10,5,1,7,32.0,222.0,false,0.2,2.0,21.797882209927366,21.797882209927366,0.247608757998933,0.0005084368747411356,730.5,730.5,0.0,false,0.0,0.0,0.0,-1.180210903926315,0.0,-1.1754807236634477,-1.4425080466355817
f1,2021-07-10,5,1,7,32.0,222.0,false,0.2,10.0,21.797882209927366,21.797882209927366,0.24760891981534483,0.0005084372070130284,730.5,730.5,0.0,false,0.0,0.0,0.0,-1.180211691267394,0.0,-1.1754815078263796,-1.4425090090645392
f1,2021-07-10,5,1,7,32.0,222.0,false,0.3,0.0,21.797882209927366,21.797882209927366,0.24760859118361545,0.0005084365322045491,730.5,730.5000000000001,0.0,false,0.0,0.0,0.0,-1.1802100922613514,0.0,-1.175479915275559,-1.4425070544747838
f1,2021-07-10,5,1,7,32.0,222.0,false,0.3,0.5,21.797882209927366,21.797882209927366,0.2476085947290212,0.0005084365394846431,730.5,730.5000000000001,0.0,false,0.0,0.0,0.0,-1.180210109511874,0.0,-1.1754799324568599,-1.4425070755613738
f1,2021-07-10,5,1,7,32.0,222.0,false,0.3,2.0,21.797882209927366,21.797882209927366,0.247608757998933,0.0005084368747411356,730.5,730.5,0.0,false,0.0,0.0,0.0,-1.180210903926315,0.0,-1.1754807236634477,-1.4425080466355817
f1,2021-07-10,5,1,7,32.0,222.0,false,0.3,10.0,21.797882209927366,21.797882209927366,0.24760891981534483,0.0005084372070130284,730.5,730.5,0.0,false,0.0,0.0,0.0,-1.180211691267394,0.0,-1.1754815078263796,-1.4425090090645392
f1,2021-07-12,0,2,7,195.0,222.0,false,0.1,0.0,174.9017588591726,174.90527523842866,34.023129891358,0.0019963110890898316,19435.0,19424.415952889576,0.0,false,-0.003101763837520366,-0.00806174017161112,-0.001811034412621382,-654.7392754284333,0.8602225042723147,-653.3713814914172,-675.8370780074096
f1,2021-07-12,0,2,7,195.0,222.0,false,0.1,0.5,174.9017588591726,174.9055598754483,34.02979232603694,0.0019967020082166838,19435.0,19423.490548772923,0.0,false,-0.0033376849295621014,-0.00875818714141161,-0.0019548170351754387,-654.1871337731848,0.9256512871318894,-652.831640674833,-675.9131578467507
f1,2021-07-12,0,2,7,195.0,222.0,false,0.1,2.0,174.9017588591726,174.90645271145132,35.71619361204044,0.0020956517990987763,19435.0,19420.58292441907,0.0,false,-0.004068744174389849,-0.011107849048006812,-0.0023764612939046986,-652.4631464052607,1.128398384364118,-651.1376428303956,-676.3214925693334
f1,2021-07-12,0,2,7,195.0,222.0,false,0.1,10.0,174.9017588591726,174.93624331155837,222.23538690804867,0.01303968708021174,19435.0,19323.88230654598,0.027,false,-0.029019513618266046,-0.08706442993977248,-0.009815209129992326,-944.259457126514,8.048078443465783,-934.342837763011,-945.0418779348624
f1,2021-07-12,0,2,7,195.0,222.0,false,0.2,0.0,174.9017588591726,174.90527523842866,34.023129891358,0.0019963110890898316,19435.0,19424.415952889576,0.0,false,-0.003101763837520366,-0.00806174017161112,-0.001811034412621382,-654.7392754284333,0.8602225042723147,-653.3713814914172,-675.8370780074096
f1,2021-07-12,0,2,7,195.0,222.0,false,0.2,0.5,174.9017588591726,174.9055598754483,34.02979232603694,0.0019967020082166838,19435.0,19423.490548772923,0.0,false,-0.0033376849295621014,-0.00875818714141161,-0.0019548170351754387,-654.1871337731848,0.9256512871318894,-652.831640674833,-675.9131578467507
f1,2021-07-12,0,2,7,195.0,222.0,false,0.2,2.0,174.9017588591726,174.90645271145132,35.71619361204044,0.0020956517990987763,19435.0,19420.58292441907,0.0,false,-0.004068744174389849,-0.011107849048006812,-0.0023764612939046986,-652.4631464052607,1.128398384364118,-651.1376428303956,-676.3214925693334
f1,2021-07-12,0,2,7,195.0,222.0,false,0.2,10.0,174.9017588591726,174.93624331155837,222.23538690804867,0.01303968708021174,19435.0,19323.88230654598,0.027,false,-0.029019513618266046,-0.08706442993977248,-0.009815209129992326,-944.259457126514,8.048078443465783,-934.342837763011,-945.0418779348624
f1,2021-07-12,0,2,7,195.0,222.0,false,0.3,0.0,174.9017588591726,174.90527523842866,34.023129891358,0.0019963110890898316,19435.0,19424.415952889576,0.0,false,-0.003101763837520366,-0.00806174017161112,-0.001811034412621382,-654.7392754284333,0.8602225042723147,-653.3713814914172,-675.8370780074096
f1,2021-07-12,0,2,7,195.0,222.0,false,0.3,0.5,174.9017588591726,174.9055598754483,34.02979232603694,0.0019967020082166838,19435.0,19423.490548772923,0.0,false,-0.0033376849295621014,-0.00875818714141161,-0.0019548170351754387,-654.1871337731848,0.9256512871318894,-652.831640674833,-675.9131578467507
f1,2021-07-12,0,2,7,195.0,222.0,false,0.3,2.0,174.9017588591726,174.90645271145132,35.71619361204044,0.0020956517990987763,19435.0,19420.58292441907,0.0,false,-0.004068744174389849,-0.011107849048006812,-0.0023764612939046986,-652.4631464052607,1.128398384364118,-651.1376428303956,-676.3214925693334
f1,2021-07-12,0,2,7,195.0,222.0,false,0.3,10.0,174.9017588591726,174.93624331155837,222.23538690804867,0.01303968708021174,19435.0,19323.88230654598,0.027,false,-0.029019513618266046,-0.08706442993977248,-0.009815209129992326,-944.259457126514,8.048078443465783,-934.342837763011,-945.0418779348624
f1,2021-07-14,2,3,7,195.0,222.0,false,0.1,0.0,176.22983352777555,176.24414380813752,136.91189132178656,0.007935541141933957,19605.0,19575.750859540887,0.0,false,-0.015098652180199679,-0.023462736013840413,-0.008165610080595798,-2236.7373299577766,4.187359537975377,-2231.8182180147314,-2321.3589882642113
f1,2021-07-14,2,3,7,195.0,222.0,false,0.1,0.5,176.22983352777555,176.24582446638107,136.8709185425832,0.007933166321369223,19605.0,19575.07616190986,0.0,false,-0.017077191731644348,-0.028321690517003617,-0.00822823381409421,-2235.967899944805,4.7360745069093655,-2230.187796489019,-2319.91277046723
f1,2021-07-14,2,3,7,195.0,222.0,false,0.1,2.0,176.22983352777555,176.25840067771264,179.00000000000026,0.010375007245116806,19605.0,19563.340156277598,0.0,false,-0.032282692037654215,-0.05934780744070167,-0.010864492809105286,-3165.8710956395435,8.953066591776102,-3153.4613716834024,-3100.090290735024
f1,2021-07-14,2,3,7,195.0,222.0,false,0.1,10.0,176.22983352777555,176.26956993216538,181.99124859480835,0.010548382808485964,19605.0,19548.097786247577,0.0,false,-0.04499619529482857,-0.0834009355715466,-0.013671291726637946,-3174.7445826998974,12.478944828432455,-3157.327480048119,-3106.138913058461
f1,2021-07-14,2,3,7,195.0,222.0,false,0.2,0.0,176.22983352777555,176.24414380813752,136.91189132178656,0.007935541141933957,19605.0,19575.750859540887,0.0,false,-0.015098652180199679,-0.023462736013840413,-0.008165610080595798,-2236.7373299577766,4.187359537975377,-2231.8182180147314,-2321.3589882642113
f1,2021-07-14,2,3,7,195.0,222.0,false,0.2,0.5,176.22983352777555,176.24582446638107,136.8709185425832,0.007933166321369223,19605.0,19575.07616190986,0.0,false,-0.017077191731644348,-0.028321690517003617,-0.00822823381409421,-2235.967899944805,4.7360745069093655,-2230.187796489019,-2319.91277046723
f1,2021-07-14,2,3,7,195.0,222.0,false,0.2,2.0,176.22983352777555,176.25840067771264,179.00000000000026,0.010375007245116806,19605.0,19563.340156277598,0.0,false,-0.032282692037654215,-0.05934780744070167,-0.010864492809105286,-3165.8710956395435,8.953066591776102,-3153.4613716834024,-3100.090290735024
f1,2021-07-14,2,3,7,195.0,222.0,false,0.2,10.0,176.22983352777555,176.26956993216538,181.99124859480835,0.010548382808485964,19605.0,19548.097786247577,0.0,false,-0.04499619529482857,-0.0834009355715466,-0.013671291726637946,-3174.7445826998974,12.478944828432455,-3157.327480048119,-3106.138913058461
f1,2021-07-14,2,3,7,195.0,222.0,false,0.3,0.0,176.22983352777555,176.24414380813752,136.91189132178656,0.007935541141933957,19605.0,19575.750859540887,0.0,false,-0.015098652180199679,-0.023462736013840413,-0.008165610080595798,-2236.7373299577766,4.187359537975377,-2231.8182180147314,-2321.3589882642113
f1,2021-07-14,2,3,7,195.0,222.0,false,0.3,0.5,176.22983352777555,176.24582446638107,136.8709185425832,0.007933166321369223,19605.0,19575.07616190986,0.0,false,-0.017077191731644348,-0.028321690517003617,-0.00822823381409421,-2235.967899944805,4.7360745069093655,-2230.187796489019,-2319.91277046723
f1,2021-07-14,2,3,7,195.0,222.0,false,0.3,2.0,176.22983352777555,176.25840067771264,179.00000000000026,0.010375007245116806,19605.0,19563.340156277598,0.0,false,-0.032282692037654215,-0.05934780744070167,-0.010864492809105286,-3165.8710956395435,8.953066591776102,-3153.4613716834024,-3100.090290735024
f1,2021-07-14,2,3,7,195.0,222.0,false,0.3,10.0,176.22983352777555,176.26956993216538,181.99124859480835,0.010548382808485964,19605.0,19548.097786247577,0.0,false,-0.04499619529482857,-0.0834009355715466,-0.013671291726637946,-3174.7445826998974,12.478944828432455,-3157.327480048119,-3106.138913058461
f1,2021-07-16,4,3,7,197.0,222.0,false,0.1,0.0,177.1850365089343,177.19590901161197,157.00003885626532,0.006431264904811786,26837.0,26806.038490506682,0.0,false,-0.011431442472826348,-0.020301256725417716,-0.004206619984074678,-2565.1844125149564,3.1703200457971734,-2561.505635173843,-2582.2647245060643
f1,2021-07-16,4,3,7,197.0,222.0,false,0.1,0.5,177.1850365089343,177.1965787106821,157.00000000000188,0.00643126331312477,26837.0,26804.561581435446,0.0,false,-0.01212988617277233,-0.021729737574048613,-0.004404388196348918,-2565.527311393417,3.3640217652488595,-2561.591534643202,-2582.422234443921
f1,2021-07-16,4,3,7,197.0,222.0,false,0.1,2.0,177.1850365089343,177.2050091088808,218.2884249098635,0.008941849291736175,26837.0,26784.07251996504,0.0,false,-0.021212233306556527,-0.03895663006653649,-0.007031654032005008,-2614.5381903103716,5.882859370351676,-2607.4974082329923,-2638.4288723095624
f1,2021-07-16,4,3,7,197.0,222.0,false,0.1,10.0,177.1850365089343,177.26450419712407,414.10330930771914,0.016963104592320137,26837.0,26629.949345211742,0.0,false,-0.08521604951704376,-0.1579040946883481,-0.022917920151371618,-2644.8272718045228,23.633251066060133,-2616.640347513223,-2649.4532937029267
f1,2021-07-16,4,3,7,197.0,222.0,false,0.2,0.0,177.1850365089343,177.19590901161197,157.00003885626532,0.006431264904811786,26837.0,26806.038490506682,0.0,false,-0.011431442472826348,-0.020301256725417716,-0.004206619984074678,-2565.1844125149564,3.1703200457971734,-2561.505635173843,-2582.2647245060643
f1,2021-07-16,4,3,7,197.0,222.0,false,0.2,0.5,177.1850365089343,177.1965787106821,157.00000000000188,0.00643126331312477,26837.0,26804.561581435446,0.0,false,-0.01212988617277233,-0.021729737574048613,-0.004404388196348918,-2565.527311393417,3.3640217652488595,-2561.591534643202,-2582.422234443921
f1,2021-07-16,4,3,7,197.0,222.0,false,0.2,2.0,177.1850365089343,177.2050091088808,218.2884249098635,0.008941849291736175,26837.0,26784.07251996504,0.0,false,-0.021212233306556527,-0.03895663006653649,-0.007031654032005008,-2614.5381903103716,5.882859370351676,-2607.4974082329923,-2638.4288723095624
f1,2021-07-16,4,3,7,197.0,222.0,false,0.2,10.0,177.1850365089343,177.26450419712407,414.10330930771914,0.016963104592320137,26837.0,26629.949345211742,0.0,false,-0.08521604951704376,-0.1579040946883481,-0.022917920151371618,-2644.8272718045228,23.633251066060133,-2616.640347513223,-2649.4532937029267
f1,2021-07-16,4,3,7,197.0,222.0,false,0.3,0.0,177.1850365089343,177.19590901161197,157.00003885626532,0.006431264904811786,26837.0,26806.038490506682,0.0,false,-0.011431442472826348,-0.020301256725417716,-0.004206619984074678,-2565.1844125149564,3.1703200457971734,-2561.505635173843,-2582.2647245060643
f1,2021-07-16,4,3,7,197.0,222.0,false,0.3,0.5,177.1850365089343,177.1965787106821,157.00000000000188,0.00643126331312477,26837.0,26804.561581435446,0.0,false,-0.01212988617277233,-0.021729737574048613,-0.004404388196348918,-2565.527311393417,3.3640217652488595,-2561.591534643202,-2582.422234443921
f1,2021-07-16,4,3,7,197.0,222.0,false,0.3,2.0,177.1850365089343,177.2050091088808,218.2884249098635,0.008941849291736175,26837.0,26784.07251996504,0.0,false,-0.021212233306556527,-0.03895663006653649,-0.007031654032005008,-2614.5381903103716,5.882859370351676,-2607.4974082329923,-2638.4288723095624
f1,2021-07-16,4,3,7,197.0,222.0,false,0.3,10.0,177.1850365089343,177.26450419712407,414.10330930771914,0.016963104592320137,26837.0,26629.949345211742,0.0,false,-0.08521604951704376,-0.1579040946883481,-0.022917920151371618,-2644.8272718045228,23.633251066060133,-2616.640347513223,-2649.4532937029267
f1,2021-07-17,5,1,7,28.0,222.0,false,0.1,0.0,21.784587978855246,21.784587978855246,53.94979608947137,0.02889651638429104,2800.5,2800.5000000000005,0.008,false,0.0,0.0,0.0,-300.15134341680175,0.0,-300.890194537398,-298.0025074142188
f1,2021-07-17,5,1,7,28.0,222.0,false,0.1,0.5,21.784587978855246,21.784587978855246,53.94979608947138,0.028896516384291044,2800.5,2800.5000000000005,0.008,false,0.0,0.0,0.0,-300.15134341680175,0.0,-300.890194537398,-298.0025074142188
f1,2021-07-17,5,1,7,28.0,222.0,false,0.1,2.0,21.784587978855246,21.784587978855246,53.94979608947124,0.02889651638429097,2800.5,2800.5000000000005,0.008,false,0.0,0.0,0.0,-300.15134341680175,0.0,-300.89019453739775,-298.00250741421877
f1,2021-07-17,5,1,7,28.0,222.0,false,0.1,10.0,21.784587978855246,21.784587978855246,53.949380552252364,0.02889629381481112,2800.5,2800.5,0.008,false,0.0,0.0,0.0,-300.1512753415216,0.0,-300.88999968116343,-298.0023986308884
f1,2021-07-17,5,1,7,28.0,222.0,false,0.2,0.0,21.784587978855246,21.784587978855246,53.94979608947137,0.02889651638429104,2800.5,2800.5000000000005,0.008,false,0.0,0.0,0.0,-300.15134341680175,0.0,-300.890194537398,-298.0025074142188
f1,2021-07-17,5,1,7,28.0,222.0,false,0.2,0.5,21.784587978855246,21.784587978855246,53.94979608947138,0.028896516384291044,2800.5,2800.5000000000005,0.008,false,0.0,0.0,0.0,-300.15134341680175,0.0,-300.890194537398,-298.0025074142188
f1,2021-07-17,5,1,7,28.0,222.0,false,0.2,2.0,21.784587978855246,21.784587978855246,53.94979608947124,0.02889651638429097,2800.5,2800.5000000000005,0.008,false,0.0,0.0,0.0,-300.15134341680175,0.0,-300.89019453739775,-298.00250741421877
f1,2021-07-17,5,1,7,28.0,222.0,false,0.2,10.0,21.784587978855246,21.784587978855246,53.949380552252364,0.02889629381481112,2800.5,2800.5,0.008,false,0.0,0.0,0.0,-300.1512753415216,0.0,-300.88999968116343,-298.0023986308884
f1,2021-07-17,5,1,7,28.0,222.0,false,0.3,0.0,21.784587978855246,21.784587978855246,53.94979608947137,0.02889651638429104,2800.5,2800.5000000000005,0.008,false,0.0,0.0,0.0,-300.15134341680175,0.0,-300.890194537398,-298.0025074142188
f1,2021-07-17,5,1,7,28.0,222.0,false,0.3,0.5,21.784587978855246,21.784587978855246,53.94979608947138,0.028896516384291044,2800.5,2800.5000000000005,0.008,false,0.0,0.0,0.0,-300.15134341680175,0.0,-300.890194537398,-298.0025074142188
f1,2021-07-17,5,1,7,28.0,222.0,false,0.3,2.0,21.784587978855246,21.784587978855246,53.94979608947124,0.02889651638429097,2800.5,2800.5000000000005,0.008,false,0.0,0.0,0.0,-300.15134341680175,0.0,-300.89019453739775,-298.00250741421877
f1,2021-07-17,5,1,7,28.0,222.0,false,0.3,10.0,21.784587978855246,21.784587978855246,53.949380552252364,0.02889629381481112,2800.5,2800.5,0.008,false,0.0,0.0,0.0,-300.1512753415216,0.0,-300.88999968116343,-298.0023986308884
f1,2021-07-19,0,2,7,222.0,214.0,true,0.1,0.0,174.87438396829347,174.87438396829347,0.0,0.0,15308.0,15308.0,0.0,false,0.0,0.0,0.0,0.0,0.0,0.0,0.0
f1,2021-07-19,0,2,7,222.0,214.0,true,0.1,0.5,174.87438396829347,174.87438396829347,0.0,0.0,15308.0,15308.0,0.0,false,0.0,0.0,0.0,0.0,0.0,0.0,0.0
f1,2021-07-19,0,2,7,222.0,214.0,true,0.1,2.0,174.87438396829347,174.87438396829347,0.0,0.0,15308.0,15308.0,0.0,false,0.0,0.0,0.0,0.0,0.0,0.0,0.0
f1,2021-07-19,0,2,7,222.0,214.0,true,0.1,10.0,174.87438396829347,174.87438401029326,0.0003913299867761566,2.88081556814014e-8,15308.0,15307.999900378436,0.0,false,-3.843138074444141e-8,-6.650954418319088e-8,-2.154376943508396e-8,-0.0006124447681206569,0.000010658302926458418,-0.0005984227978422279,-0.0005937684878925722
f1,2021-07-19,0,2,7,222.0,214.0,true,0.2,0.0,174.87438396829347,174.87438396829347,0.0,0.0,15308.0,15308.0,0.0,false,0.0,0.0,0.0,0.0,0.0,0.0,0.0
f1,2021-07-19,0,2,7,222.0,214.0,true,0.2,0.5,174.87438396829347,174.87438396829347,0.0,0.0,15308.0,15308.0,0.0,false,0.0,0.0,0.0,0.0,0.0,0.0,0.0
f1,2021-07-19,0,2,7,222.0,214.0,true,0.2,2.0,174.87438396829347,174.87438396829347,0.0,0.0,15308.0,15308.0,0.0,false,0.0,0.0,0.0,0.0,0.0,0.0,0.0
f1,2021-07-19,0,2,7,222.0,214.0,true,0.2,10.0,174.87438396829347,174.87438401029326,0.0003913299867761566,2.88081556814014e-8,15308.0,15307.999900378436,0.0,false,-3.843138074444141e-8,-6.650954418319088e-8,-2.154376943508396e-8,-0.0006124447681206569,0.000010658302926458418,-0.0005984227978422279,-0.0005937684878925722
f1,2021-07-19,0,2,7,222.0,214.0,true,0.3,0.0,174.87438396829347,174.87438396829347,0.0,0.0,15308.0,15308.0,0.0,false,0.0,0.0,0.0,0.0,0.0,0.0,0.0
f1,2021-07-19,0,2,7,222.0,214.0,true,0.3,0.5,174.87438396829347,174.87438396829347,0.0,0.0,15308.0,15308.0,0.0,false,0.0,0.0,0.0,0.0,0.0,0.0,0.0
f1,2021-07-19,0,2,7,222.0,214.0,true,0.3,2.0,174.87438396829347,174.87438396829347,0.0,0.0,15308.0,15308.0,0.0,false,0.0,0.0,0.0,0.0,0.0,0.0,0.0
f1,2021-07-19,0,2,7,222.0,214.0,true,0.3,10.0,174.87438396829347,174.87438401029326,0.0003913299867761566,2.88081556814014e-8,15308.0,15307.999900378436,0.0,false,-3.843138074444141e-8,-6.650954418319088e-8,-2.154376943508396e-8,-0.0006124447681206569,0.000010658302926458418,-0.0005984227978422279,-0.0005937684878925722
f1,2021-07-20,1,3,7,201.0,222.0,false,0.1,0.0,173.96303982928015,173.9630402629558,0.0034985604213417787,1.490461560661943e-7,30111.0,30110.999152271434,0.0,false,-3.2876110367396905e-7,-5.396430253767903e-7,-1.759233612119715e-7,-0.007618759172210953,0.00009117641275224742,-0.0074990669794727195,-0.0074804495190543135
f1,2021-07-20,1,3,7,201.0,222.0,false,0.1,0.5,173.96303982928015,173.963040328724,0.004062818117247957,1.7308474064874354e-7,30111.0,30110.999022428234,0.0,false,-3.786752529322257e-7,-6.214399377313384e-7,-2.0272761958040064e-7,-0.008797446061981871,0.00010501927014653725,-0.00869957286601141,-0.00867463048482203
f1,2021-07-20,1,3,7,201.0,222.0,false,0.1,2.0,173.96303982928015,173.96304061855102,0.006578012638577491,2.8023740632119843e-7,30111.0,30110.99844925177,0.0,false,-5.989980991216726e-7,-9.818429305141763e-7,-3.209491126199282e-7,-0.01424013492918057,0.00016612213948974386,-0.014094857750944132,-0.013984023204382506
f1,2021-07-20,1,3,7,201.0,222.0,false,0.1,10.0,173.96303982928015,173.96304837824368,0.08187562776463153,3.4880768442308838e-6,30111.0,30110.98292847713,0.0,false,-6.594047732733088e-6,-0.000010619416002555226,-3.5159970650511245e-6,-0.1591163773766592,0.0018287492378779764,-0.15800099460335715,-0.16486139713475803
f1,2021-07-20,1,3,7,201.0,222.0,false,0.2,0.0,173.96303982928015,173.9630402629558,0.0034985604213417787,1.490461560661943e-7,30111.0,30110.999152271434,0.0,false,-3.2876110367396905e-7,-5.396430253767903e-7,-1.759233612119715e-7,-0.007618759172210953,0.00009117641275224742,-0.0074990669794727195,-0.0074804495190543135
f1,2021-07-20,1,3,7,201.0,222.0,false,0.2,0.5,173.96303982928015,173.963040328724,0.004062818117247957,1.7308474064874354e-7,30111.0,30110.999022428234,0.0,false,-3.786752529322257e-7,-6.214399377313384e-7,-2.0272761958040064e-7,-0.008797446061981871,0.00010501927014653725,-0.00869957286601141,-0.00867463048482203
f1,2021-07-20,1,3,7,201.0,222.0,false,0.2,2.0,173.96303982928015,173.96304061855102,0.006578012638577491,2.8023740632119843e-7,30111.0,30110.99844925177,0.0,false,-5.989980991216726e-7,-9.818429305141763e-7,-3.209491126199282e-7,-0.01424013492918057,0.00016612213948974386,-0.014094857750944132,-0.013984023204382506
f1,2021-07-20,1,3,7,201.0,222.0,false,0.2,10.0,173.96303982928015,173.96304837824368,0.08187562776463153,3.4880768442308838e-6,30111.0,30110.98292847713,0.0,false,-6.594047732733088e-6,-0.000010619416002555226,-3.5159970650511245e-6,-0.1591163773766592,0.0018287492378779764,-0.15800099460335715,-0.16486139713475803
f1,2021-07-20,1,3,7,201.0,222.0,false,0.3,0.0,173.96303982928015,173.9630402629558,0.0034985604213417787,1.490461560661943e-7,30111.0,30110.999152271434,0.0,false,-3.2876110367396905e-7,-5.396430253767903e-7,-1.759233612119715e-7,-0.007618759172210953,0.00009117641275224742,-0.0074990669794727195,-0.0074804495190543135
f1,2021-07-20,1,3,7,201.0,222.0,false,0.3,0.5,173.96303982928015,173.963040328724,0.004062818117247957,1.7308474064874354e-7,30111.0,30110.999022428234,0.0,false,-3.786752529322257e-7,-6.214399377313384e-7,-2.0272761958040064e-7,-0.008797446061981871,0.00010501927014653725,-0.00869957286601141,-0.00867463048482203
f1,2021-07-20,1,3,7,201.0,222.0,false,0.3,2.0,173.96303982928015,173.96304061855102,0.006578012638577491,2.8023740632119843e-7,30111.0,30110.99844925177,0.0,false,-5.989980991216726e-7,-9.818429305141763e-7,-3.209491126199282e-7,-0.01424013492918057,0.00016612213948974386,-0.014094857750944132,-0.013984023204382506
f1,2021-07-20,1,3,7,201.0,222.0,false,0.3,10.0,173.96303982928015,173.96304837824368,0.08187562776463153,3.4880768442308838e-6,30111.0,30110.98292847713,0.0,false,-6.594047732733088e-6,-0.000010619416002555226,-3.5159970650511245e-6,-0.1591163773766592,0.0018287492378779764,-0.15800099460335715,-0.16486139713475803
f2,2021-07-21,2,3,7,214.0,222.0,false,0.1,0.0,185.41081371771352,185.41110895572584,6.000049015566006,0.00030831144419947616,23478.0,23476.848223040342,0.008,false,-0.00039224750506150485,-0.0005284674301435643,-0.0003027844108203226,-384.8055734184768,0.10878330807039067,-384.7074707809472,-402.51604659654527
f2,2021-07-21,2,3,7,214.0,222.0,false,0.1,0.5,185.41081371771352,185.41116990823633,6.000137980856707,0.00030831601566500726,23478.0,23476.787098973466,0.008,false,-0.0004598744892803097,-0.0006403150718767847,-0.00035382485569357414,-384.79334496503975,0.12753852502707255,-384.68191194433115,-402.4800092323468
f2,2021-07-21,2,3,7,214.0,222.0,false,0.1,2.0,185.41081371771352,185.411346000468,6.000000000001187,0.00030830892554345544,23478.0,23476.607274330567,0.008,false,-0.000645788552645854,-0.000973562705820541,-0.0004809736004432353,-384.76079745370384,0.1790986919337835,-384.61082025672204,-402.3790687093228
f2,2021-07-21,2,3,7,214.0,222.0,false,0.1,10.0,185.41081371771352,185.41217054157156,6.171629977722759,0.00031712810121385123,23478.0,23475.6938804704,0.008,false,-0.0015229028417422796,-0.0025396853649780836,-0.0009801377388214405,-384.6414420148409,0.42235172144319216,-384.30999379780735,-401.94652729748856
f2,2021-07-21,2,3,7,214.0,222.0,false,0.2,0.0,185.41081371771352,185.41110895572584,6.000049015566006,0.00030831144419947616,23478.0,23476.848223040342,0.008,false,-0.00039224750506150485,-0.0005284674301435643,-0.0003027844108203226,-384.8055734184768,0.10878330807039067,-384.7074707809472,-402.51604659654527
f2,2021-07-21,2,3,7,214.0,222.0,false,0.2,0.5,185.41081371771352,185.41116990823633,6.000137980856707,0.00030831601566500726,23478.0,23476.787098973466,0.008,false,-0.0004598744892803097,-0.0006403150718767847,-0.00035382485569357414,-384.79334496503975,0.12753852502707255,-384.68191194433115,-402.4800092323468
f2,2021-07-21,2,3,7,214.0,222.0,false,0.2,2.0,185.41081371771352,185.411346000468,6.000000000001187,0.00030830892554345544,23478.0,23476.607274330567,0.008,false,-0.000645788552645854,-0.000973562705820541,-0.0004809736004432353,-384.76079745370384,0.1790986919337835,-384.61082025672204,-402.3790687093228
f2,2021-07-21,2,3,7,214.0,222.0,false,0.2,10.0,185.41081371771352,185.41217054157156,6.171629977722759,0.00031712810121385123,23478.0,23475.6938804704,0.008,false,-0.0015229028417422796,-0.0025396853649780836,-0.0009801377388214405,-384.6414420148409,0.42235172144319216,-384.30999379780735,-401.94652729748856
f2,2021-07-21,2,3,7,214.0,222.0,false,0.3,0.0,185.41081371771352,185.41110895572584,6.000049015566006,0.00030831144419947616,23478.0,23476.848223040342,0.008,false,-0.00039224750506150485,-0.0005284674301435643,-0.0003027844108203226,-384.8055734184768,0.10878330807039067,-384.7074707809472,-402.51604659654527
f2,2021-07-21,2,3,7,214.0,222.0,false,0.3,0.5,185.41081371771352,185.41116990823633,6.000137980856707,0.00030831601566500726,23478.0,23476.787098973466,0.008,false,-0.0004598744892803097,-0.0006403150718767847,-0.00035382485569357414,-384.79334496503975,0.12753852502707255,-384.68191194433115,-402.4800092323468
f2,2021-07-21,2,3,7,214.0,222.0,false,0.3,2.0,185.41081371771352,185.411346000468,6.000000000001187,0.00030830892554345544,23478.0,23476.607274330567,0.008,false,-0.000645788552645854,-0.000973562705820541,-0.0004809736004432353,-384.76079745370384,0.1790986919337835,-384.61082025672204,-402.3790687093228
f2,2021-07-21,2,3,7,214.0,222.0,false,0.3,10.0,185.41081371771352,185.41217054157156,6.171629977722759,0.00031712810121385123,23478.0,23475.6938804704,0.008,false,-0.0015229028417422796,-0.0025396853649780836,-0.0009801377388214405,-384.6414420148409,0.42235172144319216,-384.30999379780735,-401.94652729748856
f2,2021-07-22,3,3,7,197.0,222.0,false,0.1,0.0,185.00733590919702,184.4221991927426,30.000000000000952,0.0018986140117714671,20459.5,20468.281509701697,1.0,true,0.6214197277724338,0.3109045396058434,1.2738486286353918,-580.5291723904602,-172.34040450222165,-745.2219783597428,-781.8476626730361
f2,2021-07-22,3,3,7,197.0,222.0,false,0.1,0.5,185.00733590919702,184.42216724009205,29.999999999999716,0.0018986140117713888,20459.5,20468.37591492572,1.0,true,0.6214483148521879,0.31092652420252875,1.2738907629848484,-580.0509428357192,-172.3483326523401,-744.7969978302777,-781.4296472753904
f2,2021-07-22,3,3,7,197.0,222.0,false,0.1,2.0,185.00733590919702,184.42212435405168,30.000000000001098,0.0018986140117714764,20459.5,20468.44666098608,1.0,true,0.6214857170718915,0.31095314477678926,1.2739363781134045,-580.2096791530957,-172.35870553460455,-744.9482399948995,-781.5703991812132
f2,2021-07-22,3,3,7,197.0,222.0,false,0.1,10.0,185.00733590919702,184.4216737330996,30.000000000000835,0.0018986140117714597,20459.5,20469.410796001335,1.0,true,0.6218827664313551,0.31124389881446746,1.274459301665047,-578.8074472070482,-172.46882055696247,-743.7823413156398,-780.3766844997355
f2,2021-07-22,3,3,7,197.0,222.0,false,0.2,0.0,185.00733590919702,184.4221991927426,30.000000000000952,0.0018986140117714671,20459.5,20468.281509701697,1.0,true,0.6214197277724338,0.3109045396058434,1.2738486286353918,-580.5291723904602,-172.34040450222165,-745.2219783597428,-781.8476626730361
f2,2021-07-22,3,3,7,197.0,222.0,false,0.2,0.5,185.00733590919702,184.42216724009205,29.999999999999716,0.0018986140117713888,20459.5,20468.37591492572,1.0,true,0.6214483148521879,0.31092652420252875,1.2738907629848484,-580.0509428357192,-172.3483326523401,-744.7969978302777,-781.4296472753904
f2,2021-07-22,3,3,7,197.0,222.0,false,0.2,2.0,185.00733590919702,184.42212435405168,30.000000000001098,0.0018986140117714764,20459.5,20468.44666098608,1.0,true,0.6214857170718915,0.31095314477678926,1.2739363781134045,-580.2096791530957,-172.35870553460455,-744.9482399948995,-781.5703991812132
f2,2021-07-22,3,3,7,197.0,222.0,false,0.2,10.0,185.00733590919702,184.4216737330996,30.000000000000835,0.0018986140117714597,20459.5,20469.410796001335,1.0,true,0.6218827664313551,0.31124389881446746,1.274459301665047,-578.8074472070482,-172.46882055696247,-743.7823413156398,-780.3766844997355
f2,2021-07-22,3,3,7,197.0,222.0,false,0.3,0.0,185.00733590919702,184.4221991927426,30.000000000000952,0.0018986140117714671,20459.5,20468.281509701697,1.0,true,0.6214197277724338,0.3109045396058434,1.2738486286353918,-580.5291723904602,-172.34040450222165,-745.2219783597428,-781.8476626730361
f2,2021-07-22,3,3,7,197.0,222.0,false,0.3,0.5,185.00733590919702,184.42216724009205,29.999999999999716,0.0018986140117713888,20459.5,20468.37591492572,1.0,true,0.6214483148521879,0.31092652420252875,1.2738907629848484,-580.0509428357192,-172.3483326523401,-744.7969978302777,-781.4296472753904
f2,2021-07-22,3,3,7,197.0,222.0,false,0.3,2.0,185.00733590919702,184.42212435405168,30.000000000001098,0.0018986140117714764,20459.5,20468.44666098608,1.0,true,0.6214857170718915,0.31095314477678926,1.2739363781134045,-580.2096791530957,-172.35870553460455,-744.9482399948995,-781.5703991812132
f2,2021-07-22,3,3,7,197.0,222.0,false,0.3,10.0,185.00733590919702,184.4216737330996,30.000000000000835,0.0018986140117714597,20459.5,20469.410796001335,1.0,true,0.6218827664313551,0.31124389881446746,1.274459301665047,-578.8074472070482,-172.46882055696247,-743.7823413156398,-780.3766844997355
f2,2021-07-23,4,3,7,206.0,222.0,false,0.1,0.0,182.9457259241691,182.94532697398796,12.012005561281384,0.0005098474346893626,27922.5,27919.97782882965,0.109,false,-0.0007391543557844216,-0.0009167572105184263,0.08084395431896496,-591.1385194987254,0.20499214133754623,-609.443446791975,-618.1348359739836
f2,2021-07-23,4,3,7,206.0,222.0,false,0.1,0.5,182.9457259241691,182.94533789091795,12.019134161706305,0.0005101500068635953,27922.5,27919.938833514996,0.109,false,-0.0007499907615908796,-0.0009300148524289398,0.08084049873193067,-591.167538358357,0.20799743788120392,-609.4708336649236,-618.1632028366615
f2,2021-07-23,4,3,7,206.0,222.0,false,0.1,2.0,182.9457259241691,182.9453700002401,12.04012693492605,0.0005110410413805624,27922.5,27919.82402889517,0.109,false,-0.0007818832813768495,-0.0009632407100141904,0.08083051504167002,-591.2540469191252,0.21684229670184624,-609.5526183395425,-618.2478446546556
f2,2021-07-23,4,3,7,206.0,222.0,false,0.1,10.0,182.9457259241691,182.94553615775433,12.225163905830136,0.0005188949026243691,27922.5,27919.22964691495,0.109,false,-0.0009493787081567007,-0.0011605471328834938,0.08077919287202917,-591.6879885944579,0.2632943617287916,-609.9644284322956,-618.6705621537051
f2,2021-07-23,4,3,7,206.0,222.0,false,0.2,0.0,182.9457259241691,182.94532697398796,12.012005561281384,0.0005098474346893626,27922.5,27919.97782882965,0.109,false,-0.0007391543557844216,-0.0009167572105184263,0.08084395431896496,-591.1385194987254,0.20499214133754623,-609.443446791975,-618.1348359739836
f2,2021-07-23,4,3,7,206.0,222.0,false,0.2,0.5,182.9457259241691,182.94533789091795,12.019134161706305,0.0005101500068635953,27922.5,27919.938833514996,0.109,false,-0.0007499907615908796,-0.0009300148524289398,0.08084049873193067,-591.167538358357,0.20799743788120392,-609.4708336649236,-618.1632028366615
f2,2021-07-23,4,3,7,206.0,222.0,false,0.2,2.0,182.9457259241691,182.9453700002401,12.04012693492605,0.0005110410413805624,27922.5,27919.82402889517,0.109,false,-0.0007818832813768495,-0.0009632407100141904,0.08083051504167002,-591.2540469191252,0.21684229670184624,-609.5526183395425,-618.2478446546556
f2,2021-07-23,4,3,7,206.0,222.0,false,0.2,10.0,182.9457259241691,182.94553615775433,12.225163905830136,0.0005188949026243691,27922.5,27919.22964691495,0.109,false,-0.0009493787081567007,-0.0011605471328834938,0.08077919287202917,-591.6879885944579,0.2632943617287916,-609.9644284322956,-618.6705621537051
f2,2021-07-23,4,3,7,206.0,222.0,false,0.3,0.0,182.9457259241691,182.94532697398796,12.012005561281384,0.0005098474346893626,27922.5,27919.97782882965,0.109,false,-0.0007391543557844216,-0.0009167572105184263,0.08084395431896496,-591.1385194987254,0.20499214133754623,-609.443446791975,-618.1348359739836
f2,2021-07-23,4,3,7,206.0,222.0,false,0.3,0.5,182.9457259241691,182.94533789091795,12.019134161706305,0.0005101500068635953,27922.5,27919.938833514996,0.109,false,-0.0007499907615908796,-0.0009300148524289398,0.08084049873193067,-591.167538358357,0.20799743788120392,-609.4708336649236,-618.1632028366615
f2,2021-07-23,4,3,7,206.0,222.0,false,0.3,2.0,182.9457259241691,182.9453700002401,12.04012693492605,0.0005110410413805624,27922.5,27919.82402889517,0.109,false,-0.0007818832813768495,-0.0009632407100141904,0.08083051504167002,-591.2540469191252,0.21684229670184624,-609.5526183395425,-618.2478446546556
f2,2021-07-23,4,3,7,206.0,222.0,false,0.3,10.0,182.9457259241691,182.94553615775433,12.225163905830136,0.0005188949026243691,27922.5,27919.22964691495,0.109,false,-0.0009493787081567007,-0.0011605471328834938,0.08077919287202917,-591.6879885944579,0.2632943617287916,-609.9644284322956,-618.6705621537051
f2,2021-07-24,5,1,7,29.0,222.0,false,0.1,0.0,23.872328862206537,23.872328862206537,155.00000000000023,0.06683915480810704,3478.5,3478.500000000001,0.0,false,0.0,0.0,0.0,-205.26852135468312,0.0,-205.26852135468312,-225.83171125757514
f2,2021-07-24,5,1,7,29.0,222.0,false,0.1,0.5,23.872328862206537,23.872328862206537,155.00000000000023,0.06683915480810704,3478.5,3478.500000000001,0.0,false,0.0,0.0,0.0,-205.26852135468312,0.0,-205.26852135468312,-225.83171125757514
f2,2021-07-24,5,1,7,29.0,222.0,false,0.1,2.0,23.872328862206537,23.872328862206537,155.00000000000023,0.06683915480810704,3478.5,3478.500000000001,0.0,false,0.0,0.0,0.0,-205.26852135468312,0.0,-205.26852135468312,-225.8317112575752
f2,2021-07-24,5,1,7,29.0,222.0,false,0.1,10.0,23.872328862206537,23.872328862206537,155.00000000000017,0.06683915480810701,3478.5,3478.5000000000005,0.0,false,0.0,0.0,0.0,-205.26852135468312,0.0,-205.26852135468312,-225.83171125757514
f2,2021-07-24,5,1,7,29.0,222.0,false,0.2,0.0,23.872328862206537,23.872328862206537,155.00000000000023,0.06683915480810704,3478.5,3478.500000000001,0.0,false,0.0,0.0,0.0,-205.26852135468312,0.0,-205.26852135468312,-225.83171125757514
f2,2021-07-24,5,1,7,29.0,222.0,false,0.2,0.5,23.872328862206537,23.872328862206537,155.00000000000023,0.06683915480810704,3478.5,3478.500000000001,0.0,false,0.0,0.0,0.0,-205.26852135468312,0.0,-205.26852135468312,-225.83171125757514
f2,2021-07-24,5,1,7,29.0,222.0,false,0.2,2.0,23.872328862206537,23.872328862206537,155.00000000000023,0.06683915480810704,3478.5,3478.500000000001,0.0,false,0.0,0.0,0.0,-205.26852135468312,0.0,-205.26852135468312,-225.8317112575752
f2,2021-07-24,5,1,7,29.0,222.0,false,0.2,10.0,23.872328862206537,23.872328862206537,155.00000000000017,0.06683915480810701,3478.5,3478.5000000000005,0.0,false,0.0,0.0,0.0,-205.26852135468312,0.0,-205.26852135468312,-225.83171125757514
f2,2021-07-24,5,1,7,29.0,222.0,false,0.3,0.0,23.872328862206537,23.872328862206537,155.00000000000023,0.06683915480810704,3478.5,3478.500000000001,0.0,false,0.0,0.0,0.0,-205.26852135468312,0.0,-205.26852135468312,-225.83171125757514
f2,2021-07-24,5,1,7,29.0,222.0,false,0.3,0.5,23.872328862206537,23.872328862206537,155.00000000000023,0.06683915480810704,3478.5,3478.500000000001,0.0,false,0.0,0.0,0.0,-205.26852135468312,0.0,-205.26852135468312,-225.83171125757514
f2,2021-07-24,5,1,7,29.0,222.0,false,0.3,2.0,23.872328862206537,23.872328862206537,155.00000000000023,0.06683915480810704,3478.5,3478.500000000001,0.0,false,0.0,0.0,0.0,-205.26852135468312,0.0,-205.26852135468312,-225.8317112575752
f2,2021-07-24,5,1,7,29.0,222.0,false,0.3,10.0,23.872328862206537,23.872328862206537,155.00000000000017,0.06683915480810701,3478.5,3478.5000000000005,0.0,false,0.0,0.0,0.0,-205.26852135468312,0.0,-205.26852135468312,-225.83171125757514
f2,2021-07-26,0,2,7,207.0,222.0,false,0.1,0.0,187.05261157227753,187.05517263918034,19.000000000000355,0.000790941636832918,26823.5,26818.43624835573,0.0,false,-0.0022936738783130295,-0.0029083499069884056,-0.001365704396533829,-807.824277746897,0.6361122222521468,-807.1102034887914,-831.6479037379671
f2,2021-07-26,0,2,7,207.0,222.0,false,0.1,0.5,187.05261157227753,187.05517850637656,19.000000000000956,0.0007909416368329429,26823.5,26818.419465315248,0.0,false,-0.0022987633089428527,-0.0029150849850054783,-0.0013707086876024732,-808.1382909650608,0.6375236910134845,-807.4225876145048,-831.9707767291402
f2,2021-07-26,0,2,7,207.0,222.0,false,0.1,2.0,187.05261157227753,187.05516586255825,19.00000000000101,0.0007909416368329452,26823.5,26818.444784565792,0.0,false,-0.0022874493712947697,-0.002900722374306497,-0.0013638571082879025,-808.0367400709812,0.6343859589724161,-807.324561655742,-831.8686441336004
f2,2021-07-26,0,2,7,207.0,222.0,false,0.1,10.0,187.05261157227753,187.055114813017,19.000000000001315,0.0007909416368329579,26823.5,26818.5438844022,0.0,false,-0.002241668726071566,-0.002842777173611921,-0.001337329439053292,-807.8147903278903,0.6216894600305143,-807.1168480074328,-831.6503879852172
f2,2021-07-26,0,2,7,207.0,222.0,false,0.2,0.0,187.05261157227753,187.05517263918034,19.000000000000355,0.000790941636832918,26823.5,26818.43624835573,0.0,false,-0.0022936738783130295,-0.0029083499069884056,-0.001365704396533829,-807.824277746897,0.6361122222521468,-807.1102034887914,-831.6479037379671
f2,2021-07-26,0,2,7,207.0,222.0,false,0.2,0.5,187.05261157227753,187.05517850637656,19.000000000000956,0.0007909416368329429,26823.5,26818.419465315248,0.0,false,-0.0022987633089428527,-0.0029150849850054783,-0.0013707086876024732,-808.1382909650608,0.6375236910134845,-807.4225876145048,-831.9707767291402
f2,2021-07-26,0,2,7,207.0,222.0,false,0.2,2.0,187.05261157227753,187.05516586255825,19.00000000000101,0.0007909416368329452,26823.5,26818.444784565792,0.0,false,-0.0022874493712947697,-0.002900722374306497,-0.0013638571082879025,-808.0367400709812,0.6343859589724161,-807.324561655742,-831.8686441336004
f2,2021-07-26,0,2,7,207.0,222.0,false,0.2,10.0,187.05261157227753,187.055114813017,19.000000000001315,0.0007909416368329579,26823.5,26818.5438844022,0.0,false,-0.002241668726071566,-0.002842777173611921,-0.001337329439053292,-807.8147903278903,0.6216894600305143,-807.1168480074328,-831.6503879852172
f2,2021-07-26,0,2,7,207.0,222.0,false,0.3,0.0,187.05261157227753,187.05517263918034,19.000000000000355,0.000790941636832918,26823.5,26818.43624835573,0.0,false,-0.0022936738783130295,-0.0029083499069884056,-0.001365704396533829,-807.824277746897,0.6361122222521468,-807.1102034887914,-831.6479037379671
f2,2021-07-26,0,2,7,207.0,222.0,false,0.3,0.5,187.05261157227753,187.05517850637656,19.000000000000956,0.0007909416368329429,26823.5,26818.419465315248,0.0,false,-0.0022987633089428527,-0.0029150849850054783,-0.0013707086876024732,-808.1382909650608,0.6375236910134845,-807.4225876145048,-831.9707767291402
f2,2021-07-26,0,2,7,207.0,222.0,false,0.3,2.0,187.05261157227753,187.05516586255825,19.00000000000101,0.0007909416368329452,26823.5,26818.444784565792,0.0,false,-0.0022874493712947697,-0.002900722374306497,-0.0013638571082879025,-808.0367400709812,0.6343859589724161,-807.324561655742,-831.8686441336004
f2,2021-07-26,0,2,7,207.0,222.0,false,0.3,10.0,187.05261157227753,187.055114813017,19.000000000001315,0.0007909416368329579,26823.5,26818.5438844022,0.0,false,-0.002241668726071566,-0.002842777173611921,-0.001337329439053292,-807.8147903278903,0.6216894600305143,-807.1168480074328,-831.6503879852172
f2,2021-07-27,1,3,7,211.0,222.0,false,0.1,0.0,185.01935973410144,185.02041571243842,57.00000000000188,0.0027435502502888855,27306.5,27291.285603563163,0.16,false,-0.007635035776161203,-0.010791638028820216,0.02819824562203621,-1692.0679555324293,2.11744992192204,-1699.652970933632,-1777.8359712240915
f2,2021-07-27,1,3,7,211.0,222.0,false,0.1,0.5,185.01935973410144,185.02058835708334,57.000000000000945,0.0027435502502888404,27306.5,27290.95526094052,0.16,false,-0.007813065560640098,-0.011052596817535232,0.028051169193474834,-1692.3407008475378,2.166823515484187,-1699.8178776240686,-1778.031024867148
f2,2021-07-27,1,3,7,211.0,222.0,false,0.1,2.0,185.01935973410144,185.02111706767172,57.00000000000201,0.0027435502502888916,27306.5,27289.993252443186,0.155,false,-0.008352335763277097,-0.011876534939830208,0.027602869651161654,-1692.9638286612476,2.316381118348848,-1700.1540078367525,-1778.432761681884
f2,2021-07-27,1,3,7,211.0,222.0,false,0.1,10.0,185.01935973410144,185.02411733818593,58.26896317800467,0.002804628570369882,27306.5,27284.22083086452,0.137,false,-0.011427487383087964,-0.01617448632180043,0.02505389998168539,-1695.6515780731957,3.169223167576395,-1701.3747658849716,-1779.9327496788676
f2,2021-07-27,1,3,7,211.0,222.0,false,0.2,0.0,185.01935973410144,185.02041571243842,57.00000000000188,0.0027435502502888855,27306.5,27291.285603563163,0.16,false,-0.007635035776161203,-0.010791638028820216,0.02819824562203621,-1692.0679555324293,2.11744992192204,-1699.652970933632,-1777.8359712240915
f2,2021-07-27,1,3,7,211.0,222.0,false,0.2,0.5,185.01935973410144,185.02058835708334,57.000000000000945,0.0027435502502888404,27306.5,27290.95526094052,0.16,false,-0.007813065560640098,-0.011052596817535232,0.028051169193474834,-1692.3407008475378,2.166823515484187,-1699.8178776240686,-1778.031024867148
f2,2021-07-27,1,3,7,211.0,222.0,false,0.2,2.0,185.01935973410144,185.02111706767172,57.00000000000201,0.0027435502502888916,27306.5,27289.993252443186,0.155,false,-0.008352335763277097,-0.011876534939830208,0.027602869651161654,-1692.9638286612476,2.316381118348848,-1700.1540078367525,-1778.432761681884
f2,2021-07-27,1,3,7,211.0,222.0,false,0.2,10.0,185.01935973410144,185.02411733818593,58.26896317800467,0.002804628570369882,27306.5,27284.22083086452,0.137,false,-0.011427487383087964,-0.01617448632180043,0.02505389998168539,-1695.6515780731957,3.169223167576395,-1701.3747658849716,-1779.9327496788676
f2,2021-07-27,1,3,7,211.0,222.0,false,0.3,0.0,185.01935973410144,185.02041571243842,57.00000000000188,0.0027435502502888855,27306.5,27291.285603563163,0.16,false,-0.007635035776161203,-0.010791638028820216,0.02819824562203621,-1692.0679555324293,2.11744992192204,-1699.652970933632,-1777.8359712240915
f2,2021-07-27,1,3,7,211.0,222.0,false,0.3,0.5,185.01935973410144,185.02058835708334,57.000000000000945,0.0027435502502888404,27306.5,27290.95526094052,0.16,false,-0.007813065560640098,-0.011052596817535232,0.028051169193474834,-1692.3407008475378,2.166823515484187,-1699.8178776240686,-1778.031024867148
f2,2021-07-27,1,3,7,211.0,222.0,false,0.3,2.0,185.01935973410144,185.02111706767172,57.00000000000201,0.0027435502502888916,27306.5,27289.993252443186,0.155,false,-0.008352335763277097,-0.011876534939830208,0.027602869651161654,-1692.9638286612476,2.316381118348848,-1700.1540078367525,-1778.432761681884
f2,2021-07-27,1,3,7,211.0,222.0,false,0.3,10.0,185.01935973410144,185.02411733818593,58.26896317800467,0.002804628570369882,27306.5,27284.22083086452,0.137,false,-0.011427487383087964,-0.01617448632180043,0.02505389998168539,-1695.6515780731957,3.169223167576395,-1701.3747658849716,-1779.9327496788676
f2,2021-07-28,2,3,7,212.0,222.0,false,0.1,0.0,186.3259435939961,186.33774410158446,113.0000000000019,0.004653078031706893,30201.5,30172.859444299964,0.071,false,-0.013220348309914698,-0.01588274494335451,0.012580232143761805,-1775.4156498751447,3.6664432646163423,-1771.6307382014936,-1840.0684387475176
f2,2021-07-28,2,3,7,212.0,222.0,false,0.1,0.5,186.3259435939961,186.3436957179509,147.70665241560303,0.00608221751762829,30201.5,30161.284275125912,0.066,false,-0.018988771047190767,-0.022829230911582954,0.008863373396707175,-1844.2027179034671,5.266219170420905,-1838.737684969495,-1903.0829413243732
f2,2021-07-28,2,3,7,212.0,222.0,false,0.1,2.0,186.3259435939961,186.35079430440064,178.65565767313666,0.007356625804946949,30201.5,30147.533828807533,0.063,false,-0.025892585911265087,-0.031163261762941374,0.004453896731803297,-1878.1625582182958,7.1808771593908505,-1870.7499848967627,-1938.1206565231407
f2,2021-07-28,2,3,7,212.0,222.0,false,0.1,10.0,186.3259435939961,186.412746289597,368.6521670533516,0.01518024159165541,30201.5,30017.17391647333,0.03,false,-0.08705143545361693,-0.10513027968082156,-0.03417136183154257,-2120.8697169350803,24.142264765803095,-2095.680305471672,-2151.9045952476795
f2,2021-07-28,2,3,7,212.0,222.0,false,0.2,0.0,186.3259435939961,186.33774410158446,113.0000000000019,0.004653078031706893,30201.5,30172.859444299964,0.071,false,-0.013220348309914698,-0.01588274494335451,0.012580232143761805,-1775.4156498751447,3.6664432646163423,-1771.6307382014936,-1840.0684387475176
f2,2021-07-28,2,3,7,212.0,222.0,false,0.2,0.5,186.3259435939961,186.3436957179509,147.70665241560303,0.00608221751762829,30201.5,30161.284275125912,0.066,false,-0.018988771047190767,-0.022829230911582954,0.008863373396707175,-1844.2027179034671,5.266219170420905,-1838.737684969495,-1903.0829413243732
f2,2021-07-28,2,3,7,212.0,222.0,false,0.2,2.0,186.3259435939961,186.35079430440064,178.65565767313666,0.007356625804946949,30201.5,30147.533828807533,0.063,false,-0.025892585911265087,-0.031163261762941374,0.004453896731803297,-1878.1625582182958,7.1808771593908505,-1870.7499848967627,-1938.1206565231407
f2,2021-07-28,2,3,7,212.0,222.0,false,0.2,10.0,186.3259435939961,186.412746289597,368.6521670533516,0.01518024159165541,30201.5,30017.17391647333,0.03,false,-0.08705143545361693,-0.10513027968082156,-0.03417136183154257,-2120.8697169350803,24.142264765803095,-2095.680305471672,-2151.9045952476795
f2,2021-07-28,2,3,7,212.0,222.0,false,0.3,0.0,186.3259435939961,186.33774410158446,113.0000000000019,0.004653078031706893,30201.5,30172.859444299964,0.071,false,-0.013220348309914698,-0.01588274494335451,0.012580232143761805,-1775.4156498751447,3.6664432646163423,-1771.6307382014936,-1840.0684387475176
f2,2021-07-28,2,3,7,212.0,222.0,false,0.3,0.5,186.3259435939961,186.3436957179509,147.70665241560303,0.00608221751762829,30201.5,30161.284275125912,0.066,false,-0.018988771047190767,-0.022829230911582954,0.008863373396707175,-1844.2027179034671,5.266219170420905,-1838.737684969495,-1903.0829413243732
f2,2021-07-28,2,3,7,212.0,222.0,false,0.3,2.0,186.3259435939961,186.35079430440064,178.65565767313666,0.007356625804946949,30201.5,30147.533828807533,0.063,false,-0.025892585911265087,-0.031163261762941374,0.004453896731803297,-1878.1625582182958,7.1808771593908505,-1870.7499848967627,-1938.1206565231407
f2,2021-07-28,2,3,7,212.0,222.0,false,0.3,10.0,186.3259435939961,186.412746289597,368.6521670533516,0.01518024159165541,30201.5,30017.17391647333,0.03,false,-0.08705143545361693,-0.10513027968082156,-0.03417136183154257,-2120.8697169350803,24.142264765803095,-2095.680305471672,-2151.9045952476795
f2,2021-07-29,3,3,7,211.0,222.0,false,0.1,0.0,186.7391997252342,186.67228940901134,719.0618869839576,0.02798123927869708,31542.5,31373.33976357412,1.0,true,0.05906952270993315,0.023431640180120894,0.16789457459289134,-3237.1954331536244,-16.381947631554794,-3257.0777882825046,-3389.2418257818
f2,2021-07-29,3,3,7,211.0,222.0,false,0.1,0.5,186.7391997252342,186.6935267433853,746.8093645067663,0.029060991692223766,31542.5,31338.469203780813,0.999,true,0.03466029701451134,0.00557018441381274,0.15502517237530355,-3257.8500182600164,-9.612455705357812,-3270.0873524353538,-3403.152957077674
f2,2021-07-29,3,3,7,211.0,222.0,false,0.1,2.0,186.7391997252342,186.79875567151146,788.4018415809716,0.030679501968284364,31542.5,31250.27012341686,0.138,false,-0.08415551932151288,-0.13237961456636071,0.09634222021281857,-3529.222591877693,23.339130691832906,-3500.1927982239017,-3622.3754865540313
f2,2021-07-29,3,3,7,211.0,222.0,false,0.1,10.0,186.7391997252342,186.9185662807487,1427.2700519653943,0.05554012187584226,31542.5,30828.86497401731,0.053,false,-0.20314129309036844,-0.3243215702675286,0.022288195202594025,-5247.057092688754,56.33785195039551,-5184.037790987547,-5416.20307449992
f2,2021-07-29,3,3,7,211.0,222.0,false,0.2,0.0,186.7391997252342,186.67228940901134,719.0618869839576,0.02798123927869708,31542.5,31373.33976357412,1.0,true,0.05906952270993315,0.023431640180120894,0.16789457459289134,-3237.1954331536244,-16.381947631554794,-3257.0777882825046,-3389.2418257818
f2,2021-07-29,3,3,7,211.0,222.0,false,0.2,0.5,186.7391997252342,186.6935267433853,746.8093645067663,0.029060991692223766,31542.5,31338.469203780813,0.999,true,0.03466029701451134,0.00557018441381274,0.15502517237530355,-3257.8500182600164,-9.612455705357812,-3270.0873524353538,-3403.152957077674
f2,2021-07-29,3,3,7,211.0,222.0,false,0.2,2.0,186.7391997252342,186.79875567151146,788.4018415809716,0.030679501968284364,31542.5,31250.27012341686,0.138,false,-0.08415551932151288,-0.13237961456636071,0.09634222021281857,-3529.222591877693,23.339130691832906,-3500.1927982239017,-3622.3754865540313
f2,2021-07-29,3,3,7,211.0,222.0,false,0.2,10.0,186.7391997252342,186.9185662807487,1427.2700519653943,0.05554012187584226,31542.5,30828.86497401731,0.053,false,-0.20314129309036844,-0.3243215702675286,0.022288195202594025,-5247.057092688754,56.33785195039551,-5184.037790987547,-5416.20307449992
f2,2021-07-29,3,3,7,211.0,222.0,false,0.3,0.0,186.7391997252342,186.67228940901134,719.0618869839576,0.02798123927869708,31542.5,31373.33976357412,1.0,true,0.05906952270993315,0.023431640180120894,0.16789457459289134,-3237.1954331536244,-16.381947631554794,-3257.0777882825046,-3389.2418257818
f2,2021-07-29,3,3,7,211.0,222.0,false,0.3,0.5,186.7391997252342,186.6935267433853,746.8093645067663,0.029060991692223766,31542.5,31338.469203780813,0.999,true,0.03466029701451134,0.00557018441381274,0.15502517237530355,-3257.8500182600164,-9.612455705357812,-3270.0873524353538,-3403.152957077674
f2,2021-07-29,3,3,7,211.0,222.0,false,0.3,2.0,186.7391997252342,186.79875567151146,788.4018415809716,0.030679501968284364,31542.5,31250.27012341686,0.138,false,-0.08415551932151288,-0.13237961456636071,0.09634222021281857,-3529.222591877693,23.339130691832906,-3500.1927982239017,-3622.3754865540313
f2,2021-07-29,3,3,7,211.0,222.0,false,0.3,10.0,186.7391997252342,186.9185662807487,1427.2700519653943,0.05554012187584226,31542.5,30828.86497401731,0.053,false,-0.20314129309036844,-0.3243215702675286,0.022288195202594025,-5247.057092688754,56.33785195039551,-5184.037790987547,-5416.20307449992
f2,2021-07-30,4,2,7,0.0,222.0,false,0.1,0.0,183.24872039300496,183.24872287074896,0.011193167118896952,8.821853025612352e-7,14562.0,14561.997818630329,0.0,false,-2.0771828985743923e-6,-3.0292907524653856e-6,-1.2519350036654942e-6,-0.040937980923644986,0.0005760720572046314,-0.04056010516039101,-0.041445119522888256
f2,2021-07-30,4,2,7,0.0,222.0,false,0.1,0.5,183.24872039300496,183.24872306854454,0.01214017902622544,9.568236937441235e-7,14562.0,14561.997643956449,0.0,false,-2.2428727817214167e-6,-3.2709684489873325e-6,-1.3523464019726816e-6,-0.044386776742800296,0.0006220233847974062,-0.04397859932245917,-0.04493899375566694
f2,2021-07-30,4,2,7,0.0,222.0,false,0.1,2.0,183.24872039300496,183.24872375512476,0.015456374938995765,1.2181884409675099e-6,14562.0,14561.997037368232,0.0,false,-2.8179449600429507e-6,-4.109797714590968e-6,-1.701124574537971e-6,-0.05645612404384811,0.0007815100689185783,-0.055942697009655276,-0.057167311655143944
f2,2021-07-30,4,2,7,0.0,222.0,false,0.1,10.0,183.24872039300496,183.248731692615,0.055459509171036814,4.37102058409811e-6,14562.0,14561.990009898747,0.0,false,-9.462769128276705e-6,-0.000013803403987822094,-5.746247893512191e-6,-0.20169621733686965,0.0026243413049087394,-0.19996226865329933,-0.20439096179161192
f2,2021-07-30,4,2,7,0.0,222.0,false,0.2,0.0,183.24872039300496,183.24872287074896,0.011193167118896952,8.821853025612352e-7,14562.0,14561.997818630329,0.0,false,-2.0771828985743923e-6,-3.0292907524653856e-6,-1.2519350036654942e-6,-0.040937980923644986,0.0005760720572046314,-0.04056010516039101,-0.041445119522888256
f2,2021-07-30,4,2,7,0.0,222.0,false,0.2,0.5,183.24872039300496,183.24872306854454,0.01214017902622544,9.568236937441235e-7,14562.0,14561.997643956449,0.0,false,-2.2428727817214167e-6,-3.2709684489873325e-6,-1.3523464019726816e-6,-0.044386776742800296,0.0006220233847974062,-0.04397859932245917,-0.04493899375566694
f2,2021-07-30,4,2,7,0.0,222.0,false,0.2,2.0,183.24872039300496,183.24872375512476,0.015456374938995765,1.2181884409675099e-6,14562.0,14561.997037368232,0.0,false,-2.8179449600429507e-6,-4.109797714590968e-6,-1.701124574537971e-6,-0.05645612404384811,0.0007815100689185783,-0.055942697009655276,-0.057167311655143944
f2,2021-07-30,4,2,7,0.0,222.0,false,0.2,10.0,183.24872039300496,183.248731692615,0.055459509171036814,4.37102058409811e-6,14562.0,14561.990009898747,0.0,false,-9.462769128276705e-6,-0.000013803403987822094,-5.746247893512191e-6,-0.20169621733686965,0.0026243413049087394,-0.19996226865329933,-0.20439096179161192
f2,2021-07-30,4,2,7,0.0,222.0,false,0.3,0.0,183.24872039300496,183.24872287074896,0.011193167118896952,8.821853025612352e-7,14562.0,14561.997818630329,0.0,false,-2.0771828985743923e-6,-3.0292907524653856e-6,-1.2519350036654942e-6,-0.040937980923644986,0.0005760720572046314,-0.04056010516039101,-0.041445119522888256
f2,2021-07-30,4,2,7,0.0,222.0,false,0.3,0.5,183.24872039300496,183.24872306854454,0.01214017902622544,9.568236937441235e-7,14562.0,14561.997643956449,0.0,false,-2.2428727817214167e-6,-3.2709684489873325e-6,-1.3523464019726816e-6,-0.044386776742800296,0.0006220233847974062,-0.04397859932245917,-0.04493899375566694
f2,2021-07-30,4,2,7,0.0,222.0,false,0.3,2.0,183.24872039300496,183.24872375512476,0.015456374938995765,1.2181884409675099e-6,14562.0,14561.997037368232,0.0,false,-2.8179449600429507e-6,-4.109797714590968e-6,-1.701124574537971e-6,-0.05645612404384811,0.0007815100689185783,-0.055942697009655276,-0.057167311655143944
f2,2021-07-30,4,2,7,0.0,222.0,false,0.3,10.0,183.24872039300496,183.248731692615,0.055459509171036814,4.37102058409811e-6,14562.0,14561.990009898747,0.0,false,-9.462769128276705e-6,-0.000013803403987822094,-5.746247893512191e-6,-0.20169621733686965,0.0026243413049087394,-0.19996226865329933,-0.20439096179161192
f3,2021-08-09,0,2,8,201.0,222.0,false,0.1,0.0,194.51617228816536,194.52202796384384,10.000000000000824,0.00048334863937362,21195.0,21192.230359758298,0.0,false,-0.005507643046200883,-0.008287232687109736,-0.002123586384328746,-215.18231062818117,1.5274530048130448,-212.84128014798145,-194.40128361181252
f3,2021-08-09,0,2,8,201.0,222.0,false,0.1,0.5,194.51617228816536,194.52221013644893,10.034480692552787,0.000485015258956585,21195.0,21192.316066158437,0.0,false,-0.005669109042770515,-0.008566892326967945,-0.0021279381730039404,-214.27060714983133,1.5722329078616895,-211.84998215884113,-193.56514532377633
f3,2021-08-09,0,2,8,201.0,222.0,false,0.1,2.0,194.51617228816536,194.52191708301712,10.000000000002256,0.00048334863937368923,21195.0,21192.269685402764,0.0,false,-0.005404197357336216,-0.008128434050831856,-0.002088710097183366,-214.98033378886208,1.4987640671012437,-212.68421300090372,-194.25382224658807
f3,2021-08-09,0,2,8,201.0,222.0,false,0.1,10.0,194.51617228816536,194.52150910534715,10.000000000001155,0.000483348639373636,21195.0,21192.421194979743,0.0,false,-0.005023138119184978,-0.007545120279786488,-0.001957605251845962,-214.18135968993056,1.3930836383873004,-212.05017902373845,-193.66288024736517
f3,2021-08-09,0,2,8,201.0,222.0,false,0.2,0.0,194.51617228816536,194.52202796384384,10.000000000000824,0.00048334863937362,21195.0,21192.230359758298,0.0,false,-0.005507643046200883,-0.008287232687109736,-0.002123586384328746,-215.18231062818117,1.5274530048130448,-212.84128014798145,-194.40128361181252
f3,2021-08-09,0,2,8,201.0,222.0,false,0.2,0.5,194.51617228816536,194.52221013644893,10.034480692552787,0.000485015258956585,21195.0,21192.316066158437,0.0,false,-0.005669109042770515,-0.008566892326967945,-0.0021279381730039404,-214.27060714983133,1.5722329078616895,-211.84998215884113,-193.56514532377633
f3,2021-08-09,0,2,8,201.0,222.0,false,0.2,2.0,194.51617228816536,194.52191708301712,10.000000000002256,0.00048334863937368923,21195.0,21192.269685402764,0.0,false,-0.005404197357336216,-0.008128434050831856,-0.002088710097183366,-214.98033378886208,1.4987640671012437,-212.68421300090372,-194.25382224658807
f3,2021-08-09,0,2,8,201.0,222.0,false,0.2,10.0,194.51617228816536,194.52150910534715,10.000000000001155,0.000483348639373636,21195.0,21192.421194979743,0.0,false,-0.005023138119184978,-0.007545120279786488,-0.001957605251845962,-214.18135968993056,1.3930836383873004,-212.05017902373845,-193.66288024736517
f3,2021-08-09,0,2,8,201.0,222.0,false,0.3,0.0,194.51617228816536,194.52202796384384,10.000000000000824,0.00048334863937362,21195.0,21192.230359758298,0.0,false,-0.005507643046200883,-0.008287232687109736,-0.002123586384328746,-215.18231062818117,1.5274530048130448,-212.84128014798145,-194.40128361181252
f3,2021-08-09,0,2,8,201.0,222.0,false,0.3,0.5,194.51617228816536,194.52221013644893,10.034480692552787,0.000485015258956585,21195.0,21192.316066158437,0.0,false,-0.005669109042770515,-0.008566892326967945,-0.0021279381730039404,-214.27060714983133,1.5722329078616895,-211.84998215884113,-193.56514532377633
f3,2021-08-09,0,2,8,201.0,222.0,false,0.3,2.0,194.51617228816536,194.52191708301712,10.000000000002256,0.00048334863937368923,21195.0,21192.269685402764,0.0,false,-0.005404197357336216,-0.008128434050831856,-0.002088710097183366,-214.98033378886208,1.4987640671012437,-212.68421300090372,-194.25382224658807
f3,2021-08-09,0,2,8,201.0,222.0,false,0.3,10.0,194.51617228816536,194.52150910534715,10.000000000001155,0.000483348639373636,21195.0,21192.421194979743,0.0,false,-0.005023138119184978,-0.007545120279786488,-0.001957605251845962,-214.18135968993056,1.3930836383873004,-212.05017902373845,-193.66288024736517
f3,2021-08-10,1,3,8,193.0,222.0,false,0.1,0.0,189.1258389827889,189.11248856281986,142.7150337655154,0.008190245840201744,21687.5,21711.89703023575,1.0,true,0.00933568242714955,0.007727022071293277,0.06299814066812814,-653.9755785062991,-2.589095926462808,-656.5235592208867,-647.1745754824574
f3,2021-08-10,1,3,8,193.0,222.0,false,0.1,0.5,189.1258389827889,189.12246259277717,15.000000000001158,0.0008608321377332085,21687.5,21684.173244176625,0.23,false,-0.0012483248260366508,-0.002126206118475693,0.052313141920961925,-647.296926606885,0.34620208508749784,-646.7805387428091,-631.1727136308969
f3,2021-08-10,1,3,8,193.0,222.0,false,0.1,2.0,189.1258389827889,189.12246423739165,15.00000000000134,0.0008608321377332189,21687.5,21684.169471345456,0.23,false,-0.0012477099567433925,-0.0021222217170873137,0.05232072053797765,-647.4573695852745,0.34603156133683416,-646.9411990968952,-631.3171584329598
f3,2021-08-10,1,3,8,193.0,222.0,false,0.1,10.0,189.1258389827889,189.12258321610892,15.000000000001648,0.0008608321377332367,21687.5,21683.797526083712,0.23,false,-0.001367111476554328,-0.0021509530280923173,0.05236067215250273,-649.3645357929876,0.3791455828310669,-648.8167312088007,-633.0218797427747
f3,2021-08-10,1,3,8,193.0,222.0,false,0.2,0.0,189.1258389827889,189.11248856281986,142.7150337655154,0.008190245840201744,21687.5,21711.89703023575,1.0,true,0.00933568242714955,0.007727022071293277,0.06299814066812814,-653.9755785062991,-2.589095926462808,-656.5235592208867,-647.1745754824574
f3,2021-08-10,1,3,8,193.0,222.0,false,0.2,0.5,189.1258389827889,189.12246259277717,15.000000000001158,0.0008608321377332085,21687.5,21684.173244176625,0.23,false,-0.0012483248260366508,-0.002126206118475693,0.052313141920961925,-647.296926606885,0.34620208508749784,-646.7805387428091,-631.1727136308969
f3,2021-08-10,1,3,8,193.0,222.0,false,0.2,2.0,189.1258389827889,189.12246423739165,15.00000000000134,0.0008608321377332189,21687.5,21684.169471345456,0.23,false,-0.0012477099567433925,-0.0021222217170873137,0.05232072053797765,-647.4573695852745,0.34603156133683416,-646.9411990968952,-631.3171584329598
f3,2021-08-10,1,3,8,193.0,222.0,false,0.2,10.0,189.1258389827889,189.12258321610892,15.000000000001648,0.0008608321377332367,21687.5,21683.797526083712,0.23,false,-0.001367111476554328,-0.0021509530280923173,0.05236067215250273,-649.3645357929876,0.3791455828310669,-648.8167312088007,-633.0218797427747
f3,2021-08-10,1,3,8,193.0,222.0,false,0.3,0.0,189.1258389827889,189.11248856281986,142.7150337655154,0.008190245840201744,21687.5,21711.89703023575,1.0,true,0.00933568242714955,0.007727022071293277,0.06299814066812814,-653.9755785062991,-2.589095926462808,-656.5235592208867,-647.1745754824574
f3,2021-08-10,1,3,8,193.0,222.0,false,0.3,0.5,189.1258389827889,189.12246259277717,15.000000000001158,0.0008608321377332085,21687.5,21684.173244176625,0.23,false,-0.0012483248260366508,-0.002126206118475693,0.052313141920961925,-647.296926606885,0.34620208508749784,-646.7805387428091,-631.1727136308969
f3,2021-08-10,1,3,8,193.0,222.0,false,0.3,2.0,189.1258389827889,189.12246423739165,15.00000000000134,0.0008608321377332189,21687.5,21684.169471345456,0.23,false,-0.0012477099567433925,-0.0021222217170873137,0.05232072053797765,-647.4573695852745,0.34603156133683416,-646.9411990968952,-631.3171584329598
f3,2021-08-10,1,3,8,193.0,222.0,false,0.3,10.0,189.1258389827889,189.12258321610892,15.000000000001648,0.0008608321377332367,21687.5,21683.797526083712,0.23,false,-0.001367111476554328,-0.0021509530280923173,0.05236067215250273,-649.3645357929876,0.3791455828310669,-648.8167312088007,-633.0218797427747
f3,2021-08-11,2,3,8,207.0,222.0,false,0.1,0.0,192.24452134454936,192.25553299032694,107.00000000000153,0.005462806963802601,23994.5,23969.042584472663,0.216,false,-0.020371482001792174,-0.022330860526807328,0.1559098010348805,-2390.0665897095155,5.6496910084970295,-2384.0141643285688,-2361.8215065939035
f3,2021-08-11,2,3,8,207.0,222.0,false,0.1,0.5,192.24452134454936,192.25604971462113,107.00000000000058,0.005462806963802551,23994.5,23968.40505988334,0.216,false,-0.020925150425966876,-0.022939040216641615,0.1556684895691376,-2390.4785409551787,5.803241718134814,-2384.26230939064,-2362.073620077866
f3,2021-08-11,2,3,8,207.0,222.0,false,0.1,2.0,192.24452134454936,192.25761263133498,107.00000000000188,0.005462806963802618,23994.5,23966.542712496568,0.205,false,-0.02241181845323581,-0.02477488930676941,0.15489464341342796,-2391.3712670481536,6.215544317697398,-2384.6585883038947,-2362.495843823146
f3,2021-08-11,2,3,8,207.0,222.0,false,0.1,10.0,192.24452134454936,192.2762620238731,165.09554325533972,0.00842883255502832,23994.5,23940.70727742618,0.145,false,-0.04116091194566707,-0.0478481319186983,0.14202476621744609,-2506.114256178266,11.415292912931665,-2492.8443742594804,-2471.790607732974
f3,2021-08-11,2,3,8,207.0,222.0,false,0.2,0.0,192.24452134454936,192.25553299032694,107.00000000000153,0.005462806963802601,23994.5,23969.042584472663,0.216,false,-0.020371482001792174,-0.022330860526807328,0.1559098010348805,-2390.0665897095155,5.6496910084970295,-2384.0141643285688,-2361.8215065939035
f3,2021-08-11,2,3,8,207.0,222.0,false,0.2,0.5,192.24452134454936,192.25604971462113,107.00000000000058,0.005462806963802551,23994.5,23968.40505988334,0.216,false,-0.020925150425966876,-0.022939040216641615,0.1556684895691376,-2390.4785409551787,5.803241718134814,-2384.26230939064,-2362.073620077866
f3,2021-08-11,2,3,8,207.0,222.0,false,0.2,2.0,192.24452134454936,192.25761263133498,107.00000000000188,0.005462806963802618,23994.5,23966.542712496568,0.205,false,-0.02241181845323581,-0.02477488930676941,0.15489464341342796,-2391.3712670481536,6.215544317697398,-2384.6585883038947,-2362.495843823146
f3,2021-08-11,2,3,8,207.0,222.0,false,0.2,10.0,192.24452134454936,192.2762620238731,165.09554325533972,0.00842883255502832,23994.5,23940.70727742618,0.145,false,-0.04116091194566707,-0.0478481319186983,0.14202476621744609,-2506.114256178266,11.415292912931665,-2492.8443742594804,-2471.790607732974
f3,2021-08-11,2,3,8,207.0,222.0,false,0.3,0.0,192.24452134454936,192.25553299032694,107.00000000000153,0.005462806963802601,23994.5,23969.042584472663,0.216,false,-0.020371482001792174,-0.022330860526807328,0.1559098010348805,-2390.0665897095155,5.6496910084970295,-2384.0141643285688,-2361.8215065939035
f3,2021-08-11,2,3,8,207.0,222.0,false,0.3,0.5,192.24452134454936,192.25604971462113,107.00000000000058,0.005462806963802551,23994.5,23968.40505988334,0.216,false,-0.020925150425966876,-0.022939040216641615,0.1556684895691376,-2390.4785409551787,5.803241718134814,-2384.26230939064,-2362.073620077866
f3,2021-08-11,2,3,8,207.0,222.0,false,0.3,2.0,192.24452134454936,192.25761263133498,107.00000000000188,0.005462806963802618,23994.5,23966.542712496568,0.205,false,-0.02241181845323581,-0.02477488930676941,0.15489464341342796,-2391.3712670481536,6.215544317697398,-2384.6585883038947,-2362.495843823146
f3,2021-08-11,2,3,8,207.0,222.0,false,0.3,10.0,192.24452134454936,192.2762620238731,165.09554325533972,0.00842883255502832,23994.5,23940.70727742618,0.145,false,-0.04116091194566707,-0.0478481319186983,0.14202476621744609,-2506.114256178266,11.415292912931665,-2492.8443742594804,-2471.790607732974
f3,2021-08-12,3,3,8,199.0,222.0,false,0.1,0.0,193.07707273341825,193.07707273341825,0.0,0.0,26461.0,26461.0,0.0,false,0.0,0.0,0.0,0.0,0.0,0.0,0.0
f3,2021-08-12,3,3,8,199.0,222.0,false,0.1,0.5,193.07707273341825,193.07707273341825,0.0,0.0,26461.0,26461.0,0.0,false,0.0,0.0,0.0,0.0,0.0,0.0,0.0
f3,2021-08-12,3,3,8,199.0,222.0,false,0.1,2.0,193.07707273341825,193.07707273341825,0.0,0.0,26461.0,26461.0,0.0,false,0.0,0.0,0.0,0.0,0.0,0.0,0.0
f3,2021-08-12,3,3,8,199.0,222.0,false,0.1,10.0,193.07707273341825,193.07707273341825,0.0,0.0,26461.0,26461.0,0.0,false,0.0,0.0,0.0,0.0,0.0,0.0,0.0
f3,2021-08-12,3,3,8,199.0,222.0,false,0.2,0.0,193.07707273341825,193.07707273341825,0.0,0.0,26461.0,26461.0,0.0,false,0.0,0.0,0.0,0.0,0.0,0.0,0.0
f3,2021-08-12,3,3,8,199.0,222.0,false,0.2,0.5,193.07707273341825,193.07707273341825,0.0,0.0,26461.0,26461.0,0.0,false,0.0,0.0,0.0,0.0,0.0,0.0,0.0
f3,2021-08-12,3,3,8,199.0,222.0,false,0.2,2.0,193.07707273341825,193.07707273341825,0.0,0.0,26461.0,26461.0,0.0,false,0.0,0.0,0.0,0.0,0.0,0.0,0.0
f3,2021-08-12,3,3,8,199.0,222.0,false,0.2,10.0,193.07707273341825,193.07707273341825,0.0,0.0,26461.0,26461.0,0.0,false,0.0,0.0,0.0,0.0,0.0,0.0,0.0
f3,2021-08-12,3,3,8,199.0,222.0,false,0.3,0.0,193.07707273341825,193.07707273341825,0.0,0.0,26461.0,26461.0,0.0,false,0.0,0.0,0.0,0.0,0.0,0.0,0.0
f3,2021-08-12,3,3,8,199.0,222.0,false,0.3,0.5,193.07707273341825,193.07707273341825,0.0,0.0,26461.0,26461.0,0.0,false,0.0,0.0,0.0,0.0,0.0,0.0,0.0
f3,2021-08-12,3,3,8,199.0,222.0,false,0.3,2.0,193.07707273341825,193.07707273341825,0.0,0.0,26461.0,26461.0,0.0,false,0.0,0.0,0.0,0.0,0.0,0.0,0.0
f3,2021-08-12,3,3,8,199.0,222.0,false,0.3,10.0,193.07707273341825,193.07707273341825,0.0,0.0,26461.0,26461.0,0.0,false,0.0,0.0,0.0,0.0,0.0,0.0,0.0
f3,2021-08-13,4,3,8,204.0,222.0,false,0.1,0.0,193.24222103579416,192.4283120859296,30.000000000001457,0.0016979850577315745,21425.0,21433.972158520013,1.0,true,0.7927823335535606,0.3602582479847172,1.0884229591298802,-798.2916340419916,-219.86496717218748,-1027.4407110020857,-1011.1901039061202
f3,2021-08-13,4,3,8,204.0,222.0,false,0.1,0.5,193.24222103579416,192.42832225141996,30.000000000001513,0.0016979850577315777,21425.0,21433.93869988153,1.0,true,0.7927709447967572,0.3602571608479366,1.0884098286500614,-799.1771804542072,-219.86180869030065,-1028.3234017055463,-1012.0145900885208
f3,2021-08-13,4,3,8,204.0,222.0,false,0.1,2.0,193.24222103579416,192.42829480531614,30.00000000000128,0.0016979850577315643,21425.0,21434.041415773,1.0,true,0.7928023735834131,0.36027920590319695,1.0884345663784398,-798.3141688591259,-219.87052494046654,-1027.4685826541713,-1011.2130910540673
f3,2021-08-13,4,3,8,204.0,222.0,false,0.1,10.0,193.24222103579416,192.42807203718206,30.00000000000088,0.001697985057731542,21425.0,21434.87752386761,1.0,true,0.7930574731845752,0.36046589208783075,1.0886325807486952,-791.6777514193915,-219.94127256318885,-1020.8987360812395,-1005.0544129789606
f3,2021-08-13,4,3,8,204.0,222.0,false,0.2,0.0,193.24222103579416,192.4283120859296,30.000000000001457,0.0016979850577315745,21425.0,21433.972158520013,1.0,true,0.7927823335535606,0.3602582479847172,1.0884229591298802,-798.2916340419916,-219.86496717218748,-1027.4407110020857,-1011.1901039061202
f3,2021-08-13,4,3,8,204.0,222.0,false,0.2,0.5,193.24222103579416,192.42832225141996,30.000000000001513,0.0016979850577315777,21425.0,21433.93869988153,1.0,true,0.7927709447967572,0.3602571608479366,1.0884098286500614,-799.1771804542072,-219.86180869030065,-1028.3234017055463,-1012.0145900885208
f3,2021-08-13,4,3,8,204.0,222.0,false,0.2,2.0,193.24222103579416,192.42829480531614,30.00000000000128,0.0016979850577315643,21425.0,21434.041415773,1.0,true,0.7928023735834131,0.36027920590319695,1.0884345663784398,-798.3141688591259,-219.87052494046654,-1027.4685826541713,-1011.2130910540673
f3,2021-08-13,4,3,8,204.0,222.0,false,0.2,10.0,193.24222103579416,192.42807203718206,30.00000000000088,0.001697985057731542,21425.0,21434.87752386761,1.0,true,0.7930574731845752,0.36046589208783075,1.0886325807486952,-791.6777514193915,-219.94127256318885,-1020.8987360812395,-1005.0544129789606
f3,2021-08-13,4,3,8,204.0,222.0,false,0.3,0.0,193.24222103579416,192.4283120859296,30.000000000001457,0.0016979850577315745,21425.0,21433.972158520013,1.0,true,0.7927823335535606,0.3602582479847172,1.0884229591298802,-798.2916340419916,-219.86496717218748,-1027.4407110020857,-1011.1901039061202
f3,2021-08-13,4,3,8,204.0,222.0,false,0.3,0.5,193.24222103579416,192.42832225141996,30.000000000001513,0.0016979850577315777,21425.0,21433.93869988153,1.0,true,0.7927709447967572,0.3602571608479366,1.0884098286500614,-799.1771804542072,-219.86180869030065,-1028.3234017055463,-1012.0145900885208
f3,2021-08-13,4,3,8,204.0,222.0,false,0.3,2.0,193.24222103579416,192.42829480531614,30.00000000000128,0.0016979850577315643,21425.0,21434.041415773,1.0,true,0.7928023735834131,0.36027920590319695,1.0884345663784398,-798.3141688591259,-219.87052494046654,-1027.4685826541713,-1011.2130910540673
f3,2021-08-13,4,3,8,204.0,222.0,false,0.3,10.0,193.24222103579416,192.42807203718206,30.00000000000088,0.001697985057731542,21425.0,21434.87752386761,1.0,true,0.7930574731845752,0.36046589208783075,1.0886325807486952,-791.6777514193915,-219.94127256318885,-1020.8987360812395,-1005.0544129789606
f3,2021-08-14,5,1,8,26.0,222.0,false,0.1,0.0,24.973458651407604,24.973458651407604,152.90000000000003,0.10000000000000002,2293.5,2293.5000000000005,0.0,false,0.0,0.0,0.0,-145.614652018213,0.0,-145.614652018213,-199.48243430672417
f3,2021-08-14,5,1,8,26.0,222.0,false,0.1,0.5,24.973458651407604,24.973458651407604,152.9,0.1,2293.5,2293.5,0.0,false,0.0,0.0,0.0,-145.6146520182126,0.0,-145.6146520182126,-199.48243430672366
f3,2021-08-14,5,1,8,26.0,222.0,false,0.1,2.0,24.973458651407604,24.973458651407604,152.9,0.1,2293.5,2293.5,0.0,false,0.0,0.0,0.0,-145.61465201821318,0.0,-145.61465201821318,-199.48243430672443
f3,2021-08-14,5,1,8,26.0,222.0,false,0.1,10.0,24.973458651407604,24.973458651407604,152.90000000000003,0.10000000000000002,2293.5,2293.5000000000005,0.0,false,0.0,0.0,0.0,-145.61465201821318,0.0,-145.61465201821318,-199.48243430672426
f3,2021-08-14,5,1,8,26.0,222.0,false,0.2,0.0,24.973458651407604,24.973458651407604,162.00000000000006,0.10595160235448009,2293.5,2293.5,0.0,false,0.0,0.0,0.0,-182.29162709582366,0.0,-182.29162709582366,-249.79827392689361
f3,2021-08-14,5,1,8,26.0,222.0,false,0.2,0.5,24.973458651407604,24.973458651407604,162.00000000000009,0.1059516023544801,2293.5,2293.5000000000005,0.0,false,0.0,0.0,0.0,-182.29162709582366,0.0,-182.29162709582366,-249.79827392689361
f3,2021-08-14,5,1,8,26.0,222.0,false,0.2,2.0,24.973458651407604,24.973458651407604,162.0000000000001,0.10595160235448013,2293.5,2293.5000000000005,0.0,false,0.0,0.0,0.0,-182.29162709582366,0.0,-182.29162709582366,-249.79827392689361
f3,2021-08-14,5,1,8,26.0,222.0,false,0.2,10.0,24.973458651407604,24.973458651407604,162.00000000000017,0.10595160235448016,2293.5,2293.5000000000005,0.0,false,0.0,0.0,0.0,-182.29162709582366,0.0,-182.29162709582366,-249.79827392689353
f3,2021-08-14,5,1,8,26.0,222.0,false,0.3,0.0,24.973458651407604,24.973458651407604,162.00000000000006,0.10595160235448009,2293.5,2293.5,0.0,false,0.0,0.0,0.0,-182.29162709582366,0.0,-182.29162709582366,-249.79827392689361
f3,2021-08-14,5,1,8,26.0,222.0,false,0.3,0.5,24.973458651407604,24.973458651407604,162.00000000000009,0.1059516023544801,2293.5,2293.5000000000005,0.0,false,0.0,0.0,0.0,-182.29162709582366,0.0,-182.29162709582366,-249.79827392689361
f3,2021-08-14,5,1,8,26.0,222.0,false,0.3,2.0,24.973458651407604,24.973458651407604,162.0000000000001,0.10595160235448013,2293.5,2293.5000000000005,0.0,false,0.0,0.0,0.0,-182.29162709582366,0.0,-182.29162709582366,-249.79827392689361
f3,2021-08-14,5,1,8,26.0,222.0,false,0.3,10.0,24.973458651407604,24.973458651407604,162.00000000000017,0.10595160235448016,2293.5,2293.5000000000005,0.0,false,0.0,0.0,0.0,-182.29162709582366,0.0,-182.29162709582366,-249.79827392689353
f3,2021-08-16,0,2,8,0.0,222.0,false,0.1,0.0,0.0,0.0,22.00000000000147,0.0021488571986717593,15357.0,15357.000000000005,0.0,false,0.0,0.0,0.0,-276.09461198057886,0.0,-276.09461198057886,-250.67661882527855
f3,2021-08-16,0,2,8,0.0,222.0,false,0.1,0.5,0.0,0.0,22.000000000000522,0.0021488571986716665,15357.0,15357.000000000002,0.0,false,0.0,0.0,0.0,-276.09461224307717,0.0,-276.09461224307717,-250.67661906580454
f3,2021-08-16,0,2,8,0.0,222.0,false,0.1,2.0,0.0,0.0,22.000000000000842,0.0021488571986716977,15357.0,15357.000000000004,0.0,false,0.0,0.0,0.0,-276.09460428123555,0.0,-276.09460428123555,-250.67661177083758
f3,2021-08-16,0,2,8,0.0,222.0,false,0.1,10.0,0.0,0.0,22.000000000000924,0.002148857198671706,15357.0,15357.000000000002,0.0,false,0.0,0.0,0.0,-276.0946071160437,0.0,-276.0946071160437,-250.67661436845933
f3,2021-08-16,0,2,8,0.0,222.0,false,0.2,0.0,0.0,0.0,22.00000000000147,0.0021488571986717593,15357.0,15357.000000000005,0.0,false,0.0,0.0,0.0,-276.09461198057886,0.0,-276.09461198057886,-250.67661882527855
f3,2021-08-16,0,2,8,0.0,222.0,false,0.2,0.5,0.0,0.0,22.000000000000522,0.0021488571986716665,15357.0,15357.000000000002,0.0,false,0.0,0.0,0.0,-276.09461224307717,0.0,-276.09461224307717,-250.67661906580454
f3,2021-08-16,0,2,8,0.0,222.0,false,0.2,2.0,0.0,0.0,22.000000000000842,0.0021488571986716977,15357.0,15357.000000000004,0.0,false,0.0,0.0,0.0,-276.09460428123555,0.0,-276.09460428123555,-250.67661177083758
f3,2021-08-16,0,2,8,0.0,222.0,false,0.2,10.0,0.0,0.0,22.000000000000924,0.002148857198671706,15357.0,15357.000000000002,0.0,false,0.0,0.0,0.0,-276.0946071160437,0.0,-276.0946071160437,-250.67661436845933
f3,2021-08-16,0,2,8,0.0,222.0,false,0.3,0.0,0.0,0.0,22.00000000000147,0.0021488571986717593,15357.0,15357.000000000005,0.0,false,0.0,0.0,0.0,-276.09461198057886,0.0,-276.09461198057886,-250.67661882527855
f3,2021-08-16,0,2,8,0.0,222.0,false,0.3,0.5,0.0,0.0,22.000000000000522,0.0021488571986716665,15357.0,15357.000000000002,0.0,false,0.0,0.0,0.0,-276.09461224307717,0.0,-276.09461224307717,-250.67661906580454
f3,2021-08-16,0,2,8,0.0,222.0,false,0.3,2.0,0.0,0.0,22.000000000000842,0.0021488571986716977,15357.0,15357.000000000004,0.0,false,0.0,0.0,0.0,-276.09460428123555,0.0,-276.09460428123555,-250.67661177083758
f3,2021-08-16,0,2,8,0.0,222.0,false,0.3,10.0,0.0,0.0,22.000000000000924,0.002148857198671706,15357.0,15357.000000000002,0.0,false,0.0,0.0,0.0,-276.0946071160437,0.0,-276.0946071160437,-250.67661436845933
f3,2021-08-17,1,3,8,173.0,222.0,false,0.1,0.0,187.9987746783885,188.0005854107,58.00000000000125,0.00198094197206193,34025.0,34017.69457243259,0.08,false,-0.0022699783306165955,-0.005938926126731303,0.08031939002489707,-893.0793818747713,0.6295406570243358,-892.3041879141539,-892.3897193487081
f3,2021-08-17,1,3,8,173.0,222.0,false,0.1,0.5,187.9987746783885,188.00056516850304,58.0000000000014,0.0019809419720619352,34025.0,34017.7921086967,0.08,false,-0.0022474628602537905,-0.005933064999624094,0.08031564819580694,-892.8797960567351,0.6232963665770512,-892.1116212940989,-892.2020441376116
f3,2021-08-17,1,3,8,173.0,222.0,false,0.1,2.0,187.9987746783885,188.0004930720564,58.11340240919549,0.0019848151374430648,34025.0,34018.164790159855,0.08,false,-0.0021704136996447687,-0.0059169966881142955,0.08029647595878942,-892.1369852499491,0.6019280660348159,-891.3921467155093,-891.5013631568104
f3,2021-08-17,1,3,8,173.0,222.0,false,0.1,10.0,187.9987746783885,188.00041303026813,58.00000000000193,0.0019809419720619535,34025.0,34018.51096961701,0.08,false,-0.0021081019046107485,-0.005747064681429492,0.08037124855198385,-893.4183125109928,0.5846469282120476,-892.6900215484773,-892.6979177681899
f3,2021-08-17,1,3,8,173.0,222.0,false,0.2,0.0,187.9987746783885,188.0005854107,58.00000000000125,0.00198094197206193,34025.0,34017.69457243259,0.08,false,-0.0022699783306165955,-0.005938926126731303,0.08031939002489707,-893.0793818747713,0.6295406570243358,-892.3041879141539,-892.3897193487081
f3,2021-08-17,1,3,8,173.0,222.0,false,0.2,0.5,187.9987746783885,188.00056516850304,58.0000000000014,0.0019809419720619352,34025.0,34017.7921086967,0.08,false,-0.0022474628602537905,-0.005933064999624094,0.08031564819580694,-892.8797960567351,0.6232963665770512,-892.1116212940989,-892.2020441376116
f3,2021-08-17,1,3,8,173.0,222.0,false,0.2,2.0,187.9987746783885,188.0004930720564,58.11340240919549,0.0019848151374430648,34025.0,34018.164790159855,0.08,false,-0.0021704136996447687,-0.0059169966881142955,0.08029647595878942,-892.1369852499491,0.6019280660348159,-891.3921467155093,-891.5013631568104
f3,2021-08-17,1,3,8,173.0,222.0,false,0.2,10.0,187.9987746783885,188.00041303026813,58.00000000000193,0.0019809419720619535,34025.0,34018.51096961701,0.08,false,-0.0021081019046107485,-0.005747064681429492,0.08037124855198385,-893.4183125109928,0.5846469282120476,-892.6900215484773,-892.6979177681899
f3,2021-08-17,1,3,8,173.0,222.0,false,0.3,0.0,187.9987746783885,188.0005854107,58.00000000000125,0.00198094197206193,34025.0,34017.69457243259,0.08,false,-0.0022699783306165955,-0.005938926126731303,0.08031939002489707,-893.0793818747713,0.6295406570243358,-892.3041879141539,-892.3897193487081
f3,2021-08-17,1,3,8,173.0,222.0,false,0.3,0.5,187.9987746783885,188.00056516850304,58.0000000000014,0.0019809419720619352,34025.0,34017.7921086967,0.08,false,-0.0022474628602537905,-0.005933064999624094,0.08031564819580694,-892.8797960567351,0.6232963665770512,-892.1116212940989,-892.2020441376116
f3,2021-08-17,1,3,8,173.0,222.0,false,0.3,2.0,187.9987746783885,188.0004930720564,58.11340240919549,0.0019848151374430648,34025.0,34018.164790159855,0.08,false,-0.0021704136996447687,-0.0059169966881142955,0.08029647595878942,-892.1369852499491,0.6019280660348159,-891.3921467155093,-891.5013631568104
f3,2021-08-17,1,3,8,173.0,222.0,false,0.3,10.0,187.9987746783885,188.00041303026813,58.00000000000193,0.0019809419720619535,34025.0,34018.51096961701,0.08,false,-0.0021081019046107485,-0.005747064681429492,0.08037124855198385,-893.4183125109928,0.5846469282120476,-892.6900215484773,-892.6979177681899
f4,2021-08-18,2,3,8,188.0,222.0,false,0.1,0.0,193.45794095622605,193.45054098982502,191.8762494386545,0.009563686858328988,24205.0,24157.29915714188,0.205,false,-0.011607312374479761,-0.01703270286412817,0.13324695407482068,-1298.916545308734,3.2190946318557203,-1306.158328881843,-1323.7708761389702
f4,2021-08-18,2,3,8,188.0,222.0,false,0.1,0.5,193.45794095622605,193.44763616742412,219.86631288453395,0.010958795438595122,24205.0,24145.764434357796,0.223,false,-0.012556756147532155,-0.018216975548909886,0.1487062721272423,-1330.2381763337007,3.482407038248917,-1341.2511583013684,-1350.2892987884125
f4,2021-08-18,2,3,8,188.0,222.0,false,0.1,2.0,193.45794095622605,193.4440035013898,255.22888331405804,0.012721371844393065,24205.0,24126.061973862903,0.339,false,-0.016568175866098045,-0.024715532099861548,0.16660476827220805,-1369.9589538190862,4.594907440197858,-1385.4552088343803,-1383.419766510935
f4,2021-08-18,2,3,8,188.0,222.0,false,0.1,10.0,193.45794095622605,193.4662518689378,542.059911991484,0.027017889248441607,24205.0,23933.97004400427,0.333,false,-0.05306831196006101,-0.08442666355034589,0.19036970158822442,-1929.4650486793832,14.717611850256919,-1947.8791139661396,-1911.1246595661287
f4,2021-08-18,2,3,8,188.0,222.0,false,0.2,0.0,193.45794095622605,193.45054098982502,191.8762494386545,0.009563686858328988,24205.0,24157.29915714188,0.205,false,-0.011607312374479761,-0.01703270286412817,0.13324695407482068,-1298.916545308734,3.2190946318557203,-1306.158328881843,-1323.7708761389702
f4,2021-08-18,2,3,8,188.0,222.0,false,0.2,0.5,193.45794095622605,193.44763616742412,219.86631288453395,0.010958795438595122,24205.0,24145.764434357796,0.223,false,-0.012556756147532155,-0.018216975548909886,0.1487062721272423,-1330.2381763337007,3.482407038248917,-1341.2511583013684,-1350.2892987884125
f4,2021-08-18,2,3,8,188.0,222.0,false,0.2,2.0,193.45794095622605,193.4440035013898,255.22888331405804,0.012721371844393065,24205.0,24126.061973862903,0.339,false,-0.016568175866098045,-0.024715532099861548,0.16660476827220805,-1369.9589538190862,4.594907440197858,-1385.4552088343803,-1383.419766510935
f4,2021-08-18,2,3,8,188.0,222.0,false,0.2,10.0,193.45794095622605,193.4662518689378,542.059911991484,0.027017889248441607,24205.0,23933.97004400427,0.333,false,-0.05306831196006101,-0.08442666355034589,0.19036970158822442,-1929.4650486793832,14.717611850256919,-1947.8791139661396,-1911.1246595661287
f4,2021-08-18,2,3,8,188.0,222.0,false,0.3,0.0,193.45794095622605,193.45054098982502,191.8762494386545,0.009563686858328988,24205.0,24157.29915714188,0.205,false,-0.011607312374479761,-0.01703270286412817,0.13324695407482068,-1298.916545308734,3.2190946318557203,-1306.158328881843,-1323.7708761389702
f4,2021-08-18,2,3,8,188.0,222.0,false,0.3,0.5,193.45794095622605,193.44763616742412,219.86631288453395,0.010958795438595122,24205.0,24145.764434357796,0.223,false,-0.012556756147532155,-0.018216975548909886,0.1487062721272423,-1330.2381763337007,3.482407038248917,-1341.2511583013684,-1350.2892987884125
f4,2021-08-18,2,3,8,188.0,222.0,false,0.3,2.0,193.45794095622605,193.4440035013898,255.22888331405804,0.012721371844393065,24205.0,24126.061973862903,0.339,false,-0.016568175866098045,-0.024715532099861548,0.16660476827220805,-1369.9589538190862,4.594907440197858,-1385.4552088343803,-1383.419766510935
f4,2021-08-18,2,3,8,188.0,222.0,false,0.3,10.0,193.45794095622605,193.4662518689378,542.059911991484,0.027017889248441607,24205.0,23933.97004400427,0.333,false,-0.05306831196006101,-0.08442666355034589,0.19036970158822442,-1929.4650486793832,14.717611850256919,-1947.8791139661396,-1911.1246595661287
f4,2021-08-19,3,3,8,188.0,222.0,false,0.1,0.0,194.44275445322606,194.41372708801163,96.00000000000173,0.0036957191253465405,31807.0,31781.844343883076,0.325,false,-0.006464663939169668,-0.007861425255924814,0.16268706725952597,-1026.874363144897,1.7928667991297211,-1054.9570239602317,-1025.577387581835
f4,2021-08-19,3,3,8,188.0,222.0,false,0.1,0.5,194.44275445322606,194.41417108869064,96.00000000000257,0.0036957191253465726,31807.0,31779.769181934826,0.325,false,-0.007042524496199576,-0.008768041624819034,0.16254364230098872,-1028.0558546607626,1.9531267936126822,-1056.0850179101092,-1026.597142286185
f4,2021-08-19,3,3,8,188.0,222.0,false,0.1,2.0,194.44275445322606,194.4227571906501,186.00371877433525,0.007160598967290393,31807.0,31749.709888313777,0.324,false,-0.015276633697993702,-0.020493036960601785,0.15416709879411883,-1271.0976694533292,4.23671974557692,-1296.1660551404682,-1288.0381491910964
f4,2021-08-19,3,3,8,188.0,222.0,false,0.1,10.0,194.44275445322606,194.44422842800117,367.8204920730676,0.014160012783841531,31807.0,31623.089753963468,0.295,false,-0.03850366415585427,-0.06796134078570049,0.1527806651626804,-1307.4951188002067,10.67834952589025,-1331.6903753320069,-1312.539450718349
f4,2021-08-19,3,3,8,188.0,222.0,false,0.2,0.0,194.44275445322606,194.41372708801163,96.00000000000173,0.0036957191253465405,31807.0,31781.844343883076,0.325,false,-0.006464663939169668,-0.007861425255924814,0.16268706725952597,-1026.874363144897,1.7928667991297211,-1054.9570239602317,-1025.577387581835
f4,2021-08-19,3,3,8,188.0,222.0,false,0.2,0.5,194.44275445322606,194.41417108869064,96.00000000000257,0.0036957191253465726,31807.0,31779.769181934826,0.325,false,-0.007042524496199576,-0.008768041624819034,0.16254364230098872,-1028.0558546607626,1.9531267936126822,-1056.0850179101092,-1026.597142286185
f4,2021-08-19,3,3,8,188.0,222.0,false,0.2,2.0,194.44275445322606,194.4227571906501,186.00371877433525,0.007160598967290393,31807.0,31749.709888313777,0.324,false,-0.015276633697993702,-0.020493036960601785,0.15416709879411883,-1271.0976694533292,4.23671974557692,-1296.1660551404682,-1288.0381491910964
f4,2021-08-19,3,3,8,188.0,222.0,false,0.2,10.0,194.44275445322606,194.44422842800117,367.8204920730676,0.014160012783841531,31807.0,31623.089753963468,0.295,false,-0.03850366415585427,-0.06796134078570049,0.1527806651626804,-1307.4951188002067,10.67834952589025,-1331.6903753320069,-1312.539450718349
f4,2021-08-19,3,3,8,188.0,222.0,false,0.3,0.0,194.44275445322606,194.41372708801163,96.00000000000173,0.0036957191253465405,31807.0,31781.844343883076,0.325,false,-0.006464663939169668,-0.007861425255924814,0.16268706725952597,-1026.874363144897,1.7928667991297211,-1054.9570239602317,-1025.577387581835
f4,2021-08-19,3,3,8,188.0,222.0,false,0.3,0.5,194.44275445322606,194.41417108869064,96.00000000000257,0.0036957191253465726,31807.0,31779.769181934826,0.325,false,-0.007042524496199576,-0.008768041624819034,0.16254364230098872,-1028.0558546607626,1.9531267936126822,-1056.0850179101092,-1026.597142286185
f4,2021-08-19,3,3,8,188.0,222.0,false,0.3,2.0,194.44275445322606,194.4227571906501,186.00371877433525,0.007160598967290393,31807.0,31749.709888313777,0.324,false,-0.015276633697993702,-0.020493036960601785,0.15416709879411883,-1271.0976694533292,4.23671974557692,-1296.1660551404682,-1288.0381491910964
f4,2021-08-19,3,3,8,188.0,222.0,false,0.3,10.0,194.44275445322606,194.44422842800117,367.8204920730676,0.014160012783841531,31807.0,31623.089753963468,0.295,false,-0.03850366415585427,-0.06796134078570049,0.1527806651626804,-1307.4951188002067,10.67834952589025,-1331.6903753320069,-1312.539450718349
f4,2021-08-20,4,3,8,193.0,222.0,false,0.1,0.0,194.33918131523174,194.2654914083634,202.1443880796731,0.008017466706844608,28266.5,28216.07959069542,0.452,false,-0.005826832603702314,-0.010351517297920054,0.2700754209537024,-1355.0609374304377,1.6159749087601085,-1368.9606736268108,-1355.0373611043337
f4,2021-08-20,4,3,8,193.0,222.0,false,0.1,0.5,194.33918131523174,194.26568503991496,203.13371938589543,0.008056705643354438,28266.5,28213.42973409252,0.452,false,-0.006113963958284785,-0.010633785529790885,0.27013896926669645,-1356.8661161076973,1.6956060044309802,-1370.7187255682277,-1356.7460883156318
f4,2021-08-20,4,3,8,193.0,222.0,false,0.1,2.0,194.33918131523174,194.2663443696453,232.40108816007057,0.009217510338320333,28266.5,28195.807178269657,0.452,false,-0.008072439746513282,-0.013705929312010312,0.27423258551093,-1368.469956494687,2.2387566230330167,-1380.342618723694,-1366.5757236547556
f4,2021-08-20,4,3,8,193.0,222.0,false,0.1,10.0,194.33918131523174,194.27546179925687,473.07601665332015,0.018763178386281686,28266.5,28029.961991673343,0.417,false,-0.025777188974188903,-0.04242081997850278,0.3139534637739132,-1902.4377970531132,7.148873742175055,-1941.7391613979228,-1904.8263142127735
f4,2021-08-20,4,3,8,193.0,222.0,false,0.2,0.0,194.33918131523174,194.2654914083634,202.1443880796731,0.008017466706844608,28266.5,28216.07959069542,0.452,false,-0.005826832603702314,-0.010351517297920054,0.2700754209537024,-1355.0609374304377,1.6159749087601085,-1368.9606736268108,-1355.0373611043337
f4,2021-08-20,4,3,8,193.0,222.0,false,0.2,0.5,194.33918131523174,194.26568503991496,203.13371938589543,0.008056705643354438,28266.5,28213.42973409252,0.452,false,-0.006113963958284785,-0.010633785529790885,0.27013896926669645,-1356.8661161076973,1.6956060044309802,-1370.7187255682277,-1356.7460883156318
f4,2021-08-20,4,3,8,193.0,222.0,false,0.2,2.0,194.33918131523174,194.2663443696453,232.40108816007057,0.009217510338320333,28266.5,28195.807178269657,0.452,false,-0.008072439746513282,-0.013705929312010312,0.27423258551093,-1368.469956494687,2.2387566230330167,-1380.342618723694,-1366.5757236547556
f4,2021-08-20,4,3,8,193.0,222.0,false,0.2,10.0,194.33918131523174,194.27546179925687,473.07601665332015,0.018763178386281686,28266.5,28029.961991673343,0.417,false,-0.025777188974188903,-0.04242081997850278,0.3139534637739132,-1902.4377970531132,7.148873742175055,-1941.7391613979228,-1904.8263142127735
f4,2021-08-20,4,3,8,193.0,222.0,false,0.3,0.0,194.33918131523174,194.2654914083634,202.1443880796731,0.008017466706844608,28266.5,28216.07959069542,0.452,false,-0.005826832603702314,-0.010351517297920054,0.2700754209537024,-1355.0609374304377,1.6159749087601085,-1368.9606736268108,-1355.0373611043337
f4,2021-08-20,4,3,8,193.0,222.0,false,0.3,0.5,194.33918131523174,194.26568503991496,203.13371938589543,0.008056705643354438,28266.5,28213.42973409252,0.452,false,-0.006113963958284785,-0.010633785529790885,0.27013896926669645,-1356.8661161076973,1.6956060044309802,-1370.7187255682277,-1356.7460883156318
f4,2021-08-20,4,3,8,193.0,222.0,false,0.3,2.0,194.33918131523174,194.2663443696453,232.40108816007057,0.009217510338320333,28266.5,28195.807178269657,0.452,false,-0.008072439746513282,-0.013705929312010312,0.27423258551093,-1368.469956494687,2.2387566230330167,-1380.342618723694,-1366.5757236547556
f4,2021-08-20,4,3,8,193.0,222.0,false,0.3,10.0,194.33918131523174,194.27546179925687,473.07601665332015,0.018763178386281686,28266.5,28029.961991673343,0.417,false,-0.025777188974188903,-0.04242081997850278,0.3139534637739132,-1902.4377970531132,7.148873742175055,-1941.7391613979228,-1904.8263142127735
f4,2021-08-21,5,1,8,27.0,222.0,false,0.1,0.0,24.407176476854897,24.407176476854897,68.00000000000006,0.01792303637322089,5691.0,5691.0,0.0,false,0.0,0.0,0.0,-412.8241240393903,0.0,-412.8241240393903,-413.80412864721615
f4,2021-08-21,5,1,8,27.0,222.0,false,0.1,0.5,24.407176476854897,24.407176476854897,68.00000000000006,0.01792303637322089,5691.0,5691.0,0.0,false,0.0,0.0,0.0,-412.8241240393903,0.0,-412.8241240393903,-413.80412864721615
f4,2021-08-21,5,1,8,27.0,222.0,false,0.1,2.0,24.407176476854897,24.407176476854897,68.00000000000006,0.01792303637322089,5691.0,5691.0,0.0,false,0.0,0.0,0.0,-412.8241240393903,0.0,-412.8241240393903,-413.80412864721615
f4,2021-08-21,5,1,8,27.0,222.0,false,0.1,10.0,24.407176476854897,24.407176476854897,68.00000000000017,0.01792303637322092,5691.0,5691.000000000001,0.0,false,0.0,0.0,0.0,-412.82407915394424,0.0,-412.82407915394424,-413.8040832497254
f4,2021-08-21,5,1,8,27.0,222.0,false,0.2,0.0,24.407176476854897,24.407176476854897,68.00000000000006,0.01792303637322089,5691.0,5691.0,0.0,false,0.0,0.0,0.0,-412.8241240393903,0.0,-412.8241240393903,-413.80412864721615
f4,2021-08-21,5,1,8,27.0,222.0,false,0.2,0.5,24.407176476854897,24.407176476854897,68.00000000000006,0.01792303637322089,5691.0,5691.0,0.0,false,0.0,0.0,0.0,-412.8241240393903,0.0,-412.8241240393903,-413.80412864721615
f4,2021-08-21,5,1,8,27.0,222.0,false,0.2,2.0,24.407176476854897,24.407176476854897,68.00000000000006,0.01792303637322089,5691.0,5691.0,0.0,false,0.0,0.0,0.0,-412.8241240393903,0.0,-412.8241240393903,-413.80412864721615
f4,2021-08-21,5,1,8,27.0,222.0,false,0.2,10.0,24.407176476854897,24.407176476854897,68.00000000000017,0.01792303637322092,5691.0,5691.000000000001,0.0,false,0.0,0.0,0.0,-412.82407915394424,0.0,-412.82407915394424,-413.8040832497254
f4,2021-08-21,5,1,8,27.0,222.0,false,0.3,0.0,24.407176476854897,24.407176476854897,68.00000000000006,0.01792303637322089,5691.0,5691.0,0.0,false,0.0,0.0,0.0,-412.8241240393903,0.0,-412.8241240393903,-413.80412864721615
f4,2021-08-21,5,1,8,27.0,222.0,false,0.3,0.5,24.407176476854897,24.407176476854897,68.00000000000006,0.01792303637322089,5691.0,5691.0,0.0,false,0.0,0.0,0.0,-412.8241240393903,0.0,-412.8241240393903,-413.80412864721615
f4,2021-08-21,5,1,8,27.0,222.0,false,0.3,2.0,24.407176476854897,24.407176476854897,68.00000000000006,0.01792303637322089,5691.0,5691.0,0.0,false,0.0,0.0,0.0,-412.8241240393903,0.0,-412.8241240393903,-413.80412864721615
f4,2021-08-21,5,1,8,27.0,222.0,false,0.3,10.0,24.407176476854897,24.407176476854897,68.00000000000017,0.01792303637322092,5691.0,5691.000000000001,0.0,false,0.0,0.0,0.0,-412.82407915394424,0.0,-412.82407915394424,-413.8040832497254
f4,2021-08-23,0,2,8,196.0,222.0,false,0.1,0.0,185.61669114689724,185.62311072331735,22.00002865081757,0.0013269016074075736,18009.5,18002.64778684491,0.0,false,-0.006514863909643509,-0.00941421930787527,-0.005441484684467923,-2287.3198400493693,1.8067889242744664,-2285.585058339679,-2261.2919143553313
f4,2021-08-23,0,2,8,196.0,222.0,false,0.1,0.5,185.61669114689724,185.6234002410387,22.000041380720717,0.001326902375194253,18009.5,18002.393078310855,0.0,false,-0.006790143733979903,-0.00975042650864566,-0.0056691956677639155,-2287.437716577863,1.883133195557093,-2285.6282412727455,-2261.340937268556
f4,2021-08-23,0,2,8,196.0,222.0,false,0.1,2.0,185.61669114689724,185.6242724501282,22.00021964831606,0.0013269131271601967,18009.5,18001.62544936433,0.0,false,-0.007619653222434408,-0.01002025580822874,-0.0063553957818101026,-2287.7969542027995,2.113183827021809,-2285.7624160995724,-2261.492710569729
f4,2021-08-23,0,2,8,196.0,222.0,false,0.1,10.0,185.61669114689724,185.62902847201278,24.444946528574746,0.0014743634818199485,18009.5,17997.424103182228,0.0,false,-0.011764184537156552,-0.01627019337644242,-0.00799087897414097,-2289.859829445024,3.2626005116380834,-2286.5972289333863,-2262.4232296781124
f4,2021-08-23,0,2,8,196.0,222.0,false,0.2,0.0,185.61669114689724,185.62311072331735,22.00002865081757,0.0013269016074075736,18009.5,18002.64778684491,0.0,false,-0.006514863909643509,-0.00941421930787527,-0.005441484684467923,-2287.3198400493693,1.8067889242744664,-2285.585058339679,-2261.2919143553313
f4,2021-08-23,0,2,8,196.0,222.0,false,0.2,0.5,185.61669114689724,185.6234002410387,22.000041380720717,0.001326902375194253,18009.5,18002.393078310855,0.0,false,-0.006790143733979903,-0.00975042650864566,-0.0056691956677639155,-2287.437716577863,1.883133195557093,-2285.6282412727455,-2261.340937268556
f4,2021-08-23,0,2,8,196.0,222.0,false,0.2,2.0,185.61669114689724,185.6242724501282,22.00021964831606,0.0013269131271601967,18009.5,18001.62544936433,0.0,false,-0.007619653222434408,-0.01002025580822874,-0.0063553957818101026,-2287.7969542027995,2.113183827021809,-2285.7624160995724,-2261.492710569729
f4,2021-08-23,0,2,8,196.0,222.0,false,0.2,10.0,185.61669114689724,185.62902847201278,24.444946528574746,0.0014743634818199485,18009.5,17997.424103182228,0.0,false,-0.011764184537156552,-0.01627019337644242,-0.00799087897414097,-2289.859829445024,3.2626005116380834,-2286.5972289333863,-2262.4232296781124
f4,2021-08-23,0,2,8,196.0,222.0,false,0.3,0.0,185.61669114689724,185.62311072331735,22.00002865081757,0.0013269016074075736,18009.5,18002.64778684491,0.0,false,-0.006514863909643509,-0.00941421930787527,-0.005441484684467923,-2287.3198400493693,1.8067889242744664,-2285.585058339679,-2261.2919143553313
f4,2021-08-23,0,2,8,196.0,222.0,false,0.3,0.5,185.61669114689724,185.6234002410387,22.000041380720717,0.001326902375194253,18009.5,18002.393078310855,0.0,false,-0.006790143733979903,-0.00975042650864566,-0.0056691956677639155,-2287.437716577863,1.883133195557093,-2285.6282412727455,-2261.340937268556
f4,2021-08-23,0,2,8,196.0,222.0,false,0.3,2.0,185.61669114689724,185.6242724501282,22.00021964831606,0.0013269131271601967,18009.5,18001.62544936433,0.0,false,-0.007619653222434408,-0.01002025580822874,-0.0063553957818101026,-2287.7969542027995,2.113183827021809,-2285.7624160995724,-2261.492710569729
f4,2021-08-23,0,2,8,196.0,222.0,false,0.3,10.0,185.61669114689724,185.62902847201278,24.444946528574746,0.0014743634818199485,18009.5,17997.424103182228,0.0,false,-0.011764184537156552,-0.01627019337644242,-0.00799087897414097,-2289.859829445024,3.2626005116380834,-2286.5972289333863,-2262.4232296781124
f4,2021-08-24,1,3,8,201.0,222.0,false,0.1,0.0,194.25807257593155,194.17554703388694,479.04738872463537,0.028254048288094094,20456.0,20543.743301668223,0.976,true,0.01402792134598485,0.0027044504567754757,0.2277712295467893,-624.143457687788,-3.8904101866197984,-633.4848300952896,-672.6851830528112
f4,2021-08-24,1,3,8,201.0,222.0,false,0.1,0.5,194.25807257593155,194.16981494548435,261.9361202700039,0.015448901225007604,20456.0,20507.062058884843,1.0,true,0.03534055518420587,0.02379110968047371,0.21468141682007058,-584.3887187770146,-9.801113971086426,-606.1000542895398,-635.0360809286724
f4,2021-08-24,1,3,8,201.0,222.0,false,0.1,2.0,194.25807257593155,194.2271231613589,30.000000000001567,0.0017693895606016848,20456.0,20448.97332015885,0.313,false,-0.003805949797907715,-0.005715469944760798,0.135284945638233,-658.5768173371297,1.0555167439530728,-656.9917270057829,-648.447966453203
f4,2021-08-24,1,3,8,201.0,222.0,false,0.1,10.0,194.25807257593155,194.2276968074621,31.16938518733155,0.0018383594920278119,20456.0,20443.827348799216,0.312,false,-0.005531268661570721,-0.00854579317910975,0.13835197857088133,-665.6786692020105,1.5340051754756132,-663.308635893671,-656.3761682199782
f4,2021-08-24,1,3,8,201.0,222.0,false,0.2,0.0,194.25807257593155,194.17554703388694,479.04738872463537,0.028254048288094094,20456.0,20543.743301668223,0.976,true,0.01402792134598485,0.0027044504567754757,0.2277712295467893,-624.143457687788,-3.8904101866197984,-633.4848300952896,-672.6851830528112
f4,2021-08-24,1,3,8,201.0,222.0,false,0.2,0.5,194.25807257593155,194.16981494548435,261.9361202700039,0.015448901225007604,20456.0,20507.062058884843,1.0,true,0.03534055518420587,0.02379110968047371,0.21468141682007058,-584.3887187770146,-9.801113971086426,-606.1000542895398,-635.0360809286724
f4,2021-08-24,1,3,8,201.0,222.0,false,0.2,2.0,194.25807257593155,194.2271231613589,30.000000000001567,0.0017693895606016848,20456.0,20448.97332015885,0.313,false,-0.003805949797907715,-0.005715469944760798,0.135284945638233,-658.5768173371297,1.0555167439530728,-656.9917270057829,-648.447966453203
f4,2021-08-24,1,3,8,201.0,222.0,false,0.2,10.0,194.25807257593155,194.2276968074621,31.16938518733155,0.0018383594920278119,20456.0,20443.827348799216,0.312,false,-0.005531268661570721,-0.00854579317910975,0.13835197857088133,-665.6786692020105,1.5340051754756132,-663.308635893671,-656.3761682199782
f4,2021-08-24,1,3,8,201.0,222.0,false,0.3,0.0,194.25807257593155,194.17554703388694,479.04738872463537,0.028254048288094094,20456.0,20543.743301668223,0.976,true,0.01402792134598485,0.0027044504567754757,0.2277712295467893,-624.143457687788,-3.8904101866197984,-633.4848300952896,-672.6851830528112
f4,2021-08-24,1,3,8,201.0,222.0,false,0.3,0.5,194.25807257593155,194.16981494548435,261.9361202700039,0.015448901225007604,20456.0,20507.062058884843,1.0,true,0.03534055518420587,0.02379110968047371,0.21468141682007058,-584.3887187770146,-9.801113971086426,-606.1000542895398,-635.0360809286724
f4,2021-08-24,1,3,8,201.0,222.0,false,0.3,2.0,194.25807257593155,194.2271231613589,30.000000000001567,0.0017693895606016848,20456.0,20448.97332015885,0.313,false,-0.003805949797907715,-0.005715469944760798,0.135284945638233,-658.5768173371297,1.0555167439530728,-656.9917270057829,-648.447966453203
f4,2021-08-24,1,3,8,201.0,222.0,false,0.3,10.0,194.25807257593155,194.2276968074621,31.16938518733155,0.0018383594920278119,20456.0,20443.827348799216,0.312,false,-0.005531268661570721,-0.00854579317910975,0.13835197857088133,-665.6786692020105,1.5340051754756132,-663.308635893671,-656.3761682199782
f4,2021-08-25,2,3,8,189.0,222.0,false,0.1,0.0,194.450641443065,194.32327471838818,280.02543004966424,0.012684609079981167,24348.5,24292.097654922014,1.0,true,0.04091211692542629,0.01860655755604057,0.42505019561789936,-1600.857589160278,-11.346293760651557,-1656.56567600939,-1662.495308880063
f4,2021-08-25,2,3,8,189.0,222.0,false,0.1,0.5,194.450641443065,194.32658699158716,281.9847856556056,0.012773364090215874,24348.5,24288.6302750786,0.997,true,0.0357945003756015,0.015378696126816749,0.42407463015655367,-1605.8513166318305,-9.927008104166816,-1660.610054439412,-1665.9948871063893
f4,2021-08-25,2,3,8,189.0,222.0,false,0.1,2.0,194.450641443065,194.23152529776934,452.64189978228654,0.02050380049747629,24348.5,24387.158868313505,1.0,true,0.18944296394056437,0.10871828619997359,0.44841421663645065,-2098.484677205256,-52.53884866618318,-2160.6056270269723,-2120.5985092296173
f4,2021-08-25,2,3,8,189.0,222.0,false,0.1,10.0,194.450641443065,194.4124738753229,532.2579977584197,0.024110255379526168,24348.5,24082.3710011208,0.325,false,-0.09998547087036513,-0.1895808899565452,0.5195804337087395,-2198.002095161104,27.729303921381263,-2224.8269678209936,-2196.3476761158017
f4,2021-08-25,2,3,8,189.0,222.0,false,0.2,0.0,194.450641443065,194.32327471838818,280.02543004966424,0.012684609079981167,24348.5,24292.097654922014,1.0,true,0.04091211692542629,0.01860655755604057,0.42505019561789936,-1600.857589160278,-11.346293760651557,-1656.56567600939,-1662.495308880063
f4,2021-08-25,2,3,8,189.0,222.0,false,0.2,0.5,194.450641443065,194.32658699158716,281.9847856556056,0.012773364090215874,24348.5,24288.6302750786,0.997,true,0.0357945003756015,0.015378696126816749,0.42407463015655367,-1605.8513166318305,-9.927008104166816,-1660.610054439412,-1665.9948871063893
f4,2021-08-25,2,3,8,189.0,222.0,false,0.2,2.0,194.450641443065,194.23152529776934,452.64189978228654,0.02050380049747629,24348.5,24387.158868313505,1.0,true,0.18944296394056437,0.10871828619997359,0.44841421663645065,-2098.484677205256,-52.53884866618318,-2160.6056270269723,-2120.5985092296173
f4,2021-08-25,2,3,8,189.0,222.0,false,0.2,10.0,194.450641443065,194.4124738753229,532.2579977584197,0.024110255379526168,24348.5,24082.3710011208,0.325,false,-0.09998547087036513,-0.1895808899565452,0.5195804337087395,-2198.002095161104,27.729303921381263,-2224.8269678209936,-2196.3476761158017
f4,2021-08-25,2,3,8,189.0,222.0,false,0.3,0.0,194.450641443065,194.32327471838818,280.02543004966424,0.012684609079981167,24348.5,24292.097654922014,1.0,true,0.04091211692542629,0.01860655755604057,0.42505019561789936,-1600.857589160278,-11.346293760651557,-1656.56567600939,-1662.495308880063
f4,2021-08-25,2,3,8,189.0,222.0,false,0.3,0.5,194.450641443065,194.32658699158716,281.9847856556056,0.012773364090215874,24348.5,24288.6302750786,0.997,true,0.0357945003756015,0.015378696126816749,0.42407463015655367,-1605.8513166318305,-9.927008104166816,-1660.610054439412,-1665.9948871063893
f4,2021-08-25,2,3,8,189.0,222.0,false,0.3,2.0,194.450641443065,194.23152529776934,452.64189978228654,0.02050380049747629,24348.5,24387.158868313505,1.0,true,0.18944296394056437,0.10871828619997359,0.44841421663645065,-2098.484677205256,-52.53884866618318,-2160.6056270269723,-2120.5985092296173
f4,2021-08-25,2,3,8,189.0,222.0,false,0.3,10.0,194.450641443065,194.4124738753229,532.2579977584197,0.024110255379526168,24348.5,24082.3710011208,0.325,false,-0.09998547087036513,-0.1895808899565452,0.5195804337087395,-2198.002095161104,27.729303921381263,-2224.8269678209936,-2196.3476761158017
f4,2021-08-26,3,3,8,202.0,222.0,false,0.1,0.0,193.40394075580448,192.58843290928613,101.00007169686981,0.005033895120458025,25828.5,25824.099227295523,1.0,true,0.6883749641350505,0.5059136205603068,1.3006351508895477,-1579.20606475658,-190.90932338678732,-1780.5993479816404,-1841.0565532178935
f4,2021-08-26,3,3,8,202.0,222.0,false,0.1,0.5,193.40394075580448,192.58876623103237,101.00000000000159,0.0050338915470495215,25828.5,25822.90838763734,1.0,true,0.6880249953958639,0.505739196343967,1.3000159651944045,-1579.574202614468,-190.81226538978626,-1780.7650557172817,-1841.2629415085416
f4,2021-08-26,3,3,8,202.0,222.0,false,0.1,2.0,193.40394075580448,192.58974621299396,101.12476928428559,0.005040110111856339,25828.5,25819.393833859023,1.0,true,0.6869966036351798,0.505222893178086,1.2982027746337224,-1580.6380902044868,-190.52705807482317,-1781.2371393368762,-1841.8525407641082
f4,2021-08-26,3,3,8,202.0,222.0,false,0.1,10.0,193.40394075580448,192.61681039246213,273.28353030933613,0.013620590625465317,25828.5,25710.35823484534,0.999,true,0.6667496325821674,0.491539242079881,1.2482576151724913,-1617.2944775650376,-184.91189810278775,-1800.2458318280633,-1864.6174889997333
f4,2021-08-26,3,3,8,202.0,222.0,false,0.2,0.0,193.40394075580448,192.58843290928613,101.00007169686981,0.005033895120458025,25828.5,25824.099227295523,1.0,true,0.6883749641350505,0.5059136205603068,1.3006351508895477,-1579.20606475658,-190.90932338678732,-1780.5993479816404,-1841.0565532178935
f4,2021-08-26,3,3,8,202.0,222.0,false,0.2,0.5,193.40394075580448,192.58876623103237,101.00000000000159,0.0050338915470495215,25828.5,25822.90838763734,1.0,true,0.6880249953958639,0.505739196343967,1.3000159651944045,-1579.574202614468,-190.81226538978626,-1780.7650557172817,-1841.2629415085416
f4,2021-08-26,3,3,8,202.0,222.0,false,0.2,2.0,193.40394075580448,192.58974621299396,101.12476928428559,0.005040110111856339,25828.5,25819.393833859023,1.0,true,0.6869966036351798,0.505222893178086,1.2982027746337224,-1580.6380902044868,-190.52705807482317,-1781.2371393368762,-1841.8525407641082
f4,2021-08-26,3,3,8,202.0,222.0,false,0.2,10.0,193.40394075580448,192.61681039246213,273.28353030933613,0.013620590625465317,25828.5,25710.35823484534,0.999,true,0.6667496325821674,0.491539242079881,1.2482576151724913,-1617.2944775650376,-184.91189810278775,-1800.2458318280633,-1864.6174889997333
f4,2021-08-26,3,3,8,202.0,222.0,false,0.3,0.0,193.40394075580448,192.58843290928613,101.00007169686981,0.005033895120458025,25828.5,25824.099227295523,1.0,true,0.6883749641350505,0.5059136205603068,1.3006351508895477,-1579.20606475658,-190.90932338678732,-1780.5993479816404,-1841.0565532178935
f4,2021-08-26,3,3,8,202.0,222.0,false,0.3,0.5,193.40394075580448,192.58876623103237,101.00000000000159,0.0050338915470495215,25828.5,25822.90838763734,1.0,true,0.6880249953958639,0.505739196343967,1.3000159651944045,-1579.574202614468,-190.81226538978626,-1780.7650557172817,-1841.2629415085416
f4,2021-08-26,3,3,8,202.0,222.0,false,0.3,2.0,193.40394075580448,192.58974621299396,101.12476928428559,0.005040110111856339,25828.5,25819.393833859023,1.0,true,0.6869966036351798,0.505222893178086,1.2982027746337224,-1580.6380902044868,-190.52705807482317,-1781.2371393368762,-1841.8525407641082
f4,2021-08-26,3,3,8,202.0,222.0,false,0.3,10.0,193.40394075580448,192.61681039246213,273.28353030933613,0.013620590625465317,25828.5,25710.35823484534,0.999,true,0.6667496325821674,0.491539242079881,1.2482576151724913,-1617.2944775650376,-184.91189810278775,-1800.2458318280633,-1864.6174889997333
f4,2021-08-27,4,3,8,185.0,222.0,false,0.1,0.0,194.06853464707405,193.94241036012286,388.0952560220759,0.015060547790836893,28928.5,28854.66850174054,1.0,true,0.05643307308992007,0.03093018302408268,0.31662646357906965,-1224.419877182801,-15.650772270271165,-1248.3953705872514,-1237.0288277206514
f4,2021-08-27,4,3,8,185.0,222.0,false,0.1,0.5,194.06853464707405,193.94323689024992,415.39936161999884,0.01612011958632461,28928.5,28837.763292151925,1.0,true,0.050283804613883376,0.025658611717773283,0.32237415577191086,-1239.2555916331714,-13.945375146250322,-1267.243200579291,-1252.1151236497947
f4,2021-08-27,4,3,8,185.0,222.0,false,0.1,2.0,194.06853464707405,194.0444824674959,656.8679090098792,0.025490624743291522,28928.5,28600.06703060804,0.36,false,-0.06314348594227681,-0.13106970229230797,0.27426551473746485,-1239.8132057479309,17.511793434658102,-1243.2032516919062,-1229.3781091418803
f4,2021-08-27,4,3,8,185.0,222.0,false,0.1,10.0,194.06853464707405,193.97503145026687,1075.0615294065174,0.04171917922335044,28928.5,28390.969235296743,0.393,false,-0.10658110110915686,-0.2158143553895684,0.5673949681105341,-1680.3042339844787,29.558492040939502,-1640.122193147247,-1724.4867293164684
f4,2021-08-27,4,3,8,185.0,222.0,false,0.2,0.0,194.06853464707405,193.94241036012286,388.0952560220759,0.015060547790836893,28928.5,28854.66850174054,1.0,true,0.05643307308992007,0.03093018302408268,0.31662646357906965,-1224.419877182801,-15.650772270271165,-1248.3953705872514,-1237.0288277206514
f4,2021-08-27,4,3,8,185.0,222.0,false,0.2,0.5,194.06853464707405,193.94323689024992,415.39936161999884,0.01612011958632461,28928.5,28837.763292151925,1.0,true,0.050283804613883376,0.025658611717773283,0.32237415577191086,-1239.2555916331714,-13.945375146250322,-1267.243200579291,-1252.1151236497947
f4,2021-08-27,4,3,8,185.0,222.0,false,0.2,2.0,194.06853464707405,194.0444824674959,656.8679090098792,0.025490624743291522,28928.5,28600.06703060804,0.36,false,-0.06314348594227681,-0.13106970229230797,0.27426551473746485,-1239.8132057479309,17.511793434658102,-1243.2032516919062,-1229.3781091418803
f4,2021-08-27,4,3,8,185.0,222.0,false,0.2,10.0,194.06853464707405,193.97503145026687,1075.0615294065174,0.04171917922335044,28928.5,28390.969235296743,0.393,false,-0.10658110110915686,-0.2158143553895684,0.5673949681105341,-1680.3042339844787,29.558492040939502,-1640.122193147247,-1724.4867293164684
f4,2021-08-27,4,3,8,185.0,222.0,false,0.3,0.0,194.06853464707405,193.94241036012286,388.0952560220759,0.015060547790836893,28928.5,28854.66850174054,1.0,true,0.05643307308992007,0.03093018302408268,0.31662646357906965,-1224.419877182801,-15.650772270271165,-1248.3953705872514,-1237.0288277206514
f4,2021-08-27,4,3,8,185.0,222.0,false,0.3,0.5,194.06853464707405,193.94323689024992,415.39936161999884,0.01612011958632461,28928.5,28837.763292151925,1.0,true,0.050283804613883376,0.025658611717773283,0.32237415577191086,-1239.2555916331714,-13.945375146250322,-1267.243200579291,-1252.1151236497947
f4,2021-08-27,4,3,8,185.0,222.0,false,0.3,2.0,194.06853464707405,194.0444824674959,656.8679090098792,0.025490624743291522,28928.5,28600.06703060804,0.36,false,-0.06314348594227681,-0.13106970229230797,0.27426551473746485,-1239.8132057479309,17.511793434658102,-1243.2032516919062,-1229.3781091418803
f4,2021-08-27,4,3,8,185.0,222.0,false,0.3,10.0,194.06853464707405,193.97503145026687,1075.0615294065174,0.04171917922335044,28928.5,28390.969235296743,0.393,false,-0.10658110110915686,-0.2158143553895684,0.5673949681105341,-1680.3042339844787,29.558492040939502,-1640.122193147247,-1724.4867293164684
f4,2021-08-28,5,1,8,52.0,222.0,false,0.1,0.0,24.408858737523882,24.408858737523882,108.56679504354742,0.06034841303143269,2698.5,2698.5000000000005,0.0,false,0.0,0.0,0.0,-457.8779673558805,0.0,-457.8779673558805,-458.966098748432
f4,2021-08-28,5,1,8,52.0,222.0,false,0.1,0.5,24.408858737523882,24.408858737523882,108.56679504354739,0.06034841303143268,2698.5,2698.5,0.0,false,0.0,0.0,0.0,-457.8779673558807,0.0,-457.8779673558807,-458.9660987484321
f4,2021-08-28,5,1,8,52.0,222.0,false,0.1,2.0,24.408858737523882,24.408858737523882,108.56679504354742,0.06034841303143269,2698.5,2698.5,0.0,false,0.0,0.0,0.0,-457.8779673558807,0.0,-457.8779673558807,-458.9660987484321
f4,2021-08-28,5,1,8,52.0,222.0,false,0.1,10.0,24.408858737523882,24.408858737523882,108.56679504354744,0.06034841303143271,2698.5,2698.5,0.0,false,0.0,0.0,0.0,-457.8779673558807,0.0,-457.8779673558807,-458.96609874843193
f4,2021-08-28,5,1,8,52.0,222.0,false,0.2,0.0,24.408858737523882,24.408858737523882,108.56679504354742,0.06034841303143269,2698.5,2698.5000000000005,0.0,false,0.0,0.0,0.0,-457.8779673558805,0.0,-457.8779673558805,-458.966098748432
f4,2021-08-28,5,1,8,52.0,222.0,false,0.2,0.5,24.408858737523882,24.408858737523882,108.56679504354739,0.06034841303143268,2698.5,2698.5,0.0,false,0.0,0.0,0.0,-457.8779673558807,0.0,-457.8779673558807,-458.9660987484321
f4,2021-08-28,5,1,8,52.0,222.0,false,0.2,2.0,24.408858737523882,24.408858737523882,108.56679504354742,0.06034841303143269,2698.5,2698.5,0.0,false,0.0,0.0,0.0,-457.8779673558807,0.0,-457.8779673558807,-458.9660987484321
f4,2021-08-28,5,1,8,52.0,222.0,false,0.2,10.0,24.408858737523882,24.408858737523882,108.56679504354744,0.06034841303143271,2698.5,2698.5,0.0,false,0.0,0.0,0.0,-457.8779673558807,0.0,-457.8779673558807,-458.96609874843193
f4,2021-08-28,5,1,8,52.0,222.0,false,0.3,0.0,24.408858737523882,24.408858737523882,108.56679504354742,0.06034841303143269,2698.5,2698.5000000000005,0.0,false,0.0,0.0,0.0,-457.8779673558805,0.0,-457.8779673558805,-458.966098748432
f4,2021-08-28,5,1,8,52.0,222.0,false,0.3,0.5,24.408858737523882,24.408858737523882,108.56679504354739,0.06034841303143268,2698.5,2698.5,0.0,false,0.0,0.0,0.0,-457.8779673558807,0.0,-457.8779673558807,-458.9660987484321
f4,2021-08-28,5,1,8,52.0,222.0,false,0.3,2.0,24.408858737523882,24.408858737523882,108.56679504354742,0.06034841303143269,2698.5,2698.5,0.0,false,0.0,0.0,0.0,-457.8779673558807,0.0,-457.8779673558807,-458.9660987484321
f4,2021-08-28,5,1,8,52.0,222.0,false,0.3,10.0,24.408858737523882,24.408858737523882,108.56679504354744,0.06034841303143271,2698.5,2698.5,0.0,false,0.0,0.0,0.0,-457.8779673558807,0.0,-457.8779673558807,-458.96609874843193
f4,2021-08-30,0,2,8,186.0,222.0,false,0.1,0.0,184.7235363328137,184.7527403931629,88.91844980374391,0.008295405336667965,12201.0,12182.350960830192,0.0,false,-0.0302250460376996,-0.048527080988662874,-0.025517487611352863,-3198.1510939489817,8.382412767788688,-3189.914294503235,-3139.710880283906
f4,2021-08-30,0,2,8,186.0,222.0,false,0.1,0.5,184.7235363328137,184.7526180775138,88.82134389680132,0.008286346104748701,12201.0,12182.086420462147,0.0,false,-0.030386305479197517,-0.04889784951370757,-0.025412479671047095,-3197.758422125367,8.427135386230777,-3189.5585796457485,-3139.301259531356
f4,2021-08-30,0,2,8,186.0,222.0,false,0.1,2.0,184.7235363328137,184.74436549827905,67.01456399146073,0.006251941784817682,12201.0,12177.172108334054,0.0,false,-0.021982586302314644,-0.03632841118763963,-0.018207654879091706,-3116.3606468520316,6.096503934508594,-3110.495022710885,-3060.2362326015455
f4,2021-08-30,0,2,8,186.0,222.0,false,0.1,10.0,184.7235363328137,184.756381336252,109.04793698821547,0.010173331186511378,12201.0,12156.375219135201,0.0,false,-0.036567424636984924,-0.06679228406002835,-0.029675820927032255,-3133.258084674825,10.141365765990486,-3124.045994928277,-3073.264979769402
f4,2021-08-30,0,2,8,186.0,222.0,false,0.2,0.0,184.7235363328137,184.7527403931629,88.91844980374391,0.008295405336667965,12201.0,12182.350960830192,0.0,false,-0.0302250460376996,-0.048527080988662874,-0.025517487611352863,-3198.1510939489817,8.382412767788688,-3189.914294503235,-3139.710880283906
f4,2021-08-30,0,2,8,186.0,222.0,false,0.2,0.5,184.7235363328137,184.7526180775138,88.82134389680132,0.008286346104748701,12201.0,12182.086420462147,0.0,false,-0.030386305479197517,-0.04889784951370757,-0.025412479671047095,-3197.758422125367,8.427135386230777,-3189.5585796457485,-3139.301259531356
f4,2021-08-30,0,2,8,186.0,222.0,false,0.2,2.0,184.7235363328137,184.74436549827905,67.01456399146073,0.006251941784817682,12201.0,12177.172108334054,0.0,false,-0.021982586302314644,-0.03632841118763963,-0.018207654879091706,-3116.3606468520316,6.096503934508594,-3110.495022710885,-3060.2362326015455
f4,2021-08-30,0,2,8,186.0,222.0,false,0.2,10.0,184.7235363328137,184.756381336252,109.04793698821547,0.010173331186511378,12201.0,12156.375219135201,0.0,false,-0.036567424636984924,-0.06679228406002835,-0.029675820927032255,-3133.258084674825,10.141365765990486,-3124.045994928277,-3073.264979769402
f4,2021-08-30,0,2,8,186.0,222.0,false,0.3,0.0,184.7235363328137,184.7527403931629,88.91844980374391,0.008295405336667965,12201.0,12182.350960830192,0.0,false,-0.0302250460376996,-0.048527080988662874,-0.025517487611352863,-3198.1510939489817,8.382412767788688,-3189.914294503235,-3139.710880283906
f4,2021-08-30,0,2,8,186.0,222.0,false,0.3,0.5,184.7235363328137,184.7526180775138,88.82134389680132,0.008286346104748701,12201.0,12182.086420462147,0.0,false,-0.030386305479197517,-0.04889784951370757,-0.025412479671047095,-3197.758422125367,8.427135386230777,-3189.5585796457485,-3139.301259531356
f4,2021-08-30,0,2,8,186.0,222.0,false,0.3,2.0,184.7235363328137,184.74436549827905,67.01456399146073,0.006251941784817682,12201.0,12177.172108334054,0.0,false,-0.021982586302314644,-0.03632841118763963,-0.018207654879091706,-3116.3606468520316,6.096503934508594,-3110.495022710885,-3060.2362326015455
f4,2021-08-30,0,2,8,186.0,222.0,false,0.3,10.0,184.7235363328137,184.756381336252,109.04793698821547,0.010173331186511378,12201.0,12156.375219135201,0.0,false,-0.036567424636984924,-0.06679228406002835,-0.029675820927032255,-3133.258084674825,10.141365765990486,-3124.045994928277,-3073.264979769402
f4,2021-08-31,1,3,8,187.0,222.0,false,0.1,0.0,192.01240525014416,190.86021218859486,1072.2029402973462,0.06520725781775505,19843.5,19792.380056960093,0.997,true,1.0077988322072002,0.6084453791532951,1.9328956213678055,-2865.4282408118397,-279.4962094654635,-3105.5217417011727,-3156.174004584647
f4,2021-08-31,1,3,8,187.0,222.0,false,0.1,0.5,192.01240525014416,190.88654813456913,1300.0099775609583,0.0790616053981,19843.5,19653.26524697267,0.996,true,0.9859342948892333,0.5999221996416395,1.8920528824873486,-2883.433263677608,-273.4324444492807,-3115.83442797751,-3168.665586749734
f4,2021-08-31,1,3,8,187.0,222.0,false,0.1,2.0,192.01240525014416,190.95343830020323,1644.1870145210596,0.09999312865785195,19843.5,19118.61593443816,0.996,true,0.9101564937533624,0.5841629416938474,1.7733241563412605,-3145.3710411152592,-252.41673426759917,-3361.94717628189,-3375.4321082930123
f4,2021-08-31,1,3,8,187.0,222.0,false,0.1,10.0,192.01240525014416,192.2262399637742,1628.1601154894715,0.09901843431791471,19843.5,19029.41994225527,0.16,false,-0.2550723087987308,-0.44568339406202995,0.10603390859884448,-1912.7545394141205,70.74005364018133,-1813.3705881183168,-1797.9799866668104
f4,2021-08-31,1,3,8,187.0,222.0,false,0.2,0.0,192.01240525014416,190.86021218859486,1072.2029402973462,0.06520725781775505,19843.5,19792.380056960093,0.997,true,1.0077988322072002,0.6084453791532951,1.9328956213678055,-2865.4282408118397,-279.4962094654635,-3105.5217417011727,-3156.174004584647
f4,2021-08-31,1,3,8,187.0,222.0,false,0.2,0.5,192.01240525014416,190.88654813456913,1300.0099775609583,0.0790616053981,19843.5,19653.26524697267,0.996,true,0.9859342948892333,0.5999221996416395,1.8920528824873486,-2883.433263677608,-273.4324444492807,-3115.83442797751,-3168.665586749734
f4,2021-08-31,1,3,8,187.0,222.0,false,0.2,2.0,192.01240525014416,190.97137603417914,1998.4232914178638,0.12153641619034627,19843.5,18941.28835429107,0.996,true,0.9002579713737475,0.5817563824087927,1.7283360164953194,-3204.920610139915,-249.67154406098598,-3422.1542563268636,-3423.9238617661576
f4,2021-08-31,1,3,8,187.0,222.0,false,0.2,10.0,192.01240525014416,192.24510278889417,2521.8929284904857,0.1533718256091033,19843.5,18582.553535754763,0.318,false,-0.34466488687669994,-0.6101955124764231,0.37464428702879493,-2403.468284051424,95.58706196047144,-2298.270734169637,-2316.408280358974
f4,2021-08-31,1,3,8,187.0,222.0,false,0.3,0.0,192.01240525014416,190.86021218859486,1072.2029402973462,0.06520725781775505,19843.5,19792.380056960093,0.997,true,1.0077988322072002,0.6084453791532951,1.9328956213678055,-2865.4282408118397,-279.4962094654635,-3105.5217417011727,-3156.174004584647
f4,2021-08-31,1,3,8,187.0,222.0,false,0.3,0.5,192.01240525014416,190.88654813456913,1300.0099775609583,0.0790616053981,19843.5,19653.26524697267,0.996,true,0.9859342948892333,0.5999221996416395,1.8920528824873486,-2883.433263677608,-273.4324444492807,-3115.83442797751,-3168.665586749734
f4,2021-08-31,1,3,8,187.0,222.0,false,0.3,2.0,192.01240525014416,190.97137603417914,1998.4232914178638,0.12153641619034627,19843.5,18941.28835429107,0.996,true,0.9002579713737475,0.5817563824087927,1.7283360164953194,-3204.920610139915,-249.67154406098598,-3422.1542563268636,-3423.9238617661576
f4,2021-08-31,1,3,8,187.0,222.0,false,0.3,10.0,192.01240525014416,192.24510278889417,2521.8929284904857,0.1533718256091033,19843.5,18582.553535754763,0.318,false,-0.34466488687669994,-0.6101955124764231,0.37464428702879493,-2403.468284051424,95.58706196047144,-2298.270734169637,-2316.408280358974
